{
"type": "FeatureCollection",
"name": "campus",
"crs": { "type": "name", "properties": { "name": "urn:ogc:def:crs:OGC:1.3:CRS84" } },
"features": [
{ "type": "Feature", "properties": { "id": "00009474864", "state": "North Carolina", "state_abb": "NC", "state_id": "37", "county": "Caldwell County", "county_id": "027", "operator": "Google", "ref": null, "name": "Google Data Center", "sqft": 3407194.0, "lon": -81.546514525439648, "lat": 35.894737695681059, "type": "campus" }, "geometry": { "type": "MultiPolygon", "coordinates": [ [ [ [ -81.5473402, 35.9003119 ], [ -81.5477908, 35.900127299999951 ], [ -81.5487725, 35.8993277 ], [ -81.5502369, 35.898580299999985 ], [ -81.5494752, 35.898002300000016 ], [ -81.5484881, 35.897498299999988 ], [ -81.5476298, 35.897320100000016 ], [ -81.5449745, 35.89677690000002 ], [ -81.544835, 35.89752 ], [ -81.5450147, 35.8984 ], [ -81.5473402, 35.9003119 ] ] ], [ [ [ -81.5456075, 35.8957731 ], [ -81.5499634, 35.8916359 ], [ -81.5499634, 35.891431700000048 ], [ -81.5498292, 35.8912861 ], [ -81.5482467, 35.890043100000021 ], [ -81.5479249, 35.889982299999986 ], [ -81.5476969, 35.8900497 ], [ -81.5455484, 35.892174799999964 ], [ -81.5443254, 35.891596800000016 ], [ -81.5423191, 35.8936567 ], [ -81.5430218, 35.894326 ], [ -81.5451354, 35.89581219999998 ], [ -81.5456075, 35.8957731 ] ] ] ] } },
{ "type": "Feature", "properties": { "id": "00013924557", "state": "Iowa", "state_abb": "IA", "state_id": "19", "county": "Polk County", "county_id": "153", "operator": "Microsoft", "ref": null, "name": "Project Alluvion", "sqft": 11169421.0, "lon": -93.711829648710847, "lat": 41.515966831711985, "type": "campus" }, "geometry": { "type": "MultiPolygon", "coordinates": [ [ [ [ -93.7121019, 41.519198099999961 ], [ -93.7121068, 41.518190900000015 ], [ -93.7120583, 41.517758800000038 ], [ -93.711856, 41.516949199999985 ], [ -93.7118425, 41.516494899999962 ], [ -93.7119046, 41.516091 ], [ -93.7116996, 41.51595370000004 ], [ -93.7110336, 41.51554180000003 ], [ -93.7103783, 41.51523289999998 ], [ -93.7095046, 41.514869400000016 ], [ -93.7087953, 41.5146695 ], [ -93.7081967, 41.514536200000052 ], [ -93.7070695, 41.514364599999922 ], [ -93.7070769, 41.515299100000028 ], [ -93.7044976, 41.5153262 ], [ -93.7045091, 41.514387 ], [ -93.698297, 41.51464389999996 ], [ -93.6983945, 41.519226199999977 ], [ -93.7121019, 41.519198099999961 ] ] ], [ [ [ -93.7239882, 41.516337399999969 ], [ -93.7242338, 41.515576799999955 ], [ -93.7247662, 41.514778199999988 ], [ -93.7261978, 41.514003800000026 ], [ -93.7262354, 41.513547700000032 ], [ -93.7250827, 41.512841699999989 ], [ -93.724637, 41.5126619 ], [ -93.7236522, 41.512407 ], [ -93.7129772, 41.512386100000022 ], [ -93.713046600000013, 41.51292609999998 ], [ -93.7131954, 41.5134731 ], [ -93.7132477, 41.5138627 ], [ -93.7138994, 41.513862800000041 ], [ -93.7144267, 41.514022 ], [ -93.7144723, 41.513945699999987 ], [ -93.716904, 41.514727199999982 ], [ -93.7162564, 41.51586750000002 ], [ -93.7138048, 41.515127 ], [ -93.7143449, 41.514139799999981 ], [ -93.7138642, 41.513998499999985 ], [ -93.7132602, 41.513994199999964 ], [ -93.7132062, 41.51466039999994 ], [ -93.7129149, 41.515241899999985 ], [ -93.7153042, 41.5166755 ], [ -93.715600800000018, 41.516453400000017 ], [ -93.7158597, 41.5163928 ], [ -93.7161779, 41.516404900000019 ], [ -93.7194192, 41.51779410000001 ], [ -93.7225635, 41.5184402 ], [ -93.7239882, 41.516337399999969 ] ] ] ] } },
{ "type": "Feature", "properties": { "id": "00014593270", "state": "North Carolina", "state_abb": "NC", "state_id": "37", "county": "Catawba County", "county_id": "035", "operator": null, "ref": null, "name": "Apple - Maiden Data Center", "sqft": 5431080.0, "lon": -81.261808770408379, "lat": 35.588771360781784, "type": "campus" }, "geometry": { "type": "MultiPolygon", "coordinates": [ [ [ [ -81.2569304, 35.5889281 ], [ -81.256821, 35.589460600000045 ], [ -81.2568019, 35.5896911 ], [ -81.2567604, 35.5898084 ], [ -81.2575737, 35.5899381 ], [ -81.2575576, 35.5901012 ], [ -81.257511400000013, 35.590288200000039 ], [ -81.2574866, 35.590409800000032 ], [ -81.2574235, 35.5906001 ], [ -81.2576133, 35.590648100000017 ], [ -81.2579144, 35.5905538 ], [ -81.2580062, 35.590578499999985 ], [ -81.2581189, 35.590608800000012 ], [ -81.2581531, 35.590536299999975 ], [ -81.258222800000013, 35.590437099999967 ], [ -81.2583824, 35.590326900000051 ], [ -81.2585722, 35.590268599999987 ], [ -81.2586734, 35.59026369999998 ], [ -81.2588357, 35.59027839999996 ], [ -81.2592005, 35.590338399999951 ], [ -81.259321200000016, 35.590356899999946 ], [ -81.2595009, 35.5903389 ], [ -81.2595807, 35.590313800000025 ], [ -81.2597255, 35.5902059 ], [ -81.2599649, 35.5899943 ], [ -81.2600762, 35.5899289 ], [ -81.2601601, 35.589912 ], [ -81.26022110000001, 35.589909200000037 ], [ -81.2604853, 35.5899714 ], [ -81.2607072, 35.5900243 ], [ -81.2609097, 35.5900341 ], [ -81.260958, 35.5900276 ], [ -81.2611773, 35.589933199999976 ], [ -81.2614033, 35.5897609 ], [ -81.2616118, 35.589617 ], [ -81.2617292, 35.5895564 ], [ -81.2619263, 35.589492600000057 ], [ -81.2621469, 35.589431 ], [ -81.262295100000017, 35.589372699999949 ], [ -81.2628349, 35.589119599999975 ], [ -81.2632614, 35.5889135 ], [ -81.2636691, 35.588717199999962 ], [ -81.2641854, 35.5884702 ], [ -81.264471, 35.588308799999972 ], [ -81.2647272, 35.588122800000022 ], [ -81.2647544, 35.588108199999972 ], [ -81.2648217, 35.58807209999997 ], [ -81.2649505, 35.587935200000025 ], [ -81.2650256, 35.587797800000025 ], [ -81.2650517, 35.587681700000019 ], [ -81.2650102, 35.587429200000024 ], [ -81.2651141, 35.587386099999954 ], [ -81.2650993, 35.5873632 ], [ -81.2652998, 35.587319600000036 ], [ -81.2655587, 35.5873 ], [ -81.2658309, 35.587307 ], [ -81.2659349, 35.58703490000002 ], [ -81.2655842, 35.5867634 ], [ -81.2652482, 35.586689799999988 ], [ -81.2649444, 35.586634100000019 ], [ -81.2648351, 35.58664180000001 ], [ -81.2648364, 35.586563800000015 ], [ -81.2648526, 35.585535300000011 ], [ -81.2648848, 35.585478 ], [ -81.2648854, 35.585433899999984 ], [ -81.2648921, 35.584921300000033 ], [ -81.264464300000014, 35.584756 ], [ -81.2643396, 35.584703700000013 ], [ -81.2641793, 35.58465349999998 ], [ -81.2639581, 35.584554799999978 ], [ -81.2637422, 35.5844643 ], [ -81.2636201, 35.584457700000016 ], [ -81.263444400000012, 35.584482799999954 ], [ -81.2631883, 35.584611499999959 ], [ -81.2626036, 35.584926700000018 ], [ -81.2625378, 35.585043399999975 ], [ -81.2625352, 35.585100100000034 ], [ -81.2621395, 35.585210300000035 ], [ -81.2621389, 35.585442599999979 ], [ -81.2620356, 35.585435499999988 ], [ -81.2619598, 35.585436599999966 ], [ -81.2618002, 35.585494400000023 ], [ -81.260667, 35.586048500000039 ], [ -81.2603914, 35.5857 ], [ -81.2604551, 35.585564200000022 ], [ -81.260561, 35.5853493 ], [ -81.2606502, 35.5852779 ], [ -81.2608977, 35.585143800000019 ], [ -81.2611257, 35.5849905 ], [ -81.2611578, 35.584961099999987 ], [ -81.2610103, 35.584894 ], [ -81.2609399, 35.584783800000054 ], [ -81.2608474, 35.58477570000003 ], [ -81.2606791, 35.584800199999975 ], [ -81.2605698, 35.5848515 ], [ -81.2602459, 35.585105600000041 ], [ -81.2600521, 35.5853292 ], [ -81.2599415, 35.5855064 ], [ -81.2598623, 35.5855708 ], [ -81.259804, 35.585611100000037 ], [ -81.259718800000016, 35.5856302 ], [ -81.2596082, 35.585673299999989 ], [ -81.259625, 35.585728900000014 ], [ -81.2596444, 35.5857633 ], [ -81.2595794, 35.585770299999979 ], [ -81.258935, 35.58569020000003 ], [ -81.2581102, 35.5855822 ], [ -81.2580357, 35.585914899999985 ], [ -81.2579539, 35.5862497 ], [ -81.257842, 35.586727900000028 ], [ -81.2576093, 35.5868583 ], [ -81.2575355, 35.586948200000045 ], [ -81.2574302, 35.587054 ], [ -81.2573256, 35.587140700000013 ], [ -81.2573372, 35.5871887 ], [ -81.2573504, 35.587243799999975 ], [ -81.2575268, 35.587230699999978 ], [ -81.2578031, 35.5875672 ], [ -81.258021, 35.5880405 ], [ -81.257974100000013, 35.588065 ], [ -81.2578788, 35.5881174 ], [ -81.2577252, 35.5881854 ], [ -81.2576354, 35.5882259 ], [ -81.2577749, 35.588407499999988 ], [ -81.2577407, 35.58840909999995 ], [ -81.2573538, 35.5883595 ], [ -81.2572961, 35.588636500000014 ], [ -81.2572539, 35.588731900000042 ], [ -81.257179500000021, 35.588782099999968 ], [ -81.2570889, 35.5888116 ], [ -81.2569763, 35.588789700000021 ], [ -81.2569304, 35.5889281 ] ] ], [ [ [ -81.2657994, 35.5920593 ], [ -81.2667382, 35.590436499999974 ], [ -81.2674858, 35.590087 ], [ -81.2678593, 35.589215099999983 ], [ -81.26625, 35.5889315 ], [ -81.2658262, 35.58901 ], [ -81.2622911, 35.590654699999973 ], [ -81.260038, 35.591125799999965 ], [ -81.259785900000011, 35.591077799999987 ], [ -81.2589383, 35.590842199999976 ], [ -81.2580317, 35.5914748 ], [ -81.2589812, 35.592661300000017 ], [ -81.2594211, 35.5929797 ], [ -81.2600541, 35.5930713 ], [ -81.2616956, 35.59267 ], [ -81.2615562, 35.5921945 ], [ -81.2632996, 35.591858600000037 ], [ -81.2657994, 35.5920593 ] ] ] ] } },
{ "type": "Feature", "properties": { "id": "00014997588", "state": "Virginia", "state_abb": "VA", "state_id": "51", "county": "Henrico County", "county_id": "087", "operator": "Meta", "ref": null, "name": "Meta Henrico Data Center", "sqft": 4671056.0, "lon": -77.236455094421487, "lat": 37.482763284885785, "type": "campus" }, "geometry": { "type": "MultiPolygon", "coordinates": [ [ [ [ -77.2330144, 37.479850800000023 ], [ -77.2327182, 37.479849800000032 ], [ -77.2321004, 37.4798475 ], [ -77.231977, 37.481963199999988 ], [ -77.2325456, 37.48196750000001 ], [ -77.2327924, 37.483534 ], [ -77.2332805, 37.484423699999986 ], [ -77.2340906, 37.4853601 ], [ -77.2350401, 37.485870900000023 ], [ -77.235834, 37.485977400000017 ], [ -77.2357857, 37.486696699999982 ], [ -77.2364026, 37.486679700000032 ], [ -77.2370839, 37.486564799999989 ], [ -77.2378886, 37.486224300000018 ], [ -77.2419548, 37.481780200000017 ], [ -77.2409838, 37.4811799 ], [ -77.240037, 37.480593700000014 ], [ -77.239079500000017, 37.480660600000014 ], [ -77.2383821, 37.4815929 ], [ -77.2380066, 37.481388500000051 ], [ -77.2383392, 37.481005399999972 ], [ -77.2383714, 37.480690400000015 ], [ -77.2370517, 37.4797879 ], [ -77.2364187, 37.479575 ], [ -77.235598, 37.47986029999997 ], [ -77.2330144, 37.479850800000023 ] ] ] ] } },
{ "type": "Feature", "properties": { "id": "00018518989", "state": "Alabama", "state_abb": "AL", "state_id": "01", "county": "Madison County", "county_id": "089", "operator": "Meta", "ref": null, "name": "Meta Huntsville Data Center", "sqft": 14435561.0, "lon": -86.628316803869254, "lat": 34.844244678024516, "type": "campus" }, "geometry": { "type": "MultiPolygon", "coordinates": [ [ [ [ -86.6302653, 34.836851899999985 ], [ -86.6252024, 34.836911600000029 ], [ -86.6253359, 34.8441737 ], [ -86.6220784, 34.844177899999977 ], [ -86.6221124, 34.84681149999998 ], [ -86.6225318, 34.847289099999983 ], [ -86.622778, 34.848352300000045 ], [ -86.6223144, 34.849592300000012 ], [ -86.622304, 34.849936699999972 ], [ -86.6227454, 34.850043399999983 ], [ -86.6232665, 34.850032400000025 ], [ -86.6235024, 34.8502434 ], [ -86.6234847, 34.850600500000013 ], [ -86.6228018, 34.8505612 ], [ -86.6227169, 34.850731500000037 ], [ -86.6228661, 34.850888600000019 ], [ -86.62292530000002, 34.851203 ], [ -86.6228523, 34.851308200000034 ], [ -86.6226266, 34.85138760000001 ], [ -86.6226696, 34.851703600000064 ], [ -86.6306772, 34.8516697 ], [ -86.6306536, 34.850974 ], [ -86.63097, 34.850966800000023 ], [ -86.630936, 34.846179 ], [ -86.633393, 34.846193 ], [ -86.633965, 34.846184 ], [ -86.6338223, 34.840964300000024 ], [ -86.6337762, 34.840467 ], [ -86.6338706, 34.838384200000036 ], [ -86.6338057, 34.836810099999973 ], [ -86.6302653, 34.836851899999985 ] ] ] ] } },
{ "type": "Feature", "properties": { "id": "00019988712", "state": "Oregon", "state_abb": "OR", "state_id": "41", "county": "Crook County", "county_id": "013", "operator": "Meta", "ref": null, "name": "Meta Prineville Datacenter", "sqft": 17379079.0, "lon": -120.88638228128598, "lat": 44.298443230790276, "type": "campus" }, "geometry": { "type": "MultiPolygon", "coordinates": [ [ [ [ -120.897452099999981, 44.303475399999989 ], [ -120.8974636, 44.2982381 ], [ -120.89193130000001, 44.29824990000003 ], [ -120.8918186, 44.298250099999976 ], [ -120.8913348, 44.298247600000018 ], [ -120.8910131, 44.298244 ], [ -120.890812299999979, 44.298243600000013 ], [ -120.890054399999983, 44.2982382 ], [ -120.889265900000012, 44.298237500000027 ], [ -120.888701399999988, 44.297624099999979 ], [ -120.888573100000016, 44.297299 ], [ -120.888073500000019, 44.29607690000001 ], [ -120.8880837, 44.294406400000049 ], [ -120.887979900000019, 44.291642700000018 ], [ -120.8879849, 44.2908806 ], [ -120.8809592, 44.2908178 ], [ -120.8789564, 44.292477100000021 ], [ -120.8767945, 44.294862 ], [ -120.8767763, 44.301232599999963 ], [ -120.8767756, 44.301599099999983 ], [ -120.8865796, 44.301664700000018 ], [ -120.886543100000011, 44.303822599999982 ], [ -120.8865871, 44.303850800000014 ], [ -120.886980599999987, 44.3038532 ], [ -120.887163099999981, 44.303875300000051 ], [ -120.8874229, 44.303929 ], [ -120.887958600000019, 44.3041333 ], [ -120.8893979, 44.304689300000014 ], [ -120.8906528, 44.305145800000012 ], [ -120.8974426, 44.30520019999998 ], [ -120.897452099999981, 44.303475399999989 ] ] ] ] } },
{ "type": "Feature", "properties": { "id": "00019993392", "state": "Oregon", "state_abb": "OR", "state_id": "41", "county": "Crook County", "county_id": "013", "operator": "Apple", "ref": null, "name": "Apple Prineville Datacenter", "sqft": 15637431.0, "lon": -120.86588333153831, "lat": 44.284558213027807, "type": "campus" }, "geometry": { "type": "MultiPolygon", "coordinates": [ [ [ [ -120.8577112, 44.279841199999979 ], [ -120.8576276, 44.2798462 ], [ -120.8575771, 44.279852299999973 ], [ -120.8575377, 44.279860899999967 ], [ -120.8574729, 44.27988 ], [ -120.857440199999985, 44.279892899999972 ], [ -120.857407100000017, 44.2799095 ], [ -120.857341100000014, 44.2799513 ], [ -120.857289, 44.279998899999981 ], [ -120.857248100000021, 44.2800493 ], [ -120.85723, 44.280073199999968 ], [ -120.8572134, 44.280100200000042 ], [ -120.8571956, 44.280140900000021 ], [ -120.857184600000011, 44.280186099999966 ], [ -120.8571784, 44.280282900000067 ], [ -120.8571971, 44.283478799999976 ], [ -120.8546854, 44.2834779 ], [ -120.854694399999985, 44.286220499999956 ], [ -120.8546993, 44.287092300000033 ], [ -120.8638632, 44.287058100000039 ], [ -120.864386699999983, 44.2870561 ], [ -120.8652236, 44.287053 ], [ -120.8666981, 44.287047600000022 ], [ -120.866620800000021, 44.29059 ], [ -120.866726299999982, 44.2906764 ], [ -120.869335, 44.290689 ], [ -120.8713981, 44.290711300000034 ], [ -120.8764792, 44.290761599999989 ], [ -120.8765017, 44.288612 ], [ -120.8765087, 44.28815849999998 ], [ -120.876547200000019, 44.285178700000017 ], [ -120.8761598, 44.285183100000033 ], [ -120.8761586, 44.28501069999998 ], [ -120.8761573, 44.284829500000029 ], [ -120.876156800000018, 44.284696100000012 ], [ -120.8761559, 44.284483399999971 ], [ -120.8743263, 44.284473700000021 ], [ -120.8743424, 44.283506399999979 ], [ -120.8668107, 44.283449699999977 ], [ -120.8667422, 44.283449199999978 ], [ -120.8667791, 44.2817012 ], [ -120.866895400000018, 44.2761935 ], [ -120.8621812, 44.276211799999949 ], [ -120.862142799999987, 44.2798362 ], [ -120.8577112, 44.279841199999979 ] ] ] ] } },
{ "type": "Feature", "properties": { "id": "00034770750", "state": "Georgia", "state_abb": "GA", "state_id": "13", "county": "Fulton County", "county_id": "121", "operator": null, "ref": null, "name": "Hewlett-Packard", "sqft": 1294301.0, "lon": -84.267449942906325, "lat": 34.082226063921603, "type": "campus" }, "geometry": { "type": "MultiPolygon", "coordinates": [ [ [ [ -84.265498, 34.082155100000037 ], [ -84.2650375, 34.083049800000019 ], [ -84.2648716, 34.0831259 ], [ -84.2656506, 34.0833121 ], [ -84.267601, 34.083797499999974 ], [ -84.269271, 34.084044500000012 ], [ -84.2697126, 34.082475699999968 ], [ -84.26885, 34.08219510000005 ], [ -84.2688944, 34.082063 ], [ -84.2692375, 34.081041099999972 ], [ -84.2664059, 34.080071100000019 ], [ -84.265498, 34.082155100000037 ] ] ] ] } },
{ "type": "Feature", "properties": { "id": "00231769626", "state": "Oregon", "state_abb": "OR", "state_id": "41", "county": "Wasco County", "county_id": "065", "operator": "Google", "ref": null, "name": "Google Data Center The Dalles Oregon", "sqft": 1487396.0, "lon": -121.20130223060461, "lat": 45.632047991657089, "type": "campus" }, "geometry": { "type": "MultiPolygon", "coordinates": [ [ [ [ -121.2018459, 45.6304359 ], [ -121.1986123, 45.630443 ], [ -121.198465399999989, 45.6303957 ], [ -121.198329, 45.630317500000054 ], [ -121.1982688, 45.630230399999981 ], [ -121.1982473, 45.630110699999982 ], [ -121.197815, 45.6301262 ], [ -121.198322, 45.631147400000067 ], [ -121.1983811, 45.631365 ], [ -121.198509800000011, 45.631563800000023 ], [ -121.1991803, 45.6329105 ], [ -121.1992715, 45.633083 ], [ -121.1993788, 45.633203 ], [ -121.199452400000013, 45.6332694 ], [ -121.199553800000018, 45.633335599999981 ], [ -121.1997136, 45.633390600000013 ], [ -121.1999795, 45.633443 ], [ -121.2004019, 45.6335143 ], [ -121.200573099999986, 45.6335544 ], [ -121.2008201, 45.633635700000028 ], [ -121.2010915, 45.633741899999983 ], [ -121.201377400000013, 45.633825299999955 ], [ -121.2017305, 45.633895 ], [ -121.2019591, 45.633918699999988 ], [ -121.202180899999988, 45.633916 ], [ -121.2024127, 45.633877100000014 ], [ -121.202778, 45.6337511 ], [ -121.203174600000011, 45.6335709 ], [ -121.203508, 45.633406600000029 ], [ -121.20366150000001, 45.633328599999984 ], [ -121.2039574, 45.633134500000011 ], [ -121.2040967, 45.633022 ], [ -121.2041708, 45.6329453 ], [ -121.2044856, 45.632717600000035 ], [ -121.2044595, 45.632664900000037 ], [ -121.2045341, 45.632649 ], [ -121.204589199999987, 45.632626899999948 ], [ -121.204050900000013, 45.631677200000013 ], [ -121.20402510000001, 45.6305298 ], [ -121.203325799999988, 45.630531400000024 ], [ -121.2033311, 45.631324300000038 ], [ -121.20183040000002, 45.631338699999972 ], [ -121.2018459, 45.6304359 ] ] ] ] } },
{ "type": "Feature", "properties": { "id": "00283051472", "state": "Washington", "state_abb": "WA", "state_id": "53", "county": "Grant County", "county_id": "025", "operator": "Sabey Data Centers", "ref": null, "name": "Intergate Quincy Data Center", "sqft": 4318512.0, "lon": -119.81593119578889, "lat": 47.245327128639723, "type": "campus" }, "geometry": { "type": "MultiPolygon", "coordinates": [ [ [ [ -119.8168373, 47.248457100000017 ], [ -119.816796699999983, 47.2468035 ], [ -119.820933700000012, 47.246788400000021 ], [ -119.82094170000002, 47.242272 ], [ -119.81357770000001, 47.242954200000057 ], [ -119.8132195, 47.243257800000023 ], [ -119.812149500000018, 47.243545299999965 ], [ -119.8112376, 47.2437062 ], [ -119.811340900000019, 47.248462599999961 ], [ -119.8168373, 47.248457100000017 ] ] ] ] } },
{ "type": "Feature", "properties": { "id": "00283051474", "state": "Washington", "state_abb": "WA", "state_id": "53", "county": "Grant County", "county_id": "025", "operator": "Intuit", "ref": null, "name": "H5 Data Center", "sqft": 2700606.0, "lon": -119.8187531190913, "lat": 47.251411489874954, "type": "campus" }, "geometry": { "type": "MultiPolygon", "coordinates": [ [ [ [ -119.8161294, 47.254567399999985 ], [ -119.816947500000012, 47.25443149999996 ], [ -119.8178986, 47.254373199999968 ], [ -119.8190981, 47.2540341 ], [ -119.819632, 47.253962 ], [ -119.820173400000016, 47.25396020000003 ], [ -119.820602, 47.254012799999977 ], [ -119.821488, 47.254060100000018 ], [ -119.821483300000011, 47.253963 ], [ -119.8214796, 47.248635 ], [ -119.816121599999988, 47.248605899999966 ], [ -119.8161369, 47.249431 ], [ -119.8161294, 47.254567399999985 ] ] ] ] } },
{ "type": "Feature", "properties": { "id": "00283051477", "state": "Washington", "state_abb": "WA", "state_id": "53", "county": "Grant County", "county_id": "025", "operator": "Yahoo", "ref": null, "name": "Yahoo Data Center", "sqft": 2171290.0, "lon": -119.82778184700375, "lat": 47.246984530905969, "type": "campus" }, "geometry": { "type": "MultiPolygon", "coordinates": [ [ [ [ -119.8214643, 47.2468212 ], [ -119.8214635, 47.247180300000018 ], [ -119.8224439, 47.247181100000027 ], [ -119.8224418, 47.2483857 ], [ -119.831762400000017, 47.2483933 ], [ -119.831768400000016, 47.245133500000016 ], [ -119.827843299999984, 47.24513010000004 ], [ -119.826438100000018, 47.245128899999962 ], [ -119.826434600000013, 47.246826 ], [ -119.8214643, 47.2468212 ] ] ] ] } },
{ "type": "Feature", "properties": { "id": "00283051487", "state": "Washington", "state_abb": "WA", "state_id": "53", "county": "Grant County", "county_id": "025", "operator": null, "ref": null, "name": "NTTData Data Center", "sqft": 3068566.0, "lon": -119.86463264336115, "lat": 47.244359985302772, "type": "campus" }, "geometry": { "type": "MultiPolygon", "coordinates": [ [ [ [ -119.8675422, 47.241379500000065 ], [ -119.8617774, 47.24139049999998 ], [ -119.8618127, 47.2463827 ], [ -119.862631099999987, 47.2463896 ], [ -119.8626428, 47.247665 ], [ -119.8632797, 47.247905700000011 ], [ -119.86410290000002, 47.247922 ], [ -119.8651894, 47.2479152 ], [ -119.8653978, 47.2478159 ], [ -119.8655563, 47.2476693 ], [ -119.865952900000011, 47.247042200000017 ], [ -119.8661815, 47.246795799999987 ], [ -119.8665606, 47.2466089 ], [ -119.8670509, 47.246431500000021 ], [ -119.8673537, 47.246347400000012 ], [ -119.8675819, 47.246332600000031 ], [ -119.8675422, 47.241379500000065 ] ] ] ] } },
{ "type": "Feature", "properties": { "id": "00414055237", "state": "Wyoming", "state_abb": "WY", "state_id": "56", "county": "Laramie County", "county_id": "021", "operator": "Microsoft", "ref": "CYS", "name": "Microsoft CYS Datacenter", "sqft": 8353216.0, "lon": -104.90530165717429, "lat": 41.123414449622182, "type": "campus" }, "geometry": { "type": "MultiPolygon", "coordinates": [ [ [ [ -104.900229, 41.123465200000012 ], [ -104.8993894, 41.12327630000005 ], [ -104.8979558, 41.123280400000063 ], [ -104.897414, 41.123445 ], [ -104.8964072, 41.123959899999988 ], [ -104.8967111, 41.124909499999973 ], [ -104.896894800000013, 41.125076799999938 ], [ -104.8969016, 41.125537199999954 ], [ -104.8968226, 41.125924099999978 ], [ -104.897536, 41.125970600000059 ], [ -104.8980403, 41.1262918 ], [ -104.8981208, 41.127063599999985 ], [ -104.9000005, 41.127307699999982 ], [ -104.9052345, 41.12805039999995 ], [ -104.9052246, 41.126066799999982 ], [ -104.9072682, 41.126072399999984 ], [ -104.9072696, 41.1266151 ], [ -104.907872700000013, 41.126707499999988 ], [ -104.907877500000012, 41.127349099999989 ], [ -104.9099928, 41.1276344 ], [ -104.9101572, 41.127076100000032 ], [ -104.9104086, 41.1268565 ], [ -104.9104513, 41.1248326 ], [ -104.910552, 41.1200602 ], [ -104.9106259, 41.117159099999988 ], [ -104.9081228, 41.117126 ], [ -104.905701, 41.1172492 ], [ -104.9056026, 41.119722500000016 ], [ -104.9055648, 41.1208128 ], [ -104.9056234, 41.1208667 ], [ -104.9056068, 41.12158340000002 ], [ -104.9055362, 41.12163709999998 ], [ -104.905484900000019, 41.12311830000008 ], [ -104.9008236, 41.123196100000015 ], [ -104.9002365, 41.1232059 ], [ -104.900229, 41.123465200000012 ] ] ] ] } },
{ "type": "Feature", "properties": { "id": "00450078003", "state": "Virginia", "state_abb": "VA", "state_id": "51", "county": "Culpeper County", "county_id": "047", "operator": "Equinix", "ref": null, "name": "Equinix CU2", "sqft": 1299936.0, "lon": -77.97818714607277, "lat": 38.454936889103365, "type": "campus" }, "geometry": { "type": "MultiPolygon", "coordinates": [ [ [ [ -77.9747128, 38.455787599999979 ], [ -77.9767762, 38.456781400000033 ], [ -77.9768002, 38.456750900000024 ], [ -77.977119, 38.456904499999986 ], [ -77.9776097, 38.456590499999962 ], [ -77.9776027, 38.456584399999983 ], [ -77.9778257, 38.456443100000023 ], [ -77.978016100000019, 38.456330299999976 ], [ -77.9783192, 38.456150600000015 ], [ -77.9784133, 38.456094800000045 ], [ -77.9788091, 38.455840400000021 ], [ -77.9789047, 38.4557789 ], [ -77.9790399, 38.455692 ], [ -77.9796599, 38.455293499999982 ], [ -77.9797806, 38.4554689 ], [ -77.9815508, 38.4547689 ], [ -77.9812477, 38.4545988 ], [ -77.9811445, 38.4544034 ], [ -77.9810761, 38.454317300000021 ], [ -77.9794996, 38.452783400000023 ], [ -77.9776864, 38.453856800000011 ], [ -77.975368, 38.4553043 ], [ -77.9747128, 38.455787599999979 ] ] ] ] } },
{ "type": "Feature", "properties": { "id": "00460053028", "state": "Virginia", "state_abb": "VA", "state_id": "51", "county": "Loudoun County", "county_id": "107", "operator": "Amazon Web Services", "ref": null, "name": "Amazon Web Services Datacenter Complex", "sqft": 1088049.0, "lon": -77.451065453321974, "lat": 39.0265748165722, "type": "campus" }, "geometry": { "type": "MultiPolygon", "coordinates": [ [ [ [ -77.4543707, 39.027555900000024 ], [ -77.454367, 39.027425 ], [ -77.454534, 39.027424 ], [ -77.454534, 39.027303699999948 ], [ -77.4544488, 39.0273032 ], [ -77.4544488, 39.0272589 ], [ -77.4543656, 39.027259400000013 ], [ -77.4543522, 39.026666599999984 ], [ -77.4540022, 39.026446199999988 ], [ -77.4528142, 39.026460900000018 ], [ -77.4526839, 39.026462400000035 ], [ -77.4524546, 39.026124800000034 ], [ -77.4516995, 39.026134199999966 ], [ -77.4514856, 39.026064500000032 ], [ -77.4514347, 39.025993599999971 ], [ -77.4514139, 39.025240299999979 ], [ -77.4512167, 39.025093400000074 ], [ -77.4510602, 39.0250446 ], [ -77.4504985, 39.0250522 ], [ -77.4504972, 39.0250731 ], [ -77.4503048, 39.025058 ], [ -77.450278, 39.025005899999933 ], [ -77.4502592, 39.02493090000003 ], [ -77.4502142, 39.024930500000011 ], [ -77.4501425, 39.0249298 ], [ -77.4501506, 39.0250913 ], [ -77.45011550000001, 39.0250917 ], [ -77.4500513, 39.025092400000062 ], [ -77.4499641, 39.025055899999955 ], [ -77.4492581, 39.025058299999976 ], [ -77.448729, 39.025131899999963 ], [ -77.4487907, 39.025534100000016 ], [ -77.4488282, 39.025839399999981 ], [ -77.448847, 39.026072700000043 ], [ -77.448855, 39.026341500000036 ], [ -77.4488457, 39.0267729 ], [ -77.4488041, 39.0272146 ], [ -77.448766500000019, 39.027477100000013 ], [ -77.4489751, 39.0276844 ], [ -77.4491313, 39.027717800000033 ], [ -77.4492225, 39.0277157 ], [ -77.4493378, 39.027702200000036 ], [ -77.4495202, 39.027701100000016 ], [ -77.449991, 39.027732400000055 ], [ -77.4500808, 39.027689700000025 ], [ -77.4502552, 39.027631299999989 ], [ -77.4528234, 39.027599 ], [ -77.4531198, 39.027593800000048 ], [ -77.4535127, 39.027555299999939 ], [ -77.4535167, 39.027656300000011 ], [ -77.4538822, 39.02761839999998 ], [ -77.4543707, 39.027555900000024 ] ] ] ] } },
{ "type": "Feature", "properties": { "id": "00460053030", "state": "Virginia", "state_abb": "VA", "state_id": "51", "county": "Loudoun County", "county_id": "107", "operator": "Amazon Web Services", "ref": null, "name": "Amazon Web Services", "sqft": 1022344.0, "lon": -77.458661897094899, "lat": 39.028869857357193, "type": "campus" }, "geometry": { "type": "MultiPolygon", "coordinates": [ [ [ [ -77.4614427, 39.028856500000018 ], [ -77.4613877, 39.028771100000029 ], [ -77.4613099, 39.028716899999985 ], [ -77.4612321, 39.028676300000015 ], [ -77.4611664, 39.0286586 ], [ -77.4610886, 39.028646 ], [ -77.4609505, 39.028639799999972 ], [ -77.460748, 39.0286627 ], [ -77.460524, 39.0287159 ], [ -77.4601646, 39.028821100000023 ], [ -77.4592849, 39.028295 ], [ -77.4584897, 39.027245899999969 ], [ -77.4583353, 39.027156299999987 ], [ -77.4582301, 39.0271166 ], [ -77.4581489, 39.027100499999982 ], [ -77.4580629, 39.027101399999978 ], [ -77.458, 39.027101 ], [ -77.4579652, 39.027138500000014 ], [ -77.4579102, 39.02716980000001 ], [ -77.4574193, 39.0271958 ], [ -77.4574281, 39.027236100000017 ], [ -77.4574287, 39.0273344 ], [ -77.4573348, 39.027416699999989 ], [ -77.457182, 39.0275115 ], [ -77.4569365, 39.0276261 ], [ -77.4568781, 39.027569699999972 ], [ -77.4568118, 39.027481299999977 ], [ -77.4560943, 39.027823 ], [ -77.45605740000002, 39.0278511 ], [ -77.456038, 39.0278897 ], [ -77.456036, 39.027970400000044 ], [ -77.4560608, 39.0280632 ], [ -77.456108400000019, 39.0281819 ], [ -77.4561621, 39.028295499999977 ], [ -77.4562164, 39.0283695 ], [ -77.4562673, 39.028429399999986 ], [ -77.4567381, 39.028812800000019 ], [ -77.4569298, 39.02898260000002 ], [ -77.4571083, 39.029161300000034 ], [ -77.4572229, 39.029295099999977 ], [ -77.4573415, 39.02943830000001 ], [ -77.4574435, 39.029565500000011 ], [ -77.457532, 39.0296993 ], [ -77.4576178, 39.0298368 ], [ -77.4576929, 39.029969100000038 ], [ -77.4579424, 39.030514 ], [ -77.4586692, 39.0302514 ], [ -77.4588235, 39.0302036 ], [ -77.4590126, 39.030171199999977 ], [ -77.4590689, 39.030149399999964 ], [ -77.4592593, 39.030120300000036 ], [ -77.4594873, 39.030211800000032 ], [ -77.4598548, 39.0302327 ], [ -77.4601874, 39.030150400000032 ], [ -77.4604408, 39.0300817 ], [ -77.4606407, 39.0300483 ], [ -77.4606715, 39.0300202 ], [ -77.4606809, 39.029995199999959 ], [ -77.4606675, 39.029920199999985 ], [ -77.4606608, 39.029859799999983 ], [ -77.4606849, 39.029820199999989 ], [ -77.460843200000014, 39.029772199999968 ], [ -77.460985300000019, 39.0297181 ], [ -77.4611194, 39.029679499999972 ], [ -77.4612053, 39.029662900000012 ], [ -77.461267, 39.029636299999972 ], [ -77.4613816, 39.0296322 ], [ -77.4614319, 39.0296243 ], [ -77.461525800000018, 39.0295795 ], [ -77.4615821, 39.029533700000023 ], [ -77.4616143, 39.029485800000032 ], [ -77.4616371, 39.029432599999978 ], [ -77.4616398, 39.029358700000053 ], [ -77.4614427, 39.028856500000018 ] ] ] ] } },
{ "type": "Feature", "properties": { "id": "00460056018", "state": "Virginia", "state_abb": "VA", "state_id": "51", "county": "Loudoun County", "county_id": "107", "operator": null, "ref": null, "name": null, "sqft": 709715.0, "lon": -77.442195867746051, "lat": 38.986502084949201, "type": "campus" }, "geometry": { "type": "MultiPolygon", "coordinates": [ [ [ [ -77.4422448, 38.98817480000001 ], [ -77.444117, 38.986265 ], [ -77.4432912, 38.9855105 ], [ -77.4424647, 38.984855600000046 ], [ -77.4413704, 38.985468600000011 ], [ -77.4409872, 38.985880600000065 ], [ -77.440396, 38.987138300000026 ], [ -77.4422448, 38.98817480000001 ] ] ] ] } },
{ "type": "Feature", "properties": { "id": "00460067220", "state": "Ohio", "state_abb": "OH", "state_id": "39", "county": "Licking County", "county_id": "089", "operator": "Amazon Web Services", "ref": null, "name": "Amazon Web Services Datacenter Complex", "sqft": 1106310.0, "lon": -82.751710933779435, "lat": 40.093882735547837, "type": "campus" }, "geometry": { "type": "MultiPolygon", "coordinates": [ [ [ [ -82.7539882, 40.0951776 ], [ -82.7541169, 40.092986200000027 ], [ -82.7525881, 40.0929165 ], [ -82.7514669, 40.092641499999978 ], [ -82.7507481, 40.092395299999971 ], [ -82.7496216, 40.092313199999914 ], [ -82.7495951, 40.0931469 ], [ -82.7495465, 40.094677 ], [ -82.7496055, 40.095042200000016 ], [ -82.7527177, 40.095138299999981 ], [ -82.7539882, 40.0951776 ] ] ] ] } },
{ "type": "Feature", "properties": { "id": "00460067225", "state": "Ohio", "state_abb": "OH", "state_id": "39", "county": "Franklin County", "county_id": "049", "operator": "Amazon Web Services us-east-2 datacenter", "ref": null, "name": "Amazon AWS: Hilliard Data Center", "sqft": 2578490.0, "lon": -83.134257990331221, "lat": 40.059902191478876, "type": "campus" }, "geometry": { "type": "MultiPolygon", "coordinates": [ [ [ [ -83.1372571, 40.0616507 ], [ -83.1371331, 40.061280900000021 ], [ -83.135637100000011, 40.056676499999966 ], [ -83.1313107, 40.0578343 ], [ -83.1326866, 40.063054800000039 ], [ -83.1369996, 40.062036599999985 ], [ -83.1372571, 40.0616507 ] ] ] ] } },
{ "type": "Feature", "properties": { "id": "00460167190", "state": "Washington", "state_abb": "WA", "state_id": "53", "county": "Douglas County", "county_id": "017", "operator": null, "ref": null, "name": "Intergate Columbia", "sqft": 2771098.0, "lon": -120.19173054919484, "lat": 47.40758787947685, "type": "campus" }, "geometry": { "type": "MultiPolygon", "coordinates": [ [ [ [ -120.1906252, 47.40996970000004 ], [ -120.190627100000015, 47.408858499999972 ], [ -120.1970011, 47.408850699999974 ], [ -120.1969619, 47.4060585 ], [ -120.1866027, 47.406052599999981 ], [ -120.1865986, 47.408247399999965 ], [ -120.188265, 47.4082487 ], [ -120.1882622, 47.409968 ], [ -120.1906252, 47.40996970000004 ] ] ] ] } },
{ "type": "Feature", "properties": { "id": "00495115494", "state": "California", "state_abb": "CA", "state_id": "06", "county": "Los Angeles County", "county_id": "037", "operator": null, "ref": null, "name": null, "sqft": 25505.0, "lon": -118.2555689501841, "lat": 34.047914950213972, "type": "campus" }, "geometry": { "type": "MultiPolygon", "coordinates": [ [ [ [ -118.255201600000021, 34.047984 ], [ -118.255585700000012, 34.0482267 ], [ -118.2559363, 34.0478459 ], [ -118.255552199999983, 34.047603199999955 ], [ -118.255201600000021, 34.047984 ] ] ] ] } },
{ "type": "Feature", "properties": { "id": "00545730285", "state": "Iowa", "state_abb": "IA", "state_id": "19", "county": "Polk County", "county_id": "153", "operator": "Meta", "ref": null, "name": "Altoona Meta Data Center", "sqft": 26568553.0, "lon": -93.511438549643415, "lat": 41.669693728768678, "type": "campus" }, "geometry": { "type": "MultiPolygon", "coordinates": [ [ [ [ -93.512926, 41.6730072 ], [ -93.5172116, 41.67300249999996 ], [ -93.5221946, 41.672968399999959 ], [ -93.5222605, 41.668912199999973 ], [ -93.52135370000002, 41.66886 ], [ -93.5213303, 41.667918 ], [ -93.5221627, 41.667900800000034 ], [ -93.522147, 41.66271659999996 ], [ -93.5174699, 41.6626657 ], [ -93.5175628, 41.661120200000028 ], [ -93.5158508, 41.661402899999985 ], [ -93.5149704, 41.6615336 ], [ -93.5144758, 41.661684799999975 ], [ -93.5108061, 41.6621132 ], [ -93.5102596, 41.66217780000003 ], [ -93.5095776, 41.6622707 ], [ -93.5089429, 41.662332199999987 ], [ -93.5082357, 41.6624078 ], [ -93.507517, 41.662453299999981 ], [ -93.5065147, 41.662502099999969 ], [ -93.5057735, 41.662530399999966 ], [ -93.5049112, 41.6625288 ], [ -93.5034525, 41.662517800000025 ], [ -93.5030948, 41.662508899999985 ], [ -93.503077, 41.664054199999988 ], [ -93.5030762, 41.6641195 ], [ -93.503074, 41.664205 ], [ -93.503073, 41.665308399999979 ], [ -93.5030725, 41.6658746 ], [ -93.5031689, 41.6729242 ], [ -93.5032674, 41.6802288 ], [ -93.5118309, 41.6802332 ], [ -93.5117811, 41.672989700000066 ], [ -93.512926, 41.6730072 ] ] ] ] } },
{ "type": "Feature", "properties": { "id": "00567575428", "state": "Arizona", "state_abb": "AZ", "state_id": "04", "county": "Maricopa County", "county_id": "013", "operator": "Apple", "ref": null, "name": "Apple Mesa Data Center", "sqft": 3983906.0, "lon": -111.60431805940925, "lat": 33.346798276032921, "type": "campus" }, "geometry": { "type": "MultiPolygon", "coordinates": [ [ [ [ -111.6073146, 33.34979330000003 ], [ -111.6073146, 33.3497355 ], [ -111.6073152, 33.3496687 ], [ -111.6072894, 33.3464731 ], [ -111.6075218, 33.345716599999989 ], [ -111.6075432, 33.3439274 ], [ -111.607199, 33.343928499999954 ], [ -111.6061685, 33.3439318 ], [ -111.6022678, 33.343944300000011 ], [ -111.6021994, 33.343949799999983 ], [ -111.6022002, 33.343902700000022 ], [ -111.6019708, 33.343903 ], [ -111.6018218, 33.343783100000017 ], [ -111.6018211, 33.3436574 ], [ -111.6013182, 33.3436564 ], [ -111.6012079, 33.3436563 ], [ -111.6013084, 33.349690299999985 ], [ -111.6013406, 33.34970710000001 ], [ -111.6020957, 33.349717200000036 ], [ -111.6031699, 33.349750799999974 ], [ -111.6073146, 33.34979330000003 ] ] ] ] } },
{ "type": "Feature", "properties": { "id": "00578412815", "state": "New Mexico", "state_abb": "NM", "state_id": "35", "county": "Valencia County", "county_id": "061", "operator": "Meta", "ref": null, "name": "Meta Los Lunas Data Center", "sqft": 21836553.0, "lon": -106.77989614196927, "lat": 34.830228233492399, "type": "campus" }, "geometry": { "type": "MultiPolygon", "coordinates": [ [ [ [ -106.7711194, 34.828640299999975 ], [ -106.769746600000019, 34.8332694 ], [ -106.7685956, 34.835879 ], [ -106.7884445, 34.8357015 ], [ -106.788383, 34.8281876 ], [ -106.7883688, 34.823800200000044 ], [ -106.7746881, 34.823782700000038 ], [ -106.7738815, 34.828717200000042 ], [ -106.7711194, 34.828640299999975 ] ] ] ] } },
{ "type": "Feature", "properties": { "id": "00578435601", "state": "Georgia", "state_abb": "GA", "state_id": "13", "county": "Douglas County", "county_id": "097", "operator": "Google", "ref": null, "name": "Google Datacenter - Douglas County", "sqft": 2608502.0, "lon": -84.585223436513473, "lat": 33.750590236526499, "type": "campus" }, "geometry": { "type": "MultiPolygon", "coordinates": [ [ [ [ -84.5886852, 33.752623 ], [ -84.5884644, 33.752315799999963 ], [ -84.5883096, 33.752085200000032 ], [ -84.5876589, 33.751116200000027 ], [ -84.5851522, 33.747718399999947 ], [ -84.584243200000017, 33.746995700000056 ], [ -84.583118, 33.7469974 ], [ -84.5826995, 33.747323200000025 ], [ -84.5826781, 33.74805019999998 ], [ -84.5827746, 33.7489334 ], [ -84.5830482, 33.751328600000036 ], [ -84.5834613, 33.751875 ], [ -84.5860469, 33.7538977 ], [ -84.587718, 33.7533781 ], [ -84.5882437, 33.753032399999967 ], [ -84.5886852, 33.752623 ] ] ] ] } },
{ "type": "Feature", "properties": { "id": "00578438011", "state": "Iowa", "state_abb": "IA", "state_id": "19", "county": "Pottawattamie County", "county_id": "155", "operator": "Google", "ref": null, "name": "Google", "sqft": 2304742.0, "lon": -95.864497754017663, "lat": 41.221658048077551, "type": "campus" }, "geometry": { "type": "MultiPolygon", "coordinates": [ [ [ [ -95.8678016, 41.220042299999974 ], [ -95.8639285, 41.219985800000039 ], [ -95.863844, 41.219925299999986 ], [ -95.86146890000002, 41.219893 ], [ -95.8612812, 41.219935300000081 ], [ -95.8610773, 41.220032200000063 ], [ -95.8609405, 41.2201795 ], [ -95.8608386, 41.220355 ], [ -95.860793, 41.220653599999956 ], [ -95.8607689, 41.222854600000026 ], [ -95.864827, 41.2228909 ], [ -95.864827, 41.2240005 ], [ -95.8659107, 41.224018700000016 ], [ -95.8659858, 41.223969299999965 ], [ -95.8660126, 41.22370190000003 ], [ -95.8660662, 41.223670700000042 ], [ -95.8661464, 41.223659599999984 ], [ -95.8662178, 41.223672700000023 ], [ -95.86775870000001, 41.223693899999965 ], [ -95.8678016, 41.220042299999974 ] ] ] ] } },
{ "type": "Feature", "properties": { "id": "00626226408", "state": "South Carolina", "state_abb": "SC", "state_id": "45", "county": "Berkeley County", "county_id": "015", "operator": "Google", "ref": null, "name": "Google Berkeley County Data Center", "sqft": 8310940.0, "lon": -80.042158542421561, "lat": 33.06378014460109, "type": "campus" }, "geometry": { "type": "MultiPolygon", "coordinates": [ [ [ [ -80.0479938, 33.0624726 ], [ -80.048, 33.0610925 ], [ -80.0475396, 33.060288099999966 ], [ -80.0393189, 33.0603892 ], [ -80.0370586, 33.060417 ], [ -80.036871300000016, 33.0647798 ], [ -80.0367484, 33.067641100000031 ], [ -80.041253, 33.0677275 ], [ -80.0420576, 33.06717010000002 ], [ -80.0443912, 33.067179 ], [ -80.0456572, 33.066374300000042 ], [ -80.04798, 33.065522400000027 ], [ -80.0479938, 33.0624726 ] ] ] ] } },
{ "type": "Feature", "properties": { "id": "00635022480", "state": "Georgia", "state_abb": "GA", "state_id": "13", "county": "Fulton County", "county_id": "121", "operator": "Ascent", "ref": null, "name": "Ascent - Atlanta Data Center", "sqft": 595317.0, "lon": -84.273024564436085, "lat": 34.057136711794833, "type": "campus" }, "geometry": { "type": "MultiPolygon", "coordinates": [ [ [ [ -84.2741503, 34.058327099999971 ], [ -84.2745915, 34.0572883 ], [ -84.2746183, 34.0571305 ], [ -84.2746317, 34.056955 ], [ -84.2745164, 34.056712799999964 ], [ -84.2738459, 34.056563899999979 ], [ -84.2737332, 34.056383899999958 ], [ -84.2733175, 34.0563683 ], [ -84.2731833, 34.056292799999973 ], [ -84.2731056, 34.055826100000019 ], [ -84.273001, 34.055790499999979 ], [ -84.2725477, 34.055875 ], [ -84.2719723, 34.056000500000017 ], [ -84.2713742, 34.057465 ], [ -84.2714426, 34.057632700000013 ], [ -84.2738941, 34.0583938 ], [ -84.2741503, 34.058327099999971 ] ] ] ] } },
{ "type": "Feature", "properties": { "id": "00640148472", "state": "Washington", "state_abb": "WA", "state_id": "53", "county": "Grant County", "county_id": "025", "operator": "CyrusOne", "ref": null, "name": "CyrusOne Quincy", "sqft": 1779563.0, "lon": -119.86960399091235, "lat": 47.243696120678365, "type": "campus" }, "geometry": { "type": "MultiPolygon", "coordinates": [ [ [ [ -119.8717889, 47.241358799999986 ], [ -119.8675422, 47.241379500000065 ], [ -119.8675819, 47.246332600000031 ], [ -119.868344, 47.24633529999997 ], [ -119.8686694, 47.2463129 ], [ -119.869298199999989, 47.246159400000025 ], [ -119.8699986, 47.245983400000036 ], [ -119.8706108, 47.2458149 ], [ -119.8717957, 47.245420099999961 ], [ -119.8717889, 47.241358799999986 ] ] ] ] } },
{ "type": "Feature", "properties": { "id": "00649365745", "state": "Virginia", "state_abb": "VA", "state_id": "51", "county": "Loudoun County", "county_id": "107", "operator": null, "ref": null, "name": "NTT Ashburn Campus", "sqft": 2116133.0, "lon": -77.471981050855177, "lat": 39.017730318422956, "type": "campus" }, "geometry": { "type": "MultiPolygon", "coordinates": [ [ [ [ -77.4704146, 39.015702399999981 ], [ -77.4703355, 39.0157863 ], [ -77.4703087, 39.015810799999954 ], [ -77.4702658, 39.015841 ], [ -77.4702363, 39.015849899999985 ], [ -77.4701873, 39.015857199999971 ], [ -77.4701364, 39.0158504 ], [ -77.4700586, 39.015958800000014 ], [ -77.4700814, 39.015994700000022 ], [ -77.4700847, 39.016039 ], [ -77.4696764, 39.016477699999989 ], [ -77.4695925, 39.016593400000048 ], [ -77.4695235, 39.016676700000041 ], [ -77.4691674, 39.017114900000038 ], [ -77.4691319, 39.017172199999969 ], [ -77.4691024, 39.017238300000045 ], [ -77.4690883, 39.017307600000038 ], [ -77.4690876, 39.01735870000001 ], [ -77.4690943, 39.01741959999994 ], [ -77.4691165, 39.017486300000044 ], [ -77.4691392, 39.017535800000019 ], [ -77.4691822, 39.017599399999959 ], [ -77.4692331, 39.017656200000019 ], [ -77.4693143, 39.017718199999962 ], [ -77.4695154, 39.017871299999982 ], [ -77.4696764, 39.018002099999975 ], [ -77.4697642, 39.0180777 ], [ -77.4699057, 39.0182006 ], [ -77.470009600000012, 39.018294899999987 ], [ -77.4701364, 39.0184126 ], [ -77.4701659, 39.018439199999982 ], [ -77.470247, 39.018496499999983 ], [ -77.4703328, 39.0185445 ], [ -77.4704562, 39.018607 ], [ -77.4705742, 39.018647099999974 ], [ -77.4706554, 39.018668399999974 ], [ -77.4709269, 39.018718500000034 ], [ -77.4709813, 39.01873149999998 ], [ -77.4710242, 39.018754899999983 ], [ -77.471049, 39.018781500000031 ], [ -77.4710624, 39.018809099999963 ], [ -77.4710664, 39.018856 ], [ -77.4710564, 39.018887299999967 ], [ -77.4710309, 39.018914899999977 ], [ -77.47099870000001, 39.018940400000012 ], [ -77.4709477, 39.018958100000042 ], [ -77.4708974, 39.018963300000017 ], [ -77.4710342, 39.019098799999973 ], [ -77.4710564, 39.01911860000002 ], [ -77.4711053, 39.019166499999976 ], [ -77.4710973, 39.019169600000041 ], [ -77.471275600000013, 39.019384799999962 ], [ -77.4712193, 39.01955250000001 ], [ -77.4709095, 39.019669200000031 ], [ -77.4711925, 39.020154800000029 ], [ -77.4712837, 39.020311100000029 ], [ -77.4714647, 39.0205799 ], [ -77.4716042, 39.020757 ], [ -77.4717584, 39.020937299999964 ], [ -77.4719207, 39.021109200000026 ], [ -77.4720146, 39.021199799999955 ], [ -77.4720977, 39.0212624 ], [ -77.4723847, 39.021463400000037 ], [ -77.472496, 39.0215416 ], [ -77.4725725, 39.021471800000022 ], [ -77.4727495, 39.021229 ], [ -77.472838, 39.021265499999984 ], [ -77.4730513, 39.021087299999948 ], [ -77.4730633, 39.021045599999972 ], [ -77.4730968, 39.021052900000022 ], [ -77.4731304, 39.021009199999966 ], [ -77.4731009, 39.020959200000021 ], [ -77.4731331, 39.020914399999967 ], [ -77.473172, 39.020843500000012 ], [ -77.4731961, 39.0207831 ], [ -77.4736319, 39.019244100000044 ], [ -77.473644, 39.0192014 ], [ -77.4736789, 39.019179500000028 ], [ -77.4737312, 39.019154499999971 ], [ -77.4737526, 39.019126400000012 ], [ -77.473762, 39.019075299999983 ], [ -77.4737473, 39.019044100000038 ], [ -77.4737138, 39.019018 ], [ -77.4737003, 39.0189722 ], [ -77.4740718, 39.01766660000002 ], [ -77.4741067, 39.0175968 ], [ -77.4741697, 39.017497799999973 ], [ -77.4742368, 39.017407100000014 ], [ -77.4747564, 39.01691409999998 ], [ -77.4734938, 39.016017100000028 ], [ -77.4733208, 39.0158921 ], [ -77.4731183, 39.015731600000016 ], [ -77.4728769, 39.015521099999972 ], [ -77.4727173, 39.015347099999964 ], [ -77.4725966, 39.015195 ], [ -77.4722707, 39.0146584 ], [ -77.4721326, 39.0144468 ], [ -77.4720883, 39.014407199999972 ], [ -77.4719945, 39.0143812 ], [ -77.471907300000012, 39.014386399999971 ], [ -77.4717987, 39.0144124 ], [ -77.4716163, 39.0144708 ], [ -77.4714607, 39.0145312 ], [ -77.4714956, 39.014599 ], [ -77.4713293, 39.014691700000014 ], [ -77.4712501, 39.014878199999963 ], [ -77.471159, 39.0149647 ], [ -77.4710114, 39.015111599999969 ], [ -77.4704947, 39.015645399999983 ], [ -77.470475, 39.0156639 ], [ -77.4704535, 39.015654500000011 ], [ -77.4704146, 39.015702399999981 ] ] ] ] } },
{ "type": "Feature", "properties": { "id": "00675108684", "state": "Virginia", "state_abb": "VA", "state_id": "51", "county": "Mecklenburg County", "county_id": "117", "operator": "Microsoft", "ref": null, "name": "Microsoft Boydton Data Center", "sqft": 11273954.0, "lon": -78.376553271865632, "lat": 36.685373308018725, "type": "campus" }, "geometry": { "type": "MultiPolygon", "coordinates": [ [ [ [ -78.3779562, 36.6961672 ], [ -78.3792544, 36.6943692 ], [ -78.3807564, 36.695435899999971 ], [ -78.3827198, 36.69352609999995 ], [ -78.381089, 36.692347499999983 ], [ -78.3798874, 36.692399099999982 ], [ -78.3790183, 36.687934100000028 ], [ -78.3789969, 36.684836800000014 ], [ -78.3794475, 36.684114 ], [ -78.3791578, 36.6810768 ], [ -78.3781707, 36.680732599999985 ], [ -78.377924, 36.678641800000015 ], [ -78.3789218, 36.6760259 ], [ -78.3766053, 36.676014300000013 ], [ -78.3739507, 36.676404700000049 ], [ -78.372677600000017, 36.6767832 ], [ -78.372184, 36.6756732 ], [ -78.3701004, 36.676293599999973 ], [ -78.3707739, 36.677552399999975 ], [ -78.3704207, 36.67824150000002 ], [ -78.3710081, 36.678871099999974 ], [ -78.3718487, 36.679041 ], [ -78.3726836, 36.680093900000017 ], [ -78.3733541, 36.680206899999988 ], [ -78.3736217, 36.682376 ], [ -78.3746839, 36.684114 ], [ -78.3752096, 36.687727599999953 ], [ -78.3749843, 36.6879857 ], [ -78.3744693, 36.6879341 ], [ -78.3745122, 36.688708399999975 ], [ -78.3751774, 36.690317199999988 ], [ -78.3756065, 36.692579799999933 ], [ -78.3747912, 36.693775599999981 ], [ -78.3754563, 36.694136900000018 ], [ -78.3750594, 36.695685399999988 ], [ -78.3762825, 36.696020900000015 ], [ -78.3779562, 36.6961672 ] ] ] ] } },
{ "type": "Feature", "properties": { "id": "00688722307", "state": "Virginia", "state_abb": "VA", "state_id": "51", "county": "Henrico County", "county_id": "087", "operator": null, "ref": null, "name": "Bank of America Data Center", "sqft": 2209960.0, "lon": -77.238286087700658, "lat": 37.495808610552793, "type": "campus" }, "geometry": { "type": "MultiPolygon", "coordinates": [ [ [ [ -77.2351317, 37.495513 ], [ -77.2359685, 37.49613440000001 ], [ -77.2367356, 37.4966972 ], [ -77.2374156, 37.497196299999956 ], [ -77.2380164, 37.497665500000011 ], [ -77.2383034, 37.497954900000025 ], [ -77.2384979, 37.498215599999966 ], [ -77.2387098, 37.498558200000012 ], [ -77.238868, 37.499006100000031 ], [ -77.2389525, 37.4993838 ], [ -77.239429900000019, 37.499104 ], [ -77.2400656, 37.498722 ], [ -77.2408126, 37.49827410000001 ], [ -77.2413853, 37.497925099999982 ], [ -77.2411184, 37.497612300000021 ], [ -77.2404197, 37.496795099999957 ], [ -77.2401152, 37.49665250000001 ], [ -77.2401823, 37.4961386 ], [ -77.240421, 37.4959939 ], [ -77.240413, 37.495667300000022 ], [ -77.2403835, 37.495027800000031 ], [ -77.2399838, 37.4949001 ], [ -77.2397464, 37.494479800000015 ], [ -77.2391979, 37.494032899999979 ], [ -77.2390826, 37.493560399999964 ], [ -77.2391201, 37.4933668 ], [ -77.2390893, 37.4931529 ], [ -77.2385394, 37.4927252 ], [ -77.2382139, 37.492727600000038 ], [ -77.2381015, 37.492727300000013 ], [ -77.2379333, 37.49272730000002 ], [ -77.2378984, 37.492816699999963 ], [ -77.2374196, 37.493201899999981 ], [ -77.237433, 37.4932146 ], [ -77.2373995, 37.493239100000011 ], [ -77.2371983, 37.493081599999961 ], [ -77.2366699, 37.493492300000014 ], [ -77.2360986, 37.493936100000049 ], [ -77.2355836, 37.494337199999961 ], [ -77.2351987, 37.494632 ], [ -77.2353932, 37.494785199999988 ], [ -77.2352006, 37.4949641 ], [ -77.2351285, 37.49503 ], [ -77.2349788, 37.49514589999994 ], [ -77.23518, 37.495297 ], [ -77.2350324, 37.4954385 ], [ -77.2351317, 37.495513 ] ] ] ] } },
{ "type": "Feature", "properties": { "id": "00696985482", "state": "Virginia", "state_abb": "VA", "state_id": "51", "county": "Loudoun County", "county_id": "107", "operator": null, "ref": null, "name": null, "sqft": 402308.0, "lon": -77.449876138507904, "lat": 38.99945874398648, "type": "campus" }, "geometry": { "type": "MultiPolygon", "coordinates": [ [ [ [ -77.4512167, 39.000109799999976 ], [ -77.4513354, 38.999985699999982 ], [ -77.451322, 38.999617800000017 ], [ -77.4512999, 38.999106599999983 ], [ -77.4513099, 38.99908 ], [ -77.4513307, 38.9990451 ], [ -77.4513602, 38.999011799999948 ], [ -77.4513917, 38.998986200000026 ], [ -77.4514246, 38.998966400000029 ], [ -77.4514595, 38.998948700000014 ], [ -77.4514937, 38.998938299999942 ], [ -77.4515299, 38.9989299 ], [ -77.4514917, 38.998802799999979 ], [ -77.4512154, 38.998811100000012 ], [ -77.4512154, 38.998786100000011 ], [ -77.449372, 38.99882340000002 ], [ -77.4482066, 38.998845499999959 ], [ -77.4481818, 38.998932 ], [ -77.448277, 38.9991488 ], [ -77.4487142, 39.000099900000023 ], [ -77.4487638, 39.000082700000029 ], [ -77.4487806, 39.000107700000015 ], [ -77.4487974, 39.000102500000011 ], [ -77.4488282, 39.0001478 ], [ -77.4488524, 39.000181199999979 ], [ -77.4488664, 39.000175900000038 ], [ -77.4488765, 39.000193700000032 ], [ -77.4489462, 39.000168599999967 ], [ -77.4489583, 39.000186400000011 ], [ -77.4489824, 39.000220200000051 ], [ -77.4490394, 39.000194199999974 ], [ -77.4491487, 39.0002213 ], [ -77.4491501, 39.000238500000023 ], [ -77.4492339, 39.00023540000003 ], [ -77.4492352, 39.000260099999949 ], [ -77.4492366, 39.00029420000002 ], [ -77.4495578, 39.000285900000051 ], [ -77.4497697, 39.000097799999971 ], [ -77.4501666, 39.000088400000038 ], [ -77.450197500000016, 39.000129 ], [ -77.4512167, 39.000109799999976 ] ] ] ] } },
{ "type": "Feature", "properties": { "id": "00696992451", "state": "Virginia", "state_abb": "VA", "state_id": "51", "county": "Prince William County", "county_id": "153", "operator": null, "ref": null, "name": null, "sqft": 989045.0, "lon": -77.548316845028509, "lat": 38.790981521945248, "type": "campus" }, "geometry": { "type": "MultiPolygon", "coordinates": [ [ [ [ -77.549393, 38.788932299999971 ], [ -77.5486703, 38.788928100000014 ], [ -77.5486726, 38.78913120000005 ], [ -77.5471714, 38.789125199999972 ], [ -77.5471728, 38.789422100000024 ], [ -77.5469434, 38.789421 ], [ -77.5469367, 38.790428700000042 ], [ -77.547449, 38.790432400000014 ], [ -77.5474463, 38.790452200000026 ], [ -77.5474262, 38.790451199999964 ], [ -77.5474276, 38.790496599999983 ], [ -77.547451, 38.790499800000028 ], [ -77.547453, 38.790517 ], [ -77.5474745, 38.7905191 ], [ -77.5474745, 38.790558299999972 ], [ -77.547449, 38.790558299999972 ], [ -77.5474477, 38.790581300000042 ], [ -77.5470608, 38.790579200000032 ], [ -77.5470581, 38.7906367 ], [ -77.546916600000017, 38.790634099999963 ], [ -77.5469159, 38.791744700000024 ], [ -77.5470112, 38.791743200000028 ], [ -77.547003100000012, 38.791783899999984 ], [ -77.5470031, 38.791908800000023 ], [ -77.5469153, 38.791971 ], [ -77.5469153, 38.792478499999973 ], [ -77.5471634, 38.7926897 ], [ -77.547964, 38.792691800000014 ], [ -77.5479653, 38.792642099999938 ], [ -77.5480311, 38.792641599999989 ], [ -77.5480317, 38.792666700000019 ], [ -77.5480961, 38.792695399999971 ], [ -77.5495291, 38.792699099999972 ], [ -77.5497584, 38.79268660000001 ], [ -77.5498925, 38.792537099999961 ], [ -77.5499193, 38.792477500000011 ], [ -77.5498362, 38.79164020000001 ], [ -77.5498349, 38.791167699999974 ], [ -77.5493568, 38.790428700000056 ], [ -77.549344, 38.79022379999995 ], [ -77.5493011, 38.7899938 ], [ -77.5493065, 38.7895972 ], [ -77.549395, 38.789188900000013 ], [ -77.549393, 38.788932299999971 ] ] ] ] } },
{ "type": "Feature", "properties": { "id": "00697021949", "state": "Virginia", "state_abb": "VA", "state_id": "51", "county": "Prince William County", "county_id": "153", "operator": "Amazon", "ref": null, "name": null, "sqft": 1278242.0, "lon": -77.652695656539464, "lat": 38.815815977411759, "type": "campus" }, "geometry": { "type": "MultiPolygon", "coordinates": [ [ [ [ -77.6523053, 38.817588 ], [ -77.6536835, 38.817909500000042 ], [ -77.6537812, 38.817662100000049 ], [ -77.6546846, 38.8153737 ], [ -77.6546867, 38.815255700000037 ], [ -77.6546881, 38.815178500000037 ], [ -77.6547034, 38.8143336 ], [ -77.6544177, 38.8140646 ], [ -77.6535746, 38.814039500000014 ], [ -77.6515496, 38.814108400000038 ], [ -77.6512921, 38.814173199999985 ], [ -77.6510829, 38.8149423 ], [ -77.6509987, 38.815373100000016 ], [ -77.6508937, 38.8159102 ], [ -77.6504417, 38.816849700000063 ], [ -77.650375600000018, 38.817079199999959 ], [ -77.6512991, 38.8173247 ], [ -77.6523053, 38.817588 ] ] ] ] } },
{ "type": "Feature", "properties": { "id": "00700001774", "state": "Washington", "state_abb": "WA", "state_id": "53", "county": "Grant County", "county_id": "025", "operator": "Microsoft", "ref": null, "name": "Microsoft MWH Data Center", "sqft": 8381014.0, "lon": -119.88771018102906, "lat": 47.23776925865819, "type": "campus" }, "geometry": { "type": "MultiPolygon", "coordinates": [ [ [ [ -119.8787758, 47.240176700000021 ], [ -119.88568260000001, 47.240151200000028 ], [ -119.8856974, 47.241596800000011 ], [ -119.8860513, 47.241607199999976 ], [ -119.8869317, 47.2417088 ], [ -119.8872404, 47.241712299999953 ], [ -119.8875188, 47.2416653 ], [ -119.888915900000015, 47.2413358 ], [ -119.8892364, 47.241164799999986 ], [ -119.8894716, 47.24103710000005 ], [ -119.8897657, 47.2409287 ], [ -119.890125800000021, 47.240855700000026 ], [ -119.890727199999986, 47.240786899999961 ], [ -119.8916573, 47.2405006 ], [ -119.8946057, 47.240019399999973 ], [ -119.8960308, 47.239396 ], [ -119.896262, 47.239233599999984 ], [ -119.8964133, 47.2390407 ], [ -119.8963947, 47.234063599999956 ], [ -119.8905625, 47.234621400000016 ], [ -119.890551300000013, 47.2358374 ], [ -119.8936099, 47.235850299999974 ], [ -119.8936124, 47.236373700000058 ], [ -119.893853, 47.2363769 ], [ -119.893855400000021, 47.236814400000014 ], [ -119.893615299999979, 47.236812899999983 ], [ -119.8936225, 47.2378229 ], [ -119.8905337, 47.2378102 ], [ -119.890561800000015, 47.234621499999982 ], [ -119.878765, 47.235726200000038 ], [ -119.8787709, 47.2381392 ], [ -119.8787758, 47.240176700000021 ] ] ] ] } },
{ "type": "Feature", "properties": { "id": "00700431553", "state": "Oregon", "state_abb": "OR", "state_id": "41", "county": "Wasco County", "county_id": "065", "operator": "Google", "ref": null, "name": "Google Taylor Lake Data Center", "sqft": 1100932.0, "lon": -121.20240398131145, "lat": 45.638528917595728, "type": "campus" }, "geometry": { "type": "MultiPolygon", "coordinates": [ [ [ [ -121.2040784, 45.637580899999989 ], [ -121.2037813, 45.6369738 ], [ -121.2035266, 45.637024600000039 ], [ -121.203386099999989, 45.636726300000028 ], [ -121.2013569, 45.637184400000024 ], [ -121.2013457, 45.637232299999972 ], [ -121.2013185, 45.637270899999926 ], [ -121.2012937, 45.637296200000016 ], [ -121.2012522, 45.637317499999973 ], [ -121.2012059, 45.637332799999989 ], [ -121.199477699999974, 45.637740100000016 ], [ -121.2005294, 45.6390016 ], [ -121.200924699999987, 45.639318299999942 ], [ -121.20104790000002, 45.6394479 ], [ -121.2014513, 45.639908100000014 ], [ -121.2015801, 45.640119199999987 ], [ -121.201741699999985, 45.64025160000002 ], [ -121.202018599999988, 45.640199199999969 ], [ -121.2022126, 45.6403025 ], [ -121.2029166, 45.640298500000021 ], [ -121.2046183, 45.639519700000029 ], [ -121.20464770000001, 45.638828 ], [ -121.2040784, 45.637580899999989 ] ] ] ] } },
{ "type": "Feature", "properties": { "id": "00706726088", "state": "Virginia", "state_abb": "VA", "state_id": "51", "county": "Loudoun County", "county_id": "107", "operator": "Google", "ref": null, "name": "Stonewall Creek Business Park", "sqft": 1291753.0, "lon": -77.539399667022636, "lat": 39.051431729239994, "type": "campus" }, "geometry": { "type": "MultiPolygon", "coordinates": [ [ [ [ -77.540162400000014, 39.053934900000023 ], [ -77.5401948, 39.0539347 ], [ -77.5404197, 39.0528999 ], [ -77.5404589, 39.052873 ], [ -77.5406457, 39.051927899999988 ], [ -77.5406311, 39.051888799999958 ], [ -77.5406625, 39.0517559 ], [ -77.5407721, 39.051661299999921 ], [ -77.5407441, 39.051532699999981 ], [ -77.5408235, 39.05147020000004 ], [ -77.5407945, 39.0514345 ], [ -77.5409085, 39.0513763 ], [ -77.5407766, 39.051343300000035 ], [ -77.5408258, 39.051099300000011 ], [ -77.5412094, 39.0492838 ], [ -77.540186, 39.049146499999978 ], [ -77.540191, 39.049120899999942 ], [ -77.5399938, 39.049093900000038 ], [ -77.5399871, 39.049122 ], [ -77.5390551, 39.048999099999982 ], [ -77.538929, 39.04907510000001 ], [ -77.53879, 39.0497216 ], [ -77.5387498, 39.049886600000015 ], [ -77.5386377, 39.049872200000024 ], [ -77.5384786, 39.049851700000033 ], [ -77.5383737, 39.049838199999989 ], [ -77.5382732, 39.0498253 ], [ -77.5381693, 39.0498119 ], [ -77.5381182, 39.050071 ], [ -77.5378102, 39.051632599999948 ], [ -77.5377923, 39.0516595 ], [ -77.5377532, 39.05185060000003 ], [ -77.537665700000019, 39.051991300000019 ], [ -77.5381366, 39.053669600000021 ], [ -77.540162400000014, 39.053934900000023 ] ] ] ] } },
{ "type": "Feature", "properties": { "id": "00708155014", "state": "Virginia", "state_abb": "VA", "state_id": "51", "county": "Henrico County", "county_id": "087", "operator": "Quality Technology Services", "ref": null, "name": "QTS Richmond Data Center", "sqft": 3801096.0, "lon": -77.245886473153021, "lat": 37.489000652359472, "type": "campus" }, "geometry": { "type": "MultiPolygon", "coordinates": [ [ [ [ -77.2495616, 37.487714100000019 ], [ -77.2486496, 37.4869096 ], [ -77.248783700000018, 37.486701 ], [ -77.2480246, 37.48627530000001 ], [ -77.2480917, 37.486122099999989 ], [ -77.2468069, 37.485381399999966 ], [ -77.2466896, 37.485382499999965 ], [ -77.2464495, 37.48530320000004 ], [ -77.2461706, 37.48526169999996 ], [ -77.2458896, 37.4852537 ], [ -77.2453934, 37.485098300000011 ], [ -77.2451761, 37.485096200000015 ], [ -77.245133200000012, 37.485209 ], [ -77.2451171, 37.485341 ], [ -77.2453129, 37.4856198 ], [ -77.2452937, 37.48564589999998 ], [ -77.2446558, 37.486515800000035 ], [ -77.2444305, 37.486390300000025 ], [ -77.2442803, 37.486145499999985 ], [ -77.2436097, 37.485913500000017 ], [ -77.2432798, 37.487450200000019 ], [ -77.242325, 37.4881716 ], [ -77.2435212, 37.4885781 ], [ -77.2424591, 37.490631900000025 ], [ -77.2442401, 37.492217399999966 ], [ -77.2446853, 37.492549399999987 ], [ -77.2452378, 37.492702600000023 ], [ -77.2459298, 37.492677099999973 ], [ -77.2480273, 37.4923025 ], [ -77.2481239, 37.4912852 ], [ -77.247963, 37.4905787 ], [ -77.248000500000018, 37.490063700000029 ], [ -77.2491914, 37.488654800000035 ], [ -77.2492236, 37.48813549999997 ], [ -77.2495616, 37.487714100000019 ] ] ] ] } },
{ "type": "Feature", "properties": { "id": "00708931343", "state": "Tennessee", "state_abb": "TN", "state_id": "47", "county": "Montgomery County", "county_id": "125", "operator": "Google LLC", "ref": null, "name": "Google Montgomery Data Center", "sqft": 26612163.0, "lon": -87.260011219524699, "lat": 36.628576033072235, "type": "campus" }, "geometry": { "type": "MultiPolygon", "coordinates": [ [ [ [ -87.2655416, 36.6364509 ], [ -87.2667915, 36.62883139999996 ], [ -87.2668546, 36.628481600000043 ], [ -87.2680414, 36.621904199999967 ], [ -87.2681701, 36.621021599999985 ], [ -87.2679877, 36.62053940000002 ], [ -87.2676069, 36.620100199999946 ], [ -87.2670811, 36.619850500000027 ], [ -87.2665769, 36.6197644 ], [ -87.2608652, 36.619139599999976 ], [ -87.2597265, 36.6190152 ], [ -87.2587617, 36.618587 ], [ -87.258062100000018, 36.618110199999983 ], [ -87.2575986, 36.617621199999981 ], [ -87.2575226, 36.617572899999985 ], [ -87.2574304, 36.61756619999997 ], [ -87.2569619, 36.6177976 ], [ -87.2564934, 36.61800980000001 ], [ -87.2561643, 36.618215500000026 ], [ -87.2558221, 36.618487299999984 ], [ -87.2554917, 36.618856299999983 ], [ -87.2552394, 36.619400799999987 ], [ -87.2550585, 36.62001070000003 ], [ -87.2549524, 36.620637600000038 ], [ -87.255081, 36.620662600000017 ], [ -87.2538515, 36.62767620000001 ], [ -87.2537352, 36.627725199999986 ], [ -87.2537606, 36.62776980000001 ], [ -87.2538135, 36.6278579 ], [ -87.2535622, 36.6292907 ], [ -87.252034, 36.638482599999961 ], [ -87.2563523, 36.638943200000021 ], [ -87.2655416, 36.6364509 ] ] ] ] } },
{ "type": "Feature", "properties": { "id": "00711811006", "state": "Wyoming", "state_abb": "WY", "state_id": "56", "county": "Laramie County", "county_id": "021", "operator": "University Corporation for Atmospheric Research", "ref": null, "name": null, "sqft": 571755.0, "lon": -104.89703157236751, "lat": 41.128699837871054, "type": "campus" }, "geometry": { "type": "MultiPolygon", "coordinates": [ [ [ [ -104.898448, 41.129639600000019 ], [ -104.8986518, 41.127938499999971 ], [ -104.8962164, 41.1274859 ], [ -104.8951113, 41.12950620000003 ], [ -104.8963344, 41.129635499999956 ], [ -104.898448, 41.129639600000019 ] ] ] ] } },
{ "type": "Feature", "properties": { "id": "00714120969", "state": "Texas", "state_abb": "TX", "state_id": "48", "county": "Collin County", "county_id": "085", "operator": null, "ref": "DFW3", "name": "DataBank Plano Data Center", "sqft": 375691.0, "lon": -96.81513069944252, "lat": 33.087569020021242, "type": "campus" }, "geometry": { "type": "MultiPolygon", "coordinates": [ [ [ [ -96.8167483, 33.086901500000025 ], [ -96.8164265, 33.086692100000015 ], [ -96.815249, 33.0867123 ], [ -96.8142137, 33.087238100000043 ], [ -96.813688, 33.087406700000017 ], [ -96.8140984, 33.088125799999979 ], [ -96.8143049, 33.088394399999984 ], [ -96.8145128, 33.088594399999984 ], [ -96.8147542, 33.0887899 ], [ -96.8149164, 33.088755 ], [ -96.8167483, 33.086901500000025 ] ] ] ] } },
{ "type": "Feature", "properties": { "id": "00714139864", "state": "New Jersey", "state_abb": "NJ", "state_id": "34", "county": "Hudson County", "county_id": "017", "operator": "Equinix", "ref": null, "name": "Equinix", "sqft": 535110.0, "lon": -74.068676990174893, "lat": 40.775067898833854, "type": "campus" }, "geometry": { "type": "MultiPolygon", "coordinates": [ [ [ [ -74.0702239, 40.773751300000022 ], [ -74.0687331, 40.773306099999985 ], [ -74.0678637, 40.7749758 ], [ -74.06713, 40.776384499999985 ], [ -74.0686208, 40.7768297 ], [ -74.0702239, 40.773751300000022 ] ] ] ] } },
{ "type": "Feature", "properties": { "id": "00714622339", "state": "Virginia", "state_abb": "VA", "state_id": "51", "county": "Loudoun County", "county_id": "107", "operator": "Google", "ref": null, "name": "Google Data Center", "sqft": 2143143.0, "lon": -77.526250367112851, "lat": 38.942771434884214, "type": "campus" }, "geometry": { "type": "MultiPolygon", "coordinates": [ [ [ [ -77.5249366, 38.941555899999976 ], [ -77.5240407, 38.942032 ], [ -77.5238375, 38.942041400000058 ], [ -77.5223127, 38.942863400000036 ], [ -77.5231884, 38.9438548 ], [ -77.5243934, 38.9446466 ], [ -77.5253083, 38.9447405 ], [ -77.5256883, 38.945162299999936 ], [ -77.5257419, 38.945313500000054 ], [ -77.5255688, 38.9456461 ], [ -77.5254114, 38.9459445 ], [ -77.5254251, 38.9460837 ], [ -77.5258391, 38.946418600000023 ], [ -77.5267437, 38.94671330000002 ], [ -77.5271353, 38.94599359999998 ], [ -77.5265451, 38.945796799999954 ], [ -77.5266201, 38.945666 ], [ -77.526562, 38.94564649999996 ], [ -77.526467600000018, 38.945537300000026 ], [ -77.5261496, 38.945434500000019 ], [ -77.5260481, 38.945072699999962 ], [ -77.5257697, 38.944753800000029 ], [ -77.525882, 38.944298399999987 ], [ -77.5259821, 38.944248700000031 ], [ -77.525927, 38.9441829 ], [ -77.526167, 38.94405610000004 ], [ -77.52619390000001, 38.944087899999971 ], [ -77.526685400000019, 38.943829300000026 ], [ -77.5267035, 38.943854299999977 ], [ -77.5270831, 38.943655699999987 ], [ -77.5271943, 38.9436864 ], [ -77.5277348, 38.9443122 ], [ -77.5282605, 38.944023300000026 ], [ -77.5281452, 38.943886599999971 ], [ -77.5276986, 38.943401600000037 ], [ -77.5282927, 38.9430908 ], [ -77.5284375, 38.943082400000023 ], [ -77.5292844, 38.942623 ], [ -77.529324, 38.9426678 ], [ -77.5295258, 38.942560899999968 ], [ -77.5294467, 38.942468600000041 ], [ -77.5300147, 38.942152 ], [ -77.52983230000001, 38.9419444 ], [ -77.5297719, 38.941976799999978 ], [ -77.5295513, 38.9417207 ], [ -77.5295741, 38.941709199999977 ], [ -77.5295473, 38.941677899999981 ], [ -77.5295191, 38.941694100000014 ], [ -77.5289968, 38.941104699999968 ], [ -77.5290189, 38.941092699999984 ], [ -77.5289934, 38.941061399999924 ], [ -77.5289713, 38.9410719 ], [ -77.5279567, 38.939928600000016 ], [ -77.527462500000013, 38.940182599999957 ], [ -77.5271192, 38.940059 ], [ -77.5267792, 38.940245700000013 ], [ -77.5263079, 38.940814800000012 ], [ -77.5249366, 38.941555899999976 ] ] ] ] } },
{ "type": "Feature", "properties": { "id": "00714622340", "state": "Virginia", "state_abb": "VA", "state_id": "51", "county": "Loudoun County", "county_id": "107", "operator": null, "ref": null, "name": "Amazon Fadeley III", "sqft": 1654964.0, "lon": -77.521599155308294, "lat": 38.948332232852572, "type": "campus" }, "geometry": { "type": "MultiPolygon", "coordinates": [ [ [ [ -77.5235411, 38.949354799999945 ], [ -77.5238084, 38.949258 ], [ -77.5239688, 38.949149700000021 ], [ -77.5241591, 38.948953699999983 ], [ -77.5242437, 38.948834499999961 ], [ -77.5240921, 38.948564500000053 ], [ -77.5241538, 38.9485481 ], [ -77.524175, 38.948098600000016 ], [ -77.5241573, 38.947993 ], [ -77.5240375, 38.9475627 ], [ -77.5240252, 38.9474887 ], [ -77.5239688, 38.947328400000025 ], [ -77.5238102, 38.947006299999977 ], [ -77.5237186, 38.946825400000044 ], [ -77.523558200000011, 38.946610200000023 ], [ -77.5232868, 38.946704800000013 ], [ -77.523271, 38.9466596 ], [ -77.5232163, 38.94655819999997 ], [ -77.5232569, 38.9463224 ], [ -77.5231247, 38.94611 ], [ -77.5228586, 38.945966099999964 ], [ -77.5218419, 38.946395100000011 ], [ -77.5214806, 38.946525300000062 ], [ -77.5212621, 38.946592399999986 ], [ -77.5213097, 38.946692499999969 ], [ -77.521322, 38.946689699999958 ], [ -77.5213696, 38.946780200000028 ], [ -77.5208445, 38.9469583 ], [ -77.520814500000014, 38.9468994 ], [ -77.5207158, 38.94693369999996 ], [ -77.5206788, 38.9468693 ], [ -77.5195881, 38.9472338 ], [ -77.519492900000017, 38.947366700000025 ], [ -77.5192148, 38.9480994 ], [ -77.5191334, 38.948138299999982 ], [ -77.519078, 38.948176600000025 ], [ -77.5190002, 38.948243400000031 ], [ -77.5188462, 38.94854260000001 ], [ -77.5188543, 38.9486954 ], [ -77.519820100000018, 38.950418900000059 ], [ -77.5198066, 38.950472800000036 ], [ -77.5201459, 38.95057909999997 ], [ -77.5233769, 38.949484900000023 ], [ -77.5235411, 38.949354799999945 ] ] ] ] } },
{ "type": "Feature", "properties": { "id": "00714776107", "state": "Texas", "state_abb": "TX", "state_id": "48", "county": "Harris County", "county_id": "201", "operator": "Skybox", "ref": null, "name": "Skybox Houston One", "sqft": 344540.0, "lon": -95.755450330774607, "lat": 29.80286842346413, "type": "campus" }, "geometry": { "type": "MultiPolygon", "coordinates": [ [ [ [ -95.7545074, 29.802825 ], [ -95.7545163, 29.803589400000032 ], [ -95.7565502, 29.8035715 ], [ -95.7565341, 29.802196600000016 ], [ -95.754127, 29.802217800000012 ], [ -95.754146, 29.802295899999962 ], [ -95.7542852, 29.8028717 ], [ -95.7545074, 29.802825 ] ] ] ] } },
{ "type": "Feature", "properties": { "id": "00714889192", "state": "Alabama", "state_abb": "AL", "state_id": "01", "county": "Jackson County", "county_id": "071", "operator": "Google LLC", "ref": null, "name": "Google Jackson County Data Center", "sqft": 7582142.0, "lon": -85.748260823986612, "lat": 34.914333709146234, "type": "campus" }, "geometry": { "type": "MultiPolygon", "coordinates": [ [ [ [ -85.7527328, 34.9162968 ], [ -85.7526791, 34.909504899999973 ], [ -85.7514989, 34.909021 ], [ -85.7499848, 34.909571 ], [ -85.7470787, 34.9106266 ], [ -85.7466817, 34.910032800000053 ], [ -85.7447344, 34.91078940000002 ], [ -85.7446861, 34.91547869999998 ], [ -85.7440102, 34.91552260000001 ], [ -85.7440209, 34.920246799999987 ], [ -85.7457805, 34.9203084 ], [ -85.7482481, 34.9181531 ], [ -85.7492995, 34.918056300000025 ], [ -85.7506514, 34.916596 ], [ -85.7527328, 34.9162968 ] ] ] ] } },
{ "type": "Feature", "properties": { "id": "00714941629", "state": "Nebraska", "state_abb": "NE", "state_id": "31", "county": "Sarpy County", "county_id": "153", "operator": "Meta", "ref": null, "name": "Sarpy Meta Data Center", "sqft": 5922319.0, "lon": -96.143721468572821, "lat": 41.121753730397295, "type": "campus" }, "geometry": { "type": "MultiPolygon", "coordinates": [ [ [ [ -96.1416486, 41.125407299999985 ], [ -96.1434267, 41.1254004 ], [ -96.1479839, 41.125382699999989 ], [ -96.1478468, 41.1183144 ], [ -96.1392619, 41.118299 ], [ -96.1393664, 41.123667800000014 ], [ -96.1393699, 41.123825 ], [ -96.1393519, 41.124475299999979 ], [ -96.1397918, 41.12447130000001 ], [ -96.1413521, 41.12445109999998 ], [ -96.1413782, 41.125209699999978 ], [ -96.1416486, 41.125407299999985 ] ] ] ] } },
{ "type": "Feature", "properties": { "id": "00715098032", "state": "North Carolina", "state_abb": "NC", "state_id": "37", "county": "Cleveland County", "county_id": "045", "operator": null, "ref": null, "name": "T5 Charlotte Campus", "sqft": 379990.0, "lon": -81.395009430791404, "lat": 35.250449903962853, "type": "campus" }, "geometry": { "type": "MultiPolygon", "coordinates": [ [ [ [ -81.394988, 35.251559600000022 ], [ -81.3964391, 35.250779800000018 ], [ -81.3952643, 35.249290300000034 ], [ -81.3937891, 35.2500438 ], [ -81.3936389, 35.250262899999981 ], [ -81.393722, 35.250492899999962 ], [ -81.3941807, 35.250966 ], [ -81.3944435, 35.251125900000019 ], [ -81.394988, 35.251559600000022 ] ] ] ] } },
{ "type": "Feature", "properties": { "id": "00723117951", "state": "Ohio", "state_abb": "OH", "state_id": "39", "county": "Franklin County", "county_id": "049", "operator": null, "ref": "NAL01", "name": "STACK New Albany", "sqft": 563283.0, "lon": -82.800747759474305, "lat": 40.106353701609386, "type": "campus" }, "geometry": { "type": "MultiPolygon", "coordinates": [ [ [ [ -82.8022727, 40.105203 ], [ -82.8021581, 40.105196500000055 ], [ -82.8017227, 40.105444100000049 ], [ -82.799519, 40.105342600000014 ], [ -82.7993922, 40.105436 ], [ -82.7992519, 40.107178599999983 ], [ -82.7993887, 40.107283199999955 ], [ -82.8020445, 40.107404700000018 ], [ -82.8021176, 40.106364600000013 ], [ -82.8022727, 40.105203 ] ] ] ] } },
{ "type": "Feature", "properties": { "id": "00795853621", "state": "Nebraska", "state_abb": "NE", "state_id": "31", "county": "Sarpy County", "county_id": "153", "operator": "Meta", "ref": null, "name": "Sarpy Meta Data Center", "sqft": 6242843.0, "lon": -96.133643724256856, "lat": 41.121947221866158, "type": "campus" }, "geometry": { "type": "MultiPolygon", "coordinates": [ [ [ [ -96.1370918, 41.1253962 ], [ -96.1370956, 41.1250108 ], [ -96.138311700000017, 41.125013400000043 ], [ -96.1383413, 41.1238496 ], [ -96.1383494, 41.123647499999983 ], [ -96.138461, 41.11890410000003 ], [ -96.1384515, 41.1182879 ], [ -96.1373531, 41.118305499999984 ], [ -96.1369891, 41.11830360000004 ], [ -96.1369794, 41.119404299999964 ], [ -96.13421, 41.1193904 ], [ -96.134223600000013, 41.118289200000042 ], [ -96.1291379, 41.118262800000018 ], [ -96.1291395, 41.119638099999989 ], [ -96.1291459, 41.125381500000053 ], [ -96.1370918, 41.1253962 ] ] ] ] } },
{ "type": "Feature", "properties": { "id": "00813688320", "state": "Washington", "state_abb": "WA", "state_id": "53", "county": "Douglas County", "county_id": "017", "operator": "Actapio", "ref": null, "name": "Actapio", "sqft": 362519.0, "lon": -120.21413428085418, "lat": 47.407417055353164, "type": "campus" }, "geometry": { "type": "MultiPolygon", "coordinates": [ [ [ [ -120.215712400000015, 47.4077714 ], [ -120.2135816, 47.4063017 ], [ -120.213444800000019, 47.40623769999997 ], [ -120.2133011, 47.406185399999963 ], [ -120.2131222, 47.406159299999949 ], [ -120.2129785, 47.406166499999983 ], [ -120.2123088, 47.406617300000015 ], [ -120.212326300000015, 47.4068024 ], [ -120.213890100000015, 47.407879700000052 ], [ -120.2139217, 47.4080269 ], [ -120.21514879999998, 47.408857400000038 ], [ -120.215601100000015, 47.408556 ], [ -120.215529100000012, 47.408507300000053 ], [ -120.2155065, 47.4084919 ], [ -120.2154644, 47.408518 ], [ -120.21542860000001, 47.408491299999973 ], [ -120.2153627, 47.408442100000052 ], [ -120.2157022, 47.408212400000032 ], [ -120.215712400000015, 47.4077714 ] ] ] ] } },
{ "type": "Feature", "properties": { "id": "00819981908", "state": "Tennessee", "state_abb": "TN", "state_id": "47", "county": "Williamson County", "county_id": "187", "operator": null, "ref": null, "name": "TierPoint", "sqft": 285740.0, "lon": -86.855687272574926, "lat": 35.924509683085439, "type": "campus" }, "geometry": { "type": "MultiPolygon", "coordinates": [ [ [ [ -86.8570295, 35.92415959999996 ], [ -86.8545692, 35.923813800000026 ], [ -86.854345, 35.9248598 ], [ -86.8568055, 35.925205499999961 ], [ -86.8570295, 35.92415959999996 ] ] ] ] } },
{ "type": "Feature", "properties": { "id": "00826001605", "state": "Tennessee", "state_abb": "TN", "state_id": "47", "county": "Williamson County", "county_id": "187", "operator": null, "ref": null, "name": null, "sqft": 1834566.0, "lon": -86.791532174987793, "lat": 36.02321854497319, "type": "campus" }, "geometry": { "type": "MultiPolygon", "coordinates": [ [ [ [ -86.7892456, 36.021379399999987 ], [ -86.7883609, 36.023817799999982 ], [ -86.7928822, 36.025599 ], [ -86.7948783, 36.022008100000043 ], [ -86.7892456, 36.021379399999987 ] ] ] ] } },
{ "type": "Feature", "properties": { "id": "00827888890", "state": "Arizona", "state_abb": "AZ", "state_id": "04", "county": "Maricopa County", "county_id": "013", "operator": null, "ref": null, "name": "EdgeCore Digital", "sqft": 1602504.0, "lon": -111.62196431898784, "lat": 33.344297818812798, "type": "campus" }, "geometry": { "type": "MultiPolygon", "coordinates": [ [ [ [ -111.6185376, 33.34560110000001 ], [ -111.6226783, 33.345628300000023 ], [ -111.622756600000017, 33.3454608 ], [ -111.622869100000017, 33.3453271 ], [ -111.6229939, 33.345197600000027 ], [ -111.6231762, 33.345075900000012 ], [ -111.6234033, 33.344971499999986 ], [ -111.626107, 33.344171 ], [ -111.6263139, 33.344058499999946 ], [ -111.6264762, 33.343932300000034 ], [ -111.6266014, 33.343754500000038 ], [ -111.6266724, 33.3435912 ], [ -111.6266917, 33.343405300000015 ], [ -111.6266503, 33.3432397 ], [ -111.621851600000014, 33.343197300000028 ], [ -111.6218482, 33.3441391 ], [ -111.620549, 33.3441358 ], [ -111.6205525, 33.343193900000045 ], [ -111.6184612, 33.343166 ], [ -111.6185376, 33.34560110000001 ] ] ] ] } },
{ "type": "Feature", "properties": { "id": "00830885779", "state": "Iowa", "state_abb": "IA", "state_id": "19", "county": "Madison County", "county_id": "121", "operator": "Microsoft", "ref": null, "name": "Project Osmium", "sqft": 3691114.0, "lon": -93.788564940922114, "lat": 41.498212694588403, "type": "campus" }, "geometry": { "type": "MultiPolygon", "coordinates": [ [ [ [ -93.7949886, 41.499952399999977 ], [ -93.7950213, 41.499189899999962 ], [ -93.7950278, 41.497493700000014 ], [ -93.7948777, 41.4973812 ], [ -93.790642, 41.497694099999968 ], [ -93.7905049, 41.497635399999979 ], [ -93.7904593, 41.496364499999977 ], [ -93.7837827, 41.4962863 ], [ -93.7835738, 41.496476900000033 ], [ -93.7820727, 41.4965062 ], [ -93.781903, 41.496579600000025 ], [ -93.7823077, 41.497620799999986 ], [ -93.7838349, 41.498877 ], [ -93.7846115, 41.499473399999985 ], [ -93.7850162, 41.49964930000003 ], [ -93.7862562, 41.499888900000066 ], [ -93.7884034, 41.499972 ], [ -93.7903744, 41.499947499999976 ], [ -93.7949886, 41.499952399999977 ] ] ] ] } },
{ "type": "Feature", "properties": { "id": "00830885779", "state": "Iowa", "state_abb": "IA", "state_id": "19", "county": "Warren County", "county_id": "181", "operator": "Microsoft", "ref": null, "name": "Project Osmium", "sqft": 3691114.0, "lon": -93.788564940922114, "lat": 41.498212694588403, "type": "campus" }, "geometry": { "type": "MultiPolygon", "coordinates": [ [ [ [ -93.7949886, 41.499952399999977 ], [ -93.7950213, 41.499189899999962 ], [ -93.7950278, 41.497493700000014 ], [ -93.7948777, 41.4973812 ], [ -93.790642, 41.497694099999968 ], [ -93.7905049, 41.497635399999979 ], [ -93.7904593, 41.496364499999977 ], [ -93.7837827, 41.4962863 ], [ -93.7835738, 41.496476900000033 ], [ -93.7820727, 41.4965062 ], [ -93.781903, 41.496579600000025 ], [ -93.7823077, 41.497620799999986 ], [ -93.7838349, 41.498877 ], [ -93.7846115, 41.499473399999985 ], [ -93.7850162, 41.49964930000003 ], [ -93.7862562, 41.499888900000066 ], [ -93.7884034, 41.499972 ], [ -93.7903744, 41.499947499999976 ], [ -93.7949886, 41.499952399999977 ] ] ] ] } },
{ "type": "Feature", "properties": { "id": "00836908998", "state": "Alabama", "state_abb": "AL", "state_id": "01", "county": "Jefferson County", "county_id": "073", "operator": null, "ref": null, "name": "Sungard Systems International", "sqft": 665569.0, "lon": -86.911457190834867, "lat": 33.404715624191837, "type": "campus" }, "geometry": { "type": "MultiPolygon", "coordinates": [ [ [ [ -86.9110179, 33.406304699999964 ], [ -86.9133622, 33.404679100000038 ], [ -86.9119607, 33.403258299999969 ], [ -86.9117126, 33.403247100000016 ], [ -86.9107792, 33.403884200000029 ], [ -86.9106263, 33.403723 ], [ -86.9102293, 33.40399170000002 ], [ -86.9103983, 33.404155099999933 ], [ -86.9101623, 33.404329799999978 ], [ -86.909768, 33.405037299999989 ], [ -86.9110179, 33.406304699999964 ] ] ] ] } },
{ "type": "Feature", "properties": { "id": "00840582927", "state": "Virginia", "state_abb": "VA", "state_id": "51", "county": "Frederick County", "county_id": "069", "operator": null, "ref": null, "name": "Middletown Data Center", "sqft": 273198.0, "lon": -78.290959511941153, "lat": 39.017644447296405, "type": "campus" }, "geometry": { "type": "MultiPolygon", "coordinates": [ [ [ [ -78.2895894, 39.017467099999983 ], [ -78.2901714, 39.0181029 ], [ -78.2906328, 39.018619800000025 ], [ -78.2922954, 39.0177113 ], [ -78.2916341, 39.0169808 ], [ -78.2914128, 39.0167363 ], [ -78.2895894, 39.017467099999983 ] ] ] ] } },
{ "type": "Feature", "properties": { "id": "00844359205", "state": "Nevada", "state_abb": "NV", "state_id": "32", "county": "Clark County", "county_id": "003", "operator": null, "ref": null, "name": "Google Data Center", "sqft": 2037873.0, "lon": -115.00905166700049, "lat": 36.057797227784583, "type": "campus" }, "geometry": { "type": "MultiPolygon", "coordinates": [ [ [ [ -115.011234099999982, 36.060122399999955 ], [ -115.0111339, 36.056558599999974 ], [ -115.0111078, 36.056453299999966 ], [ -115.0110262, 36.056259800000021 ], [ -115.0108135, 36.055997799999972 ], [ -115.010746, 36.055918800000043 ], [ -115.0099101, 36.0556378 ], [ -115.009784, 36.055594700000043 ], [ -115.0097911, 36.055583200000022 ], [ -115.0096669, 36.055541599999984 ], [ -115.0096611, 36.0555545 ], [ -115.008848200000017, 36.055281 ], [ -115.0084337, 36.055141499999955 ], [ -115.0081844, 36.055057699999985 ], [ -115.008051, 36.0550567 ], [ -115.0076187, 36.055053400000013 ], [ -115.0074479, 36.055192 ], [ -115.00744880000002, 36.055855099999967 ], [ -115.006731299999984, 36.055855599999965 ], [ -115.006734, 36.05555159999998 ], [ -115.0066239, 36.055552099999986 ], [ -115.0066237, 36.0555442 ], [ -115.0065643, 36.0555438 ], [ -115.0065637, 36.0562903 ], [ -115.0072434, 36.056294199999975 ], [ -115.007264300000017, 36.0578848 ], [ -115.007008, 36.057882599999978 ], [ -115.0070456, 36.060031200000012 ], [ -115.0071187, 36.060098599999954 ], [ -115.011234099999982, 36.060122399999955 ] ] ] ] } },
{ "type": "Feature", "properties": { "id": "00876120402", "state": "Virginia", "state_abb": "VA", "state_id": "51", "county": "Harrisonburg city", "county_id": "660", "operator": null, "ref": null, "name": "DBT Data - Harrisonburg Center", "sqft": 505755.0, "lon": -78.856796965179299, "lat": 38.462544770418567, "type": "campus" }, "geometry": { "type": "MultiPolygon", "coordinates": [ [ [ [ -78.8565822, 38.463914800000055 ], [ -78.8569665, 38.464056700000057 ], [ -78.8572927, 38.463696199999951 ], [ -78.8582969, 38.462586600000016 ], [ -78.857706, 38.4618713 ], [ -78.8571267, 38.461148799999975 ], [ -78.8551526, 38.462106500000019 ], [ -78.8564715, 38.463774699999966 ], [ -78.8565822, 38.463914800000055 ] ] ] ] } },
{ "type": "Feature", "properties": { "id": "00883809862", "state": "North Carolina", "state_abb": "NC", "state_id": "37", "county": "Rutherford County", "county_id": "161", "operator": "Meta", "ref": null, "name": "Facebook Forest City Data Center", "sqft": 4849510.0, "lon": -81.82474729583835, "lat": 35.315698382784056, "type": "campus" }, "geometry": { "type": "MultiPolygon", "coordinates": [ [ [ [ -81.8264629, 35.318624599999985 ], [ -81.8268062, 35.3184737 ], [ -81.8290378, 35.3170906 ], [ -81.8293168, 35.316836699999989 ], [ -81.8286409, 35.314901899999967 ], [ -81.8280508, 35.3132823 ], [ -81.8277718, 35.312406799999977 ], [ -81.8276889, 35.31229849999994 ], [ -81.8270517, 35.31249 ], [ -81.8263114, 35.312542599999951 ], [ -81.825378, 35.312568800000015 ], [ -81.8246377, 35.3134618 ], [ -81.8232215, 35.3126038 ], [ -81.8228138, 35.312367499999972 ], [ -81.8222666, 35.3126476 ], [ -81.8212688, 35.3137026 ], [ -81.8207551, 35.313591100000032 ], [ -81.8205593, 35.313796 ], [ -81.820941600000012, 35.314131499999988 ], [ -81.8209523, 35.314346 ], [ -81.820212, 35.315024499999964 ], [ -81.81952, 35.3152478 ], [ -81.8193001, 35.3156067 ], [ -81.819292, 35.3158299 ], [ -81.8195039, 35.3159481 ], [ -81.8197641, 35.315967799999946 ], [ -81.8206009, 35.315744599999981 ], [ -81.8208236, 35.315764300000012 ], [ -81.8209818, 35.315893399999972 ], [ -81.8210784, 35.3160357 ], [ -81.8211347, 35.3163705 ], [ -81.8209692, 35.31673679999998 ], [ -81.8210971, 35.317092800000033 ], [ -81.8213868, 35.317143099999967 ], [ -81.8219796, 35.317042399999977 ], [ -81.8220922, 35.317064299999963 ], [ -81.8222263, 35.317206599999942 ], [ -81.8222693, 35.3179222 ], [ -81.8224812, 35.3180142 ], [ -81.822325600000013, 35.31873640000002 ], [ -81.8223001, 35.319231 ], [ -81.8231879, 35.319351300000015 ], [ -81.8233797, 35.319274799999974 ], [ -81.8253551, 35.318974899999958 ], [ -81.8264629, 35.318624599999985 ] ] ] ] } },
{ "type": "Feature", "properties": { "id": "00897226573", "state": "Virginia", "state_abb": "VA", "state_id": "51", "county": "Loudoun County", "county_id": "107", "operator": null, "ref": null, "name": "Arcola Tech Park", "sqft": 1735467.0, "lon": -77.555356159352442, "lat": 38.949282099407348, "type": "campus" }, "geometry": { "type": "MultiPolygon", "coordinates": [ [ [ [ -77.5562292, 38.952469500000042 ], [ -77.5562601, 38.952157600000014 ], [ -77.5562856, 38.952006400000023 ], [ -77.5563298, 38.9514828 ], [ -77.5563526, 38.95130029999995 ], [ -77.5563996, 38.950539 ], [ -77.5565578, 38.950152 ], [ -77.5567295, 38.9480546 ], [ -77.5569266, 38.946879099999968 ], [ -77.5569521, 38.9464431 ], [ -77.5570862, 38.946126 ], [ -77.5582422, 38.9462303 ], [ -77.5582382, 38.946276199999978 ], [ -77.558253, 38.946278300000046 ], [ -77.5582689, 38.9461589 ], [ -77.5582796, 38.9460832 ], [ -77.5582865, 38.946009199999978 ], [ -77.558021, 38.9459571 ], [ -77.5580062, 38.9457349 ], [ -77.5577527, 38.945721299999974 ], [ -77.5577112, 38.9458319 ], [ -77.5573822, 38.9458648 ], [ -77.5569306, 38.9458403 ], [ -77.5564881, 38.9459466 ], [ -77.5562722, 38.945968499999985 ], [ -77.5561018, 38.9459957 ], [ -77.5559556, 38.9460343 ], [ -77.5557692, 38.946087499999976 ], [ -77.5556687, 38.946124 ], [ -77.5556003, 38.9461573 ], [ -77.5555614, 38.94608850000003 ], [ -77.5553565, 38.946144400000016 ], [ -77.5553012, 38.9461646 ], [ -77.555236800000017, 38.946276199999978 ], [ -77.5551014, 38.9467602 ], [ -77.5550732, 38.9467571 ], [ -77.5550625, 38.946800900000021 ], [ -77.5550866, 38.94680510000002 ], [ -77.5550491, 38.946894800000017 ], [ -77.554982, 38.947048099999975 ], [ -77.55486, 38.947289 ], [ -77.5547554, 38.947459 ], [ -77.5545877, 38.947696800000024 ], [ -77.5543222, 38.948014900000054 ], [ -77.554168, 38.9481703 ], [ -77.5537629, 38.9485312 ], [ -77.5537267, 38.9485479 ], [ -77.5536422, 38.948609399999981 ], [ -77.5535698, 38.94868139999997 ], [ -77.553502800000018, 38.948795099999984 ], [ -77.5533593, 38.9491007 ], [ -77.5533807, 38.949437600000024 ], [ -77.5534022, 38.949556500000057 ], [ -77.5533874, 38.9497672 ], [ -77.5529663, 38.950010200000023 ], [ -77.5532077, 38.95044089999994 ], [ -77.5536248, 38.951150100000028 ], [ -77.5547031, 38.951327399999961 ], [ -77.5545904, 38.952501799999986 ], [ -77.5547151, 38.9525956 ], [ -77.554982, 38.952667600000019 ], [ -77.5551362, 38.952685299999985 ], [ -77.5561974, 38.952814899999979 ], [ -77.5562212, 38.952468399999987 ], [ -77.5562292, 38.952469500000042 ] ] ] ] } },
{ "type": "Feature", "properties": { "id": "00923167491", "state": "North Carolina", "state_abb": "NC", "state_id": "37", "county": "Union County", "county_id": "179", "operator": null, "ref": null, "name": null, "sqft": 608141.0, "lon": -80.570174642452344, "lat": 35.179383199219835, "type": "campus" }, "geometry": { "type": "MultiPolygon", "coordinates": [ [ [ [ -80.5705416, 35.181061600000028 ], [ -80.5718413, 35.179987300000043 ], [ -80.5714113, 35.179524 ], [ -80.5714846, 35.179388199999977 ], [ -80.5712745, 35.178920899999966 ], [ -80.5702826, 35.178038300000082 ], [ -80.5696718, 35.1779145 ], [ -80.5691197, 35.178413699999986 ], [ -80.5685236, 35.179488 ], [ -80.5689536, 35.18005520000002 ], [ -80.5694373, 35.179983299999989 ], [ -80.5697842, 35.1802269 ], [ -80.5702643, 35.1803537 ], [ -80.5705416, 35.181061600000028 ] ] ] ] } },
{ "type": "Feature", "properties": { "id": "00931729011", "state": "Texas", "state_abb": "TX", "state_id": "48", "county": "Collin County", "county_id": "085", "operator": null, "ref": null, "name": null, "sqft": 605006.0, "lon": -96.676103554460383, "lat": 33.008952620214032, "type": "campus" }, "geometry": { "type": "MultiPolygon", "coordinates": [ [ [ [ -96.677915900000016, 33.0094753 ], [ -96.6779296, 33.008220700000017 ], [ -96.6742947, 33.008192799999989 ], [ -96.6742942, 33.0082383 ], [ -96.674278300000012, 33.0095317 ], [ -96.6742784, 33.009684400000062 ], [ -96.6744935, 33.009686099999968 ], [ -96.6752455, 33.009691900000021 ], [ -96.6773558, 33.009708 ], [ -96.6779133, 33.009712300000047 ], [ -96.677915900000016, 33.0094753 ] ] ] ] } },
{ "type": "Feature", "properties": { "id": "00943987942", "state": "Washington", "state_abb": "WA", "state_id": "53", "county": "Thurston County", "county_id": "067", "operator": null, "ref": null, "name": "Wave Broadband Tahoma Terra Facility", "sqft": 9139.0, "lon": -122.62504386293934, "lat": 46.941424470575157, "type": "campus" }, "geometry": { "type": "MultiPolygon", "coordinates": [ [ [ [ -122.62514059999998, 46.941639299999956 ], [ -122.625198400000016, 46.941240900000039 ], [ -122.62491660000002, 46.941229 ], [ -122.624914600000011, 46.9416167 ], [ -122.62514059999998, 46.941639299999956 ] ] ] ] } },
{ "type": "Feature", "properties": { "id": "00958153769", "state": "Georgia", "state_abb": "GA", "state_id": "13", "county": "Muscogee County", "county_id": "215", "operator": "DLI ONE", "ref": null, "name": "DLI ONE", "sqft": 420795.0, "lon": -84.88357121180205, "lat": 32.4980963034713, "type": "campus" }, "geometry": { "type": "MultiPolygon", "coordinates": [ [ [ [ -84.8832173, 32.497078700000024 ], [ -84.8832481, 32.4971566 ], [ -84.883225, 32.497276600000035 ], [ -84.8831173, 32.4972604 ], [ -84.8826058, 32.4970268 ], [ -84.8825019, 32.497010599999982 ], [ -84.8821648, 32.497608 ], [ -84.8825714, 32.498099699999976 ], [ -84.8826974, 32.4983121 ], [ -84.8828269, 32.498643 ], [ -84.8829241, 32.498822 ], [ -84.8830356, 32.498907 ], [ -84.8835574, 32.499116399999956 ], [ -84.8837218, 32.49919639999996 ], [ -84.8839317, 32.4992985 ], [ -84.883982, 32.4993987 ], [ -84.8841058, 32.499222899999978 ], [ -84.8848981, 32.498107 ], [ -84.8850558, 32.497931899999983 ], [ -84.8850827, 32.497811899999988 ], [ -84.8850788, 32.497763200000044 ], [ -84.8848519, 32.497714499999979 ], [ -84.8844096, 32.4976237 ], [ -84.8841827, 32.497526400000034 ], [ -84.8834844, 32.497202600000016 ], [ -84.8834624, 32.4971924 ], [ -84.8833934, 32.4971604 ], [ -84.8832173, 32.497078700000024 ] ] ] ] } },
{ "type": "Feature", "properties": { "id": "00998245264", "state": "Illinois", "state_abb": "IL", "state_id": "17", "county": "Cook County", "county_id": "031", "operator": null, "ref": null, "name": "Microsoft Data Center - Hoffman Estates", "sqft": 2105271.0, "lon": -88.133890764203485, "lat": 42.076951984046111, "type": "campus" }, "geometry": { "type": "MultiPolygon", "coordinates": [ [ [ [ -88.1361183, 42.074585 ], [ -88.1328708, 42.074629499999986 ], [ -88.1315619, 42.0746454 ], [ -88.1316607, 42.079298700000031 ], [ -88.1362082, 42.079280899999986 ], [ -88.1361183, 42.074585 ] ] ] ] } },
{ "type": "Feature", "properties": { "id": "01019770124", "state": "Illinois", "state_abb": "IL", "state_id": "17", "county": "DeKalb County", "county_id": "037", "operator": "Meta Platforms", "ref": null, "name": "DeKalb Meta Data Center", "sqft": 12793294.0, "lon": -88.728568980569776, "lat": 41.889040347505414, "type": "campus" }, "geometry": { "type": "MultiPolygon", "coordinates": [ [ [ [ -88.7388518, 41.8857091 ], [ -88.7193793, 41.88558160000003 ], [ -88.7194008, 41.8926979 ], [ -88.7218845, 41.89269 ], [ -88.7232363, 41.892682 ], [ -88.7234536, 41.892662 ], [ -88.7236467, 41.892608100000011 ], [ -88.7237325, 41.892520200000078 ], [ -88.7241536, 41.892526199999963 ], [ -88.7243146, 41.892630100000034 ], [ -88.724902, 41.892626099999973 ], [ -88.7263691, 41.8926959 ], [ -88.7289038, 41.892715900000034 ], [ -88.7317684, 41.8927059 ], [ -88.73618, 41.892678 ], [ -88.7361482, 41.889740699999969 ], [ -88.7387675, 41.889749799999976 ], [ -88.7388518, 41.8857091 ] ] ] ] } },
{ "type": "Feature", "properties": { "id": "01020953454", "state": "Virginia", "state_abb": "VA", "state_id": "51", "county": "Loudoun County", "county_id": "107", "operator": null, "ref": null, "name": "Digital Loudoun Plaza", "sqft": 686547.0, "lon": -77.484979523101913, "lat": 39.0046791526227, "type": "campus" }, "geometry": { "type": "MultiPolygon", "coordinates": [ [ [ [ -77.4858581, 39.003948699999967 ], [ -77.485726, 39.003906 ], [ -77.4856952, 39.003894 ], [ -77.4856684, 39.003938799999979 ], [ -77.4856053, 39.0039143 ], [ -77.4854612, 39.003859099999971 ], [ -77.4854424, 39.003839800000023 ], [ -77.485396800000018, 39.0038117 ], [ -77.4849348, 39.003650100000023 ], [ -77.4846552, 39.003555799999965 ], [ -77.4845398, 39.003528200000041 ], [ -77.4844164, 39.003505299999965 ], [ -77.4843366, 39.0034969 ], [ -77.484222, 39.003505299999944 ], [ -77.484116, 39.003510499999976 ], [ -77.484051, 39.003474 ], [ -77.4838666, 39.003497500000023 ], [ -77.483766, 39.003512600000015 ], [ -77.4836279, 39.003543300000047 ], [ -77.4835414, 39.00356879999994 ], [ -77.4834455, 39.0036001 ], [ -77.4833261, 39.003645399999954 ], [ -77.48323760000001, 39.003683500000044 ], [ -77.4831732, 39.003721 ], [ -77.4831028, 39.003775200000014 ], [ -77.4830646, 39.003816899999968 ], [ -77.4830385, 39.003881 ], [ -77.4830277, 39.003918 ], [ -77.4830163, 39.004054 ], [ -77.483025, 39.004226500000016 ], [ -77.4833449, 39.004595399999957 ], [ -77.4835622, 39.004854400000035 ], [ -77.4836493, 39.004953900000025 ], [ -77.4837935, 39.005119100000023 ], [ -77.4840175, 39.005358300000012 ], [ -77.4844245, 39.005802700000039 ], [ -77.4846022, 39.005992400000039 ], [ -77.4846612, 39.0060471 ], [ -77.4847128, 39.0060898 ], [ -77.4847785, 39.006131 ], [ -77.4848416, 39.00616440000001 ], [ -77.4849482, 39.0062045 ], [ -77.4850012, 39.00621229999998 ], [ -77.4850293, 39.0062097 ], [ -77.4850528, 39.006200300000032 ], [ -77.4851567, 39.006154500000029 ], [ -77.4852224, 39.006109099999975 ], [ -77.4860311, 39.0055312 ], [ -77.4870551, 39.004800699999961 ], [ -77.4871483, 39.0047298 ], [ -77.4871805, 39.004699100000011 ], [ -77.48721, 39.004652199999974 ], [ -77.4872321, 39.004615200000018 ], [ -77.4872368, 39.004581300000041 ], [ -77.4872341, 39.004546900000037 ], [ -77.4872193, 39.004517699999965 ], [ -77.4871932, 39.004491199999983 ], [ -77.4871342, 39.004440599999981 ], [ -77.4870121, 39.0043656 ], [ -77.4869109, 39.004314 ], [ -77.4867922, 39.0042619 ], [ -77.4866796, 39.004221799999989 ], [ -77.4862866, 39.0040852 ], [ -77.485901, 39.003950299999985 ], [ -77.4858581, 39.003948699999967 ] ] ] ] } },
{ "type": "Feature", "properties": { "id": "01020953461", "state": "Virginia", "state_abb": "VA", "state_id": "51", "county": "Loudoun County", "county_id": "107", "operator": null, "ref": null, "name": "Digital Loudoun Plaza", "sqft": 2859895.0, "lon": -77.481595494670174, "lat": 39.001698001477408, "type": "campus" }, "geometry": { "type": "MultiPolygon", "coordinates": [ [ [ [ -77.48691220000002, 39.0024574 ], [ -77.4868029, 39.002465199999989 ], [ -77.4867734, 39.0024652 ], [ -77.4867486, 39.0024558 ], [ -77.4865528, 39.002383900000012 ], [ -77.4865247, 39.002382800000021 ], [ -77.4864998, 39.002381300000025 ], [ -77.4864683, 39.002372399999985 ], [ -77.4864227, 39.0023458 ], [ -77.4863993, 39.002333900000046 ], [ -77.4863698, 39.002330699999959 ], [ -77.4861827, 39.002263 ], [ -77.485834, 39.002136899999954 ], [ -77.4857911, 39.002116600000036 ], [ -77.4857663, 39.002087899999964 ], [ -77.4857415, 39.002045199999976 ], [ -77.4857166, 39.00201650000006 ], [ -77.4856959, 39.001998299999954 ], [ -77.4856677, 39.001981100000023 ], [ -77.4848449, 39.001703299999981 ], [ -77.4843333, 39.001523500000012 ], [ -77.4840034, 39.001400600000053 ], [ -77.4836835, 39.0012656 ], [ -77.4834757, 39.00116290000004 ], [ -77.48323760000001, 39.001036300000031 ], [ -77.4831571, 39.000992500000024 ], [ -77.4828064, 39.0007898 ], [ -77.4827374, 39.000753899999957 ], [ -77.4824598, 39.000616800000024 ], [ -77.4821466, 39.000463600000032 ], [ -77.4820615, 39.000415100000012 ], [ -77.4816692, 39.0001791 ], [ -77.4815297, 39.000088400000038 ], [ -77.481454600000021, 39.000042 ], [ -77.4814077, 39.000018600000018 ], [ -77.4811146, 38.9998815 ], [ -77.4809524, 38.9998117 ], [ -77.4808652, 38.999778899999981 ], [ -77.4806962, 38.9997205 ], [ -77.480599, 38.99966890000001 ], [ -77.4804092, 38.999626700000015 ], [ -77.4802409, 38.999585 ], [ -77.4798708, 38.9994948 ], [ -77.4797977, 38.999482900000011 ], [ -77.479677, 38.999465100000023 ], [ -77.479571, 38.9994479 ], [ -77.4793645, 38.99939220000001 ], [ -77.4791023, 38.999317699999963 ], [ -77.4790775, 38.9993197 ], [ -77.4790252, 38.999331199999979 ], [ -77.4788723, 38.999379199999964 ], [ -77.4787972, 38.999396900000015 ], [ -77.4786718, 38.999416699999976 ], [ -77.4784378, 38.999436 ], [ -77.4783352, 38.999434899999983 ], [ -77.4782259, 38.999428700000024 ], [ -77.4781454, 38.999419299999985 ], [ -77.4780355, 38.9993979 ], [ -77.4779785, 38.9993838 ], [ -77.4778752, 38.9993531 ], [ -77.4778008, 38.999325 ], [ -77.4777102, 38.999279599999987 ], [ -77.4776305, 38.999233800000013 ], [ -77.4775741, 38.9991931 ], [ -77.4775091, 38.999143100000019 ], [ -77.4774045, 38.999053500000016 ], [ -77.4773669, 38.9990691 ], [ -77.4773401, 38.999089400000017 ], [ -77.4771624, 38.9992885 ], [ -77.4769291, 38.9995709 ], [ -77.4767567, 38.999801800000043 ], [ -77.4766307, 38.999983700000037 ], [ -77.47649250000002, 39.0001921 ], [ -77.47641, 39.000329200000017 ], [ -77.4763115, 39.000498 ], [ -77.4761633, 39.000773100000039 ], [ -77.476121, 39.000857599999968 ], [ -77.4761056, 39.000918 ], [ -77.4760949, 39.0009831 ], [ -77.4760915, 39.0010488 ], [ -77.4760956, 39.001098799999966 ], [ -77.476104300000017, 39.001119199999984 ], [ -77.4761351, 39.001159800000053 ], [ -77.4761727, 39.001199900000032 ], [ -77.4762082, 39.001228600000033 ], [ -77.4765193, 39.0013896 ], [ -77.4777605, 39.0019071 ], [ -77.4779329, 39.001979 ], [ -77.4779644, 39.001929 ], [ -77.4783231, 39.002068599999987 ], [ -77.4783748, 39.002089499999961 ], [ -77.4783868, 39.0020655 ], [ -77.4784116, 39.001960199999978 ], [ -77.4784981, 39.001965400000032 ], [ -77.4785686, 39.0019706 ], [ -77.4785618, 39.002020700000038 ], [ -77.4785491, 39.002060300000025 ], [ -77.4785277, 39.002115499999988 ], [ -77.4785069, 39.00215249999998 ], [ -77.4787885, 39.002275 ], [ -77.478755, 39.002325 ], [ -77.4796535, 39.002697599999976 ], [ -77.4800183, 39.0028518 ], [ -77.4801725, 39.002906 ], [ -77.4802496, 39.002921099999952 ], [ -77.4804293, 39.002931 ], [ -77.4812467, 39.0032062 ], [ -77.4813601, 39.0032562 ], [ -77.481675200000012, 39.003408900000032 ], [ -77.4817128, 39.003434400000053 ], [ -77.4817376, 39.0034433 ], [ -77.4817973, 39.003456299999989 ], [ -77.481865, 39.003475600000016 ], [ -77.4820145, 39.003536 ], [ -77.4821024, 39.0035751 ], [ -77.4822861, 39.003671499999925 ], [ -77.4824859, 39.00378819999996 ], [ -77.4825731, 39.00378819999996 ], [ -77.4826127, 39.003783 ], [ -77.4826831, 39.003734 ], [ -77.4827501, 39.003676700000014 ], [ -77.4827729, 39.003694400000015 ], [ -77.4828634, 39.003623 ], [ -77.4829808, 39.0035475 ], [ -77.4831095, 39.003474 ], [ -77.4832041, 39.00343279999997 ], [ -77.483241, 39.003413600000023 ], [ -77.4832678, 39.0033891 ], [ -77.4832799, 39.003364100000049 ], [ -77.4832725, 39.003339 ], [ -77.4832785, 39.003315100000016 ], [ -77.4832899, 39.0032958 ], [ -77.4833073, 39.003266600000011 ], [ -77.4833382, 39.00324160000001 ], [ -77.4833778, 39.0032192 ], [ -77.4834368, 39.00320930000003 ], [ -77.4834636, 39.003208799999989 ], [ -77.4834871, 39.003215 ], [ -77.4835105, 39.0032317 ], [ -77.4835273, 39.003265099999986 ], [ -77.483536, 39.0032901 ], [ -77.483587, 39.003279099999986 ], [ -77.4836151, 39.003273900000011 ], [ -77.4835917, 39.0032046 ], [ -77.4836775, 39.003182200000026 ], [ -77.4837258, 39.003170700000027 ], [ -77.4837734, 39.003159799999949 ], [ -77.4837117, 39.0030582 ], [ -77.4836252, 39.0029321 ], [ -77.4836527, 39.002897200000014 ], [ -77.483690900000013, 39.002894600000026 ], [ -77.4837184, 39.002911200000042 ], [ -77.4837741, 39.0029529 ], [ -77.4842307, 39.00312180000001 ], [ -77.4843199, 39.003116499999983 ], [ -77.4843997, 39.003122800000021 ], [ -77.484519, 39.0031744 ], [ -77.4847987, 39.0032588 ], [ -77.4851574, 39.003377100000023 ], [ -77.4855477, 39.003519900000015 ], [ -77.4856067, 39.0035324 ], [ -77.4856509, 39.003533900000029 ], [ -77.4857962, 39.003584700000026 ], [ -77.485829600000017, 39.003597 ], [ -77.4858628, 39.0035418 ], [ -77.4859243, 39.0035648 ], [ -77.4860854, 39.003626699999941 ], [ -77.486121, 39.00367310000005 ], [ -77.4863537, 39.003759599999974 ], [ -77.4865408, 39.003835099999989 ], [ -77.486701, 39.0039081 ], [ -77.4867922, 39.00395910000001 ], [ -77.4868298, 39.0039836 ], [ -77.4869015, 39.004020600000047 ], [ -77.4869847, 39.00405660000002 ], [ -77.4870745, 39.0040931 ], [ -77.4873528, 39.004180099999985 ], [ -77.4874312, 39.004202 ], [ -77.4874594, 39.004204099999981 ], [ -77.487497, 39.004198800000012 ], [ -77.4875546, 39.004177 ], [ -77.4876579, 39.004120200000024 ], [ -77.4877451, 39.004058200000038 ], [ -77.4879134, 39.00391850000004 ], [ -77.4879234, 39.003904399999989 ], [ -77.4879818, 39.00378460000001 ], [ -77.4879865, 39.003750199999978 ], [ -77.487973, 39.003698600000028 ], [ -77.4879757, 39.003673599999964 ], [ -77.4880468, 39.003554299999983 ], [ -77.4881615, 39.003532900000046 ], [ -77.4882111, 39.0035303 ], [ -77.4883023, 39.003530800000014 ], [ -77.4883714, 39.003532900000046 ], [ -77.4883962, 39.003527699999957 ], [ -77.4884351, 39.003511500000016 ], [ -77.4886335, 39.003335399999948 ], [ -77.4885162, 39.003246299999951 ], [ -77.4884988, 39.003206699999986 ], [ -77.4884907, 39.003173900000021 ], [ -77.4884914, 39.00315149999998 ], [ -77.4884974, 39.00313060000002 ], [ -77.4884981, 39.0031124 ], [ -77.4884907, 39.0030894 ], [ -77.4884257, 39.003024300000014 ], [ -77.488393500000015, 39.0030029 ], [ -77.488078300000012, 39.0028445 ], [ -77.4878778, 39.0027606 ], [ -77.487367500000019, 39.002562599999948 ], [ -77.4871878, 39.002483899999987 ], [ -77.4871396, 39.002470900000013 ], [ -77.487049, 39.002462600000015 ], [ -77.48691220000002, 39.0024574 ] ] ] ] } },
{ "type": "Feature", "properties": { "id": "01022744244", "state": "Virginia", "state_abb": "VA", "state_id": "51", "county": "Loudoun County", "county_id": "107", "operator": null, "ref": null, "name": "AWS", "sqft": 1789925.0, "lon": -77.417794606246872, "lat": 38.981034117254573, "type": "campus" }, "geometry": { "type": "MultiPolygon", "coordinates": [ [ [ [ -77.4160315, 38.982740500000034 ], [ -77.4168348, 38.983155299999957 ], [ -77.41768780000001, 38.9838506 ], [ -77.4179332, 38.9836526 ], [ -77.4182242, 38.983604600000035 ], [ -77.4184844, 38.983581700000016 ], [ -77.4188277, 38.983193899999989 ], [ -77.420091, 38.98164260000005 ], [ -77.4199489, 38.9815738 ], [ -77.4199623, 38.981557199999976 ], [ -77.4191134, 38.981138100000031 ], [ -77.4188934, 38.9814081 ], [ -77.4177803, 38.980852400000053 ], [ -77.417741, 38.980897900000031 ], [ -77.4175711, 38.9808243 ], [ -77.4176683, 38.980746099999983 ], [ -77.4176314, 38.980716400000013 ], [ -77.4182671, 38.979934 ], [ -77.4209306, 38.9798714 ], [ -77.4212565, 38.979689 ], [ -77.4211773, 38.978696500000012 ], [ -77.4208769, 38.978646400000024 ], [ -77.4207763, 38.978606800000044 ], [ -77.4206342, 38.978604700000012 ], [ -77.420602, 38.978658900000013 ], [ -77.418312700000016, 38.9787152 ], [ -77.4180526, 38.978589100000015 ], [ -77.4175604, 38.978539 ], [ -77.4167718, 38.9794888 ], [ -77.4165867, 38.979656600000041 ], [ -77.4161707, 38.9801842 ], [ -77.416002, 38.9801008 ], [ -77.4145523, 38.9818866 ], [ -77.4145858, 38.981973099999983 ], [ -77.4150726, 38.982215 ], [ -77.415, 38.982295200000017 ], [ -77.4149452, 38.982361399999967 ], [ -77.4156667, 38.982707 ], [ -77.4160315, 38.982740500000034 ] ] ] ] } },
{ "type": "Feature", "properties": { "id": "01022744248", "state": "Virginia", "state_abb": "VA", "state_id": "51", "county": "Loudoun County", "county_id": "107", "operator": null, "ref": null, "name": "AWS", "sqft": 1069380.0, "lon": -77.411108526423192, "lat": 38.987829888091383, "type": "campus" }, "geometry": { "type": "MultiPolygon", "coordinates": [ [ [ [ -77.4134928, 38.988442599999985 ], [ -77.4134561, 38.988393200000026 ], [ -77.4132755, 38.988149099999951 ], [ -77.4133419, 38.9881199 ], [ -77.4133104, 38.988072499999973 ], [ -77.4132447, 38.988101699999987 ], [ -77.4128531, 38.9875727 ], [ -77.4127471, 38.987561700000015 ], [ -77.4126834, 38.9874752 ], [ -77.4128068, 38.987241199999978 ], [ -77.412772, 38.98721459999998 ], [ -77.412727, 38.9871672 ], [ -77.4126834, 38.987101 ], [ -77.4126278, 38.987012400000019 ], [ -77.4125627, 38.986902900000047 ], [ -77.412487, 38.986763199999984 ], [ -77.4123757, 38.986806 ], [ -77.4123493, 38.9867735 ], [ -77.4123207, 38.9867382 ], [ -77.4123924, 38.9867069 ], [ -77.4123985, 38.986717400000011 ], [ -77.4124206, 38.986709 ], [ -77.4123879, 38.9866638 ], [ -77.4123468, 38.986606899999984 ], [ -77.412371, 38.986597 ], [ -77.4122657, 38.986504200000034 ], [ -77.411923, 38.986028799999985 ], [ -77.4115241, 38.985998600000016 ], [ -77.4114778, 38.985999099999987 ], [ -77.4114389, 38.986007 ], [ -77.4113832, 38.9860231 ], [ -77.4112974, 38.9860601 ], [ -77.4102212, 38.986521899999978 ], [ -77.4089458, 38.987077 ], [ -77.4089042, 38.987101 ], [ -77.4088807, 38.987119799999938 ], [ -77.4088532, 38.987151 ], [ -77.4088271, 38.987191699999968 ], [ -77.4088137, 38.987224 ], [ -77.4088063, 38.98726149999996 ], [ -77.4088056, 38.9872907 ], [ -77.4088157, 38.9873251 ], [ -77.4088298, 38.987360499999987 ], [ -77.4088546, 38.98740430000003 ], [ -77.4088901, 38.987455900000022 ], [ -77.4092925, 38.9880157 ], [ -77.4092254, 38.9880439 ], [ -77.4093307, 38.988190299999964 ], [ -77.4093971, 38.988165299999984 ], [ -77.4098879, 38.988856400000024 ], [ -77.4097786, 38.989011699999978 ], [ -77.4099617, 38.98924 ], [ -77.4100455, 38.9893343 ], [ -77.4100676, 38.989344199999948 ], [ -77.4104552, 38.989781 ], [ -77.411573, 38.989296799999963 ], [ -77.41197, 38.989197799999985 ], [ -77.4123374, 38.9890378 ], [ -77.412672, 38.988798 ], [ -77.4127243, 38.988772 ], [ -77.4134928, 38.988442599999985 ] ] ] ] } },
{ "type": "Feature", "properties": { "id": "01022757169", "state": "Virginia", "state_abb": "VA", "state_id": "51", "county": "Loudoun County", "county_id": "107", "operator": null, "ref": null, "name": "AWS", "sqft": 1128056.0, "lon": -77.426058292797009, "lat": 38.981619328745744, "type": "campus" }, "geometry": { "type": "MultiPolygon", "coordinates": [ [ [ [ -77.425788, 38.9804542 ], [ -77.425777, 38.9804978 ], [ -77.4257512, 38.980613699999971 ], [ -77.4260268, 38.980642899999978 ], [ -77.4260455, 38.9806616 ], [ -77.4259476, 38.981170400000039 ], [ -77.4262185, 38.9814618 ], [ -77.4258088, 38.981957 ], [ -77.4252469, 38.981719800000029 ], [ -77.4252275, 38.9817511 ], [ -77.4249592, 38.981692700000018 ], [ -77.4248566, 38.981848 ], [ -77.424288, 38.981568100000018 ], [ -77.4242096, 38.981566499999985 ], [ -77.4239246, 38.981606199999987 ], [ -77.4236818, 38.981894399999987 ], [ -77.4235082, 38.9821394 ], [ -77.4233734, 38.982285299999972 ], [ -77.4234089, 38.982302 ], [ -77.4233258, 38.9824996 ], [ -77.4234324, 38.982656 ], [ -77.4251892, 38.9835134 ], [ -77.425383, 38.983492 ], [ -77.4256378, 38.9833268 ], [ -77.4259222, 38.983001499999986 ], [ -77.4260221, 38.98304790000001 ], [ -77.4260315, 38.9830396 ], [ -77.4261085, 38.9830784 ], [ -77.4262474, 38.983138599999961 ], [ -77.426301, 38.9830401 ], [ -77.4264512, 38.9828535 ], [ -77.4264908, 38.9827717 ], [ -77.4268147, 38.982364099999984 ], [ -77.4270996, 38.9823536 ], [ -77.4271714, 38.982447499999978 ], [ -77.4272123, 38.9825335 ], [ -77.4275214, 38.982907199999978 ], [ -77.427917, 38.982942099999946 ], [ -77.4285306, 38.982634099999984 ], [ -77.4286298, 38.982554800000024 ], [ -77.4286707, 38.98251830000001 ], [ -77.4286909, 38.982491199999963 ], [ -77.4287103, 38.9824574 ], [ -77.4287338, 38.982392199999985 ], [ -77.4287425, 38.982364599999961 ], [ -77.4287412, 38.982325 ], [ -77.4287271, 38.982240500000024 ], [ -77.4287452, 38.9821384 ], [ -77.4287459, 38.982106 ], [ -77.4287432, 38.982076800000016 ], [ -77.4287231, 38.982021599999968 ], [ -77.428684200000021, 38.9818975 ], [ -77.428621100000015, 38.981706199999969 ], [ -77.4284998, 38.981502900000031 ], [ -77.4283757, 38.9814414 ], [ -77.4281571, 38.981571200000033 ], [ -77.4278285, 38.981176600000019 ], [ -77.4274886, 38.980768500000025 ], [ -77.4274664, 38.980708 ], [ -77.427302200000014, 38.980500099999958 ], [ -77.427268, 38.98045730000004 ], [ -77.4272116, 38.9804031 ], [ -77.4271593, 38.9803927 ], [ -77.4270735, 38.9803447 ], [ -77.4269374, 38.9802618 ], [ -77.4268844, 38.980226899999984 ], [ -77.42681, 38.980169599999989 ], [ -77.4267644, 38.980126299999988 ], [ -77.4267221, 38.98007 ], [ -77.426407600000019, 38.979622199999966 ], [ -77.426356, 38.979552400000046 ], [ -77.4263205, 38.979516900000043 ], [ -77.4262749, 38.979491399999972 ], [ -77.4261971, 38.979466899999977 ], [ -77.4260858, 38.979447599999972 ], [ -77.4258102, 38.9794132 ], [ -77.425725, 38.979406399999966 ], [ -77.424854, 38.9793835 ], [ -77.4246266, 38.9793783 ], [ -77.4245891, 38.979379899999941 ], [ -77.424571700000016, 38.9793908 ], [ -77.4243645, 38.9798824 ], [ -77.4243705, 38.9799042 ], [ -77.4243115, 38.9800914 ], [ -77.4242726, 38.9800856 ], [ -77.4242538, 38.9801743 ], [ -77.4243343, 38.9801889 ], [ -77.4243531, 38.980213899999981 ], [ -77.4243611, 38.980250900000016 ], [ -77.4244461, 38.980264300000051 ], [ -77.4244858, 38.9802717 ], [ -77.42463, 38.98032589999994 ], [ -77.425788, 38.9804542 ] ] ] ] } },
{ "type": "Feature", "properties": { "id": "01022757170", "state": "Virginia", "state_abb": "VA", "state_id": "51", "county": "Loudoun County", "county_id": "107", "operator": null, "ref": null, "name": null, "sqft": 384105.0, "lon": -77.4257836910691, "lat": 38.98473223230382, "type": "campus" }, "geometry": { "type": "MultiPolygon", "coordinates": [ [ [ [ -77.4248251, 38.985500299999977 ], [ -77.4247648, 38.985494099999968 ], [ -77.4246847, 38.98548169999998 ], [ -77.4245589, 38.985467500000034 ], [ -77.4245341, 38.9855676 ], [ -77.424594500000012, 38.985578 ], [ -77.4245254, 38.9857161 ], [ -77.4245837, 38.985855799999975 ], [ -77.4249277, 38.986027800000016 ], [ -77.4253475, 38.986240499999973 ], [ -77.4260248, 38.9854013 ], [ -77.4266866, 38.984588199999976 ], [ -77.4266651, 38.984581899999974 ], [ -77.4272968, 38.983799599999969 ], [ -77.4265981, 38.98346070000003 ], [ -77.4265505, 38.983468599999981 ], [ -77.4265116, 38.983470700000026 ], [ -77.4264559, 38.983463400000012 ], [ -77.4263895, 38.983445599999975 ], [ -77.4263453, 38.983436800000042 ], [ -77.4262957, 38.9834336 ], [ -77.4262467, 38.983433099999978 ], [ -77.426181, 38.983443 ], [ -77.426008, 38.983500899999989 ], [ -77.4259711, 38.983520700000021 ], [ -77.4258598, 38.983627 ], [ -77.4259007, 38.983726599999976 ], [ -77.425896, 38.9837318 ], [ -77.4259302, 38.983724500000029 ], [ -77.4259456, 38.983777699999983 ], [ -77.4256144, 38.983836599999975 ], [ -77.425149, 38.984414599999987 ], [ -77.4251651, 38.9844224 ], [ -77.4251255, 38.98446880000003 ], [ -77.4251101, 38.9844605 ], [ -77.4246977, 38.984973400000044 ], [ -77.4246595, 38.985026 ], [ -77.42463, 38.9850833 ], [ -77.4246059, 38.9851407 ], [ -77.4245878, 38.985204800000012 ], [ -77.4246722, 38.985216800000011 ], [ -77.424660800000012, 38.985266799999977 ], [ -77.4248634, 38.9853648 ], [ -77.4248251, 38.985500299999977 ] ] ] ] } },
{ "type": "Feature", "properties": { "id": "01035123482", "state": "Utah", "state_abb": "UT", "state_id": "49", "county": "Utah County", "county_id": "049", "operator": null, "ref": null, "name": "Meta Eagle Mountain Data Center", "sqft": 22734233.0, "lon": -112.01771937397096, "lat": 40.268190702952943, "type": "campus" }, "geometry": { "type": "MultiPolygon", "coordinates": [ [ [ [ -112.0105731, 40.261558499999978 ], [ -112.0104053, 40.276070100000034 ], [ -112.0246383, 40.276158600000016 ], [ -112.0247063, 40.261582099999956 ], [ -112.0228049, 40.261576 ], [ -112.0228183, 40.259111800000049 ], [ -112.0158008, 40.259089400000015 ], [ -112.0157872, 40.2615751 ], [ -112.0105731, 40.261558499999978 ] ] ] ] } },
{ "type": "Feature", "properties": { "id": "01038780426", "state": "Nebraska", "state_abb": "NE", "state_id": "31", "county": "Sarpy County", "county_id": "153", "operator": null, "ref": null, "name": "Sarpy Meta Data Center", "sqft": 7817408.0, "lon": -96.143656372597675, "lat": 41.114107072100033, "type": "campus" }, "geometry": { "type": "MultiPolygon", "coordinates": [ [ [ [ -96.1393371, 41.106733400000039 ], [ -96.1391729, 41.107526199999946 ], [ -96.1392486, 41.108596700000021 ], [ -96.1392377, 41.1103439 ], [ -96.1390698, 41.1109079 ], [ -96.1390003, 41.1136899 ], [ -96.139293, 41.114624500000012 ], [ -96.1393257, 41.118005200000049 ], [ -96.140417400000018, 41.1180012 ], [ -96.1405893, 41.118027299999987 ], [ -96.1524661, 41.11795690000001 ], [ -96.1523402, 41.1177215 ], [ -96.1474895, 41.113849900000048 ], [ -96.1466222, 41.11262210000001 ], [ -96.1445633, 41.110439900000017 ], [ -96.1417053, 41.108854600000029 ], [ -96.1406139, 41.1077801 ], [ -96.1393371, 41.106733400000039 ] ] ] ] } },
{ "type": "Feature", "properties": { "id": "01054387470", "state": "Georgia", "state_abb": "GA", "state_id": "13", "county": "Newton County", "county_id": "217", "operator": "Meta", "ref": null, "name": "Meta Stanton Springs Data Center", "sqft": 9032398.0, "lon": -83.700342194527437, "lat": 33.600761075776632, "type": "campus" }, "geometry": { "type": "MultiPolygon", "coordinates": [ [ [ [ -83.7089795, 33.60095919999997 ], [ -83.7090455, 33.600770700000012 ], [ -83.7089041, 33.6006294 ], [ -83.708593, 33.6004488 ], [ -83.7073957, 33.600024799999943 ], [ -83.7066981, 33.599757799999978 ], [ -83.7062361, 33.599216 ], [ -83.7058496, 33.5991453 ], [ -83.7055291, 33.5989569 ], [ -83.7056988, 33.5986113 ], [ -83.7055008, 33.598163799999988 ], [ -83.7052557, 33.597904599999971 ], [ -83.7044072, 33.597951699999989 ], [ -83.7036436, 33.5980852 ], [ -83.7031628, 33.598422900000038 ], [ -83.7028611, 33.599333799999968 ], [ -83.7029083, 33.5995615 ], [ -83.7028705, 33.599820600000022 ], [ -83.7022201, 33.601139800000013 ], [ -83.7016921, 33.6020035 ], [ -83.7012679, 33.6025296 ], [ -83.7006551, 33.602671 ], [ -83.7003346, 33.602671 ], [ -83.7003723, 33.602411799999963 ], [ -83.7003629, 33.602215500000014 ], [ -83.7001177, 33.6020428 ], [ -83.6996747, 33.60198 ], [ -83.699439, 33.6019643 ], [ -83.699241, 33.6015167 ], [ -83.6992221, 33.60119479999998 ], [ -83.6994861, 33.600888500000011 ], [ -83.6998349, 33.600833599999987 ], [ -83.700146, 33.6007001 ], [ -83.7003063, 33.600503799999977 ], [ -83.700278, 33.6001347 ], [ -83.7000423, 33.599789199999975 ], [ -83.6997406, 33.599608600000039 ], [ -83.6987225, 33.598344400000045 ], [ -83.6987413, 33.598061700000024 ], [ -83.6989016, 33.597857500000032 ], [ -83.6994295, 33.597527699999986 ], [ -83.6995332, 33.597347100000029 ], [ -83.6995332, 33.597103700000012 ], [ -83.6992881, 33.596821 ], [ -83.6986094, 33.596742399999989 ], [ -83.6977797, 33.596200599999982 ], [ -83.6974969, 33.596043599999973 ], [ -83.6971104, 33.59619280000004 ], [ -83.6968181, 33.5959886 ], [ -83.6965165, 33.5957844 ], [ -83.695932, 33.595886500000027 ], [ -83.6920102, 33.597629800000021 ], [ -83.6916708, 33.597818199999949 ], [ -83.6917179, 33.598179500000015 ], [ -83.6919913, 33.5985407 ], [ -83.6951778, 33.6018936 ], [ -83.695932, 33.602945799999951 ], [ -83.6961299, 33.60369960000002 ], [ -83.6968087, 33.603707399999969 ], [ -83.6980531, 33.603833 ], [ -83.6992127, 33.6041 ], [ -83.7005137, 33.6045319 ], [ -83.7010888, 33.604791 ], [ -83.7013716, 33.604398399999987 ], [ -83.70153190000002, 33.604390500000029 ], [ -83.7017675, 33.604579 ], [ -83.7020032, 33.604885199999977 ], [ -83.7033891, 33.60515220000002 ], [ -83.7040584, 33.604500499999972 ], [ -83.7046995, 33.604076500000012 ], [ -83.7052085, 33.603880200000035 ], [ -83.7069998, 33.60446120000001 ], [ -83.7076408, 33.6044848 ], [ -83.707970800000012, 33.60424130000002 ], [ -83.7081782, 33.603997900000017 ], [ -83.7081688, 33.6038016 ], [ -83.70815930000002, 33.6034719 ], [ -83.7082725, 33.603252 ], [ -83.7084987, 33.6029065 ], [ -83.708395, 33.6026631 ], [ -83.708197, 33.602239100000013 ], [ -83.70815930000002, 33.6019957 ], [ -83.7083479, 33.601634499999989 ], [ -83.7089795, 33.60095919999997 ] ] ] ] } },
{ "type": "Feature", "properties": { "id": "01083297858", "state": "Arizona", "state_abb": "AZ", "state_id": "04", "county": "Maricopa County", "county_id": "013", "operator": "Meta", "ref": null, "name": "Meta Data Center", "sqft": 14850970.0, "lon": -111.6303055253432, "lat": 33.343592283212516, "type": "campus" }, "geometry": { "type": "MultiPolygon", "coordinates": [ [ [ [ -111.6354628, 33.349868 ], [ -111.6353731, 33.336018200000012 ], [ -111.6324854, 33.3359946 ], [ -111.6307262, 33.3360674 ], [ -111.628681, 33.336419400000011 ], [ -111.6265844, 33.337260899999976 ], [ -111.624343900000014, 33.338626099999949 ], [ -111.6252586, 33.339793900000018 ], [ -111.625664, 33.3397091 ], [ -111.6282404, 33.3391699 ], [ -111.6281807, 33.343950799999988 ], [ -111.6269773, 33.343932100000018 ], [ -111.6261933, 33.344392399999961 ], [ -111.6235073, 33.345218200000048 ], [ -111.6231825, 33.3454433 ], [ -111.6230078, 33.3457352 ], [ -111.6229873, 33.3497875 ], [ -111.6354628, 33.349868 ] ] ] ] } },
{ "type": "Feature", "properties": { "id": "01126774147", "state": "Missouri", "state_abb": "MO", "state_id": "29", "county": "Clay County", "county_id": "047", "operator": "Meta", "ref": null, "name": "Meta Kansas City Data Center", "sqft": 13516765.0, "lon": -94.595558384905516, "lat": 39.322352404955453, "type": "campus" }, "geometry": { "type": "MultiPolygon", "coordinates": [ [ [ [ -94.5853564, 39.318676500000024 ], [ -94.5852552, 39.323507400000011 ], [ -94.5854011, 39.3238992 ], [ -94.5857959, 39.324297499999986 ], [ -94.5862165, 39.324609599999974 ], [ -94.5863195, 39.324895099999978 ], [ -94.5863369, 39.325590799999944 ], [ -94.5878014, 39.3255925 ], [ -94.6065598, 39.325461699999963 ], [ -94.6065112, 39.3250878 ], [ -94.6065174, 39.3244346 ], [ -94.6065206, 39.324105500000016 ], [ -94.6065339, 39.322703899999986 ], [ -94.6065349, 39.322603299999976 ], [ -94.606543300000013, 39.321722799999982 ], [ -94.6055648, 39.3207799 ], [ -94.6046722, 39.320355 ], [ -94.6042585, 39.320222 ], [ -94.6035075, 39.319740599999982 ], [ -94.6034217, 39.3189521 ], [ -94.6025848, 39.3186533 ], [ -94.6019411, 39.318985300000044 ], [ -94.6013725, 39.318802699999978 ], [ -94.6009648, 39.3187695 ], [ -94.6008789, 39.3192658 ], [ -94.6002931, 39.3193729 ], [ -94.600085, 39.318968699999985 ], [ -94.5992053, 39.3191347 ], [ -94.5987868, 39.319981299999952 ], [ -94.5984832, 39.3199539 ], [ -94.5983169, 39.3197871 ], [ -94.598186, 39.3191347 ], [ -94.5961368, 39.31906 ], [ -94.5960542, 39.31941030000003 ], [ -94.5953998, 39.319552100000031 ], [ -94.595139, 39.3193422 ], [ -94.5927572, 39.319159600000013 ], [ -94.592592, 39.319705 ], [ -94.5923656, 39.319914099999984 ], [ -94.5918023, 39.319765500000017 ], [ -94.5915878, 39.3194294 ], [ -94.5910728, 39.31937540000002 ], [ -94.5903647, 39.319483299999987 ], [ -94.5900643, 39.319093199999962 ], [ -94.5889056, 39.318479 ], [ -94.5864487, 39.3184707 ], [ -94.5861751, 39.3186575 ], [ -94.5853564, 39.318676500000024 ] ] ] ] } },
{ "type": "Feature", "properties": { "id": "01126774147", "state": "Missouri", "state_abb": "MO", "state_id": "29", "county": "Platte County", "county_id": "165", "operator": "Meta", "ref": null, "name": "Meta Kansas City Data Center", "sqft": 13516765.0, "lon": -94.595558384905516, "lat": 39.322352404955453, "type": "campus" }, "geometry": { "type": "MultiPolygon", "coordinates": [ [ [ [ -94.5853564, 39.318676500000024 ], [ -94.5852552, 39.323507400000011 ], [ -94.5854011, 39.3238992 ], [ -94.5857959, 39.324297499999986 ], [ -94.5862165, 39.324609599999974 ], [ -94.5863195, 39.324895099999978 ], [ -94.5863369, 39.325590799999944 ], [ -94.5878014, 39.3255925 ], [ -94.6065598, 39.325461699999963 ], [ -94.6065112, 39.3250878 ], [ -94.6065174, 39.3244346 ], [ -94.6065206, 39.324105500000016 ], [ -94.6065339, 39.322703899999986 ], [ -94.6065349, 39.322603299999976 ], [ -94.606543300000013, 39.321722799999982 ], [ -94.6055648, 39.3207799 ], [ -94.6046722, 39.320355 ], [ -94.6042585, 39.320222 ], [ -94.6035075, 39.319740599999982 ], [ -94.6034217, 39.3189521 ], [ -94.6025848, 39.3186533 ], [ -94.6019411, 39.318985300000044 ], [ -94.6013725, 39.318802699999978 ], [ -94.6009648, 39.3187695 ], [ -94.6008789, 39.3192658 ], [ -94.6002931, 39.3193729 ], [ -94.600085, 39.318968699999985 ], [ -94.5992053, 39.3191347 ], [ -94.5987868, 39.319981299999952 ], [ -94.5984832, 39.3199539 ], [ -94.5983169, 39.3197871 ], [ -94.598186, 39.3191347 ], [ -94.5961368, 39.31906 ], [ -94.5960542, 39.31941030000003 ], [ -94.5953998, 39.319552100000031 ], [ -94.595139, 39.3193422 ], [ -94.5927572, 39.319159600000013 ], [ -94.592592, 39.319705 ], [ -94.5923656, 39.319914099999984 ], [ -94.5918023, 39.319765500000017 ], [ -94.5915878, 39.3194294 ], [ -94.5910728, 39.31937540000002 ], [ -94.5903647, 39.319483299999987 ], [ -94.5900643, 39.319093199999962 ], [ -94.5889056, 39.318479 ], [ -94.5864487, 39.3184707 ], [ -94.5861751, 39.3186575 ], [ -94.5853564, 39.318676500000024 ] ] ] ] } },
{ "type": "Feature", "properties": { "id": "01161730862", "state": "Virginia", "state_abb": "VA", "state_id": "51", "county": "Loudoun County", "county_id": "107", "operator": null, "ref": null, "name": null, "sqft": 1524370.0, "lon": -77.497593220337009, "lat": 38.957334574367572, "type": "campus" }, "geometry": { "type": "MultiPolygon", "coordinates": [ [ [ [ -77.4982293, 38.9549162 ], [ -77.4952254, 38.956099 ], [ -77.4952367, 38.956180499999974 ], [ -77.4955261, 38.9572392 ], [ -77.4958266, 38.958309599999978 ], [ -77.4959898, 38.958794199999964 ], [ -77.4960526, 38.959030800000022 ], [ -77.4962014, 38.9593381 ], [ -77.4965657, 38.9595096 ], [ -77.4967197, 38.9595895 ], [ -77.4969865, 38.959557500000017 ], [ -77.5004564, 38.958190200000011 ], [ -77.4988632, 38.9559042 ], [ -77.4982293, 38.9549162 ] ] ] ] } },
{ "type": "Feature", "properties": { "id": "01178649864", "state": "Idaho", "state_abb": "ID", "state_id": "16", "county": "Ada County", "county_id": "001", "operator": "Meta", "ref": null, "name": "Meta Kuna Data Center", "sqft": 15951730.0, "lon": -116.26750729921301, "lat": 43.463141264736898, "type": "campus" }, "geometry": { "type": "MultiPolygon", "coordinates": [ [ [ [ -116.274354, 43.47365120000002 ], [ -116.2743791, 43.459117800000044 ], [ -116.269127600000019, 43.459064500000032 ], [ -116.2691292, 43.4552778 ], [ -116.2683541, 43.455263099999968 ], [ -116.268361700000014, 43.455837599999967 ], [ -116.2688028, 43.45585190000002 ], [ -116.268779900000013, 43.456317799999937 ], [ -116.2684995, 43.456746199999969 ], [ -116.2655111, 43.456769399999949 ], [ -116.2652483, 43.457027800000049 ], [ -116.260669300000018, 43.45704889999994 ], [ -116.26067, 43.4553888 ], [ -116.2592382, 43.455391700000014 ], [ -116.259499600000012, 43.4565241 ], [ -116.258905, 43.456351799999958 ], [ -116.2578094, 43.456365300000051 ], [ -116.2577372, 43.4559014 ], [ -116.257888200000011, 43.455437500000016 ], [ -116.257052200000018, 43.455297599999987 ], [ -116.2569689, 43.455551599999971 ], [ -116.25625770000002, 43.455435700000038 ], [ -116.2561131, 43.45571840000003 ], [ -116.2564906, 43.456497199999973 ], [ -116.256501, 43.456726700000026 ], [ -116.256525700000012, 43.456984199999987 ], [ -116.25423210000001, 43.456968500000031 ], [ -116.254231100000013, 43.4573783 ], [ -116.2557372, 43.457442500000013 ], [ -116.2557332, 43.4588761 ], [ -116.2592408, 43.458964 ], [ -116.2592371, 43.462630099999984 ], [ -116.2642027, 43.462683799999965 ], [ -116.2641975, 43.466320700000033 ], [ -116.26911960000001, 43.466363399999977 ], [ -116.2690774, 43.4736254 ], [ -116.274354, 43.47365120000002 ] ] ] ] } },
{ "type": "Feature", "properties": { "id": "01207052719", "state": "Georgia", "state_abb": "GA", "state_id": "13", "county": "Gwinnett County", "county_id": "135", "operator": "Quality Technology Services", "ref": null, "name": "QTS Suwanee", "sqft": 1452037.0, "lon": -84.059266273128742, "lat": 34.036230582311681, "type": "campus" }, "geometry": { "type": "MultiPolygon", "coordinates": [ [ [ [ -84.0554512, 34.037073 ], [ -84.056499, 34.0384932 ], [ -84.0574118, 34.038269399999983 ], [ -84.0588788, 34.0375593 ], [ -84.0605414, 34.036474900000016 ], [ -84.061524, 34.035923 ], [ -84.0632425, 34.035174300000023 ], [ -84.0623157, 34.0338158 ], [ -84.0554512, 34.037073 ] ] ] ] } },
{ "type": "Feature", "properties": { "id": "01213758201", "state": "Tennessee", "state_abb": "TN", "state_id": "47", "county": "Sumner County", "county_id": "165", "operator": "Meta", "ref": null, "name": "Gallatin Data Center", "sqft": 17045005.0, "lon": -86.370314118038465, "lat": 36.408653770477216, "type": "campus" }, "geometry": { "type": "MultiPolygon", "coordinates": [ [ [ [ -86.3718238, 36.414493 ], [ -86.3739052, 36.413868800000039 ], [ -86.3746219, 36.411387899999966 ], [ -86.3737874, 36.4106926 ], [ -86.373591, 36.410408099999984 ], [ -86.373699, 36.4097839 ], [ -86.374229200000016, 36.409776 ], [ -86.3749557, 36.409531100000024 ], [ -86.3757313, 36.409333500000024 ], [ -86.3761928, 36.410044699999979 ], [ -86.376781800000018, 36.410289599999956 ], [ -86.3815141, 36.409744400000015 ], [ -86.3815926, 36.4093098 ], [ -86.3817792, 36.40927819999996 ], [ -86.3824762, 36.409215 ], [ -86.3824959, 36.408527600000014 ], [ -86.3822602, 36.408282600000014 ], [ -86.3825548, 36.4073107 ], [ -86.380925, 36.4071922 ], [ -86.3801396, 36.407184299999976 ], [ -86.380807200000021, 36.405469599999954 ], [ -86.3801985, 36.4051615 ], [ -86.3735714, 36.404537200000014 ], [ -86.3735125, 36.405058699999969 ], [ -86.373375, 36.4050587 ], [ -86.371382, 36.403770699999981 ], [ -86.3702234, 36.402498500000036 ], [ -86.366689, 36.4036996 ], [ -86.3633695, 36.405876799999987 ], [ -86.3618033, 36.405759699999948 ], [ -86.3608648, 36.407926900000056 ], [ -86.3606857, 36.409405 ], [ -86.3617659, 36.4104385 ], [ -86.3618291, 36.410826899999989 ], [ -86.3613873, 36.4111825 ], [ -86.36124, 36.411490600000015 ], [ -86.3617702, 36.413062899999986 ], [ -86.3718238, 36.414493 ] ] ] ] } },
{ "type": "Feature", "properties": { "id": "01227539675", "state": "Virginia", "state_abb": "VA", "state_id": "51", "county": "Prince William County", "county_id": "153", "operator": "Equinix", "ref": "DC14", "name": "Equinix DC14", "sqft": 222846.0, "lon": -77.510616425829213, "lat": 38.803345027236205, "type": "campus" }, "geometry": { "type": "MultiPolygon", "coordinates": [ [ [ [ -77.511864, 38.8035286 ], [ -77.5116001, 38.802768600000036 ], [ -77.511332, 38.802803 ], [ -77.5112994, 38.8027301 ], [ -77.5112789, 38.802684800000016 ], [ -77.5103397, 38.802876700000013 ], [ -77.5094317, 38.8031497 ], [ -77.5094601, 38.8032048 ], [ -77.5094797, 38.803235800000024 ], [ -77.5092277, 38.803323699999972 ], [ -77.509235, 38.8033684 ], [ -77.5093942, 38.8034442 ], [ -77.5096071, 38.803591699999963 ], [ -77.509719, 38.803703 ], [ -77.5098199, 38.8038667 ], [ -77.509902700000012, 38.804036900000014 ], [ -77.5099455, 38.8040666 ], [ -77.5099973, 38.8040723 ], [ -77.5102575, 38.803992199999954 ], [ -77.5110553, 38.803747600000051 ], [ -77.511602, 38.803588100000063 ], [ -77.511864, 38.8035286 ] ] ] ] } },
{ "type": "Feature", "properties": { "id": "01254161871", "state": "Kentucky", "state_abb": "KY", "state_id": "21", "county": "Hopkins County", "county_id": "107", "operator": null, "ref": null, "name": "Dynamics Mining", "sqft": 442423.0, "lon": -87.54712130515388, "lat": 37.362990903258414, "type": "campus" }, "geometry": { "type": "MultiPolygon", "coordinates": [ [ [ [ -87.5455704, 37.363626499999988 ], [ -87.5474377, 37.363844799999931 ], [ -87.5477049, 37.363818700000017 ], [ -87.548074900000017, 37.3636847 ], [ -87.5482434, 37.363573700000018 ], [ -87.5483996, 37.363384199999985 ], [ -87.5485106, 37.363184799999964 ], [ -87.5487321, 37.3623326 ], [ -87.5473478, 37.3621513 ], [ -87.5472928, 37.3623513 ], [ -87.5470018, 37.3623638 ], [ -87.5458614, 37.362163799999983 ], [ -87.5455704, 37.363626499999988 ] ] ] ] } },
{ "type": "Feature", "properties": { "id": "01281982556", "state": "Ohio", "state_abb": "OH", "state_id": "39", "county": "Franklin County", "county_id": "049", "operator": "Google", "ref": null, "name": "Google Lockbourne, OH", "sqft": 11463730.0, "lon": -82.996160960971068, "lat": 39.848752677367955, "type": "campus" }, "geometry": { "type": "MultiPolygon", "coordinates": [ [ [ [ -82.9912458, 39.843143100000027 ], [ -82.9903026, 39.853761499999983 ], [ -82.9966041, 39.85371780000002 ], [ -83.00248280000001, 39.85358049999995 ], [ -83.0008403, 39.843655 ], [ -82.9912458, 39.843143100000027 ] ] ] ] } },
{ "type": "Feature", "properties": { "id": "01281982572", "state": "Ohio", "state_abb": "OH", "state_id": "39", "county": "Licking County", "county_id": "089", "operator": null, "ref": null, "name": "Amazon New Albany: Jug and Beach Road", "sqft": 1524640.0, "lon": -82.751474016907849, "lat": 40.099073706990431, "type": "campus" }, "geometry": { "type": "MultiPolygon", "coordinates": [ [ [ [ -82.7492545, 40.100727099999979 ], [ -82.7534762, 40.10092 ], [ -82.7537564, 40.0974478 ], [ -82.7494133, 40.097233400000043 ], [ -82.7492545, 40.100727099999979 ] ] ] ] } },
{ "type": "Feature", "properties": { "id": "01282875386", "state": "Wyoming", "state_abb": "WY", "state_id": "56", "county": "Laramie County", "county_id": "021", "operator": "MineOne", "ref": null, "name": "MineOne Wyoming Data Center", "sqft": 306030.0, "lon": -104.89498384404324, "lat": 41.125124440694002, "type": "campus" }, "geometry": { "type": "MultiPolygon", "coordinates": [ [ [ [ -104.896239800000018, 41.1249696 ], [ -104.8957189, 41.124064200000035 ], [ -104.895582, 41.124013899999973 ], [ -104.8934584, 41.12530159999995 ], [ -104.893795700000013, 41.125518 ], [ -104.8941262, 41.125965700000016 ], [ -104.895094500000013, 41.1259631 ], [ -104.8953316, 41.12574429999998 ], [ -104.8954451, 41.12581730000003 ], [ -104.8959961, 41.125354500000036 ], [ -104.8958792, 41.125276500000012 ], [ -104.896239800000018, 41.1249696 ] ] ] ] } },
{ "type": "Feature", "properties": { "id": "01292169104", "state": "Ohio", "state_abb": "OH", "state_id": "39", "county": "Cuyahoga County", "county_id": "035", "operator": "T5 Data Centers", "ref": null, "name": "T5@Cleveland", "sqft": 974789.0, "lon": -81.802851989601692, "lat": 41.442494970506118, "type": "campus" }, "geometry": { "type": "MultiPolygon", "coordinates": [ [ [ [ -81.8014828, 41.4409361 ], [ -81.8014742, 41.441426400000047 ], [ -81.8014313, 41.4418381 ], [ -81.8015132, 41.444918 ], [ -81.8016346, 41.444916599999978 ], [ -81.801823, 41.444980200000067 ], [ -81.8018233, 41.445032399999981 ], [ -81.8018236, 41.4450834 ], [ -81.8018241, 41.445177500000014 ], [ -81.8019673, 41.445242400000019 ], [ -81.8054588, 41.441078 ], [ -81.8048437, 41.441078799999964 ], [ -81.8048379, 41.441101099999962 ], [ -81.8048017, 41.44110160000001 ], [ -81.8047917, 41.4410779 ], [ -81.8046744, 41.441079200000026 ], [ -81.8046738, 41.440944500000015 ], [ -81.8045763, 41.440875700000021 ], [ -81.804323, 41.4408814 ], [ -81.8042948, 41.440870900000043 ], [ -81.8039453, 41.44087660000001 ], [ -81.8039068, 41.4408871 ], [ -81.8032962, 41.440899800000018 ], [ -81.8031963, 41.440925199999967 ], [ -81.8014828, 41.4409361 ] ] ] ] } },
{ "type": "Feature", "properties": { "id": "01301559332", "state": "Texas", "state_abb": "TX", "state_id": "48", "county": "Hood County", "county_id": "221", "operator": "Marathon Digital Holdings", "ref": null, "name": "MARA Data Center", "sqft": 1768886.0, "lon": -97.731228030042388, "lat": 32.34174517429652, "type": "campus" }, "geometry": { "type": "MultiPolygon", "coordinates": [ [ [ [ -97.7327095, 32.343053 ], [ -97.7327398, 32.3431211 ], [ -97.735069300000021, 32.341904600000049 ], [ -97.7347256, 32.341387899999987 ], [ -97.7344757, 32.34150850000001 ], [ -97.734403, 32.341390099999984 ], [ -97.7338299, 32.3416662 ], [ -97.7335858, 32.341296 ], [ -97.7330039, 32.341576500000016 ], [ -97.731166, 32.338927099999964 ], [ -97.7305476, 32.339539400000028 ], [ -97.7294854, 32.340575099999967 ], [ -97.7287787, 32.341274500000054 ], [ -97.7287691, 32.3413269 ], [ -97.7287126, 32.341378600000027 ], [ -97.7283142, 32.341743599999973 ], [ -97.728916100000021, 32.3425584 ], [ -97.7293185, 32.343167600000029 ], [ -97.7297434, 32.3437542 ], [ -97.729917, 32.343667900000028 ], [ -97.7300616, 32.343716600000057 ], [ -97.7302345, 32.343628099999968 ], [ -97.7302449, 32.343639600000031 ], [ -97.7303829, 32.343572199999969 ], [ -97.730434700000018, 32.343572 ], [ -97.7315133, 32.343568900000015 ], [ -97.7315614, 32.343568800000021 ], [ -97.7315786, 32.343568900000037 ], [ -97.731717, 32.3435678 ], [ -97.7327095, 32.343053 ] ] ] ] } },
{ "type": "Feature", "properties": { "id": "01312295357", "state": "South Carolina", "state_abb": "SC", "state_id": "45", "county": "Aiken County", "county_id": "003", "operator": "Meta", "ref": null, "name": "Meta Aiken Data Center", "sqft": 3608146.0, "lon": -81.842626980594716, "lat": 33.642273149086826, "type": "campus" }, "geometry": { "type": "MultiPolygon", "coordinates": [ [ [ [ -81.8445385, 33.638596800000016 ], [ -81.8378732, 33.642894299999966 ], [ -81.840714500000018, 33.645949099999953 ], [ -81.8473807, 33.6416527 ], [ -81.8445385, 33.638596800000016 ] ] ] ] } },
{ "type": "Feature", "properties": { "id": "01314355599", "state": "Nevada", "state_abb": "NV", "state_id": "32", "county": "Clark County", "county_id": "003", "operator": null, "ref": null, "name": "Switch Las Vegas 12", "sqft": 484037.0, "lon": -115.21038851286191, "lat": 36.058130289890258, "type": "campus" }, "geometry": { "type": "MultiPolygon", "coordinates": [ [ [ [ -115.212007, 36.0587638 ], [ -115.2120231, 36.057829299999966 ], [ -115.21109509999998, 36.0578509 ], [ -115.211084299999982, 36.057096299999962 ], [ -115.2095206, 36.057146199999963 ], [ -115.2086328, 36.0588809 ], [ -115.211902399999985, 36.058887400000017 ], [ -115.212007, 36.0587638 ] ] ] ] } },
{ "type": "Feature", "properties": { "id": "01333289545", "state": "Minnesota", "state_abb": "MN", "state_id": "27", "county": "Dakota County", "county_id": "037", "operator": "Meta", "ref": null, "name": "Meta Rosemount Data Center", "sqft": 10334558.0, "lon": -93.062626720853729, "lat": 44.735029835580988, "type": "campus" }, "geometry": { "type": "MultiPolygon", "coordinates": [ [ [ [ -93.0551407, 44.738635 ], [ -93.0699772, 44.738771900000032 ], [ -93.070083, 44.731365899999965 ], [ -93.0552251, 44.731348899999951 ], [ -93.0551407, 44.738635 ] ] ] ] } },
{ "type": "Feature", "properties": { "id": "01343769701", "state": "Virginia", "state_abb": "VA", "state_id": "51", "county": "Loudoun County", "county_id": "107", "operator": null, "ref": null, "name": "QTS Ashburn-Shellhorn", "sqft": 829536.0, "lon": -77.474942381525736, "lat": 38.998536773549944, "type": "campus" }, "geometry": { "type": "MultiPolygon", "coordinates": [ [ [ [ -77.4752758, 38.996652800000021 ], [ -77.4729544, 38.997853400000011 ], [ -77.4747391, 39.000526400000034 ], [ -77.4759263, 38.999866099999984 ], [ -77.4767637, 38.998722299999947 ], [ -77.4752758, 38.996652800000021 ] ] ] ] } },
{ "type": "Feature", "properties": { "id": "01343774537", "state": "Virginia", "state_abb": "VA", "state_id": "51", "county": "Loudoun County", "county_id": "107", "operator": null, "ref": null, "name": "CloudHQ Ashburn Campus", "sqft": 1553192.0, "lon": -77.462112849594092, "lat": 39.010718240229963, "type": "campus" }, "geometry": { "type": "MultiPolygon", "coordinates": [ [ [ [ -77.4649829, 39.009212799999972 ], [ -77.4606721, 39.0091028 ], [ -77.4601908, 39.010048800000014 ], [ -77.4596174, 39.010098300000017 ], [ -77.4590016, 39.011693299999962 ], [ -77.463107100000016, 39.012760299999961 ], [ -77.4637866, 39.011390800000015 ], [ -77.4642679, 39.0114953 ], [ -77.4648625, 39.010340299999982 ], [ -77.4649829, 39.009212799999972 ] ] ] ] } },
{ "type": "Feature", "properties": { "id": "01344366214", "state": "Texas", "state_abb": "TX", "state_id": "48", "county": "Bexar County", "county_id": "029", "operator": "CyrusOne", "ref": null, "name": "CyrusOne SAT10 & SAT11", "sqft": 934177.0, "lon": -98.787805472197547, "lat": 29.418348645320783, "type": "campus" }, "geometry": { "type": "MultiPolygon", "coordinates": [ [ [ [ -98.7881103, 29.416441800000023 ], [ -98.7861443, 29.417219800000012 ], [ -98.7866324, 29.4180422 ], [ -98.7866083, 29.419280499999982 ], [ -98.7864742, 29.420000100000014 ], [ -98.7884992, 29.419955699999967 ], [ -98.7885448, 29.4195725 ], [ -98.7895292, 29.4191099 ], [ -98.7892127, 29.4179558 ], [ -98.7886387, 29.417049300000031 ], [ -98.7881103, 29.416441800000023 ] ] ] ] } },
{ "type": "Feature", "properties": { "id": "01344376232", "state": "California", "state_abb": "CA", "state_id": "06", "county": "Santa Clara County", "county_id": "085", "operator": null, "ref": null, "name": "NTT Silicon Valley data center campus", "sqft": 143246.0, "lon": -121.95536447297926, "lat": 37.368974487366017, "type": "campus" }, "geometry": { "type": "MultiPolygon", "coordinates": [ [ [ [ -121.954846, 37.369705299999978 ], [ -121.9556392, 37.369705299999978 ], [ -121.9556412, 37.3691656 ], [ -121.9559966, 37.369164 ], [ -121.9559868, 37.368354099999969 ], [ -121.954849899999985, 37.368357199999963 ], [ -121.954846, 37.369705299999978 ] ] ] ] } },
{ "type": "Feature", "properties": { "id": "01346610234", "state": "Ohio", "state_abb": "OH", "state_id": "39", "county": "Butler County", "county_id": "017", "operator": "CyrusOne", "ref": "CIN4", "name": "CyrusOne Cincinnati-Hamilton CIN4", "sqft": 1543625.0, "lon": -84.566131285764598, "lat": 39.385238749366707, "type": "campus" }, "geometry": { "type": "MultiPolygon", "coordinates": [ [ [ [ -84.5681888, 39.38666929999998 ], [ -84.5693046, 39.386549099999989 ], [ -84.5692402, 39.386238200000015 ], [ -84.5679849, 39.3837919 ], [ -84.5633823, 39.38373390000001 ], [ -84.5632643, 39.3856453 ], [ -84.5646322, 39.386578099999973 ], [ -84.5675504, 39.3868103 ], [ -84.5681888, 39.38666929999998 ] ] ] ] } },
{ "type": "Feature", "properties": { "id": "01377162298", "state": "Ohio", "state_abb": "OH", "state_id": "39", "county": "Wood County", "county_id": "173", "operator": null, "ref": null, "name": "Meta Bowling Green Data Center", "sqft": 21498189.0, "lon": -83.638355525240001, "lat": 41.465298260361251, "type": "campus" }, "geometry": { "type": "MultiPolygon", "coordinates": [ [ [ [ -83.6386039, 41.4587662 ], [ -83.638324900000015, 41.458762300000018 ], [ -83.6363812, 41.458426799999955 ], [ -83.6363273, 41.459099899999977 ], [ -83.63459450000002, 41.4590826 ], [ -83.6346293, 41.458366400000038 ], [ -83.6315461, 41.458297799999976 ], [ -83.6313811, 41.4590332 ], [ -83.6314798, 41.464045899999967 ], [ -83.6315138, 41.4653235 ], [ -83.6290861, 41.465316500000029 ], [ -83.6291046, 41.4692328 ], [ -83.630153, 41.469241800000049 ], [ -83.6300289, 41.470128400000014 ], [ -83.6291514, 41.470137600000058 ], [ -83.6291323, 41.472429799999979 ], [ -83.6432346, 41.472641099999969 ], [ -83.6434505, 41.4655738 ], [ -83.64879040000001, 41.4655063 ], [ -83.6487229, 41.458621 ], [ -83.6402624, 41.4584543 ], [ -83.6402157, 41.4614119 ], [ -83.6386138, 41.4613924 ], [ -83.6386039, 41.4587662 ] ] ] ] } },
{ "type": "Feature", "properties": { "id": "01387391200", "state": "Virginia", "state_abb": "VA", "state_id": "51", "county": "Loudoun County", "county_id": "107", "operator": "True North Data Solutions", "ref": null, "name": "True North Data Centers", "sqft": 4583218.0, "lon": -77.537411919782713, "lat": 39.043725643063667, "type": "campus" }, "geometry": { "type": "MultiPolygon", "coordinates": [ [ [ [ -77.5382259, 39.047767399999977 ], [ -77.538773, 39.046114600000017 ], [ -77.5390059, 39.045892799999983 ], [ -77.5396049, 39.045636 ], [ -77.5399429, 39.045581800000015 ], [ -77.5402379, 39.045586 ], [ -77.5405705, 39.0454902 ], [ -77.5429003, 39.0446039 ], [ -77.5420608, 39.043660300000028 ], [ -77.5417095, 39.043274100000026 ], [ -77.5410736, 39.042556500000025 ], [ -77.5408104, 39.042259499999986 ], [ -77.5404301, 39.041880900000031 ], [ -77.5400558, 39.041430599999948 ], [ -77.539846, 39.0412247 ], [ -77.5396632, 39.0411476 ], [ -77.5390678, 39.040389 ], [ -77.5390154, 39.040181300000043 ], [ -77.5385409, 39.039868300000016 ], [ -77.537899600000017, 39.03962089999996 ], [ -77.5375139, 39.039533400000018 ], [ -77.5367816, 39.0394594 ], [ -77.5359735, 39.039526699999989 ], [ -77.5357088, 39.039553 ], [ -77.5357267, 39.0395715 ], [ -77.5360252, 39.0398793 ], [ -77.5363098, 39.0404224 ], [ -77.5364887, 39.040915 ], [ -77.5364562, 39.041521299999971 ], [ -77.5360252, 39.0423991 ], [ -77.5357045, 39.042578700000035 ], [ -77.5356756, 39.042594900000026 ], [ -77.5353747, 39.042683300000029 ], [ -77.5346112, 39.042651400000011 ], [ -77.533409600000013, 39.042718100000059 ], [ -77.5323539, 39.043004699999983 ], [ -77.5318389, 39.043404699999982 ], [ -77.5316243, 39.043784700000053 ], [ -77.5332611, 39.045045900000027 ], [ -77.5339263, 39.0454542 ], [ -77.5343485, 39.045764900000016 ], [ -77.5347973, 39.046089799999983 ], [ -77.53537630000001, 39.046481500000048 ], [ -77.536245, 39.047047300000045 ], [ -77.5369906, 39.047381 ], [ -77.5373471, 39.047540600000048 ], [ -77.5382259, 39.047767399999977 ] ] ] ] } },
{ "type": "Feature", "properties": { "id": "01422191450", "state": "North Dakota", "state_abb": "ND", "state_id": "38", "county": "Dickey County", "county_id": "021", "operator": "Applied Digital", "ref": null, "name": "Applied Digital / Ellendale Data Center", "sqft": 2706037.0, "lon": -98.572440917446372, "lat": 46.013549459536904, "type": "campus" }, "geometry": { "type": "MultiPolygon", "coordinates": [ [ [ [ -98.5763595, 46.014039600000011 ], [ -98.5763681, 46.0112875 ], [ -98.5689591, 46.011276100000018 ], [ -98.5689568, 46.011979500000031 ], [ -98.5702662, 46.012747899999979 ], [ -98.5702623, 46.01426840000002 ], [ -98.568738, 46.0142665 ], [ -98.5687329, 46.0161602 ], [ -98.574063, 46.0161673 ], [ -98.5740691, 46.0140363 ], [ -98.5763595, 46.014039600000011 ] ] ] ] } },
{ "type": "Feature", "properties": { "id": "01450418654", "state": "Texas", "state_abb": "TX", "state_id": "48", "county": "Milam County", "county_id": "331", "operator": null, "ref": null, "name": "Riot Rockdale", "sqft": 4357993.0, "lon": -97.080184985477032, "lat": 30.573314524615789, "type": "campus" }, "geometry": { "type": "MultiPolygon", "coordinates": [ [ [ [ -97.0787303, 30.5703556 ], [ -97.0777433, 30.570660500000042 ], [ -97.076091, 30.571173199999983 ], [ -97.0766758, 30.5725126 ], [ -97.0786552, 30.577066500000011 ], [ -97.0787142, 30.577048 ], [ -97.0796906, 30.576821700000011 ], [ -97.0808117, 30.5765677 ], [ -97.0841162, 30.5758149 ], [ -97.0836549, 30.574526299999985 ], [ -97.0833169, 30.57358870000002 ], [ -97.0818149, 30.569399500000031 ], [ -97.0787303, 30.5703556 ] ] ] ] } },
{ "type": "Feature", "properties": { "id": "01450422488", "state": "Texas", "state_abb": "TX", "state_id": "48", "county": "Navarro County", "county_id": "349", "operator": null, "ref": null, "name": "Riot Corsiana", "sqft": 11717820.0, "lon": -96.513289041431122, "lat": 31.969859243171552, "type": "campus" }, "geometry": { "type": "MultiPolygon", "coordinates": [ [ [ [ -96.5096167, 31.974954099999966 ], [ -96.5097026, 31.9750269 ], [ -96.5097884, 31.975099700000015 ], [ -96.5098742, 31.97509970000004 ], [ -96.5098742, 31.975172500000035 ], [ -96.5099601, 31.975172500000035 ], [ -96.5100459, 31.975172500000035 ], [ -96.5101317, 31.975172500000042 ], [ -96.5102175, 31.975172500000035 ], [ -96.5103034, 31.975172500000035 ], [ -96.5103892, 31.975172500000035 ], [ -96.510475, 31.975099700000015 ], [ -96.5105609, 31.975099700000015 ], [ -96.5107325, 31.9750269 ], [ -96.5108184, 31.974954099999966 ], [ -96.5109042, 31.974954099999966 ], [ -96.51099, 31.9749541 ], [ -96.5110759, 31.974954099999966 ], [ -96.511161700000017, 31.97495409999997 ], [ -96.5112475, 31.9750269 ], [ -96.511333300000018, 31.9750269 ], [ -96.5114192, 31.974954099999966 ], [ -96.511505, 31.974954099999966 ], [ -96.5115908, 31.97495409999997 ], [ -96.5115908, 31.974881300000039 ], [ -96.5116767, 31.974881300000039 ], [ -96.5116767, 31.974808500000034 ], [ -96.5118483, 31.974662900000066 ], [ -96.5119342, 31.974517199999941 ], [ -96.5121058, 31.974298799999975 ], [ -96.5121058, 31.974226 ], [ -96.5121917, 31.974153199999968 ], [ -96.5122775, 31.97408040000002 ], [ -96.5123633, 31.974007599999929 ], [ -96.5124491, 31.973934799999981 ], [ -96.512535, 31.973862 ], [ -96.5126208, 31.9737891 ], [ -96.5126208, 31.973716299999989 ], [ -96.5126208, 31.973643499999977 ], [ -96.5127066, 31.9735707 ], [ -96.5127066, 31.973497899999973 ], [ -96.5127066, 31.973425099999975 ], [ -96.5127066, 31.973352299999974 ], [ -96.5127066, 31.973279499999936 ], [ -96.5127066, 31.9732067 ], [ -96.5127066, 31.973133899999986 ], [ -96.5127925, 31.973133899999986 ], [ -96.5127925, 31.973061 ], [ -96.5127925, 31.972988200000039 ], [ -96.5128783, 31.972988200000039 ], [ -96.5128783, 31.9729154 ], [ -96.5129641, 31.972915400000019 ], [ -96.5129641, 31.9728426 ], [ -96.51305, 31.972842600000025 ], [ -96.5131358, 31.9727698 ], [ -96.5132216, 31.9727698 ], [ -96.5133075, 31.9727698 ], [ -96.5133933, 31.9727698 ], [ -96.5134791, 31.9727698 ], [ -96.5135649, 31.972769799999973 ], [ -96.5136508, 31.972769799999973 ], [ -96.5137366, 31.972842600000025 ], [ -96.5138224, 31.9728426 ], [ -96.5139083, 31.9728426 ], [ -96.5140799, 31.9728426 ], [ -96.5141658, 31.972842600000025 ], [ -96.5142516, 31.972842600000025 ], [ -96.5143374, 31.9727698 ], [ -96.5144233, 31.97276980000002 ], [ -96.5145091, 31.9727698 ], [ -96.5146807, 31.97276980000002 ], [ -96.5147666, 31.9728426 ], [ -96.5148524, 31.9728426 ], [ -96.5149382, 31.9728426 ], [ -96.5150241, 31.9728426 ], [ -96.515109900000013, 31.9728426 ], [ -96.5151957, 31.972842600000025 ], [ -96.5152816, 31.9728426 ], [ -96.5153674, 31.9727698 ], [ -96.5154532, 31.9727698 ], [ -96.5154532, 31.972697 ], [ -96.5156249, 31.9726242 ], [ -96.515710700000014, 31.972551400000011 ], [ -96.5157965, 31.972478599999985 ], [ -96.5159682, 31.9724058 ], [ -96.5159682, 31.972332900000012 ], [ -96.516054, 31.972332900000026 ], [ -96.5161399, 31.972332900000026 ], [ -96.5162257, 31.972332899999987 ], [ -96.5163115, 31.972332900000026 ], [ -96.5163974, 31.972332900000026 ], [ -96.5163974, 31.9724058 ], [ -96.5164832, 31.9724058 ], [ -96.5164832, 31.972478599999985 ], [ -96.516569, 31.972551400000011 ], [ -96.516569, 31.9726242 ], [ -96.5166549, 31.972697 ], [ -96.5166549, 31.972769799999973 ], [ -96.5166549, 31.9728426 ], [ -96.5167407, 31.972842600000025 ], [ -96.5167407, 31.9729154 ], [ -96.5168265, 31.9729154 ], [ -96.5169123, 31.972988200000039 ], [ -96.5169982, 31.972988200000039 ], [ -96.517084, 31.9729882 ], [ -96.5171698, 31.972988200000039 ], [ -96.5172557, 31.9729154 ], [ -96.5173415, 31.9729154 ], [ -96.5174273, 31.972842599999982 ], [ -96.5175132, 31.9728426 ], [ -96.517599, 31.9728426 ], [ -96.5176848, 31.972842600000025 ], [ -96.5177707, 31.9728426 ], [ -96.5178565, 31.972842600000025 ], [ -96.5179423, 31.9728426 ], [ -96.5180281, 31.9728426 ], [ -96.518114, 31.9729154 ], [ -96.518199800000019, 31.9729882 ], [ -96.5182856, 31.973061 ], [ -96.5182856, 31.973133899999986 ], [ -96.5182856, 31.9732067 ], [ -96.5182856, 31.973279499999968 ], [ -96.5183715, 31.973352299999974 ], [ -96.5183715, 31.973425099999975 ], [ -96.5183715, 31.973497899999973 ], [ -96.5184573, 31.9735707 ], [ -96.5185431, 31.9735707 ], [ -96.5185431, 31.973643499999977 ], [ -96.518629, 31.973643499999977 ], [ -96.5187148, 31.973643499999977 ], [ -96.5188006, 31.973643499999977 ], [ -96.5188864, 31.973570700000025 ], [ -96.5189723, 31.973570700000025 ], [ -96.5189723, 31.973497899999973 ], [ -96.5190581, 31.973425099999968 ], [ -96.5190581, 31.973352299999974 ], [ -96.5191439, 31.973352299999974 ], [ -96.5192298, 31.973352299999974 ], [ -96.5193156, 31.973352299999974 ], [ -96.5194014, 31.973352299999974 ], [ -96.5194873, 31.973352299999966 ], [ -96.5194873, 31.973279499999968 ], [ -96.5195731, 31.973279499999968 ], [ -96.51965890000001, 31.973279499999968 ], [ -96.51965890000001, 31.9732067 ], [ -96.5197448, 31.9732067 ], [ -96.5197448, 31.973133899999986 ], [ -96.5197448, 31.973061 ], [ -96.5197448, 31.9729882 ], [ -96.5197448, 31.9729154 ], [ -96.5197448, 31.9728426 ], [ -96.5197448, 31.97276980000002 ], [ -96.51965890000001, 31.972697 ], [ -96.51965890000001, 31.9726242 ], [ -96.51965890000001, 31.972551400000025 ], [ -96.51965890000001, 31.972478599999985 ], [ -96.5197448, 31.972478599999985 ], [ -96.5197448, 31.9724058 ], [ -96.5198306, 31.9724058 ], [ -96.5199164, 31.972332900000012 ], [ -96.5200022, 31.972332900000012 ], [ -96.5200881, 31.972332900000026 ], [ -96.5200881, 31.9724058 ], [ -96.5201739, 31.9724058 ], [ -96.5202597, 31.972478599999985 ], [ -96.5203456, 31.9724786 ], [ -96.5204314, 31.972551400000011 ], [ -96.5205172, 31.972551400000011 ], [ -96.5206031, 31.972551400000011 ], [ -96.5206889, 31.972551400000011 ], [ -96.5207747, 31.972551400000025 ], [ -96.5208606, 31.972551400000011 ], [ -96.5209464, 31.972478599999985 ], [ -96.5209464, 31.9724058 ], [ -96.5210322, 31.972332900000026 ], [ -96.5210322, 31.9722601 ], [ -96.5210322, 31.972187300000012 ], [ -96.5209464, 31.9721145 ], [ -96.5209464, 31.9720417 ], [ -96.5208606, 31.971896100000023 ], [ -96.5208606, 31.971823300000043 ], [ -96.5208606, 31.971750500000024 ], [ -96.5209464, 31.971677600000032 ], [ -96.5209464, 31.971604800000012 ], [ -96.5210322, 31.971604800000023 ], [ -96.521118, 31.971532 ], [ -96.5212039, 31.971532 ], [ -96.5212897, 31.971532 ], [ -96.5213755, 31.971532 ], [ -96.5214614, 31.971604800000012 ], [ -96.5215472, 31.971677600000049 ], [ -96.5215472, 31.971750500000034 ], [ -96.521633, 31.971750500000024 ], [ -96.521633, 31.971823300000043 ], [ -96.5217189, 31.971896100000023 ], [ -96.5218047, 31.971968900000029 ], [ -96.5218905, 31.9719689 ], [ -96.5218905, 31.9720417 ], [ -96.521976400000014, 31.9720417 ], [ -96.521976400000014, 31.9721145 ], [ -96.5220622, 31.972114500000028 ], [ -96.5220622, 31.972187300000019 ], [ -96.522148, 31.9722601 ], [ -96.522148, 31.972332900000012 ], [ -96.522148, 31.9724058 ], [ -96.522148, 31.972478599999985 ], [ -96.522148, 31.9726242 ], [ -96.5222338, 31.97276980000002 ], [ -96.5222338, 31.972842599999982 ], [ -96.5222338, 31.9729154 ], [ -96.5222338, 31.972988200000039 ], [ -96.5223197, 31.972988200000039 ], [ -96.5223197, 31.973061 ], [ -96.5224055, 31.973061 ], [ -96.5224913, 31.973133899999986 ], [ -96.522577200000015, 31.973133900000011 ], [ -96.522577200000015, 31.973061 ], [ -96.522663, 31.973061 ], [ -96.522748800000016, 31.973061 ], [ -96.5228347, 31.973061 ], [ -96.5229205, 31.973133899999986 ], [ -96.5230063, 31.973133900000011 ], [ -96.5230922, 31.973133899999986 ], [ -96.523178, 31.9732067 ], [ -96.5232638, 31.9732067 ], [ -96.5233496, 31.9732067 ], [ -96.5234355, 31.9732067 ], [ -96.5235213, 31.9732067 ], [ -96.5236071, 31.9732067 ], [ -96.523693, 31.9732067 ], [ -96.523693, 31.973133899999986 ], [ -96.5237788, 31.973133899999986 ], [ -96.5237788, 31.973061 ], [ -96.5237788, 31.972988200000039 ], [ -96.5237788, 31.9729154 ], [ -96.523693, 31.9728426 ], [ -96.523693, 31.9727698 ], [ -96.523693, 31.972697 ], [ -96.5237788, 31.9726242 ], [ -96.5131358, 31.963668100000021 ], [ -96.5129641, 31.963522500000014 ], [ -96.5128783, 31.9635953 ], [ -96.5127925, 31.963740899999969 ], [ -96.5126208, 31.9637409 ], [ -96.511161700000017, 31.964614699999988 ], [ -96.5109042, 31.964833199999973 ], [ -96.510475, 31.964978800000043 ], [ -96.510475, 31.9650516 ], [ -96.5103892, 31.965051600000045 ], [ -96.5102175, 31.965197200000013 ], [ -96.5101317, 31.965270099999966 ], [ -96.5100459, 31.965342899999975 ], [ -96.5099601, 31.96541569999998 ], [ -96.5097884, 31.9654885 ], [ -96.5097026, 31.9656341 ], [ -96.5096167, 31.965707 ], [ -96.5095309, 31.965852600000026 ], [ -96.5094451, 31.9659982 ], [ -96.5091018, 31.966435100000012 ], [ -96.507986, 31.967891399999981 ], [ -96.5076426, 31.968401100000012 ], [ -96.5072993, 31.968838 ], [ -96.5072135, 31.9689108 ], [ -96.5071276, 31.969056399999975 ], [ -96.5070418, 31.969202 ], [ -96.506956, 31.9693477 ], [ -96.506612700000019, 31.970075800000028 ], [ -96.5065268, 31.9702942 ], [ -96.5063552, 31.970512700000032 ], [ -96.5062693, 31.970658300000014 ], [ -96.5061835, 31.970731099999966 ], [ -96.5061835, 31.970803899999989 ], [ -96.5060977, 31.970876699999959 ], [ -96.5060118, 31.9709495 ], [ -96.5056685, 31.971604800000012 ], [ -96.5057544, 31.971677600000032 ], [ -96.5058402, 31.971677600000032 ], [ -96.5058402, 31.971750500000024 ], [ -96.505926, 31.971750500000024 ], [ -96.505926, 31.971823300000043 ], [ -96.5060118, 31.971823300000022 ], [ -96.5060118, 31.9718961 ], [ -96.5060118, 31.9719689 ], [ -96.5060118, 31.9720417 ], [ -96.5060118, 31.9721873 ], [ -96.5060118, 31.972332900000012 ], [ -96.5060118, 31.972478599999985 ], [ -96.5060118, 31.972624199999984 ], [ -96.5060118, 31.9727698 ], [ -96.5060118, 31.9729154 ], [ -96.5060118, 31.973061 ], [ -96.5060118, 31.973133899999986 ], [ -96.5060977, 31.9732067 ], [ -96.5060977, 31.973279499999968 ], [ -96.5061835, 31.973279499999968 ], [ -96.5061835, 31.973352299999974 ], [ -96.5062693, 31.973352299999974 ], [ -96.5063552, 31.973352300000013 ], [ -96.5063552, 31.973425099999975 ], [ -96.506441, 31.973425099999975 ], [ -96.5065268, 31.973425099999975 ], [ -96.506612700000019, 31.973425099999975 ], [ -96.5066985, 31.973425099999975 ], [ -96.506784300000021, 31.973352299999974 ], [ -96.5068702, 31.973352299999974 ], [ -96.506956, 31.973352299999974 ], [ -96.5070418, 31.973352299999966 ], [ -96.5071276, 31.973352299999974 ], [ -96.5072135, 31.973425099999982 ], [ -96.5072993, 31.973425099999975 ], [ -96.507471, 31.973497899999941 ], [ -96.5075568, 31.973497899999973 ], [ -96.5077285, 31.973570700000025 ], [ -96.5079001, 31.973643499999977 ], [ -96.507986, 31.973716299999989 ], [ -96.50807180000001, 31.973716299999989 ], [ -96.5081576, 31.973716299999971 ], [ -96.508243400000012, 31.9737891 ], [ -96.5083293, 31.9737891 ], [ -96.5084151, 31.9737891 ], [ -96.5085009, 31.9737891 ], [ -96.5085868, 31.973716299999971 ], [ -96.508672600000011, 31.973716299999989 ], [ -96.5087584, 31.973716299999989 ], [ -96.5088443, 31.973716299999971 ], [ -96.5088443, 31.973643499999977 ], [ -96.5089301, 31.973643499999977 ], [ -96.5090159, 31.973643499999977 ], [ -96.5091018, 31.973643499999977 ], [ -96.5091018, 31.973716299999989 ], [ -96.5091876, 31.973716299999989 ], [ -96.5092734, 31.973716299999989 ], [ -96.5093592, 31.9737891 ], [ -96.5094451, 31.973862 ], [ -96.5095309, 31.9739348 ], [ -96.5095309, 31.974007599999975 ], [ -96.5095309, 31.974080400000052 ], [ -96.5095309, 31.974153199999968 ], [ -96.5095309, 31.974662900000052 ], [ -96.5095309, 31.974735700000039 ], [ -96.5096167, 31.974808500000016 ], [ -96.5096167, 31.974881300000039 ], [ -96.5096167, 31.974954099999966 ] ] ] ] } },
{ "type": "Feature", "properties": { "id": "01450788161", "state": "Kentucky", "state_abb": "KY", "state_id": "21", "county": "McCracken County", "county_id": "145", "operator": null, "ref": null, "name": "Riot Kentucky", "sqft": 223516.0, "lon": -88.70305756107939, "lat": 37.089239098119343, "type": "campus" }, "geometry": { "type": "MultiPolygon", "coordinates": [ [ [ [ -88.703012500000014, 37.090034399999972 ], [ -88.7037849, 37.0902056 ], [ -88.7038708, 37.088630800000054 ], [ -88.7037849, 37.088630800000033 ], [ -88.7036991, 37.088630800000033 ], [ -88.7035275, 37.088596600000031 ], [ -88.7034416, 37.088596600000031 ], [ -88.70327, 37.088596600000031 ], [ -88.7030554, 37.088596600000031 ], [ -88.7029266, 37.088596600000031 ], [ -88.7028837, 37.088596600000031 ], [ -88.7027979, 37.088630800000018 ], [ -88.7027121, 37.088630800000033 ], [ -88.7025833, 37.088630800000033 ], [ -88.7024975, 37.0886651 ], [ -88.7023258, 37.088699300000052 ], [ -88.70224, 37.088699300000052 ], [ -88.7018967, 37.088802 ], [ -88.7021112, 37.0894524 ], [ -88.7031412, 37.0896921 ], [ -88.703012500000014, 37.090034399999972 ] ] ] ] } },
{ "type": "Feature", "properties": { "id": "01453996659", "state": "Wisconsin", "state_abb": "WI", "state_id": "55", "county": "Dodge County", "county_id": "027", "operator": "Meta", "ref": null, "name": "Meta Beaver Dam Data Center", "sqft": 18261491.0, "lon": -88.816522128089332, "lat": 43.510374241426895, "type": "campus" }, "geometry": { "type": "MultiPolygon", "coordinates": [ [ [ [ -88.8300419, 43.516974899999987 ], [ -88.8299668, 43.5133274 ], [ -88.8203967, 43.513304 ], [ -88.8199783, 43.506106499999952 ], [ -88.8199461, 43.502721300000019 ], [ -88.8096625, 43.5027875 ], [ -88.8078547, 43.505577300000056 ], [ -88.8073719, 43.507763900000057 ], [ -88.8062775, 43.5092579 ], [ -88.8106334, 43.513164 ], [ -88.8130903, 43.5153425 ], [ -88.8151932, 43.516992 ], [ -88.8300419, 43.516974899999987 ] ] ] ] } },
{ "type": "Feature", "properties": { "id": "01455907959", "state": "Wyoming", "state_abb": "WY", "state_id": "56", "county": "Laramie County", "county_id": "021", "operator": "Meta", "ref": null, "name": "Meta Cheyenne Data Center", "sqft": 11352010.0, "lon": -104.82549757192865, "lat": 41.0779035259037, "type": "campus" }, "geometry": { "type": "MultiPolygon", "coordinates": [ [ [ [ -104.8188786, 41.073632 ], [ -104.8190502, 41.082253400000042 ], [ -104.831924900000018, 41.082253400000042 ], [ -104.83209650000002, 41.073551100000024 ], [ -104.8188786, 41.073632 ] ] ] ] } },
{ "type": "Feature", "properties": { "id": "01459680304", "state": "Tennessee", "state_abb": "TN", "state_id": "47", "county": "Henry County", "county_id": "079", "operator": null, "ref": null, "name": "Newrays Two LLC Mining", "sqft": 85491.0, "lon": -88.320073150064971, "lat": 36.327031600822401, "type": "campus" }, "geometry": { "type": "MultiPolygon", "coordinates": [ [ [ [ -88.3195627, 36.327434100000012 ], [ -88.3206823, 36.3273321 ], [ -88.3205836, 36.326629100000027 ], [ -88.319464, 36.326731100000025 ], [ -88.3195627, 36.327434100000012 ] ] ] ] } },
{ "type": "Feature", "properties": { "id": "01459880367", "state": "Mississippi", "state_abb": "MS", "state_id": "28", "county": "Madison County", "county_id": "089", "operator": null, "ref": null, "name": "Amazon Canton Data Center", "sqft": 16581378.0, "lon": -90.091852430519594, "lat": 32.597993067055405, "type": "campus" }, "geometry": { "type": "MultiPolygon", "coordinates": [ [ [ [ -90.0927741, 32.589699199999984 ], [ -90.0923109, 32.590124100000011 ], [ -90.0912501, 32.591519 ], [ -90.0910391, 32.5918354 ], [ -90.0895864, 32.593902200000059 ], [ -90.089463, 32.59405 ], [ -90.0891259, 32.594495700000053 ], [ -90.0889943, 32.5946435 ], [ -90.0886736, 32.594980599999964 ], [ -90.0883283, 32.5953455 ], [ -90.0861561, 32.597485 ], [ -90.0833945, 32.60028020000005 ], [ -90.0831616, 32.60049039999997 ], [ -90.082945, 32.600672800000055 ], [ -90.0826408, 32.600894399999973 ], [ -90.0822762, 32.60113 ], [ -90.0819172, 32.6013332 ], [ -90.085187100000013, 32.6040648 ], [ -90.089912500000011, 32.604050899999983 ], [ -90.0915078, 32.604050900000011 ], [ -90.0962414, 32.604055499999987 ], [ -90.0961564, 32.6019982 ], [ -90.096436, 32.601035299999964 ], [ -90.0964662, 32.597613100000018 ], [ -90.0965045, 32.597179 ], [ -90.096625100000011, 32.597082 ], [ -90.0969623, 32.5969827 ], [ -90.0974091, 32.5969042 ], [ -90.1003446, 32.5969019 ], [ -90.1003501, 32.5945188 ], [ -90.1003364, 32.5943271 ], [ -90.100309, 32.594165500000045 ], [ -90.1002734, 32.594066200000029 ], [ -90.1001774, 32.593835200000036 ], [ -90.1000322, 32.593625100000011 ], [ -90.0998485, 32.593456500000038 ], [ -90.0996621, 32.593311 ], [ -90.0994072, 32.593170200000024 ], [ -90.0983465, 32.5926575 ], [ -90.0958344, 32.591456599999979 ], [ -90.0955863, 32.5913377 ], [ -90.0955, 32.591289200000027 ], [ -90.0953643, 32.591200299999969 ], [ -90.0952327, 32.591105600000041 ], [ -90.095119, 32.5910167 ], [ -90.0950354, 32.5909232 ], [ -90.0949175, 32.59081350000006 ], [ -90.0947572, 32.590658800000028 ], [ -90.09442, 32.59028230000002 ], [ -90.0942186, 32.590083700000015 ], [ -90.0940582, 32.589931299999975 ], [ -90.0939226, 32.589829700000045 ], [ -90.0937677, 32.5897223 ], [ -90.0936471, 32.589632199999954 ], [ -90.0935484, 32.589556 ], [ -90.0934374, 32.589501800000043 ], [ -90.0933278, 32.5894717 ], [ -90.0932113, 32.5894671 ], [ -90.0931291, 32.589481 ], [ -90.0930139, 32.5895179 ], [ -90.0929194, 32.589565299999961 ], [ -90.0928536, 32.589621899999983 ], [ -90.0927741, 32.589699199999984 ] ] ] ] } },
{ "type": "Feature", "properties": { "id": "01465196735", "state": "Oregon", "state_abb": "OR", "state_id": "41", "county": "Washington County", "county_id": "067", "operator": "Quality Technology Services", "ref": null, "name": "QTS North HIL3 North Building", "sqft": 176342.0, "lon": -122.91848930131913, "lat": 45.572027578605635, "type": "campus" }, "geometry": { "type": "MultiPolygon", "coordinates": [ [ [ [ -122.920301599999988, 45.572291899999989 ], [ -122.9203058, 45.571679800000048 ], [ -122.920109, 45.571679099999976 ], [ -122.92010980000002, 45.571558399999979 ], [ -122.919872500000011, 45.57155759999997 ], [ -122.919870799999984, 45.571814400000051 ], [ -122.9167519, 45.5718045 ], [ -122.9167529, 45.571661799999973 ], [ -122.9165745, 45.571661199999966 ], [ -122.9165703, 45.572279300000012 ], [ -122.920301599999988, 45.572291899999989 ] ] ] ] } },
{ "type": "Feature", "properties": { "id": "01465196736", "state": "Oregon", "state_abb": "OR", "state_id": "41", "county": "Washington County", "county_id": "067", "operator": "Quality Technology Services", "ref": null, "name": "QTS North HIL3 South Building", "sqft": 215922.0, "lon": -122.91989791093344, "lat": 45.570077075078949, "type": "campus" }, "geometry": { "type": "MultiPolygon", "coordinates": [ [ [ [ -122.9177367, 45.570290600000028 ], [ -122.9216393, 45.570304400000026 ], [ -122.9216374, 45.570572099999978 ], [ -122.9218818, 45.570573 ], [ -122.921882600000018, 45.57046380000002 ], [ -122.922108699999981, 45.5704646 ], [ -122.92211349999998, 45.569826700000036 ], [ -122.917557800000012, 45.5698095 ], [ -122.9175531, 45.570423900000016 ], [ -122.9177357, 45.570424600000017 ], [ -122.9177367, 45.570290600000028 ] ] ] ] } },
{ "type": "Feature", "properties": { "id": "00254756938", "state": "Nevada", "state_abb": "NV", "state_id": "32", "county": "Clark County", "county_id": "003", "operator": "Lumen Technologies", "ref": null, "name": "CenturyLink", "sqft": 49212.0, "lon": -115.08338594607392, "lat": 36.143716212884904, "type": "campus" }, "geometry": { "type": "MultiPolygon", "coordinates": [ [ [ [ -115.0831284, 36.143272 ], [ -115.083644399999983, 36.143273099999945 ], [ -115.0836416, 36.144140599999957 ], [ -115.083640699999989, 36.1441672 ], [ -115.083183, 36.1441573 ], [ -115.083144799999985, 36.1441375 ], [ -115.0831257, 36.144115400000011 ], [ -115.0831284, 36.143272 ] ] ] ] } },
{ "type": "Feature", "properties": { "id": "00509611414", "state": "Texas", "state_abb": "TX", "state_id": "48", "county": "Bexar County", "county_id": "029", "operator": "National Security Agency", "ref": null, "name": "Texas Cryptologic Center", "sqft": 465165.0, "lon": -98.640687953955364, "lat": 29.447408414068715, "type": "campus" }, "geometry": { "type": "MultiPolygon", "coordinates": [ [ [ [ -98.6413515, 29.446216199999977 ], [ -98.6416397, 29.4472943 ], [ -98.641762500000013, 29.448376499999942 ], [ -98.6417355, 29.4483789 ], [ -98.6405217, 29.448483300000024 ], [ -98.6398495, 29.448541099999986 ], [ -98.639737, 29.4475493 ], [ -98.6396691, 29.4469506 ], [ -98.6397185, 29.446682199999966 ], [ -98.6401157, 29.446324199999978 ], [ -98.6402724, 29.44628789999998 ], [ -98.640568200000018, 29.446262400000013 ], [ -98.6413515, 29.446216199999977 ] ] ] ] } },
{ "type": "Feature", "properties": { "id": "00518921099", "state": "Arizona", "state_abb": "AZ", "state_id": "04", "county": "Maricopa County", "county_id": "013", "operator": "Google", "ref": null, "name": "Google Data Center", "sqft": 7905597.0, "lon": -111.67591118204943, "lat": 33.353975935327369, "type": "campus" }, "geometry": { "type": "MultiPolygon", "coordinates": [ [ [ [ -111.6708997, 33.3505293 ], [ -111.6808641, 33.350619 ], [ -111.6821127, 33.35605309999994 ], [ -111.681199, 33.3562569 ], [ -111.675053, 33.357617 ], [ -111.6737992, 33.3577166 ], [ -111.6707468, 33.357748 ], [ -111.6707415, 33.35549190000004 ], [ -111.6708997, 33.3505293 ] ] ] ] } },
{ "type": "Feature", "properties": { "id": "00680666647", "state": "Washington", "state_abb": "WA", "state_id": "53", "county": "Pierce County", "county_id": "053", "operator": null, "ref": null, "name": "Centeris", "sqft": 1848925.0, "lon": -122.2796841184508, "lat": 47.159591948338182, "type": "campus" }, "geometry": { "type": "MultiPolygon", "coordinates": [ [ [ [ -122.2816087, 47.1569466 ], [ -122.2818661, 47.157137100000014 ], [ -122.28198279999998, 47.157446200000024 ], [ -122.281995600000016, 47.158382300000014 ], [ -122.2819987, 47.1586285 ], [ -122.282027, 47.160979899999965 ], [ -122.281981400000021, 47.161087500000036 ], [ -122.281858, 47.161249799999965 ], [ -122.281335, 47.161760400000034 ], [ -122.2778642, 47.161693 ], [ -122.27707030000002, 47.16120420000005 ], [ -122.276843099999979, 47.1607519 ], [ -122.276825300000013, 47.160085100000011 ], [ -122.2768372, 47.15909850000002 ], [ -122.2786766, 47.1578316 ], [ -122.2806039, 47.156959100000016 ], [ -122.2816087, 47.1569466 ] ] ] ] } },
{ "type": "Feature", "properties": { "id": "00685011021", "state": "Arizona", "state_abb": "AZ", "state_id": "04", "county": "Maricopa County", "county_id": "013", "operator": "Iron Mountain", "ref": "AZP-2", "name": "Iron Mountain AZP-2", "sqft": 463636.0, "lon": -111.97730491362317, "lat": 33.45214088175117, "type": "campus" }, "geometry": { "type": "MultiPolygon", "coordinates": [ [ [ [ -111.9762193, 33.451155199999974 ], [ -111.9772953, 33.451161 ], [ -111.9782601, 33.451179 ], [ -111.978302700000015, 33.451182500000023 ], [ -111.9783319, 33.4511999 ], [ -111.9783498, 33.451216 ], [ -111.978358600000021, 33.451239699999974 ], [ -111.97836980000001, 33.452945900000017 ], [ -111.9783258, 33.453159699999972 ], [ -111.9772867, 33.453159200000016 ], [ -111.976222, 33.4529834 ], [ -111.9762193, 33.451155199999974 ] ] ] ] } },
{ "type": "Feature", "properties": { "id": "00713411278", "state": "Texas", "state_abb": "TX", "state_id": "48", "county": "Travis County", "county_id": "453", "operator": null, "ref": null, "name": null, "sqft": 505061.0, "lon": -97.700669522743752, "lat": 30.207137561725276, "type": "campus" }, "geometry": { "type": "MultiPolygon", "coordinates": [ [ [ [ -97.702163, 30.206217399999971 ], [ -97.7024566, 30.20751 ], [ -97.7000935, 30.207910799999986 ], [ -97.6991464, 30.208008700000033 ], [ -97.6988666, 30.206776399999978 ], [ -97.702163, 30.206217399999971 ] ] ] ] } },
{ "type": "Feature", "properties": { "id": "00713411279", "state": "Texas", "state_abb": "TX", "state_id": "48", "county": "Travis County", "county_id": "453", "operator": null, "ref": null, "name": null, "sqft": 249430.0, "lon": -97.697933148003358, "lat": 30.205950600248734, "type": "campus" }, "geometry": { "type": "MultiPolygon", "coordinates": [ [ [ [ -97.6986049, 30.205158599999972 ], [ -97.6988947, 30.2064369 ], [ -97.6973337, 30.206712700000029 ], [ -97.6970869, 30.206300099999982 ], [ -97.6970172, 30.2060057 ], [ -97.6969876, 30.205795299999981 ], [ -97.6972735, 30.205390300000033 ], [ -97.6986049, 30.205158599999972 ] ] ] ] } },
{ "type": "Feature", "properties": { "id": "00714139868", "state": "New Jersey", "state_abb": "NJ", "state_id": "34", "county": "Hudson County", "county_id": "017", "operator": "CoreSite", "ref": null, "name": "CoreSite Secaucus Campus", "sqft": 438062.0, "lon": -74.065268205349511, "lat": 40.784334248393819, "type": "campus" }, "geometry": { "type": "MultiPolygon", "coordinates": [ [ [ [ -74.0647498, 40.783133699999979 ], [ -74.0662003, 40.783517800000013 ], [ -74.0667055, 40.783669899999971 ], [ -74.066737, 40.783803200000015 ], [ -74.0658841, 40.785435 ], [ -74.0642756, 40.7851995 ], [ -74.0637482, 40.785040700000032 ], [ -74.0647498, 40.783133699999979 ] ] ] ] } },
{ "type": "Feature", "properties": { "id": "00844391357", "state": "Ohio", "state_abb": "OH", "state_id": "39", "county": "Franklin County", "county_id": "049", "operator": "Google", "ref": null, "name": "Google Data Center", "sqft": 22688090.0, "lon": -82.766210827666924, "lat": 40.058206875027558, "type": "campus" }, "geometry": { "type": "MultiPolygon", "coordinates": [ [ [ [ -82.761926, 40.050844599999984 ], [ -82.7689022, 40.051158199999954 ], [ -82.7750099, 40.053984499999956 ], [ -82.7764951, 40.058058400000014 ], [ -82.776186, 40.060595400000018 ], [ -82.773029, 40.062832899999968 ], [ -82.7688063, 40.065029500000023 ], [ -82.7646568, 40.065521199999957 ], [ -82.7624079, 40.064802599999979 ], [ -82.7549259, 40.061008900000033 ], [ -82.7549854, 40.060100600000013 ], [ -82.761926, 40.050844599999984 ] ] ] ] } },
{ "type": "Feature", "properties": { "id": "00844391357", "state": "Ohio", "state_abb": "OH", "state_id": "39", "county": "Licking County", "county_id": "089", "operator": "Google", "ref": null, "name": "Google Data Center", "sqft": 22688090.0, "lon": -82.766210827666924, "lat": 40.058206875027558, "type": "campus" }, "geometry": { "type": "MultiPolygon", "coordinates": [ [ [ [ -82.761926, 40.050844599999984 ], [ -82.7689022, 40.051158199999954 ], [ -82.7750099, 40.053984499999956 ], [ -82.7764951, 40.058058400000014 ], [ -82.776186, 40.060595400000018 ], [ -82.773029, 40.062832899999968 ], [ -82.7688063, 40.065029500000023 ], [ -82.7646568, 40.065521199999957 ], [ -82.7624079, 40.064802599999979 ], [ -82.7549259, 40.061008900000033 ], [ -82.7549854, 40.060100600000013 ], [ -82.761926, 40.050844599999984 ] ] ] ] } },
{ "type": "Feature", "properties": { "id": "00897226569", "state": "Virginia", "state_abb": "VA", "state_id": "51", "county": "Loudoun County", "county_id": "107", "operator": "Microsoft", "ref": null, "name": "Microsoft Data Center", "sqft": 1575278.0, "lon": -77.559485425462498, "lat": 38.949312045394976, "type": "campus" }, "geometry": { "type": "MultiPolygon", "coordinates": [ [ [ [ -77.5577139, 38.946981200000018 ], [ -77.5585591, 38.946984299999954 ], [ -77.5611763, 38.947022300000029 ], [ -77.5611043, 38.950856299999984 ], [ -77.5598134, 38.952055499999965 ], [ -77.5583247, 38.952052299999984 ], [ -77.5577307, 38.9479207 ], [ -77.557715, 38.9475364 ], [ -77.5577139, 38.946981200000018 ] ] ] ] } },
{ "type": "Feature", "properties": { "id": "00930540164", "state": "California", "state_abb": "CA", "state_id": "06", "county": "San Diego County", "county_id": "073", "operator": null, "ref": null, "name": null, "sqft": 13597.0, "lon": -117.23884634999425, "lat": 33.153600100099887, "type": "campus" }, "geometry": { "type": "MultiPolygon", "coordinates": [ [ [ [ -117.2390248, 33.153429600000017 ], [ -117.239067799999987, 33.153730600000031 ], [ -117.238667899999982, 33.153770599999973 ], [ -117.2386249, 33.1534696 ], [ -117.2390248, 33.153429600000017 ] ] ] ] } },
{ "type": "Feature", "properties": { "id": "00936368014", "state": "New Jersey", "state_abb": "NJ", "state_id": "34", "county": "Somerset County", "county_id": "035", "operator": null, "ref": null, "name": null, "sqft": 284322.0, "lon": -74.548019713247072, "lat": 40.524214419512603, "type": "campus" }, "geometry": { "type": "MultiPolygon", "coordinates": [ [ [ [ -74.5480406, 40.523582300000044 ], [ -74.5490706, 40.523753499999984 ], [ -74.5492262, 40.523908500000012 ], [ -74.5492824, 40.524133399999975 ], [ -74.549204, 40.524972899999973 ], [ -74.5464796, 40.524475299999985 ], [ -74.54678, 40.5237739 ], [ -74.5470321, 40.52364750000001 ], [ -74.5480406, 40.523582300000044 ] ] ] ] } },
{ "type": "Feature", "properties": { "id": "00989352911", "state": "New Jersey", "state_abb": "NJ", "state_id": "34", "county": "Somerset County", "county_id": "035", "operator": null, "ref": null, "name": null, "sqft": 259234.0, "lon": -74.538434974645071, "lat": 40.543339080969226, "type": "campus" }, "geometry": { "type": "MultiPolygon", "coordinates": [ [ [ [ -74.5377056, 40.542497199999957 ], [ -74.539552, 40.542957 ], [ -74.5393288, 40.544167399999985 ], [ -74.5373739, 40.54372589999997 ], [ -74.5371951, 40.543681399999969 ], [ -74.5377056, 40.542497199999957 ] ] ] ] } },
{ "type": "Feature", "properties": { "id": "01012918195", "state": "Georgia", "state_abb": "GA", "state_id": "13", "county": "Fulton County", "county_id": "121", "operator": null, "ref": null, "name": null, "sqft": 174649.0, "lon": -84.273982042660251, "lat": 34.060985188756867, "type": "campus" }, "geometry": { "type": "MultiPolygon", "coordinates": [ [ [ [ -84.2743179, 34.0601548 ], [ -84.2749134, 34.06049920000001 ], [ -84.2745991, 34.06097980000002 ], [ -84.2739409, 34.061841199999989 ], [ -84.2731397, 34.061421 ], [ -84.2731699, 34.0609814 ], [ -84.2743179, 34.0601548 ] ] ] ] } },
{ "type": "Feature", "properties": { "id": "01052182309", "state": "Arizona", "state_abb": "AZ", "state_id": "04", "county": "Maricopa County", "county_id": "013", "operator": null, "ref": null, "name": null, "sqft": 365629.0, "lon": -112.07061506346676, "lat": 33.493406366117362, "type": "campus" }, "geometry": { "type": "MultiPolygon", "coordinates": [ [ [ [ -112.0707442, 33.492421199999967 ], [ -112.07153910000001, 33.4924232 ], [ -112.071536, 33.494275799999976 ], [ -112.0710599, 33.494280099999983 ], [ -112.06956120000001, 33.4942019 ], [ -112.0695634, 33.4929552 ], [ -112.0707442, 33.492421199999967 ] ] ] ] } },
{ "type": "Feature", "properties": { "id": "01092757323", "state": "Nebraska", "state_abb": "NE", "state_id": "31", "county": "Buffalo County", "county_id": "019", "operator": null, "ref": null, "name": "Compute North", "sqft": 356125.0, "lon": -99.038328822114778, "lat": 40.725923469911343, "type": "campus" }, "geometry": { "type": "MultiPolygon", "coordinates": [ [ [ [ -99.037497, 40.724866499999983 ], [ -99.0391733, 40.7248795 ], [ -99.0391787, 40.7267353 ], [ -99.0389579, 40.726987299999976 ], [ -99.0374934, 40.726987299999976 ], [ -99.037497, 40.724866499999983 ] ] ] ] } },
{ "type": "Feature", "properties": { "id": "01226436457", "state": "Iowa", "state_abb": "IA", "state_id": "19", "county": "Pottawattamie County", "county_id": "155", "operator": "CyrusOne", "ref": "OCB1", "name": "CyrusOne OCB1 Council Bluffs", "sqft": 382799.0, "lon": -95.878019362487748, "lat": 41.2122139766782, "type": "campus" }, "geometry": { "type": "MultiPolygon", "coordinates": [ [ [ [ -95.8780738, 41.211480700000038 ], [ -95.8792673, 41.211494800000033 ], [ -95.8794631, 41.2127458 ], [ -95.8794631, 41.212913300000039 ], [ -95.8765422, 41.212870900000013 ], [ -95.8765368, 41.212782200000014 ], [ -95.8767434, 41.211537200000024 ], [ -95.8780738, 41.211480700000038 ] ] ] ] } },
{ "type": "Feature", "properties": { "id": "01317915930", "state": "Virginia", "state_abb": "VA", "state_id": "51", "county": "Loudoun County", "county_id": "107", "operator": "Centersquare", "ref": "IAD4", "name": "Centersquare Ashburn IAD4 Data Center", "sqft": 287687.0, "lon": -77.453193816793913, "lat": 39.021947713287943, "type": "campus" }, "geometry": { "type": "MultiPolygon", "coordinates": [ [ [ [ -77.4531305, 39.020994599999959 ], [ -77.454165800000013, 39.0213447 ], [ -77.4545547, 39.0216093 ], [ -77.4531171, 39.022999199999987 ], [ -77.4518457, 39.022219899999975 ], [ -77.4531305, 39.020994599999959 ] ] ] ] } },
{ "type": "Feature", "properties": { "id": "01339825480", "state": "Nebraska", "state_abb": "NE", "state_id": "31", "county": "Douglas County", "county_id": "055", "operator": null, "ref": null, "name": null, "sqft": 21448981.0, "lon": -96.091326163579055, "lat": 41.342575749901897, "type": "campus" }, "geometry": { "type": "MultiPolygon", "coordinates": [ [ [ [ -96.0817093, 41.335862700000014 ], [ -96.0907111, 41.3358746 ], [ -96.100148300000015, 41.33929 ], [ -96.1001928, 41.34653129999996 ], [ -96.1001777, 41.3500686 ], [ -96.0957853, 41.3500678 ], [ -96.0943275, 41.3500183 ], [ -96.093066, 41.349919100000029 ], [ -96.0894529, 41.349575 ], [ -96.0826141, 41.3424701 ], [ -96.0820795, 41.341881499999957 ], [ -96.081837, 41.341598700000048 ], [ -96.0816479, 41.341287199999982 ], [ -96.0814685, 41.340973299999973 ], [ -96.0813155, 41.340652800000022 ], [ -96.0805878, 41.337803300000019 ], [ -96.0802204, 41.336034600000019 ], [ -96.0817093, 41.335862700000014 ] ] ] ] } },
{ "type": "Feature", "properties": { "id": "01356594646", "state": "Arizona", "state_abb": "AZ", "state_id": "04", "county": "Maricopa County", "county_id": "013", "operator": "NTT", "ref": null, "name": "NTT PH1 Datacenter", "sqft": 3498780.0, "lon": -111.61234316481308, "lat": 33.353820971794995, "type": "campus" }, "geometry": { "type": "MultiPolygon", "coordinates": [ [ [ [ -111.6099584, 33.350083200000014 ], [ -111.6122339, 33.350156 ], [ -111.6148643, 33.351967500000015 ], [ -111.6148466, 33.357249500000066 ], [ -111.6114948, 33.35723220000002 ], [ -111.6100388, 33.356248199999968 ], [ -111.6099599, 33.3534762 ], [ -111.6099584, 33.350083200000014 ] ] ] ] } },
{ "type": "Feature", "properties": { "id": "01357825755", "state": "Arizona", "state_abb": "AZ", "state_id": "04", "county": "Maricopa County", "county_id": "013", "operator": "Iron Mountain", "ref": "AZP-1", "name": "Iron Mountain AZP-1", "sqft": 1290579.0, "lon": -111.97645506133327, "lat": 33.454487550553843, "type": "campus" }, "geometry": { "type": "MultiPolygon", "coordinates": [ [ [ [ -111.9746034, 33.452977 ], [ -111.976222, 33.4529834 ], [ -111.9783258, 33.453159699999972 ], [ -111.9783648, 33.453759599999977 ], [ -111.9783683, 33.4553624 ], [ -111.9783694, 33.456356400000011 ], [ -111.9783683, 33.4564547 ], [ -111.978219, 33.456475299999987 ], [ -111.9754905, 33.455647300000017 ], [ -111.974067, 33.454922 ], [ -111.9741347, 33.45439240000001 ], [ -111.9743117, 33.453531400000024 ], [ -111.9743224, 33.45349 ], [ -111.9746034, 33.452977 ] ] ] ] } }
]
}
