{
"type": "FeatureCollection",
"name": "NAICS_518210_05_07_26",
"crs": { "type": "name", "properties": { "name": "urn:ogc:def:crs:OGC:1.3:CRS84" } },
"features": [
{ "type": "Feature", "properties": { "ejam_uniq_id": 1, "lat": 37.63191, "lon": -122.11972, "REGISTRY_ID": 110000483101, "PRIMARY_NAME": "GILLIG LLC", "NAICS": "336211, 336510, 518210", "valid": true, "invalid_msg": "" }, "geometry": { "type": "Point", "coordinates": [ -122.11972, 37.63191 ] } },
{ "type": "Feature", "properties": { "ejam_uniq_id": 2, "lat": 39.048437, "lon": -77.119684, "REGISTRY_ID": 110001255105, "PRIMARY_NAME": "ADP OF WASHINGTON", "NAICS": "518210", "valid": true, "invalid_msg": "" }, "geometry": { "type": "Point", "coordinates": [ -77.119684, 39.048437 ] } },
{ "type": "Feature", "properties": { "ejam_uniq_id": 3, "lat": 39.08983, "lon": -77.15369, "REGISTRY_ID": 110001255132, "PRIMARY_NAME": "GENERAL ELECTRIC, ROCKVILLE", "NAICS": "518210", "valid": true, "invalid_msg": "" }, "geometry": { "type": "Point", "coordinates": [ -77.15369, 39.08983 ] } },
{ "type": "Feature", "properties": { "ejam_uniq_id": 4, "lat": 41.6426, "lon": -93.77097, "REGISTRY_ID": 110001397710, "PRIMARY_NAME": "R & R REALTY", "NAICS": "518210", "valid": true, "invalid_msg": "" }, "geometry": { "type": "Point", "coordinates": [ -93.77097, 41.6426 ] } },
{ "type": "Feature", "properties": { "ejam_uniq_id": 5, "lat": 28.052689, "lon": -81.820222, "REGISTRY_ID": 110001410857, "PRIMARY_NAME": "INDUSTRIAL CONTAINER SERV-LAKELAND, LLC", "NAICS": "312229, 313311, 314999, 325998, 332322, 332439, 425120, 488490, 491110, 512240, 512290, 518210, 519190, 522320, 541199, 541340, 541350, 541370, 541410, 541420, 541490, 541870, 541890, 541930, 541990, 561410, 561421, 561422, 561431, 561439, 561440, 561491, 561499, 561591, 561599, 561790, 561910, 561920, 561990, 711310, 711320, 711410, 811310, 812320, 812990", "valid": true, "invalid_msg": "" }, "geometry": { "type": "Point", "coordinates": [ -81.820222, 28.052689 ] } },
{ "type": "Feature", "properties": { "ejam_uniq_id": 6, "lat": 39.832493, "lon": -105.003339, "REGISTRY_ID": 110001431549, "PRIMARY_NAME": "LOCKHEED MARTIN - DENVER DATA CENTER", "NAICS": "518210", "valid": true, "invalid_msg": "" }, "geometry": { "type": "Point", "coordinates": [ -105.003339, 39.832493 ] } },
{ "type": "Feature", "properties": { "ejam_uniq_id": 7, "lat": 36.15191, "lon": -95.9875, "REGISTRY_ID": 110001650393, "PRIMARY_NAME": "BP AMOCO / 512 S CINCINNATI AVE SHARED SVC CTR", "NAICS": "518210", "valid": true, "invalid_msg": "" }, "geometry": { "type": "Point", "coordinates": [ -95.9875, 36.15191 ] } },
{ "type": "Feature", "properties": { "ejam_uniq_id": 8, "lat": 39.714358, "lon": -75.741443, "REGISTRY_ID": 110001736649, "PRIMARY_NAME": "COMPUTER SCIENCES CORPORATION", "NAICS": "518210", "valid": true, "invalid_msg": "" }, "geometry": { "type": "Point", "coordinates": [ -75.741443, 39.714358 ] } },
{ "type": "Feature", "properties": { "ejam_uniq_id": 9, "lat": 39.31638, "lon": -76.74176, "REGISTRY_ID": 110001778354, "PRIMARY_NAME": "CONTROL DATA CORP.", "NAICS": "518210", "valid": true, "invalid_msg": "" }, "geometry": { "type": "Point", "coordinates": [ -76.74176, 39.31638 ] } },
{ "type": "Feature", "properties": { "ejam_uniq_id": 10, "lat": 39.11457, "lon": -77.2347, "REGISTRY_ID": 110001838502, "PRIMARY_NAME": "GE INFORMATION SYSTEMS", "NAICS": "518210", "valid": true, "invalid_msg": "" }, "geometry": { "type": "Point", "coordinates": [ -77.2347, 39.11457 ] } },
{ "type": "Feature", "properties": { "ejam_uniq_id": 11, "lat": 36.86775, "lon": -76.13272, "REGISTRY_ID": 110001889591, "PRIMARY_NAME": "SENTARA HEALTHCARE", "NAICS": "518210, 621498, 622110", "valid": true, "invalid_msg": "" }, "geometry": { "type": "Point", "coordinates": [ -76.13272, 36.86775 ] } },
{ "type": "Feature", "properties": { "ejam_uniq_id": 12, "lat": 36.60181, "lon": -78.54992, "REGISTRY_ID": 110001894040, "PRIMARY_NAME": "TECFUSIONS CLARKSVILLE LLC", "NAICS": "311330, 518210", "valid": true, "invalid_msg": "" }, "geometry": { "type": "Point", "coordinates": [ -78.54992, 36.60181 ] } },
{ "type": "Feature", "properties": { "ejam_uniq_id": 13, "lat": 37.65488, "lon": -77.57832, "REGISTRY_ID": 110001895799, "PRIMARY_NAME": "FIRST HEALTH SERVICES CORPORATION", "NAICS": "518210", "valid": true, "invalid_msg": "" }, "geometry": { "type": "Point", "coordinates": [ -77.57832, 37.65488 ] } },
{ "type": "Feature", "properties": { "ejam_uniq_id": 14, "lat": 38.98483, "lon": -77.42467, "REGISTRY_ID": 110001914821, "PRIMARY_NAME": "22810-22860 INTERNATIONAL DRIVE LLC", "NAICS": "517110, 518210", "valid": true, "invalid_msg": "" }, "geometry": { "type": "Point", "coordinates": [ -77.42467, 38.98483 ] } },
{ "type": "Feature", "properties": { "ejam_uniq_id": 15, "lat": 42.62265, "lon": -71.18326, "REGISTRY_ID": 110002018995, "PRIMARY_NAME": "HEWLETT PACKARD CORP", "NAICS": "334111, 334515, 518210, 541512, 541519, 561499, 811212", "valid": true, "invalid_msg": "" }, "geometry": { "type": "Point", "coordinates": [ -71.18326, 42.62265 ] } },
{ "type": "Feature", "properties": { "ejam_uniq_id": 16, "lat": 39.56056, "lon": -104.85887, "REGISTRY_ID": 110002375689, "PRIMARY_NAME": "EQUINIX LLC - VDC I LLC", "NAICS": "517110, 517111, 517311, 518210", "valid": true, "invalid_msg": "" }, "geometry": { "type": "Point", "coordinates": [ -104.85887, 39.56056 ] } },
{ "type": "Feature", "properties": { "ejam_uniq_id": 17, "lat": 37.785224, "lon": -122.397143, "REGISTRY_ID": 110002947367, "PRIMARY_NAME": "AT&T", "NAICS": "518210", "valid": true, "invalid_msg": "" }, "geometry": { "type": "Point", "coordinates": [ -122.397143, 37.785224 ] } },
{ "type": "Feature", "properties": { "ejam_uniq_id": 18, "lat": 41.509421, "lon": -90.510085, "REGISTRY_ID": 110003050723, "PRIMARY_NAME": "DEERE & CO", "NAICS": "518210, 551114", "valid": true, "invalid_msg": "" }, "geometry": { "type": "Point", "coordinates": [ -90.510085, 41.509421 ] } },
{ "type": "Feature", "properties": { "ejam_uniq_id": 19, "lat": 39.05949, "lon": -76.96499, "REGISTRY_ID": 110003550096, "PRIMARY_NAME": "PROSPERITY DRIVE DATA CENTER, LLC", "NAICS": "518210, 522210, 522220", "valid": true, "invalid_msg": "" }, "geometry": { "type": "Point", "coordinates": [ -76.96499, 39.05949 ] } },
{ "type": "Feature", "properties": { "ejam_uniq_id": 20, "lat": 44.86288, "lon": -93.32892, "REGISTRY_ID": 110003756551, "PRIMARY_NAME": "NATIONAL CAR RENTAL - MINNEAPOLIS", "NAICS": "518210", "valid": true, "invalid_msg": "" }, "geometry": { "type": "Point", "coordinates": [ -93.32892, 44.86288 ] } },
{ "type": "Feature", "properties": { "ejam_uniq_id": 21, "lat": 44.939727, "lon": -93.109047, "REGISTRY_ID": 110003758194, "PRIMARY_NAME": "1001 3RD AVENUE S", "NAICS": "337910, 518210, 811111, 811121", "valid": true, "invalid_msg": "" }, "geometry": { "type": "Point", "coordinates": [ -93.109047, 44.939727 ] } },
{ "type": "Feature", "properties": { "ejam_uniq_id": 22, "lat": 44.9146, "lon": -93.40307, "REGISTRY_ID": 110003907737, "PRIMARY_NAME": "FIS GLOBAL", "NAICS": "518210", "valid": true, "invalid_msg": "" }, "geometry": { "type": "Point", "coordinates": [ -93.40307, 44.9146 ] } },
{ "type": "Feature", "properties": { "ejam_uniq_id": 23, "lat": 44.88405, "lon": -93.4088, "REGISTRY_ID": 110003911606, "PRIMARY_NAME": "HID GLOBAL EDEN PRAIRIE", "NAICS": "051821, 334119, 518210", "valid": true, "invalid_msg": "" }, "geometry": { "type": "Point", "coordinates": [ -93.4088, 44.88405 ] } },
{ "type": "Feature", "properties": { "ejam_uniq_id": 24, "lat": 44.85475, "lon": -93.22613, "REGISTRY_ID": 110003931513, "PRIMARY_NAME": "CERIDIAN CORP", "NAICS": "518210, 541214", "valid": true, "invalid_msg": "" }, "geometry": { "type": "Point", "coordinates": [ -93.22613, 44.85475 ] } },
{ "type": "Feature", "properties": { "ejam_uniq_id": 25, "lat": 41.59939, "lon": -71.43365, "REGISTRY_ID": 110004913041, "PRIMARY_NAME": "ICON INTERNATIONAL  INC", "NAICS": "335110, 335139, 518210", "valid": true, "invalid_msg": "" }, "geometry": { "type": "Point", "coordinates": [ -71.43365, 41.59939 ] } },
{ "type": "Feature", "properties": { "ejam_uniq_id": 26, "lat": 30.16486, "lon": -81.52425, "REGISTRY_ID": 110005274997, "PRIMARY_NAME": "YELLOW TRANSPORTATION INC", "NAICS": "312229, 313311, 314999, 325998, 425120, 488490, 491110, 512240, 512290, 518210, 519190, 522320, 541199, 541340, 541350, 541370, 541410, 541420, 541490, 541870, 541890, 541930, 541990, 561410, 561421, 561422, 561431, 561439, 561440, 561491, 561499, 561591, 561599, 561790, 561910, 561920, 561990, 711310, 711320, 711410, 812320, 812990", "valid": true, "invalid_msg": "" }, "geometry": { "type": "Point", "coordinates": [ -81.52425, 30.16486 ] } },
{ "type": "Feature", "properties": { "ejam_uniq_id": 27, "lat": 27.996247, "lon": -82.005769, "REGISTRY_ID": 110005627161, "PRIMARY_NAME": "PHOSPHATE ENGINEERING & CONSTRUCTION", "NAICS": "312229, 313311, 314999, 325998, 425120, 488490, 491110, 512240, 512290, 518210, 519190, 522320, 541199, 541340, 541350, 541370, 541410, 541420, 541490, 541870, 541890, 541930, 541990, 561410, 561421, 561422, 561431, 561439, 561440, 561491, 561499, 561591, 561599, 561790, 561910, 561920, 561990, 711310, 711320, 711410, 812320, 812990", "valid": true, "invalid_msg": "" }, "geometry": { "type": "Point", "coordinates": [ -82.005769, 27.996247 ] } },
{ "type": "Feature", "properties": { "ejam_uniq_id": 28, "lat": 28.016391, "lon": -82.427088, "REGISTRY_ID": 110005627517, "PRIMARY_NAME": "PRECISION COMMUNICATION SERVICES, INC.", "NAICS": "115210, 238220, 312229, 313311, 314999, 325998, 425120, 442299, 443111, 444130, 444210, 451110, 488390, 488490, 491110, 512240, 512290, 518210, 519190, 522320, 541199, 541340, 541350, 541370, 541410, 541420, 541490, 541870, 541890, 541930, 541990, 561410, 561421, 561422, 561431, 561439, 561440, 561491, 561499, 561591, 561599, 561622, 561790, 561910, 561920, 561990, 562991, 562998, 711310, 711320, 711410, 711510, 811211, 811212, 811213, 811219, 811310, 811411, 811412, 811430, 811490, 812320, 812990", "valid": true, "invalid_msg": "" }, "geometry": { "type": "Point", "coordinates": [ -82.427088, 28.016391 ] } },
{ "type": "Feature", "properties": { "ejam_uniq_id": 29, "lat": 28.270566, "lon": -82.715333, "REGISTRY_ID": 110005645105, "PRIMARY_NAME": "ASHLEY X-RAY SOLUTIONS", "NAICS": "312229, 313311, 314999, 325998, 425120, 488490, 491110, 512240, 512290, 518210, 519190, 522320, 541199, 541340, 541350, 541370, 541410, 541420, 541490, 541870, 541890, 541930, 541990, 561410, 561421, 561422, 561431, 561439, 561440, 561491, 561499, 561591, 561599, 561790, 561910, 561920, 561990, 711310, 711320, 711410, 812320, 812921, 812922, 812990", "valid": true, "invalid_msg": "" }, "geometry": { "type": "Point", "coordinates": [ -82.715333, 28.270566 ] } },
{ "type": "Feature", "properties": { "ejam_uniq_id": 30, "lat": 28.078767, "lon": -81.660415, "REGISTRY_ID": 110005654915, "PRIMARY_NAME": "SYNERGY RECYCLING OF CENTRAL FLORIDA LLC", "NAICS": "312229, 313311, 314999, 325998, 423930, 424710, 425120, 488490, 491110, 512240, 512290, 518210, 519190, 522320, 541199, 541340, 541350, 541370, 541410, 541420, 541490, 541870, 541890, 541930, 541990, 561410, 561421, 561422, 561431, 561439, 561440, 561491, 561499, 561591, 561599, 561790, 561910, 561920, 561990, 562119, 711310, 711320, 711410, 812320, 812990", "valid": true, "invalid_msg": "" }, "geometry": { "type": "Point", "coordinates": [ -81.660415, 28.078767 ] } },
{ "type": "Feature", "properties": { "ejam_uniq_id": 31, "lat": 27.951768, "lon": -82.375791, "REGISTRY_ID": 110005990115, "PRIMARY_NAME": "SOUTH FLORIDA TANK WASH INC", "NAICS": "312229, 313311, 314999, 325998, 425120, 488410, 488490, 491110, 512240, 512290, 518210, 519190, 522320, 541199, 541340, 541350, 541370, 541410, 541420, 541490, 541870, 541890, 541930, 541990, 561410, 561421, 561422, 561431, 561439, 561440, 561491, 561499, 561591, 561599, 561790, 561910, 561920, 561990, 711310, 711320, 711410, 811122, 811191, 811198, 812320, 812990", "valid": true, "invalid_msg": "" }, "geometry": { "type": "Point", "coordinates": [ -82.375791, 27.951768 ] } },
{ "type": "Feature", "properties": { "ejam_uniq_id": 32, "lat": 31.36287, "lon": -94.679583, "REGISTRY_ID": 110006125870, "PRIMARY_NAME": "LUFKIN PAPER MILL", "NAICS": "322121, 322122, 423930, 518210, 999999", "valid": true, "invalid_msg": "" }, "geometry": { "type": "Point", "coordinates": [ -94.679583, 31.36287 ] } },
{ "type": "Feature", "properties": { "ejam_uniq_id": 33, "lat": 28.027133, "lon": -82.065281, "REGISTRY_ID": 110006157498, "PRIMARY_NAME": "TR DRUM, LLC", "NAICS": "312229, 313311, 314999, 325998, 332439, 425120, 488490, 491110, 512240, 512290, 518210, 519190, 522320, 541199, 541340, 541350, 541370, 541410, 541420, 541490, 541870, 541890, 541930, 541990, 561410, 561421, 561422, 561431, 561439, 561440, 561491, 561499, 561591, 561599, 561790, 561910, 561920, 561990, 711310, 711320, 711410, 812320, 812990", "valid": true, "invalid_msg": "" }, "geometry": { "type": "Point", "coordinates": [ -82.065281, 28.027133 ] } },
{ "type": "Feature", "properties": { "ejam_uniq_id": 34, "lat": 35.15333, "lon": -106.5936, "REGISTRY_ID": 110006534241, "PRIMARY_NAME": "CSC-A", "NAICS": "518210", "valid": true, "invalid_msg": "" }, "geometry": { "type": "Point", "coordinates": [ -106.5936, 35.15333 ] } },
{ "type": "Feature", "properties": { "ejam_uniq_id": 35, "lat": 41.164484, "lon": -74.259083, "REGISTRY_ID": 110006702434, "PRIMARY_NAME": "KYNDRYL INC - STERLING FOREST", "NAICS": "518210, 541512", "valid": true, "invalid_msg": "" }, "geometry": { "type": "Point", "coordinates": [ -74.259083, 41.164484 ] } },
{ "type": "Feature", "properties": { "ejam_uniq_id": 36, "lat": 28.016352, "lon": -81.904644, "REGISTRY_ID": 110007419169, "PRIMARY_NAME": "MIDSTATE MACHINE & FABRICATION COMPANY", "NAICS": "115210, 238120, 238220, 312229, 313311, 314999, 325998, 332321, 332322, 332439, 332710, 332812, 332813, 332999, 333319, 333415, 333999, 334519, 336399, 339911, 339912, 339914, 425120, 442299, 444130, 444210, 451110, 488390, 488490, 491110, 512240, 512290, 518210, 519190, 522320, 541199, 541340, 541350, 541370, 541410, 541420, 541490, 541870, 541890, 541930, 541990, 561410, 561421, 561422, 561431, 561439, 561440, 561491, 561499, 561591, 561599, 561622, 561790, 561910, 561920, 561990, 562991, 562998, 711310, 711320, 711410, 711510, 811211, 811212, 811219, 811310, 811411, 811412, 811430, 811490, 812320, 812990", "valid": true, "invalid_msg": "" }, "geometry": { "type": "Point", "coordinates": [ -81.904644, 28.016352 ] } },
{ "type": "Feature", "properties": { "ejam_uniq_id": 37, "lat": 39.25003, "lon": -94.64872, "REGISTRY_ID": 110007644335, "PRIMARY_NAME": "ST  LUKES NORTHLAND HOSPITAL-ST  LUKES NORTHLAND HOSPITAL", "NAICS": "518210, 622110", "valid": true, "invalid_msg": "" }, "geometry": { "type": "Point", "coordinates": [ -94.64872, 39.25003 ] } },
{ "type": "Feature", "properties": { "ejam_uniq_id": 38, "lat": 45.068772, "lon": -93.450487, "REGISTRY_ID": 110008658032, "PRIMARY_NAME": "DATA RECOGNITION CORP/SCANDOCS DIVISION", "NAICS": "323111, 323119, 518210, 541511", "valid": true, "invalid_msg": "" }, "geometry": { "type": "Point", "coordinates": [ -93.450487, 45.068772 ] } },
{ "type": "Feature", "properties": { "ejam_uniq_id": 39, "lat": 45.07694, "lon": -93.08101, "REGISTRY_ID": 110008694760, "PRIMARY_NAME": "INNOVISE", "NAICS": "051821, 518210", "valid": true, "invalid_msg": "" }, "geometry": { "type": "Point", "coordinates": [ -93.08101, 45.07694 ] } },
{ "type": "Feature", "properties": { "ejam_uniq_id": 40, "lat": 45.064105, "lon": -93.409323, "REGISTRY_ID": 110008817799, "PRIMARY_NAME": "UHG-IT PLYMOUTH", "NAICS": "051821, 062111, 518210, 621112", "valid": true, "invalid_msg": "" }, "geometry": { "type": "Point", "coordinates": [ -93.409323, 45.064105 ] } },
{ "type": "Feature", "properties": { "ejam_uniq_id": 41, "lat": 44.943626, "lon": -93.095043, "REGISTRY_ID": 110008836484, "PRIMARY_NAME": "RAMSEY COUNTY MICROFILM DEPT", "NAICS": "051821, 518210", "valid": true, "invalid_msg": "" }, "geometry": { "type": "Point", "coordinates": [ -93.095043, 44.943626 ] } },
{ "type": "Feature", "properties": { "ejam_uniq_id": 42, "lat": 39.97089, "lon": -83.12028, "REGISTRY_ID": 110009603312, "PRIMARY_NAME": "IBM GLOBAL SERVICES (0125042152)", "NAICS": "333998, 333999, 518210, 541519, 561499", "valid": true, "invalid_msg": "" }, "geometry": { "type": "Point", "coordinates": [ -83.12028, 39.97089 ] } },
{ "type": "Feature", "properties": { "ejam_uniq_id": 43, "lat": 27.911399, "lon": -81.981193, "REGISTRY_ID": 110011333360, "PRIMARY_NAME": "KOLORTRAX UNLIMITED", "NAICS": "312229, 313311, 314999, 325998, 425120, 488490, 491110, 512240, 512290, 518210, 519190, 522320, 541199, 541340, 541350, 541370, 541410, 541420, 541490, 541870, 541890, 541930, 541990, 561410, 561421, 561422, 561431, 561439, 561440, 561491, 561499, 561591, 561599, 561790, 561910, 561920, 561990, 711310, 711320, 711410, 811310, 812320, 812990", "valid": true, "invalid_msg": "" }, "geometry": { "type": "Point", "coordinates": [ -81.981193, 27.911399 ] } },
{ "type": "Feature", "properties": { "ejam_uniq_id": 44, "lat": 35.20782, "lon": -101.83829, "REGISTRY_ID": 110011437702, "PRIMARY_NAME": "SOUTHWESTERN PUBLIC SERVICE", "NAICS": "221119, 221121, 221122, 518210, 522220, 541330, 541420, 541618", "valid": true, "invalid_msg": "" }, "geometry": { "type": "Point", "coordinates": [ -101.83829, 35.20782 ] } },
{ "type": "Feature", "properties": { "ejam_uniq_id": 45, "lat": 35.05497, "lon": -106.6243, "REGISTRY_ID": 110012157405, "PRIMARY_NAME": "PRESBYTERIAN HEALTHCARE INFO SYS CTR", "NAICS": "518210", "valid": true, "invalid_msg": "" }, "geometry": { "type": "Point", "coordinates": [ -106.6243, 35.05497 ] } },
{ "type": "Feature", "properties": { "ejam_uniq_id": 46, "lat": 36.26113, "lon": -95.90698, "REGISTRY_ID": 110012160311, "PRIMARY_NAME": "DXC TECHNOLOGY SERVICES LLC / CHEROKEE DATA CENTER", "NAICS": "518210", "valid": true, "invalid_msg": "" }, "geometry": { "type": "Point", "coordinates": [ -95.90698, 36.26113 ] } },
{ "type": "Feature", "properties": { "ejam_uniq_id": 47, "lat": 42.51857, "lon": -71.51168, "REGISTRY_ID": 110012166477, "PRIMARY_NAME": "AMAZON COM SERVICES LLC DKO1", "NAICS": "334111, 493110, 518210", "valid": true, "invalid_msg": "" }, "geometry": { "type": "Point", "coordinates": [ -71.51168, 42.51857 ] } },
{ "type": "Feature", "properties": { "ejam_uniq_id": 48, "lat": 41.66587, "lon": -93.7101, "REGISTRY_ID": 110012169447, "PRIMARY_NAME": "JORDVERT, LLC", "NAICS": "518210, 524210", "valid": true, "invalid_msg": "" }, "geometry": { "type": "Point", "coordinates": [ -93.7101, 41.66587 ] } },
{ "type": "Feature", "properties": { "ejam_uniq_id": 49, "lat": 40.762577, "lon": -73.974241, "REGISTRY_ID": 110012190832, "PRIMARY_NAME": "TIFFANY'S FLAGSHIP STORE", "NAICS": "518210", "valid": true, "invalid_msg": "" }, "geometry": { "type": "Point", "coordinates": [ -73.974241, 40.762577 ] } },
{ "type": "Feature", "properties": { "ejam_uniq_id": 50, "lat": 26.140815, "lon": -81.794872, "REGISTRY_ID": 110012582268, "PRIMARY_NAME": "CITY CENTER PLAZA", "NAICS": "312229, 313311, 314999, 325998, 425120, 488490, 491110, 512240, 512290, 518210, 519190, 522320, 541199, 541340, 541350, 541370, 541410, 541420, 541490, 541870, 541890, 541930, 541990, 561410, 561421, 561422, 561431, 561439, 561440, 561491, 561499, 561591, 561599, 561790, 561910, 561920, 561990, 711310, 711320, 711410, 812320, 812990", "valid": true, "invalid_msg": "" }, "geometry": { "type": "Point", "coordinates": [ -81.794872, 26.140815 ] } },
{ "type": "Feature", "properties": { "ejam_uniq_id": 51, "lat": 30.095833, "lon": -83.465278, "REGISTRY_ID": 110012583258, "PRIMARY_NAME": "SADLER DRUM", "NAICS": "312229, 313311, 314999, 325998, 425120, 488490, 491110, 512240, 512290, 518210, 519190, 522320, 541199, 541340, 541350, 541370, 541410, 541420, 541490, 541870, 541890, 541930, 541990, 561410, 561421, 561422, 561431, 561439, 561440, 561491, 561499, 561591, 561599, 561790, 561910, 561920, 561990, 711310, 711320, 711410, 812320, 812990", "valid": true, "invalid_msg": "" }, "geometry": { "type": "Point", "coordinates": [ -83.465278, 30.095833 ] } },
{ "type": "Feature", "properties": { "ejam_uniq_id": 52, "lat": 35.10192, "lon": -106.588307, "REGISTRY_ID": 110013338833, "PRIMARY_NAME": "TC ABQ RABINA INTERESTS LLC", "NAICS": "518210", "valid": true, "invalid_msg": "" }, "geometry": { "type": "Point", "coordinates": [ -106.588307, 35.10192 ] } },
{ "type": "Feature", "properties": { "ejam_uniq_id": 53, "lat": 40.78608, "lon": -74.06785, "REGISTRY_ID": 110014633539, "PRIMARY_NAME": "AT&T CORP", "NAICS": "517110, 517311, 518210", "valid": true, "invalid_msg": "" }, "geometry": { "type": "Point", "coordinates": [ -74.06785, 40.78608 ] } },
{ "type": "Feature", "properties": { "ejam_uniq_id": 54, "lat": 40.78606, "lon": -74.06778, "REGISTRY_ID": 110014687507, "PRIMARY_NAME": "LANE BRYANT CO", "NAICS": "423390, 518210, 532490", "valid": true, "invalid_msg": "" }, "geometry": { "type": "Point", "coordinates": [ -74.06778, 40.78606 ] } },
{ "type": "Feature", "properties": { "ejam_uniq_id": 55, "lat": 40.54057, "lon": -74.53831, "REGISTRY_ID": 110015043781, "PRIMARY_NAME": "DATAPIPE", "NAICS": "005415, 518210, 531390", "valid": true, "invalid_msg": "" }, "geometry": { "type": "Point", "coordinates": [ -74.53831, 40.54057 ] } },
{ "type": "Feature", "properties": { "ejam_uniq_id": 56, "lat": 40.77928, "lon": -74.0714, "REGISTRY_ID": 110015208274, "PRIMARY_NAME": "BERNARD CHAUS INC", "NAICS": "518210, 541513", "valid": true, "invalid_msg": "" }, "geometry": { "type": "Point", "coordinates": [ -74.0714, 40.77928 ] } },
{ "type": "Feature", "properties": { "ejam_uniq_id": 57, "lat": 42.5479, "lon": -71.47007, "REGISTRY_ID": 110015656075, "PRIMARY_NAME": "LUPOLI DEVELOPMENT", "NAICS": "334111, 518210", "valid": true, "invalid_msg": "" }, "geometry": { "type": "Point", "coordinates": [ -71.47007, 42.5479 ] } },
{ "type": "Feature", "properties": { "ejam_uniq_id": 58, "lat": 41.55198, "lon": -93.70253, "REGISTRY_ID": 110015714486, "PRIMARY_NAME": "IOWA HEALTH SYSTEM", "NAICS": "518210", "valid": true, "invalid_msg": "" }, "geometry": { "type": "Point", "coordinates": [ -93.70253, 41.55198 ] } },
{ "type": "Feature", "properties": { "ejam_uniq_id": 59, "lat": 29.669831, "lon": -82.32608, "REGISTRY_ID": 110016737165, "PRIMARY_NAME": "MICROGRAPHICS INC", "NAICS": "312229, 313311, 314999, 325998, 425120, 488490, 491110, 512240, 512290, 518210, 519190, 522320, 541199, 541340, 541350, 541370, 541410, 541420, 541490, 541870, 541890, 541930, 541990, 561410, 561421, 561422, 561431, 561439, 561440, 561491, 561499, 561591, 561599, 561790, 561910, 561920, 561990, 711310, 711320, 711410, 812320, 812990", "valid": true, "invalid_msg": "" }, "geometry": { "type": "Point", "coordinates": [ -82.32608, 29.669831 ] } },
{ "type": "Feature", "properties": { "ejam_uniq_id": 60, "lat": 39.55081, "lon": -105.03388, "REGISTRY_ID": 110017378764, "PRIMARY_NAME": "9110-9180 - 9119-9180 COMMERCE CENTER", "NAICS": "517110, 517111, 517311, 518210", "valid": true, "invalid_msg": "" }, "geometry": { "type": "Point", "coordinates": [ -105.03388, 39.55081 ] } },
{ "type": "Feature", "properties": { "ejam_uniq_id": 61, "lat": 38.94918, "lon": -94.76284, "REGISTRY_ID": 110017505699, "PRIMARY_NAME": "SPRINT - LENEXA OSSC (W 99TH)", "NAICS": "517110, 517311, 518210", "valid": true, "invalid_msg": "" }, "geometry": { "type": "Point", "coordinates": [ -94.76284, 38.94918 ] } },
{ "type": "Feature", "properties": { "ejam_uniq_id": 62, "lat": 39.75358, "lon": -75.51867, "REGISTRY_ID": 110017764187, "PRIMARY_NAME": "JP MORGAN CHASE - 4001 GOVERNOR PRINTZ BLVD", "NAICS": "339112, 518210", "valid": true, "invalid_msg": "" }, "geometry": { "type": "Point", "coordinates": [ -75.51867, 39.75358 ] } },
{ "type": "Feature", "properties": { "ejam_uniq_id": 63, "lat": 39.64683, "lon": -75.65682, "REGISTRY_ID": 110017764196, "PRIMARY_NAME": "JP MORGAN CHASE - BEAR CHRISTIANA ROAD", "NAICS": "518210", "valid": true, "invalid_msg": "" }, "geometry": { "type": "Point", "coordinates": [ -75.65682, 39.64683 ] } },
{ "type": "Feature", "properties": { "ejam_uniq_id": 64, "lat": 40.30156, "lon": -75.88147, "REGISTRY_ID": 110017835262, "PRIMARY_NAME": "CUSTOM PROCESSING SERVICES INC", "NAICS": "115112, 325998, 326199, 332710, 518210", "valid": true, "invalid_msg": "" }, "geometry": { "type": "Point", "coordinates": [ -75.88147, 40.30156 ] } },
{ "type": "Feature", "properties": { "ejam_uniq_id": 65, "lat": 38.98023, "lon": -77.44347, "REGISTRY_ID": 110018852204, "PRIMARY_NAME": "22995 WILDER COURT LLC", "NAICS": "518210, 541513", "valid": true, "invalid_msg": "" }, "geometry": { "type": "Point", "coordinates": [ -77.44347, 38.98023 ] } },
{ "type": "Feature", "properties": { "ejam_uniq_id": 66, "lat": 41.16721, "lon": -74.25536, "REGISTRY_ID": 110019764520, "PRIMARY_NAME": "IBM STERLING FOREST, NY FACILITY", "NAICS": "518210", "valid": true, "invalid_msg": "" }, "geometry": { "type": "Point", "coordinates": [ -74.25536, 41.16721 ] } },
{ "type": "Feature", "properties": { "ejam_uniq_id": 67, "lat": 38.90798, "lon": -77.22056, "REGISTRY_ID": 110020674858, "PRIMARY_NAME": "SCIENCE APPLICATIONS INTERNATIONAL CORPORATION", "NAICS": "518210", "valid": true, "invalid_msg": "" }, "geometry": { "type": "Point", "coordinates": [ -77.22056, 38.90798 ] } },
{ "type": "Feature", "properties": { "ejam_uniq_id": 68, "lat": 44.86467, "lon": -93.44651, "REGISTRY_ID": 110020713860, "PRIMARY_NAME": "KONTRON MOBILE COMPUTING", "NAICS": "051821, 518210", "valid": true, "invalid_msg": "" }, "geometry": { "type": "Point", "coordinates": [ -93.44651, 44.86467 ] } },
{ "type": "Feature", "properties": { "ejam_uniq_id": 69, "lat": 27.045966, "lon": -80.153332, "REGISTRY_ID": 110020895815, "PRIMARY_NAME": "ENVIROLIGHT INC", "NAICS": "312229, 313311, 314999, 325998, 425120, 488490, 491110, 512240, 512290, 518210, 519190, 522320, 541199, 541340, 541350, 541370, 541410, 541420, 541490, 541870, 541890, 541930, 541990, 561410, 561421, 561422, 561431, 561439, 561440, 561491, 561499, 561591, 561599, 561790, 561910, 561920, 561990, 562219, 711310, 711320, 711410, 812320, 812990", "valid": true, "invalid_msg": "" }, "geometry": { "type": "Point", "coordinates": [ -80.153332, 27.045966 ] } },
{ "type": "Feature", "properties": { "ejam_uniq_id": 70, "lat": 38.26766, "lon": -121.96497, "REGISTRY_ID": 110021090978, "PRIMARY_NAME": "DAVID GRANT MEDICAL CENTER", "NAICS": "518210", "valid": true, "invalid_msg": "" }, "geometry": { "type": "Point", "coordinates": [ -121.96497, 38.26766 ] } },
{ "type": "Feature", "properties": { "ejam_uniq_id": 71, "lat": 37.41325, "lon": -121.93165, "REGISTRY_ID": 110021137410, "PRIMARY_NAME": "CISCO SYSTEMS, SITE 4 CAMPUS, BLDGS 1-19", "NAICS": "518210", "valid": true, "invalid_msg": "" }, "geometry": { "type": "Point", "coordinates": [ -121.93165, 37.41325 ] } },
{ "type": "Feature", "properties": { "ejam_uniq_id": 72, "lat": 39.2966, "lon": -94.67863, "REGISTRY_ID": 110021142306, "PRIMARY_NAME": "LIBERTY MUTUAL DATA CENTER-LIBERTY MUTUAL DATA CENTER", "NAICS": "518210", "valid": true, "invalid_msg": "" }, "geometry": { "type": "Point", "coordinates": [ -94.67863, 39.2966 ] } },
{ "type": "Feature", "properties": { "ejam_uniq_id": 73, "lat": 37.47562, "lon": -121.92142, "REGISTRY_ID": 110021277553, "PRIMARY_NAME": "XO COMMUNICATIONS INC", "NAICS": "517110, 517911, 518210", "valid": true, "invalid_msg": "" }, "geometry": { "type": "Point", "coordinates": [ -121.92142, 37.47562 ] } },
{ "type": "Feature", "properties": { "ejam_uniq_id": 74, "lat": 38.23724, "lon": -122.07819, "REGISTRY_ID": 110021315281, "PRIMARY_NAME": "PACIFIC BELL", "NAICS": "518210", "valid": true, "invalid_msg": "" }, "geometry": { "type": "Point", "coordinates": [ -122.07819, 38.23724 ] } },
{ "type": "Feature", "properties": { "ejam_uniq_id": 75, "lat": 42.392913, "lon": -71.264745, "REGISTRY_ID": 110024316257, "PRIMARY_NAME": "CYXTERA BO-3", "NAICS": "518210, 541330", "valid": true, "invalid_msg": "" }, "geometry": { "type": "Point", "coordinates": [ -71.264745, 42.392913 ] } },
{ "type": "Feature", "properties": { "ejam_uniq_id": 76, "lat": 42.25025, "lon": -71.68825, "REGISTRY_ID": 110024328921, "PRIMARY_NAME": "SSB REALTY GRAFTON DATA CENTER", "NAICS": "518210, 523999", "valid": true, "invalid_msg": "" }, "geometry": { "type": "Point", "coordinates": [ -71.68825, 42.25025 ] } },
{ "type": "Feature", "properties": { "ejam_uniq_id": 77, "lat": 42.33626, "lon": -71.59579, "REGISTRY_ID": 110024341149, "PRIMARY_NAME": "SYNOPTEK LLC", "NAICS": "518210, 541513", "valid": true, "invalid_msg": "" }, "geometry": { "type": "Point", "coordinates": [ -71.59579, 42.33626 ] } },
{ "type": "Feature", "properties": { "ejam_uniq_id": 78, "lat": 39.300215, "lon": -94.681704, "REGISTRY_ID": 110024418272, "PRIMARY_NAME": "MASTERCARD INTERNATIONAL", "NAICS": "518210", "valid": true, "invalid_msg": "" }, "geometry": { "type": "Point", "coordinates": [ -94.681704, 39.300215 ] } },
{ "type": "Feature", "properties": { "ejam_uniq_id": 79, "lat": 36.362432, "lon": -94.183382, "REGISTRY_ID": 110024578688, "PRIMARY_NAME": "WAL- MART STORES, INC. - EAST DATA CENTER", "NAICS": "518210", "valid": true, "invalid_msg": "" }, "geometry": { "type": "Point", "coordinates": [ -94.183382, 36.362432 ] } },
{ "type": "Feature", "properties": { "ejam_uniq_id": 80, "lat": 40.58348, "lon": -74.24312, "REGISTRY_ID": 110024902097, "PRIMARY_NAME": "JONES LANG & LASALLE", "NAICS": "518210", "valid": true, "invalid_msg": "" }, "geometry": { "type": "Point", "coordinates": [ -74.24312, 40.58348 ] } },
{ "type": "Feature", "properties": { "ejam_uniq_id": 81, "lat": 34.083371, "lon": -84.273536, "REGISTRY_ID": 110028005986, "PRIMARY_NAME": "ENTERPRISE SERVICES, LLC", "NAICS": "518210, 999999", "valid": true, "invalid_msg": "" }, "geometry": { "type": "Point", "coordinates": [ -84.273536, 34.083371 ] } },
{ "type": "Feature", "properties": { "ejam_uniq_id": 82, "lat": 37.36191, "lon": -77.33308, "REGISTRY_ID": 110028010042, "PRIMARY_NAME": "VIRGINIA INFORMATION TECHNOLOGIES AGENCY", "NAICS": "518210, 531312", "valid": true, "invalid_msg": "" }, "geometry": { "type": "Point", "coordinates": [ -77.33308, 37.36191 ] } },
{ "type": "Feature", "properties": { "ejam_uniq_id": 83, "lat": 28.10262, "lon": -80.688422, "REGISTRY_ID": 110028178479, "PRIMARY_NAME": "METRETEK, INC.", "NAICS": "334418, 334519, 518210", "valid": true, "invalid_msg": "" }, "geometry": { "type": "Point", "coordinates": [ -80.688422, 28.10262 ] } },
{ "type": "Feature", "properties": { "ejam_uniq_id": 84, "lat": 35.90043, "lon": -81.546586, "REGISTRY_ID": 110028259480, "PRIMARY_NAME": "TAPAHA DYNAMICS, LLC", "NAICS": "518210", "valid": true, "invalid_msg": "" }, "geometry": { "type": "Point", "coordinates": [ -81.546586, 35.90043 ] } },
{ "type": "Feature", "properties": { "ejam_uniq_id": 85, "lat": 33.40707, "lon": -86.91136, "REGISTRY_ID": 110028270190, "PRIMARY_NAME": "CDC BIRMINGHAM", "NAICS": "211111, 518210", "valid": true, "invalid_msg": "" }, "geometry": { "type": "Point", "coordinates": [ -86.91136, 33.40707 ] } },
{ "type": "Feature", "properties": { "ejam_uniq_id": 86, "lat": 41.976326, "lon": -87.964294, "REGISTRY_ID": 110028286708, "PRIMARY_NAME": "CHICAGO ENTERPRISE LLC", "NAICS": "518210", "valid": true, "invalid_msg": "" }, "geometry": { "type": "Point", "coordinates": [ -87.964294, 41.976326 ] } },
{ "type": "Feature", "properties": { "ejam_uniq_id": 87, "lat": 40.77791, "lon": -74.06695, "REGISTRY_ID": 110029653373, "PRIMARY_NAME": "755 SECAUCUS ROAD", "NAICS": "221112, 339115, 517110, 518210", "valid": true, "invalid_msg": "" }, "geometry": { "type": "Point", "coordinates": [ -74.06695, 40.77791 ] } },
{ "type": "Feature", "properties": { "ejam_uniq_id": 88, "lat": 40.7608, "lon": -74.02661, "REGISTRY_ID": 110029886434, "PRIMARY_NAME": "CITICORP DATA SYSTEMS INC", "NAICS": "042369, 518210, 541513", "valid": true, "invalid_msg": "" }, "geometry": { "type": "Point", "coordinates": [ -74.02661, 40.7608 ] } },
{ "type": "Feature", "properties": { "ejam_uniq_id": 89, "lat": 40.76151, "lon": -74.02635, "REGISTRY_ID": 110029890955, "PRIMARY_NAME": "RIVERVIEW COMMERCIAL OFFICE BUILDING", "NAICS": "000517, 053112, 517110, 518210", "valid": true, "invalid_msg": "" }, "geometry": { "type": "Point", "coordinates": [ -74.02635, 40.76151 ] } },
{ "type": "Feature", "properties": { "ejam_uniq_id": 90, "lat": 40.77368, "lon": -74.36179, "REGISTRY_ID": 110029905547, "PRIMARY_NAME": "EASTGREEN INC AIG DATA CENTER", "NAICS": "005182, 518210, 561720", "valid": true, "invalid_msg": "" }, "geometry": { "type": "Point", "coordinates": [ -74.36179, 40.77368 ] } },
{ "type": "Feature", "properties": { "ejam_uniq_id": 91, "lat": 40.72711, "lon": -74.54564, "REGISTRY_ID": 110029918873, "PRIMARY_NAME": "131 MORRISTOWN ROAD INVESTORS", "NAICS": "005311, 518210", "valid": true, "invalid_msg": "" }, "geometry": { "type": "Point", "coordinates": [ -74.54564, 40.72711 ] } },
{ "type": "Feature", "properties": { "ejam_uniq_id": 92, "lat": 40.55396, "lon": -74.46042, "REGISTRY_ID": 110030684383, "PRIMARY_NAME": "CYXTERA NJ3", "NAICS": "517110, 518210", "valid": true, "invalid_msg": "" }, "geometry": { "type": "Point", "coordinates": [ -74.46042, 40.55396 ] } },
{ "type": "Feature", "properties": { "ejam_uniq_id": 93, "lat": 40.717114, "lon": -74.033864, "REGISTRY_ID": 110030728666, "PRIMARY_NAME": "PLAZAS 2 & 3 @ HARBORSIDE FINANCIAL CENTER", "NAICS": "044611, 052111, 518210, 522110, 531120, 531190, 541519", "valid": true, "invalid_msg": "" }, "geometry": { "type": "Point", "coordinates": [ -74.033864, 40.717114 ] } },
{ "type": "Feature", "properties": { "ejam_uniq_id": 94, "lat": 42.001236, "lon": -87.955085, "REGISTRY_ID": 110030735177, "PRIMARY_NAME": "EQUINIX LLC", "NAICS": "518210", "valid": true, "invalid_msg": "" }, "geometry": { "type": "Point", "coordinates": [ -87.955085, 42.001236 ] } },
{ "type": "Feature", "properties": { "ejam_uniq_id": 95, "lat": 39.36269, "lon": -74.43829, "REGISTRY_ID": 110030808552, "PRIMARY_NAME": "ATLANTIC CITY CONVENTION CENTER", "NAICS": "518210", "valid": true, "invalid_msg": "" }, "geometry": { "type": "Point", "coordinates": [ -74.43829, 39.36269 ] } },
{ "type": "Feature", "properties": { "ejam_uniq_id": 96, "lat": 39.049674, "lon": -77.442742, "REGISTRY_ID": 110031217706, "PRIMARY_NAME": "VISA USA INCORPORATED", "NAICS": "518210", "valid": true, "invalid_msg": "" }, "geometry": { "type": "Point", "coordinates": [ -77.442742, 39.049674 ] } },
{ "type": "Feature", "properties": { "ejam_uniq_id": 97, "lat": 38.94968, "lon": -77.33245, "REGISTRY_ID": 110031222451, "PRIMARY_NAME": "VPLS", "NAICS": "518210", "valid": true, "invalid_msg": "" }, "geometry": { "type": "Point", "coordinates": [ -77.33245, 38.94968 ] } },
{ "type": "Feature", "properties": { "ejam_uniq_id": 98, "lat": 36.90427, "lon": -82.07361, "REGISTRY_ID": 110031257315, "PRIMARY_NAME": "NORTHROP GRUMMAN SYSTEMS CORPORATION", "NAICS": "518210, 531312", "valid": true, "invalid_msg": "" }, "geometry": { "type": "Point", "coordinates": [ -82.07361, 36.90427 ] } },
{ "type": "Feature", "properties": { "ejam_uniq_id": 99, "lat": 40.55524, "lon": -74.43485, "REGISTRY_ID": 110032215877, "PRIMARY_NAME": "BOWNE INFORMATION SERVICES INC", "NAICS": "518210", "valid": true, "invalid_msg": "" }, "geometry": { "type": "Point", "coordinates": [ -74.43485, 40.55524 ] } },
{ "type": "Feature", "properties": { "ejam_uniq_id": 100, "lat": 47.61799, "lon": -122.35634, "REGISTRY_ID": 110032610002, "PRIMARY_NAME": "ISILON", "NAICS": "518210", "valid": true, "invalid_msg": "" }, "geometry": { "type": "Point", "coordinates": [ -122.35634, 47.61799 ] } },
{ "type": "Feature", "properties": { "ejam_uniq_id": 101, "lat": 40.55566, "lon": -74.48618, "REGISTRY_ID": 110032878973, "PRIMARY_NAME": "NJ-1 DATA CENTER", "NAICS": "518210, 531120, 541513", "valid": true, "invalid_msg": "" }, "geometry": { "type": "Point", "coordinates": [ -74.48618, 40.55566 ] } },
{ "type": "Feature", "properties": { "ejam_uniq_id": 102, "lat": 40.8277, "lon": -74.04973, "REGISTRY_ID": 110032972059, "PRIMARY_NAME": "365 DATA CENTERS", "NAICS": "518210, 541519", "valid": true, "invalid_msg": "" }, "geometry": { "type": "Point", "coordinates": [ -74.04973, 40.8277 ] } },
{ "type": "Feature", "properties": { "ejam_uniq_id": 103, "lat": 41.21979, "lon": -95.86573, "REGISTRY_ID": 110033138744, "PRIMARY_NAME": "TETRA LLC", "NAICS": "518210", "valid": true, "invalid_msg": "" }, "geometry": { "type": "Point", "coordinates": [ -95.86573, 41.21979 ] } },
{ "type": "Feature", "properties": { "ejam_uniq_id": 104, "lat": 40.77791, "lon": -74.06695, "REGISTRY_ID": 110033139716, "PRIMARY_NAME": "EQUINIX", "NAICS": "518210", "valid": true, "invalid_msg": "" }, "geometry": { "type": "Point", "coordinates": [ -74.06695, 40.77791 ] } },
{ "type": "Feature", "properties": { "ejam_uniq_id": 105, "lat": 29.57968, "lon": -98.54034, "REGISTRY_ID": 110033697872, "PRIMARY_NAME": "HEB WH200", "NAICS": "518210", "valid": true, "invalid_msg": "" }, "geometry": { "type": "Point", "coordinates": [ -98.54034, 29.57968 ] } },
{ "type": "Feature", "properties": { "ejam_uniq_id": 106, "lat": 40.08439, "lon": -75.33872, "REGISTRY_ID": 110034126158, "PRIMARY_NAME": "INNOVATION 2201 LLC / UPPER MERION TWP", "NAICS": "518210", "valid": true, "invalid_msg": "" }, "geometry": { "type": "Point", "coordinates": [ -75.33872, 40.08439 ] } },
{ "type": "Feature", "properties": { "ejam_uniq_id": 107, "lat": 33.0106, "lon": -96.76667, "REGISTRY_ID": 110034283077, "PRIMARY_NAME": "COUNTRYWIDE SITE DEVELOPMENT", "NAICS": "518210", "valid": true, "invalid_msg": "" }, "geometry": { "type": "Point", "coordinates": [ -96.76667, 33.0106 ] } },
{ "type": "Feature", "properties": { "ejam_uniq_id": 108, "lat": 33.0079, "lon": -97.24497, "REGISTRY_ID": 110034312376, "PRIMARY_NAME": "CORNERSTONE SOUTHWEST DATA CENTER", "NAICS": "518210", "valid": true, "invalid_msg": "" }, "geometry": { "type": "Point", "coordinates": [ -97.24497, 33.0079 ] } },
{ "type": "Feature", "properties": { "ejam_uniq_id": 109, "lat": 29.47897, "lon": -98.69541, "REGISTRY_ID": 110035309476, "PRIMARY_NAME": "MICROSOFT", "NAICS": "518210", "valid": true, "invalid_msg": "" }, "geometry": { "type": "Point", "coordinates": [ -98.69541, 29.47897 ] } },
{ "type": "Feature", "properties": { "ejam_uniq_id": 110, "lat": 32.93054, "lon": -97.10471, "REGISTRY_ID": 110035370504, "PRIMARY_NAME": "RACKSPACE HOSTING", "NAICS": "518210", "valid": true, "invalid_msg": "" }, "geometry": { "type": "Point", "coordinates": [ -97.10471, 32.93054 ] } },
{ "type": "Feature", "properties": { "ejam_uniq_id": 111, "lat": 42.028327, "lon": -92.89345, "REGISTRY_ID": 110037595992, "PRIMARY_NAME": "EMERSON GLOBAL DATA CENTER", "NAICS": "518210", "valid": true, "invalid_msg": "" }, "geometry": { "type": "Point", "coordinates": [ -92.89345, 42.028327 ] } },
{ "type": "Feature", "properties": { "ejam_uniq_id": 112, "lat": 38.9195, "lon": -77.21393, "REGISTRY_ID": 110037605856, "PRIMARY_NAME": "ZAYO GROUP, LLC", "NAICS": "111110, 518210", "valid": true, "invalid_msg": "" }, "geometry": { "type": "Point", "coordinates": [ -77.21393, 38.9195 ] } },
{ "type": "Feature", "properties": { "ejam_uniq_id": 113, "lat": 40.28057, "lon": -74.55383, "REGISTRY_ID": 110037609950, "PRIMARY_NAME": "S&P GLOBAL INC", "NAICS": "051113, 518210, 541910", "valid": true, "invalid_msg": "" }, "geometry": { "type": "Point", "coordinates": [ -74.55383, 40.28057 ] } },
{ "type": "Feature", "properties": { "ejam_uniq_id": 114, "lat": 37.47772, "lon": -121.9453, "REGISTRY_ID": 110037983466, "PRIMARY_NAME": "MIRROR PLUS TECHNOLOGIES", "NAICS": "518210", "valid": true, "invalid_msg": "" }, "geometry": { "type": "Point", "coordinates": [ -121.9453, 37.47772 ] } },
{ "type": "Feature", "properties": { "ejam_uniq_id": 115, "lat": 37.38992, "lon": -122.05476, "REGISTRY_ID": 110037987756, "PRIMARY_NAME": "WEBEX COMMUNICATIONS, INC", "NAICS": "518210, 541511", "valid": true, "invalid_msg": "" }, "geometry": { "type": "Point", "coordinates": [ -122.05476, 37.38992 ] } },
{ "type": "Feature", "properties": { "ejam_uniq_id": 116, "lat": 33.6653, "lon": -112.12935, "REGISTRY_ID": 110038003950, "PRIMARY_NAME": "AMERICAN EXPRESS IPC FACILITY", "NAICS": "518210", "valid": true, "invalid_msg": "" }, "geometry": { "type": "Point", "coordinates": [ -112.12935, 33.6653 ] } },
{ "type": "Feature", "properties": { "ejam_uniq_id": 117, "lat": 37.37627, "lon": -121.95323, "REGISTRY_ID": 110038019961, "PRIMARY_NAME": "1100 SPACE PARK, LLC", "NAICS": "518210", "valid": true, "invalid_msg": "" }, "geometry": { "type": "Point", "coordinates": [ -121.95323, 37.37627 ] } },
{ "type": "Feature", "properties": { "ejam_uniq_id": 118, "lat": 37.42307, "lon": -122.08421, "REGISTRY_ID": 110038062244, "PRIMARY_NAME": "GOOGLE LLC", "NAICS": "334111, 518210", "valid": true, "invalid_msg": "" }, "geometry": { "type": "Point", "coordinates": [ -122.08421, 37.42307 ] } },
{ "type": "Feature", "properties": { "ejam_uniq_id": 119, "lat": 37.83492, "lon": -122.28719, "REGISTRY_ID": 110038067622, "PRIMARY_NAME": "LEVEL 3 COMMUNICATIONS INC", "NAICS": "517110, 518210", "valid": true, "invalid_msg": "" }, "geometry": { "type": "Point", "coordinates": [ -122.28719, 37.83492 ] } },
{ "type": "Feature", "properties": { "ejam_uniq_id": 120, "lat": 37.3987, "lon": -121.97954, "REGISTRY_ID": 110038068738, "PRIMARY_NAME": "SAVVIS COMMUNICATIONS CORPORATION DBA CENTURYLINK", "NAICS": "518210, 541513", "valid": true, "invalid_msg": "" }, "geometry": { "type": "Point", "coordinates": [ -121.97954, 37.3987 ] } },
{ "type": "Feature", "properties": { "ejam_uniq_id": 121, "lat": 37.78615, "lon": -122.39745, "REGISTRY_ID": 110038093773, "PRIMARY_NAME": "CBS INC", "NAICS": "518210", "valid": true, "invalid_msg": "" }, "geometry": { "type": "Point", "coordinates": [ -122.39745, 37.78615 ] } },
{ "type": "Feature", "properties": { "ejam_uniq_id": 122, "lat": 37.37907, "lon": -121.95449, "REGISTRY_ID": 110038094594, "PRIMARY_NAME": "EQUINIX LLC", "NAICS": "518210, 541513", "valid": true, "invalid_msg": "" }, "geometry": { "type": "Point", "coordinates": [ -121.95449, 37.37907 ] } },
{ "type": "Feature", "properties": { "ejam_uniq_id": 123, "lat": 41.942103, "lon": -89.032942, "REGISTRY_ID": 110038120663, "PRIMARY_NAME": "THE NORTHERN TRUST CO", "NAICS": "518210", "valid": true, "invalid_msg": "" }, "geometry": { "type": "Point", "coordinates": [ -89.032942, 41.942103 ] } },
{ "type": "Feature", "properties": { "ejam_uniq_id": 124, "lat": 41.943852, "lon": -89.033127, "REGISTRY_ID": 110038132589, "PRIMARY_NAME": "ALLSTATE DATA CENTER", "NAICS": "518210", "valid": true, "invalid_msg": "" }, "geometry": { "type": "Point", "coordinates": [ -89.033127, 41.943852 ] } },
{ "type": "Feature", "properties": { "ejam_uniq_id": 125, "lat": 38.79058, "lon": -77.53953, "REGISTRY_ID": 110038456168, "PRIMARY_NAME": "AMAZON DATA SERVICES, INC. IAD-7 IAD-11 IAD-24", "NAICS": "518210", "valid": true, "invalid_msg": "" }, "geometry": { "type": "Point", "coordinates": [ -77.53953, 38.79058 ] } },
{ "type": "Feature", "properties": { "ejam_uniq_id": 126, "lat": 38.33473, "lon": -81.62308, "REGISTRY_ID": 110038456783, "PRIMARY_NAME": "GTECH CORPORATION", "NAICS": "518210", "valid": true, "invalid_msg": "" }, "geometry": { "type": "Point", "coordinates": [ -81.62308, 38.33473 ] } },
{ "type": "Feature", "properties": { "ejam_uniq_id": 127, "lat": 45.30454, "lon": -93.62611, "REGISTRY_ID": 110038458139, "PRIMARY_NAME": "UNITED HEALTH GROUP NEXT TECHNOLOGY CENTER", "NAICS": "051821, 518210", "valid": true, "invalid_msg": "" }, "geometry": { "type": "Point", "coordinates": [ -93.62611, 45.30454 ] } },
{ "type": "Feature", "properties": { "ejam_uniq_id": 128, "lat": 39.0249, "lon": -104.81824, "REGISTRY_ID": 110038637384, "PRIMARY_NAME": "FEDERAL EXPRESS - CO TECH", "NAICS": "447110, 518210", "valid": true, "invalid_msg": "" }, "geometry": { "type": "Point", "coordinates": [ -104.81824, 39.0249 ] } },
{ "type": "Feature", "properties": { "ejam_uniq_id": 129, "lat": 44.046996, "lon": -91.613328, "REGISTRY_ID": 110038873476, "PRIMARY_NAME": "MEDIASCOPE INC", "NAICS": "051821, 518210", "valid": true, "invalid_msg": "" }, "geometry": { "type": "Point", "coordinates": [ -91.613328, 44.046996 ] } },
{ "type": "Feature", "properties": { "ejam_uniq_id": 130, "lat": 44.99295, "lon": -93.22671, "REGISTRY_ID": 110039069370, "PRIMARY_NAME": "FAIRVIEW DATA CENTER", "NAICS": "051821, 518210", "valid": true, "invalid_msg": "" }, "geometry": { "type": "Point", "coordinates": [ -93.22671, 44.99295 ] } },
{ "type": "Feature", "properties": { "ejam_uniq_id": 131, "lat": 38.41625, "lon": -81.4949, "REGISTRY_ID": 110039136413, "PRIMARY_NAME": "GTECH CORPORATION", "NAICS": "518210", "valid": true, "invalid_msg": "" }, "geometry": { "type": "Point", "coordinates": [ -81.4949, 38.41625 ] } },
{ "type": "Feature", "properties": { "ejam_uniq_id": 132, "lat": 40.54151, "lon": -74.54293, "REGISTRY_ID": 110040384811, "PRIMARY_NAME": "MORGAN STANLEY DATA CENTER", "NAICS": "518210", "valid": true, "invalid_msg": "" }, "geometry": { "type": "Point", "coordinates": [ -74.54293, 40.54151 ] } },
{ "type": "Feature", "properties": { "ejam_uniq_id": 133, "lat": 40.54528, "lon": -74.53751, "REGISTRY_ID": 110040390715, "PRIMARY_NAME": "DATAPIPE", "NAICS": "518210", "valid": true, "invalid_msg": "" }, "geometry": { "type": "Point", "coordinates": [ -74.53751, 40.54528 ] } },
{ "type": "Feature", "properties": { "ejam_uniq_id": 134, "lat": 42.39762, "lon": -71.26805, "REGISTRY_ID": 110040410196, "PRIMARY_NAME": "SP 600 WINTER OWNER LLC", "NAICS": "518210, 541513", "valid": true, "invalid_msg": "" }, "geometry": { "type": "Point", "coordinates": [ -71.26805, 42.39762 ] } },
{ "type": "Feature", "properties": { "ejam_uniq_id": 135, "lat": 36.49936, "lon": -94.26555, "REGISTRY_ID": 110040461880, "PRIMARY_NAME": "WAL-MART STORES EAST INC", "NAICS": "518210", "valid": true, "invalid_msg": "" }, "geometry": { "type": "Point", "coordinates": [ -94.26555, 36.49936 ] } },
{ "type": "Feature", "properties": { "ejam_uniq_id": 136, "lat": 39.5608, "lon": -104.83264, "REGISTRY_ID": 110040490340, "PRIMARY_NAME": "QWEST CORP - ENGLEWOOD CYBER CENTER", "NAICS": "517110, 517111, 517311, 518210", "valid": true, "invalid_msg": "" }, "geometry": { "type": "Point", "coordinates": [ -104.83264, 39.5608 ] } },
{ "type": "Feature", "properties": { "ejam_uniq_id": 137, "lat": 39.6974, "lon": -75.65133, "REGISTRY_ID": 110040491580, "PRIMARY_NAME": "JP MORGAN CHASE - MORGAN CHRISTIANA CENT", "NAICS": "518210, 522110", "valid": true, "invalid_msg": "" }, "geometry": { "type": "Point", "coordinates": [ -75.65133, 39.6974 ] } },
{ "type": "Feature", "properties": { "ejam_uniq_id": 138, "lat": 42.78233, "lon": -71.24933, "REGISTRY_ID": 110040500357, "PRIMARY_NAME": "AUTOMATIC DATA PROCESSING, INC.", "NAICS": "518210", "valid": true, "invalid_msg": "" }, "geometry": { "type": "Point", "coordinates": [ -71.24933, 42.78233 ] } },
{ "type": "Feature", "properties": { "ejam_uniq_id": 139, "lat": 35.09203, "lon": -106.65269, "REGISTRY_ID": 110040501329, "PRIMARY_NAME": "OSO GRANDE TECHNOLOGY", "NAICS": "518210", "valid": true, "invalid_msg": "" }, "geometry": { "type": "Point", "coordinates": [ -106.65269, 35.09203 ] } },
{ "type": "Feature", "properties": { "ejam_uniq_id": 140, "lat": 36.206389, "lon": -95.245778, "REGISTRY_ID": 110040506119, "PRIMARY_NAME": "MYALL LLC/PCO", "NAICS": "221112, 518210", "valid": true, "invalid_msg": "" }, "geometry": { "type": "Point", "coordinates": [ -95.245778, 36.206389 ] } },
{ "type": "Feature", "properties": { "ejam_uniq_id": 141, "lat": 38.46082, "lon": -78.85467, "REGISTRY_ID": 110040513209, "PRIMARY_NAME": "ANTHEM CDC 3", "NAICS": "518210", "valid": true, "invalid_msg": "" }, "geometry": { "type": "Point", "coordinates": [ -78.85467, 38.46082 ] } },
{ "type": "Feature", "properties": { "ejam_uniq_id": 142, "lat": 38.95887, "lon": -77.41595, "REGISTRY_ID": 110040513496, "PRIMARY_NAME": "IBM DULLES STATION WEST", "NAICS": "518210", "valid": true, "invalid_msg": "" }, "geometry": { "type": "Point", "coordinates": [ -77.41595, 38.95887 ] } },
{ "type": "Feature", "properties": { "ejam_uniq_id": 143, "lat": 33.07239, "lon": -80.03884, "REGISTRY_ID": 110040521771, "PRIMARY_NAME": "MAGURO MNK", "NAICS": "518210", "valid": true, "invalid_msg": "" }, "geometry": { "type": "Point", "coordinates": [ -80.03884, 33.07239 ] } },
{ "type": "Feature", "properties": { "ejam_uniq_id": 144, "lat": 38.85916, "lon": -77.39273, "REGISTRY_ID": 110040757730, "PRIMARY_NAME": "NORTHROP GRUMMAN SERVICES CORPORATION - FAIRLAKES", "NAICS": "518210", "valid": true, "invalid_msg": "" }, "geometry": { "type": "Point", "coordinates": [ -77.39273, 38.85916 ] } },
{ "type": "Feature", "properties": { "ejam_uniq_id": 145, "lat": 42.39374, "lon": -71.2646, "REGISTRY_ID": 110041000314, "PRIMARY_NAME": "115 2ND AVENUE LLC", "NAICS": "518210", "valid": true, "invalid_msg": "" }, "geometry": { "type": "Point", "coordinates": [ -71.2646, 42.39374 ] } },
{ "type": "Feature", "properties": { "ejam_uniq_id": 146, "lat": 42.69406, "lon": -71.21197, "REGISTRY_ID": 110041061748, "PRIMARY_NAME": "NAVISITE", "NAICS": "517111, 517311, 518210, 541618", "valid": true, "invalid_msg": "" }, "geometry": { "type": "Point", "coordinates": [ -71.21197, 42.69406 ] } },
{ "type": "Feature", "properties": { "ejam_uniq_id": 147, "lat": 39.18319, "lon": -85.89607, "REGISTRY_ID": 110041349715, "PRIMARY_NAME": "DATA CAVE, INC.", "NAICS": "518210", "valid": true, "invalid_msg": "" }, "geometry": { "type": "Point", "coordinates": [ -85.89607, 39.18319 ] } },
{ "type": "Feature", "properties": { "ejam_uniq_id": 148, "lat": 41.844915, "lon": -87.941348, "REGISTRY_ID": 110041356859, "PRIMARY_NAME": "CLEARBLUE TECHNOLOGIES/OAKBROOK INC", "NAICS": "518210", "valid": true, "invalid_msg": "" }, "geometry": { "type": "Point", "coordinates": [ -87.941348, 41.844915 ] } },
{ "type": "Feature", "properties": { "ejam_uniq_id": 149, "lat": 38.96319, "lon": -77.38093, "REGISTRY_ID": 110041628646, "PRIMARY_NAME": "SUNGARD AVAILABILITY SERVICES LIMITED PA", "NAICS": "518210", "valid": true, "invalid_msg": "" }, "geometry": { "type": "Point", "coordinates": [ -77.38093, 38.96319 ] } },
{ "type": "Feature", "properties": { "ejam_uniq_id": 150, "lat": 40.27613, "lon": -74.04657, "REGISTRY_ID": 110041845787, "PRIMARY_NAME": "FOVEONICS IMAGING TECHNOLOGIES INC @ EATONTOWN IND PK", "NAICS": "518210", "valid": true, "invalid_msg": "" }, "geometry": { "type": "Point", "coordinates": [ -74.04657, 40.27613 ] } },
{ "type": "Feature", "properties": { "ejam_uniq_id": 151, "lat": 44.8072, "lon": -93.63547, "REGISTRY_ID": 110041860457, "PRIMARY_NAME": "UNITED HEALTHCARE SERVICES INC - DATA CENTER", "NAICS": "051821, 518210, 621111", "valid": true, "invalid_msg": "" }, "geometry": { "type": "Point", "coordinates": [ -93.63547, 44.8072 ] } },
{ "type": "Feature", "properties": { "ejam_uniq_id": 152, "lat": 39.61185, "lon": -75.76325, "REGISTRY_ID": 110041890406, "PRIMARY_NAME": "LNH INC DBA HOSTING.COM - 650 PENCADER", "NAICS": "518210", "valid": true, "invalid_msg": "" }, "geometry": { "type": "Point", "coordinates": [ -75.76325, 39.61185 ] } },
{ "type": "Feature", "properties": { "ejam_uniq_id": 153, "lat": 30.299398, "lon": -89.474332, "REGISTRY_ID": 110041891334, "PRIMARY_NAME": "NASA SHARED SERVICE CENTER, NCCIPS", "NAICS": "518210", "valid": true, "invalid_msg": "" }, "geometry": { "type": "Point", "coordinates": [ -89.474332, 30.299398 ] } },
{ "type": "Feature", "properties": { "ejam_uniq_id": 154, "lat": 40.40671, "lon": -75.51066, "REGISTRY_ID": 110042000241, "PRIMARY_NAME": "CUSTOM PROCESSING SERVICES LLC", "NAICS": "327992, 518210", "valid": true, "invalid_msg": "" }, "geometry": { "type": "Point", "coordinates": [ -75.51066, 40.40671 ] } },
{ "type": "Feature", "properties": { "ejam_uniq_id": 155, "lat": 36.676594, "lon": -78.372428, "REGISTRY_ID": 110042150524, "PRIMARY_NAME": "MICROSOFT CORPORATION - EAST COAST DATA CENTER", "NAICS": "518210", "valid": true, "invalid_msg": "" }, "geometry": { "type": "Point", "coordinates": [ -78.372428, 36.676594 ] } },
{ "type": "Feature", "properties": { "ejam_uniq_id": 156, "lat": 36.20604, "lon": -95.86881, "REGISTRY_ID": 110042260399, "PRIMARY_NAME": "DXC TECHNOLOGY SERVICES LLC / DXC TECHNOLOGY SERVICES LLC", "NAICS": "518210", "valid": true, "invalid_msg": "" }, "geometry": { "type": "Point", "coordinates": [ -95.86881, 36.20604 ] } },
{ "type": "Feature", "properties": { "ejam_uniq_id": 157, "lat": 38.923, "lon": -77.20609, "REGISTRY_ID": 110042260905, "PRIMARY_NAME": "NORTHROP GRUMMAN SYSTEMS CORPORATION", "NAICS": "518210", "valid": true, "invalid_msg": "" }, "geometry": { "type": "Point", "coordinates": [ -77.20609, 38.923 ] } },
{ "type": "Feature", "properties": { "ejam_uniq_id": 158, "lat": 33.29795, "lon": -112.09741, "REGISTRY_ID": 110042261021, "PRIMARY_NAME": "IO PHOENIX ONE, LLC", "NAICS": "518210", "valid": true, "invalid_msg": "" }, "geometry": { "type": "Point", "coordinates": [ -112.09741, 33.29795 ] } },
{ "type": "Feature", "properties": { "ejam_uniq_id": 159, "lat": 40.833408, "lon": -74.139043, "REGISTRY_ID": 110042441587, "PRIMARY_NAME": "CLIFTON DATA CENTER", "NAICS": "518210", "valid": true, "invalid_msg": "" }, "geometry": { "type": "Point", "coordinates": [ -74.139043, 40.833408 ] } },
{ "type": "Feature", "properties": { "ejam_uniq_id": 160, "lat": 39.02072, "lon": -77.42902, "REGISTRY_ID": 110043179459, "PRIMARY_NAME": "AMAZON DATA SERVICES, INC.IAD-10, 32, 98, 99, 118, 119, 129", "NAICS": "518210", "valid": true, "invalid_msg": "" }, "geometry": { "type": "Point", "coordinates": [ -77.42902, 39.02072 ] } },
{ "type": "Feature", "properties": { "ejam_uniq_id": 161, "lat": 42.035285, "lon": -87.979625, "REGISTRY_ID": 110043221750, "PRIMARY_NAME": "ADP", "NAICS": "518210", "valid": true, "invalid_msg": "" }, "geometry": { "type": "Point", "coordinates": [ -87.979625, 42.035285 ] } },
{ "type": "Feature", "properties": { "ejam_uniq_id": 162, "lat": 38.98896, "lon": -77.44832, "REGISTRY_ID": 110043294262, "PRIMARY_NAME": "AMAZON DATA SERVICES, INC. IAD-12 IAD-15 IAD-16 IAD-76 (73860)", "NAICS": "518210", "valid": true, "invalid_msg": "" }, "geometry": { "type": "Point", "coordinates": [ -77.44832, 38.98896 ] } },
{ "type": "Feature", "properties": { "ejam_uniq_id": 163, "lat": 41.53848, "lon": -93.82678, "REGISTRY_ID": 110043322115, "PRIMARY_NAME": "MICROSOFT CORPORATION - ALLUVIUM DATA CENTER", "NAICS": "518210", "valid": true, "invalid_msg": "" }, "geometry": { "type": "Point", "coordinates": [ -93.82678, 41.53848 ] } },
{ "type": "Feature", "properties": { "ejam_uniq_id": 164, "lat": 38.60632, "lon": -77.2844, "REGISTRY_ID": 110043325817, "PRIMARY_NAME": "PWCSA NEABSCO - OPERATIONS SUPPORT FACILITY BUILDING", "NAICS": "221320, 518210", "valid": true, "invalid_msg": "" }, "geometry": { "type": "Point", "coordinates": [ -77.2844, 38.60632 ] } },
{ "type": "Feature", "properties": { "ejam_uniq_id": 165, "lat": 40.817529, "lon": -74.303086, "REGISTRY_ID": 110043400156, "PRIMARY_NAME": "AUTOMATIC DATA PROCESSING INC", "NAICS": "518210", "valid": true, "invalid_msg": "" }, "geometry": { "type": "Point", "coordinates": [ -74.303086, 40.817529 ] } },
{ "type": "Feature", "properties": { "ejam_uniq_id": 166, "lat": 38.86819, "lon": -77.215, "REGISTRY_ID": 110043433219, "PRIMARY_NAME": "NORTHROP GRUMMAN SYSTEMS CORP", "NAICS": "334511, 518210, 551114", "valid": true, "invalid_msg": "" }, "geometry": { "type": "Point", "coordinates": [ -77.215, 38.86819 ] } },
{ "type": "Feature", "properties": { "ejam_uniq_id": 167, "lat": 39.01548, "lon": -77.47663, "REGISTRY_ID": 110043515808, "PRIMARY_NAME": "INTERGATE - ASHBURN, LLC", "NAICS": "334611, 334614, 518210", "valid": true, "invalid_msg": "" }, "geometry": { "type": "Point", "coordinates": [ -77.47663, 39.01548 ] } },
{ "type": "Feature", "properties": { "ejam_uniq_id": 168, "lat": 41.219756, "lon": -95.86385, "REGISTRY_ID": 110043614434, "PRIMARY_NAME": "TETRA, LLC", "NAICS": "518210", "valid": true, "invalid_msg": "" }, "geometry": { "type": "Point", "coordinates": [ -95.86385, 41.219756 ] } },
{ "type": "Feature", "properties": { "ejam_uniq_id": 169, "lat": 41.51944, "lon": -93.66385, "REGISTRY_ID": 110043627536, "PRIMARY_NAME": "HEWLETT PACKARD COMPANY", "NAICS": "518210", "valid": true, "invalid_msg": "" }, "geometry": { "type": "Point", "coordinates": [ -93.66385, 41.51944 ] } },
{ "type": "Feature", "properties": { "ejam_uniq_id": 170, "lat": 35.31556, "lon": -81.82162, "REGISTRY_ID": 110043697416, "PRIMARY_NAME": "ANDALE, INC.", "NAICS": "518210", "valid": true, "invalid_msg": "" }, "geometry": { "type": "Point", "coordinates": [ -81.82162, 35.31556 ] } },
{ "type": "Feature", "properties": { "ejam_uniq_id": 171, "lat": 39.02216, "lon": -77.45611, "REGISTRY_ID": 110043702801, "PRIMARY_NAME": "VA1 DATA CENTER", "NAICS": "518210", "valid": true, "invalid_msg": "" }, "geometry": { "type": "Point", "coordinates": [ -77.45611, 39.02216 ] } },
{ "type": "Feature", "properties": { "ejam_uniq_id": 172, "lat": 42.37797, "lon": -71.0809, "REGISTRY_ID": 110044233308, "PRIMARY_NAME": "INTERNAP NETWORK SERVICES", "NAICS": "518210", "valid": true, "invalid_msg": "" }, "geometry": { "type": "Point", "coordinates": [ -71.0809, 42.37797 ] } },
{ "type": "Feature", "properties": { "ejam_uniq_id": 173, "lat": 36.49936, "lon": -94.26555, "REGISTRY_ID": 110044798403, "PRIMARY_NAME": "WALMART NORTH DATA CENTER #8678", "NAICS": "455211, 518210", "valid": true, "invalid_msg": "" }, "geometry": { "type": "Point", "coordinates": [ -94.26555, 36.49936 ] } },
{ "type": "Feature", "properties": { "ejam_uniq_id": 174, "lat": 36.24255, "lon": -95.32657, "REGISTRY_ID": 110044930778, "PRIMARY_NAME": "MYALL, LLC", "NAICS": "518210", "valid": true, "invalid_msg": "" }, "geometry": { "type": "Point", "coordinates": [ -95.32657, 36.24255 ] } },
{ "type": "Feature", "properties": { "ejam_uniq_id": 175, "lat": 39.02543, "lon": -77.41752, "REGISTRY_ID": 110044950318, "PRIMARY_NAME": "INOVA HEALTH CARE SYSTEMS - IT OPERATIONS", "NAICS": "518210", "valid": true, "invalid_msg": "" }, "geometry": { "type": "Point", "coordinates": [ -77.41752, 39.02543 ] } },
{ "type": "Feature", "properties": { "ejam_uniq_id": 176, "lat": 40.80319, "lon": -74.0973, "REGISTRY_ID": 110045365252, "PRIMARY_NAME": "AEROPOSTALE INC", "NAICS": "518210", "valid": true, "invalid_msg": "" }, "geometry": { "type": "Point", "coordinates": [ -74.0973, 40.80319 ] } },
{ "type": "Feature", "properties": { "ejam_uniq_id": 177, "lat": 41.25757, "lon": -95.937467, "REGISTRY_ID": 110045442124, "PRIMARY_NAME": "NEBRASKA COLOCATION CENTER", "NAICS": "518210", "valid": true, "invalid_msg": "" }, "geometry": { "type": "Point", "coordinates": [ -95.937467, 41.25757 ] } },
{ "type": "Feature", "properties": { "ejam_uniq_id": 178, "lat": 42.92837, "lon": -71.46505, "REGISTRY_ID": 110045459838, "PRIMARY_NAME": "COLOSPACE, INC.", "NAICS": "518210", "valid": true, "invalid_msg": "" }, "geometry": { "type": "Point", "coordinates": [ -71.46505, 42.92837 ] } },
{ "type": "Feature", "properties": { "ejam_uniq_id": 179, "lat": 33.7756, "lon": -84.419966, "REGISTRY_ID": 110045488058, "PRIMARY_NAME": "QUALITY INVESTMENT PROPERTIES METRO, LLC", "NAICS": "518210, 541513, 999999", "valid": true, "invalid_msg": "" }, "geometry": { "type": "Point", "coordinates": [ -84.419966, 33.7756 ] } },
{ "type": "Feature", "properties": { "ejam_uniq_id": 180, "lat": 41.33767, "lon": -96.02484, "REGISTRY_ID": 110045737244, "PRIMARY_NAME": "CONAGRA FOODS INC DATA CENTER", "NAICS": "518210", "valid": true, "invalid_msg": "" }, "geometry": { "type": "Point", "coordinates": [ -96.02484, 41.33767 ] } },
{ "type": "Feature", "properties": { "ejam_uniq_id": 181, "lat": 41.15944, "lon": -96.02598, "REGISTRY_ID": 110045866602, "PRIMARY_NAME": "LIGHTEDGE DATA CENTER", "NAICS": "518210", "valid": true, "invalid_msg": "" }, "geometry": { "type": "Point", "coordinates": [ -96.02598, 41.15944 ] } },
{ "type": "Feature", "properties": { "ejam_uniq_id": 182, "lat": 41.1473, "lon": -96.2357, "REGISTRY_ID": 110045893155, "PRIMARY_NAME": "PINNACLE BANK DATA CENTER", "NAICS": "518210", "valid": true, "invalid_msg": "" }, "geometry": { "type": "Point", "coordinates": [ -96.2357, 41.1473 ] } },
{ "type": "Feature", "properties": { "ejam_uniq_id": 183, "lat": 35.25424, "lon": -81.3851, "REGISTRY_ID": 110046103266, "PRIMARY_NAME": "BELLSOUTH TELECOMMUNICATIONS, LLC DBA AT&T NORTH CAROLINA", "NAICS": "518210", "valid": true, "invalid_msg": "" }, "geometry": { "type": "Point", "coordinates": [ -81.3851, 35.25424 ] } },
{ "type": "Feature", "properties": { "ejam_uniq_id": 184, "lat": 41.637378, "lon": -93.50317, "REGISTRY_ID": 110046462421, "PRIMARY_NAME": "SICULUS, INC.", "NAICS": "518210", "valid": true, "invalid_msg": "" }, "geometry": { "type": "Point", "coordinates": [ -93.50317, 41.637378 ] } },
{ "type": "Feature", "properties": { "ejam_uniq_id": 185, "lat": 41.16753, "lon": -95.79376, "REGISTRY_ID": 110046464250, "PRIMARY_NAME": "GABLE CORPORATION", "NAICS": "518210", "valid": true, "invalid_msg": "" }, "geometry": { "type": "Point", "coordinates": [ -95.79376, 41.16753 ] } },
{ "type": "Feature", "properties": { "ejam_uniq_id": 186, "lat": 37.36206, "lon": -77.32561, "REGISTRY_ID": 110046467658, "PRIMARY_NAME": "CHIRISA RICHMOND LLC", "NAICS": "518210, 541513", "valid": true, "invalid_msg": "" }, "geometry": { "type": "Point", "coordinates": [ -77.32561, 37.36206 ] } },
{ "type": "Feature", "properties": { "ejam_uniq_id": 187, "lat": 40.55339, "lon": -74.46069, "REGISTRY_ID": 110046508524, "PRIMARY_NAME": "SAVVIS NJ4", "NAICS": "518210", "valid": true, "invalid_msg": "" }, "geometry": { "type": "Point", "coordinates": [ -74.46069, 40.55339 ] } },
{ "type": "Feature", "properties": { "ejam_uniq_id": 188, "lat": 37.39756, "lon": -121.98098, "REGISTRY_ID": 110054195027, "PRIMARY_NAME": "SAVVIS COMMUNICATIONS CORPORATION DBA CENTURYLINK", "NAICS": "518210, 541513", "valid": true, "invalid_msg": "" }, "geometry": { "type": "Point", "coordinates": [ -121.98098, 37.39756 ] } },
{ "type": "Feature", "properties": { "ejam_uniq_id": 189, "lat": 37.52115, "lon": -122.25901, "REGISTRY_ID": 110054203232, "PRIMARY_NAME": "RNM PROPERTIES", "NAICS": "518210", "valid": true, "invalid_msg": "" }, "geometry": { "type": "Point", "coordinates": [ -122.25901, 37.52115 ] } },
{ "type": "Feature", "properties": { "ejam_uniq_id": 190, "lat": 39.02082, "lon": -77.459986, "REGISTRY_ID": 110054206783, "PRIMARY_NAME": "DUPONT FABROS TECH - ASHBURN CORP CTR", "NAICS": "518210", "valid": true, "invalid_msg": "" }, "geometry": { "type": "Point", "coordinates": [ -77.459986, 39.02082 ] } },
{ "type": "Feature", "properties": { "ejam_uniq_id": 191, "lat": 37.36208, "lon": -121.94655, "REGISTRY_ID": 110054209637, "PRIMARY_NAME": "MICROSOFT CORPORATION", "NAICS": "518210, 541513", "valid": true, "invalid_msg": "" }, "geometry": { "type": "Point", "coordinates": [ -121.94655, 37.36208 ] } },
{ "type": "Feature", "properties": { "ejam_uniq_id": 192, "lat": 39.69966, "lon": -104.9875, "REGISTRY_ID": 110054239230, "PRIMARY_NAME": "SIDUS GROUP - DENVER DATA CENTER", "NAICS": "518210", "valid": true, "invalid_msg": "" }, "geometry": { "type": "Point", "coordinates": [ -104.9875, 39.69966 ] } },
{ "type": "Feature", "properties": { "ejam_uniq_id": 193, "lat": 37.566267, "lon": -121.983487, "REGISTRY_ID": 110054250403, "PRIMARY_NAME": "LEVEL 3 COMMUNICATIONS", "NAICS": "518210", "valid": true, "invalid_msg": "" }, "geometry": { "type": "Point", "coordinates": [ -121.983487, 37.566267 ] } },
{ "type": "Feature", "properties": { "ejam_uniq_id": 194, "lat": 37.4057, "lon": -121.9164, "REGISTRY_ID": 110054255541, "PRIMARY_NAME": "CORESITE", "NAICS": "518210", "valid": true, "invalid_msg": "" }, "geometry": { "type": "Point", "coordinates": [ -121.9164, 37.4057 ] } },
{ "type": "Feature", "properties": { "ejam_uniq_id": 195, "lat": 37.41441, "lon": -122.01462, "REGISTRY_ID": 110054255747, "PRIMARY_NAME": "EQUINIX LLC", "NAICS": "518210, 541513", "valid": true, "invalid_msg": "" }, "geometry": { "type": "Point", "coordinates": [ -122.01462, 37.41441 ] } },
{ "type": "Feature", "properties": { "ejam_uniq_id": 196, "lat": 37.37636, "lon": -121.94868, "REGISTRY_ID": 110054255925, "PRIMARY_NAME": "3011 LAFAYETTE", "NAICS": "518210", "valid": true, "invalid_msg": "" }, "geometry": { "type": "Point", "coordinates": [ -121.94868, 37.37636 ] } },
{ "type": "Feature", "properties": { "ejam_uniq_id": 197, "lat": 37.480277, "lon": -122.200454, "REGISTRY_ID": 110054258101, "PRIMARY_NAME": "AT&T CORPORATION", "NAICS": "518210", "valid": true, "invalid_msg": "" }, "geometry": { "type": "Point", "coordinates": [ -122.200454, 37.480277 ] } },
{ "type": "Feature", "properties": { "ejam_uniq_id": 198, "lat": 39.79914, "lon": -121.85041, "REGISTRY_ID": 110054263006, "PRIMARY_NAME": "SLATER LAND-MILESTONE TECHNOLOGIES", "NAICS": "518210", "valid": true, "invalid_msg": "" }, "geometry": { "type": "Point", "coordinates": [ -121.85041, 39.79914 ] } },
{ "type": "Feature", "properties": { "ejam_uniq_id": 199, "lat": 39.712612, "lon": -121.879304, "REGISTRY_ID": 110054263104, "PRIMARY_NAME": "SLATERLAND-SUNGARD BI-TECH", "NAICS": "518210", "valid": true, "invalid_msg": "" }, "geometry": { "type": "Point", "coordinates": [ -121.879304, 39.712612 ] } },
{ "type": "Feature", "properties": { "ejam_uniq_id": 200, "lat": 39.7991, "lon": -121.85249, "REGISTRY_ID": 110054263140, "PRIMARY_NAME": "SLATER LAND-SUNGARD BI-TECH", "NAICS": "518210", "valid": true, "invalid_msg": "" }, "geometry": { "type": "Point", "coordinates": [ -121.85249, 39.7991 ] } },
{ "type": "Feature", "properties": { "ejam_uniq_id": 201, "lat": 38.0198, "lon": -121.93396, "REGISTRY_ID": 110054263408, "PRIMARY_NAME": "LEVEL 3 COMMUNICATIONS LLC", "NAICS": "517110, 518210", "valid": true, "invalid_msg": "" }, "geometry": { "type": "Point", "coordinates": [ -121.93396, 38.0198 ] } },
{ "type": "Feature", "properties": { "ejam_uniq_id": 202, "lat": 39.79945, "lon": -121.85174, "REGISTRY_ID": 110054272666, "PRIMARY_NAME": "SLATER LAND DIGITAL PATH", "NAICS": "518210", "valid": true, "invalid_msg": "" }, "geometry": { "type": "Point", "coordinates": [ -121.85174, 39.79945 ] } },
{ "type": "Feature", "properties": { "ejam_uniq_id": 203, "lat": 37.72305, "lon": -122.39799, "REGISTRY_ID": 110054273460, "PRIMARY_NAME": "200 PAUL AVENUE LLC, C/O DIGITAL REALTY TRUST", "NAICS": "518210", "valid": true, "invalid_msg": "" }, "geometry": { "type": "Point", "coordinates": [ -122.39799, 37.72305 ] } },
{ "type": "Feature", "properties": { "ejam_uniq_id": 204, "lat": 37.79903, "lon": -122.28282, "REGISTRY_ID": 110054273549, "PRIMARY_NAME": "365 JACK LONDON SQUARE, LLC", "NAICS": "518210", "valid": true, "invalid_msg": "" }, "geometry": { "type": "Point", "coordinates": [ -122.28282, 37.79903 ] } },
{ "type": "Feature", "properties": { "ejam_uniq_id": 205, "lat": 38.25428, "lon": -122.27315, "REGISTRY_ID": 110054282502, "PRIMARY_NAME": "KAISER PERMANENTE", "NAICS": "518210", "valid": true, "invalid_msg": "" }, "geometry": { "type": "Point", "coordinates": [ -122.27315, 38.25428 ] } },
{ "type": "Feature", "properties": { "ejam_uniq_id": 206, "lat": 37.24156, "lon": -121.78313, "REGISTRY_ID": 110054282904, "PRIMARY_NAME": "EQUINIX LLC", "NAICS": "518210", "valid": true, "invalid_msg": "" }, "geometry": { "type": "Point", "coordinates": [ -121.78313, 37.24156 ] } },
{ "type": "Feature", "properties": { "ejam_uniq_id": 207, "lat": 37.39921, "lon": -122.0519, "REGISTRY_ID": 110054284742, "PRIMARY_NAME": "AOL,INC", "NAICS": "518210", "valid": true, "invalid_msg": "" }, "geometry": { "type": "Point", "coordinates": [ -122.0519, 37.39921 ] } },
{ "type": "Feature", "properties": { "ejam_uniq_id": 208, "lat": 37.37694, "lon": -121.96433, "REGISTRY_ID": 110054302410, "PRIMARY_NAME": "MISSION WEST PROPERTIES", "NAICS": "518210", "valid": true, "invalid_msg": "" }, "geometry": { "type": "Point", "coordinates": [ -121.96433, 37.37694 ] } },
{ "type": "Feature", "properties": { "ejam_uniq_id": 209, "lat": 37.39965, "lon": -122.01453, "REGISTRY_ID": 110054306899, "PRIMARY_NAME": "SWITCH AND DATA CA ELEVEN LLC", "NAICS": "221112, 517910, 518210, 541513", "valid": true, "invalid_msg": "" }, "geometry": { "type": "Point", "coordinates": [ -122.01453, 37.39965 ] } },
{ "type": "Feature", "properties": { "ejam_uniq_id": 210, "lat": 37.68842, "lon": -121.88986, "REGISTRY_ID": 110054309342, "PRIMARY_NAME": "TERREMARK NORTH AMERICA INC", "NAICS": "517110, 518210", "valid": true, "invalid_msg": "" }, "geometry": { "type": "Point", "coordinates": [ -121.88986, 37.68842 ] } },
{ "type": "Feature", "properties": { "ejam_uniq_id": 211, "lat": 37.48665, "lon": -122.20437, "REGISTRY_ID": 110054317244, "PRIMARY_NAME": "STANFORD ITSS DATA CENTER", "NAICS": "518210", "valid": true, "invalid_msg": "" }, "geometry": { "type": "Point", "coordinates": [ -122.20437, 37.48665 ] } },
{ "type": "Feature", "properties": { "ejam_uniq_id": 212, "lat": 39.322162, "lon": -77.351997, "REGISTRY_ID": 110054317333, "PRIMARY_NAME": "FANNIE MAE UTC DATA CENTER", "NAICS": "518210", "valid": true, "invalid_msg": "" }, "geometry": { "type": "Point", "coordinates": [ -77.351997, 39.322162 ] } },
{ "type": "Feature", "properties": { "ejam_uniq_id": 213, "lat": 37.40009, "lon": -121.89529, "REGISTRY_ID": 110054319288, "PRIMARY_NAME": "VERIZON BUSINESS", "NAICS": "517110, 518210", "valid": true, "invalid_msg": "" }, "geometry": { "type": "Point", "coordinates": [ -121.89529, 37.40009 ] } },
{ "type": "Feature", "properties": { "ejam_uniq_id": 214, "lat": 37.72305, "lon": -122.39799, "REGISTRY_ID": 110054321541, "PRIMARY_NAME": "LEVEL 3 COMMUNICATIONS LLC", "NAICS": "517110, 518210", "valid": true, "invalid_msg": "" }, "geometry": { "type": "Point", "coordinates": [ -122.39799, 37.72305 ] } },
{ "type": "Feature", "properties": { "ejam_uniq_id": 215, "lat": 41.161749, "lon": -96.08513, "REGISTRY_ID": 110054361720, "PRIMARY_NAME": "FIDELITY INVESTMENTS DATA CTR", "NAICS": "518210, 541519", "valid": true, "invalid_msg": "" }, "geometry": { "type": "Point", "coordinates": [ -96.08513, 41.161749 ] } },
{ "type": "Feature", "properties": { "ejam_uniq_id": 216, "lat": 39.64683, "lon": -75.65682, "REGISTRY_ID": 110054435045, "PRIMARY_NAME": "JP MORGAN CHASE BANK- 501 BEAR CHRISTIANA RD, BEAR", "NAICS": "518210", "valid": true, "invalid_msg": "" }, "geometry": { "type": "Point", "coordinates": [ -75.65682, 39.64683 ] } },
{ "type": "Feature", "properties": { "ejam_uniq_id": 217, "lat": 39.61196, "lon": -75.76136, "REGISTRY_ID": 110054468009, "PRIMARY_NAME": "LNH INC DBA HOSTING.COM - 350 PENCADER", "NAICS": "518210", "valid": true, "invalid_msg": "" }, "geometry": { "type": "Point", "coordinates": [ -75.76136, 39.61196 ] } },
{ "type": "Feature", "properties": { "ejam_uniq_id": 218, "lat": 39.61185, "lon": -75.76325, "REGISTRY_ID": 110054543838, "PRIMARY_NAME": "HOSTMYSITE.COM 1", "NAICS": "518210", "valid": true, "invalid_msg": "" }, "geometry": { "type": "Point", "coordinates": [ -75.76325, 39.61185 ] } },
{ "type": "Feature", "properties": { "ejam_uniq_id": 219, "lat": 42.65227, "lon": -83.21662, "REGISTRY_ID": 110054884648, "PRIMARY_NAME": "HEWLETT-PACKARD ENTERPRISE SERVICES, LLC", "NAICS": "518210", "valid": true, "invalid_msg": "" }, "geometry": { "type": "Point", "coordinates": [ -83.21662, 42.65227 ] } },
{ "type": "Feature", "properties": { "ejam_uniq_id": 220, "lat": 42.65307, "lon": -83.21358, "REGISTRY_ID": 110054888298, "PRIMARY_NAME": "HEWLETT-PACKARD ENTERPRISE SERVICES, LLC", "NAICS": "518210", "valid": true, "invalid_msg": "" }, "geometry": { "type": "Point", "coordinates": [ -83.21358, 42.65307 ] } },
{ "type": "Feature", "properties": { "ejam_uniq_id": 221, "lat": 39.832493, "lon": -105.003339, "REGISTRY_ID": 110055056004, "PRIMARY_NAME": "LOCKHEED MARTIN PROPERTIES", "NAICS": "518210, 561110", "valid": true, "invalid_msg": "" }, "geometry": { "type": "Point", "coordinates": [ -105.003339, 39.832493 ] } },
{ "type": "Feature", "properties": { "ejam_uniq_id": 222, "lat": 39.38989, "lon": -84.21517, "REGISTRY_ID": 110055529076, "PRIMARY_NAME": "CYRUSONE", "NAICS": "518210", "valid": true, "invalid_msg": "" }, "geometry": { "type": "Point", "coordinates": [ -84.21517, 39.38989 ] } },
{ "type": "Feature", "properties": { "ejam_uniq_id": 223, "lat": 33.27428, "lon": -111.88906, "REGISTRY_ID": 110055586236, "PRIMARY_NAME": "DIGITAL REALTY TRUST CHANDLER, LLC", "NAICS": "518210, 523120", "valid": true, "invalid_msg": "" }, "geometry": { "type": "Point", "coordinates": [ -111.88906, 33.27428 ] } },
{ "type": "Feature", "properties": { "ejam_uniq_id": 224, "lat": 38.90598, "lon": -77.47037, "REGISTRY_ID": 110055586307, "PRIMARY_NAME": "THE WORLD BANK", "NAICS": "518210", "valid": true, "invalid_msg": "" }, "geometry": { "type": "Point", "coordinates": [ -77.47037, 38.90598 ] } },
{ "type": "Feature", "properties": { "ejam_uniq_id": 225, "lat": 39.82656, "lon": -86.11675, "REGISTRY_ID": 110055591328, "PRIMARY_NAME": "HEALTH AND HOSPITAL CORPORATION", "NAICS": "518210", "valid": true, "invalid_msg": "" }, "geometry": { "type": "Point", "coordinates": [ -86.11675, 39.82656 ] } },
{ "type": "Feature", "properties": { "ejam_uniq_id": 226, "lat": 40.12181, "lon": -75.41944, "REGISTRY_ID": 110055599945, "PRIMARY_NAME": "DATA BASED INTERNATION SYS/LOWER PROVIDENCE", "NAICS": "518210", "valid": true, "invalid_msg": "" }, "geometry": { "type": "Point", "coordinates": [ -75.41944, 40.12181 ] } },
{ "type": "Feature", "properties": { "ejam_uniq_id": 227, "lat": 38.96195, "lon": -77.37208, "REGISTRY_ID": 110055610101, "PRIMARY_NAME": "SMITHSONIAN INSTITUTION", "NAICS": "518210", "valid": true, "invalid_msg": "" }, "geometry": { "type": "Point", "coordinates": [ -77.37208, 38.96195 ] } },
{ "type": "Feature", "properties": { "ejam_uniq_id": 228, "lat": 37.37498, "lon": -121.95414, "REGISTRY_ID": 110055709470, "PRIMARY_NAME": "1201 COMSTOCK PARTNERS, LLC", "NAICS": "518210", "valid": true, "invalid_msg": "" }, "geometry": { "type": "Point", "coordinates": [ -121.95414, 37.37498 ] } },
{ "type": "Feature", "properties": { "ejam_uniq_id": 229, "lat": 37.365392, "lon": -121.95813, "REGISTRY_ID": 110055724453, "PRIMARY_NAME": "EDGECONNEX SILICON VALLEY HOLDINGS, LLC", "NAICS": "518210", "valid": true, "invalid_msg": "" }, "geometry": { "type": "Point", "coordinates": [ -121.95813, 37.365392 ] } },
{ "type": "Feature", "properties": { "ejam_uniq_id": 230, "lat": 37.37581, "lon": -121.95322, "REGISTRY_ID": 110055748641, "PRIMARY_NAME": "1100 SPACE PARK, LLC", "NAICS": "518210", "valid": true, "invalid_msg": "" }, "geometry": { "type": "Point", "coordinates": [ -121.95322, 37.37581 ] } },
{ "type": "Feature", "properties": { "ejam_uniq_id": 231, "lat": 37.37036, "lon": -121.96989, "REGISTRY_ID": 110055766443, "PRIMARY_NAME": "SAVVIS COMMUNICATIONS - SC5", "NAICS": "518210", "valid": true, "invalid_msg": "" }, "geometry": { "type": "Point", "coordinates": [ -121.96989, 37.37036 ] } },
{ "type": "Feature", "properties": { "ejam_uniq_id": 232, "lat": 33.91562, "lon": -118.38456, "REGISTRY_ID": 110055768673, "PRIMARY_NAME": "DIGITAL 2260 EAST EL SEGUNDO LLC", "NAICS": "518210, 541513", "valid": true, "invalid_msg": "" }, "geometry": { "type": "Point", "coordinates": [ -118.38456, 33.91562 ] } },
{ "type": "Feature", "properties": { "ejam_uniq_id": 233, "lat": 37.41286, "lon": -121.97849, "REGISTRY_ID": 110055814016, "PRIMARY_NAME": "SANTA CLARA STADIUM TECHCENTER", "NAICS": "518210, 531390", "valid": true, "invalid_msg": "" }, "geometry": { "type": "Point", "coordinates": [ -121.97849, 37.41286 ] } },
{ "type": "Feature", "properties": { "ejam_uniq_id": 234, "lat": 38.587053, "lon": -121.528154, "REGISTRY_ID": 110055844216, "PRIMARY_NAME": "ISTREET SOLUTIONS, LLC DATA CENTER", "NAICS": "518210", "valid": true, "invalid_msg": "" }, "geometry": { "type": "Point", "coordinates": [ -121.528154, 38.587053 ] } },
{ "type": "Feature", "properties": { "ejam_uniq_id": 235, "lat": 37.37032, "lon": -121.9698, "REGISTRY_ID": 110055850921, "PRIMARY_NAME": "CYXTERA COMMUNICATIONS  LLC SC4-5", "NAICS": "518210", "valid": true, "invalid_msg": "" }, "geometry": { "type": "Point", "coordinates": [ -121.9698, 37.37032 ] } },
{ "type": "Feature", "properties": { "ejam_uniq_id": 236, "lat": 37.37505, "lon": -121.95807, "REGISTRY_ID": 110055880257, "PRIMARY_NAME": "DIGITAL 1725 COMSTOCK, LLC", "NAICS": "518210", "valid": true, "invalid_msg": "" }, "geometry": { "type": "Point", "coordinates": [ -121.95807, 37.37505 ] } },
{ "type": "Feature", "properties": { "ejam_uniq_id": 237, "lat": 37.37859, "lon": -121.95803, "REGISTRY_ID": 110055880266, "PRIMARY_NAME": "DIGITAL ALFRED, LLC", "NAICS": "518210", "valid": true, "invalid_msg": "" }, "geometry": { "type": "Point", "coordinates": [ -121.95803, 37.37859 ] } },
{ "type": "Feature", "properties": { "ejam_uniq_id": 238, "lat": 40.820406, "lon": -74.135973, "REGISTRY_ID": 110056067964, "PRIMARY_NAME": "THOMSON REUTERS", "NAICS": "518210", "valid": true, "invalid_msg": "" }, "geometry": { "type": "Point", "coordinates": [ -74.135973, 40.820406 ] } },
{ "type": "Feature", "properties": { "ejam_uniq_id": 239, "lat": 41.59705, "lon": -93.75442, "REGISTRY_ID": 110056288663, "PRIMARY_NAME": "CDS GLOBAL INC", "NAICS": "518210", "valid": true, "invalid_msg": "" }, "geometry": { "type": "Point", "coordinates": [ -93.75442, 41.59705 ] } },
{ "type": "Feature", "properties": { "ejam_uniq_id": 240, "lat": 38.81733, "lon": -77.64686, "REGISTRY_ID": 110056292168, "PRIMARY_NAME": "AMAZON DATA SERVICES, INC. IAD-55 IAD-64 IAD-84", "NAICS": "518210", "valid": true, "invalid_msg": "" }, "geometry": { "type": "Point", "coordinates": [ -77.64686, 38.81733 ] } },
{ "type": "Feature", "properties": { "ejam_uniq_id": 241, "lat": 40.25978, "lon": -76.92042, "REGISTRY_ID": 110056297172, "PRIMARY_NAME": "HP ENTERPRISE SVC LLC/CAMP HILL", "NAICS": "518210", "valid": true, "invalid_msg": "" }, "geometry": { "type": "Point", "coordinates": [ -76.92042, 40.25978 ] } },
{ "type": "Feature", "properties": { "ejam_uniq_id": 242, "lat": 39.02697, "lon": -77.4591, "REGISTRY_ID": 110056298340, "PRIMARY_NAME": "AMAZON DATA SERVICES, INC. IAD 50 IAD 60 IAD-71 IAD-78 IAD-79 IAD-80 (74049)", "NAICS": "518210", "valid": true, "invalid_msg": "" }, "geometry": { "type": "Point", "coordinates": [ -77.4591, 39.02697 ] } },
{ "type": "Feature", "properties": { "ejam_uniq_id": 243, "lat": 41.13253, "lon": -96.144987, "REGISTRY_ID": 110056366819, "PRIMARY_NAME": "THE TRAVELERS INDEMNITY CO", "NAICS": "518210", "valid": true, "invalid_msg": "" }, "geometry": { "type": "Point", "coordinates": [ -96.144987, 41.13253 ] } },
{ "type": "Feature", "properties": { "ejam_uniq_id": 244, "lat": 41.87156, "lon": -87.643103, "REGISTRY_ID": 110056415561, "PRIMARY_NAME": "ALTEREDSCALE", "NAICS": "518210", "valid": true, "invalid_msg": "" }, "geometry": { "type": "Point", "coordinates": [ -87.643103, 41.87156 ] } },
{ "type": "Feature", "properties": { "ejam_uniq_id": 245, "lat": 44.29236, "lon": -71.79977, "REGISTRY_ID": 110056431927, "PRIMARY_NAME": "SECURED NETWORK SERVICES, INC.", "NAICS": "518210", "valid": true, "invalid_msg": "" }, "geometry": { "type": "Point", "coordinates": [ -71.79977, 44.29236 ] } },
{ "type": "Feature", "properties": { "ejam_uniq_id": 246, "lat": 38.73854, "lon": -77.20822, "REGISTRY_ID": 110056440338, "PRIMARY_NAME": "U.S. CUSTOMS AND BORDER PROTECTION", "NAICS": "518210", "valid": true, "invalid_msg": "" }, "geometry": { "type": "Point", "coordinates": [ -77.20822, 38.73854 ] } },
{ "type": "Feature", "properties": { "ejam_uniq_id": 247, "lat": 40.90922, "lon": -74.235, "REGISTRY_ID": 110057018748, "PRIMARY_NAME": "CYRUSONE INC", "NAICS": "518210", "valid": true, "invalid_msg": "" }, "geometry": { "type": "Point", "coordinates": [ -74.235, 40.90922 ] } },
{ "type": "Feature", "properties": { "ejam_uniq_id": 248, "lat": 40.776351, "lon": -74.072007, "REGISTRY_ID": 110057081571, "PRIMARY_NAME": "EQUINIX NY6 BUSINESS SUITES", "NAICS": "518210", "valid": true, "invalid_msg": "" }, "geometry": { "type": "Point", "coordinates": [ -74.072007, 40.776351 ] } },
{ "type": "Feature", "properties": { "ejam_uniq_id": 249, "lat": 39.80765, "lon": -75.09198, "REGISTRY_ID": 110057082099, "PRIMARY_NAME": "ATRIXWARE", "NAICS": "518210", "valid": true, "invalid_msg": "" }, "geometry": { "type": "Point", "coordinates": [ -75.09198, 39.80765 ] } },
{ "type": "Feature", "properties": { "ejam_uniq_id": 250, "lat": 42.294537, "lon": -85.582178, "REGISTRY_ID": 110057186129, "PRIMARY_NAME": "OMEGA COMPUTER SERVICES", "NAICS": "518210", "valid": true, "invalid_msg": "" }, "geometry": { "type": "Point", "coordinates": [ -85.582178, 42.294537 ] } },
{ "type": "Feature", "properties": { "ejam_uniq_id": 251, "lat": 37.33844, "lon": -121.91016, "REGISTRY_ID": 110058301350, "PRIMARY_NAME": "SWITCH & DATA CA TWO LLC", "NAICS": "518210, 541519", "valid": true, "invalid_msg": "" }, "geometry": { "type": "Point", "coordinates": [ -121.91016, 37.33844 ] } },
{ "type": "Feature", "properties": { "ejam_uniq_id": 252, "lat": 42.54722, "lon": -83.12056, "REGISTRY_ID": 110058308647, "PRIMARY_NAME": "BEAUMONT INFORMATION TECHNOLOGY CENTER", "NAICS": "518210", "valid": true, "invalid_msg": "" }, "geometry": { "type": "Point", "coordinates": [ -83.12056, 42.54722 ] } },
{ "type": "Feature", "properties": { "ejam_uniq_id": 253, "lat": 37.78534, "lon": -122.39545, "REGISTRY_ID": 110058309138, "PRIMARY_NAME": "BRACKET GLOBAL LLC", "NAICS": "518210", "valid": true, "invalid_msg": "" }, "geometry": { "type": "Point", "coordinates": [ -122.39545, 37.78534 ] } },
{ "type": "Feature", "properties": { "ejam_uniq_id": 254, "lat": 37.334393, "lon": -121.891418, "REGISTRY_ID": 110058311802, "PRIMARY_NAME": "CORESITE", "NAICS": "518210", "valid": true, "invalid_msg": "" }, "geometry": { "type": "Point", "coordinates": [ -121.891418, 37.334393 ] } },
{ "type": "Feature", "properties": { "ejam_uniq_id": 255, "lat": 37.23288, "lon": -121.77867, "REGISTRY_ID": 110058314042, "PRIMARY_NAME": "ISCS, INC", "NAICS": "518210", "valid": true, "invalid_msg": "" }, "geometry": { "type": "Point", "coordinates": [ -121.77867, 37.23288 ] } },
{ "type": "Feature", "properties": { "ejam_uniq_id": 256, "lat": 37.7794, "lon": -122.39405, "REGISTRY_ID": 110058314079, "PRIMARY_NAME": "HOSTING COM", "NAICS": "518210", "valid": true, "invalid_msg": "" }, "geometry": { "type": "Point", "coordinates": [ -122.39405, 37.7794 ] } },
{ "type": "Feature", "properties": { "ejam_uniq_id": 257, "lat": 37.37502, "lon": -121.95597, "REGISTRY_ID": 110058315531, "PRIMARY_NAME": "1525 COMSTOCK  C/O DIGITAL REA", "NAICS": "518210", "valid": true, "invalid_msg": "" }, "geometry": { "type": "Point", "coordinates": [ -121.95597, 37.37502 ] } },
{ "type": "Feature", "properties": { "ejam_uniq_id": 258, "lat": 37.40447, "lon": -122.03594, "REGISTRY_ID": 110058316246, "PRIMARY_NAME": "JAY PAUL COMPANY", "NAICS": "518210", "valid": true, "invalid_msg": "" }, "geometry": { "type": "Point", "coordinates": [ -122.03594, 37.40447 ] } },
{ "type": "Feature", "properties": { "ejam_uniq_id": 259, "lat": 37.37657, "lon": -121.98853, "REGISTRY_ID": 110058319449, "PRIMARY_NAME": "TERREMARK NORTH AMERICA, INC", "NAICS": "518210", "valid": true, "invalid_msg": "" }, "geometry": { "type": "Point", "coordinates": [ -121.98853, 37.37657 ] } },
{ "type": "Feature", "properties": { "ejam_uniq_id": 260, "lat": 37.37607, "lon": -121.98852, "REGISTRY_ID": 110058319635, "PRIMARY_NAME": "TERREMARK WORLDWIDE INC", "NAICS": "518210", "valid": true, "invalid_msg": "" }, "geometry": { "type": "Point", "coordinates": [ -121.98852, 37.37607 ] } },
{ "type": "Feature", "properties": { "ejam_uniq_id": 261, "lat": 37.38826, "lon": -121.88841, "REGISTRY_ID": 110058319975, "PRIMARY_NAME": "EQUINIX LLC", "NAICS": "518210, 541513", "valid": true, "invalid_msg": "" }, "geometry": { "type": "Point", "coordinates": [ -121.88841, 37.38826 ] } },
{ "type": "Feature", "properties": { "ejam_uniq_id": 262, "lat": 37.39896, "lon": -122.05746, "REGISTRY_ID": 110058320197, "PRIMARY_NAME": "GOOGLE LLC", "NAICS": "518210", "valid": true, "invalid_msg": "" }, "geometry": { "type": "Point", "coordinates": [ -122.05746, 37.39896 ] } },
{ "type": "Feature", "properties": { "ejam_uniq_id": 263, "lat": 37.39399, "lon": -121.97827, "REGISTRY_ID": 110058334823, "PRIMARY_NAME": "QUALITY INVESTMENT PROPERTIES SANTA CLARA, LLC", "NAICS": "518210", "valid": true, "invalid_msg": "" }, "geometry": { "type": "Point", "coordinates": [ -121.97827, 37.39399 ] } },
{ "type": "Feature", "properties": { "ejam_uniq_id": 264, "lat": 37.37498, "lon": -121.95414, "REGISTRY_ID": 110058334841, "PRIMARY_NAME": "COMSTOCK DATA CENTER", "NAICS": "518210", "valid": true, "invalid_msg": "" }, "geometry": { "type": "Point", "coordinates": [ -121.95414, 37.37498 ] } },
{ "type": "Feature", "properties": { "ejam_uniq_id": 265, "lat": 37.92597, "lon": -122.01818, "REGISTRY_ID": 110058334976, "PRIMARY_NAME": "KAISER PERMANENTE WALNUT CREEK DATA CENTER", "NAICS": "518210", "valid": true, "invalid_msg": "" }, "geometry": { "type": "Point", "coordinates": [ -122.01818, 37.92597 ] } },
{ "type": "Feature", "properties": { "ejam_uniq_id": 266, "lat": 37.37259, "lon": -121.9735, "REGISTRY_ID": 110058338473, "PRIMARY_NAME": "VANTAGE DATA CENTERS MANAGEMENT CO , LLC", "NAICS": "518210", "valid": true, "invalid_msg": "" }, "geometry": { "type": "Point", "coordinates": [ -121.9735, 37.37259 ] } },
{ "type": "Feature", "properties": { "ejam_uniq_id": 267, "lat": 37.37667, "lon": -121.95316, "REGISTRY_ID": 110058343252, "PRIMARY_NAME": "1101 SPACE PARK PARTNERS  LLC", "NAICS": "518210", "valid": true, "invalid_msg": "" }, "geometry": { "type": "Point", "coordinates": [ -121.95316, 37.37667 ] } },
{ "type": "Feature", "properties": { "ejam_uniq_id": 268, "lat": 37.37505, "lon": -121.95807, "REGISTRY_ID": 110058343555, "PRIMARY_NAME": "DIGITAL REALTY TRUST", "NAICS": "518210", "valid": true, "invalid_msg": "" }, "geometry": { "type": "Point", "coordinates": [ -121.95807, 37.37505 ] } },
{ "type": "Feature", "properties": { "ejam_uniq_id": 269, "lat": 37.69941, "lon": -121.89402, "REGISTRY_ID": 110058347105, "PRIMARY_NAME": "KAISER PERMANENTE", "NAICS": "518210", "valid": true, "invalid_msg": "" }, "geometry": { "type": "Point", "coordinates": [ -121.89402, 37.69941 ] } },
{ "type": "Feature", "properties": { "ejam_uniq_id": 270, "lat": 39.80038, "lon": -121.85562, "REGISTRY_ID": 110058351126, "PRIMARY_NAME": "DIGITAL PATH", "NAICS": "518210", "valid": true, "invalid_msg": "" }, "geometry": { "type": "Point", "coordinates": [ -121.85562, 39.80038 ] } },
{ "type": "Feature", "properties": { "ejam_uniq_id": 271, "lat": 37.53841, "lon": -122.32506, "REGISTRY_ID": 110058351411, "PRIMARY_NAME": "USPS SAN MATEO INFORMATION TECHNOLOGY AND ACCT SVC", "NAICS": "518210", "valid": true, "invalid_msg": "" }, "geometry": { "type": "Point", "coordinates": [ -122.32506, 37.53841 ] } },
{ "type": "Feature", "properties": { "ejam_uniq_id": 272, "lat": 38.6503, "lon": -121.4892, "REGISTRY_ID": 110058355346, "PRIMARY_NAME": "RAGING WIRE DATA CENTER", "NAICS": "518210, 541513", "valid": true, "invalid_msg": "" }, "geometry": { "type": "Point", "coordinates": [ -121.4892, 38.6503 ] } },
{ "type": "Feature", "properties": { "ejam_uniq_id": 273, "lat": 37.79903, "lon": -122.28282, "REGISTRY_ID": 110058362150, "PRIMARY_NAME": "DIGITAL 720 2ND LLC", "NAICS": "518210", "valid": true, "invalid_msg": "" }, "geometry": { "type": "Point", "coordinates": [ -122.28282, 37.79903 ] } },
{ "type": "Feature", "properties": { "ejam_uniq_id": 274, "lat": 38.25696, "lon": -122.27394, "REGISTRY_ID": 110058370150, "PRIMARY_NAME": "REGULUS", "NAICS": "518210", "valid": true, "invalid_msg": "" }, "geometry": { "type": "Point", "coordinates": [ -122.27394, 38.25696 ] } },
{ "type": "Feature", "properties": { "ejam_uniq_id": 275, "lat": 37.333442, "lon": -121.888543, "REGISTRY_ID": 110058373969, "PRIMARY_NAME": "DATAPIPE INC", "NAICS": "518210", "valid": true, "invalid_msg": "" }, "geometry": { "type": "Point", "coordinates": [ -121.888543, 37.333442 ] } },
{ "type": "Feature", "properties": { "ejam_uniq_id": 276, "lat": 37.40849, "lon": -121.94854, "REGISTRY_ID": 110058373978, "PRIMARY_NAME": "SAMSUNG DATA CENTER", "NAICS": "518210", "valid": true, "invalid_msg": "" }, "geometry": { "type": "Point", "coordinates": [ -121.94854, 37.40849 ] } },
{ "type": "Feature", "properties": { "ejam_uniq_id": 277, "lat": 41.17787, "lon": -95.92689, "REGISTRY_ID": 110058407674, "PRIMARY_NAME": "OMAHA DATA CENTER", "NAICS": "518210", "valid": true, "invalid_msg": "" }, "geometry": { "type": "Point", "coordinates": [ -95.92689, 41.17787 ] } },
{ "type": "Feature", "properties": { "ejam_uniq_id": 278, "lat": 41.13169, "lon": -96.04289, "REGISTRY_ID": 110058407683, "PRIMARY_NAME": "MIDLANDS DATA CENTER", "NAICS": "518210", "valid": true, "invalid_msg": "" }, "geometry": { "type": "Point", "coordinates": [ -96.04289, 41.13169 ] } },
{ "type": "Feature", "properties": { "ejam_uniq_id": 279, "lat": 45.30071, "lon": -93.62842, "REGISTRY_ID": 110058888565, "PRIMARY_NAME": "TARGET TECHNOLOGY CENTER", "NAICS": "045211, 452112, 452210, 455110, 518210, 551114", "valid": true, "invalid_msg": "" }, "geometry": { "type": "Point", "coordinates": [ -93.62842, 45.30071 ] } },
{ "type": "Feature", "properties": { "ejam_uniq_id": 280, "lat": 38.98837, "lon": -77.43831, "REGISTRY_ID": 110058901568, "PRIMARY_NAME": "AMAZON DATA SERVICES, INC. IAD-51 IAD-56 IAD-88  IAD-89", "NAICS": "518210", "valid": true, "invalid_msg": "" }, "geometry": { "type": "Point", "coordinates": [ -77.43831, 38.98837 ] } },
{ "type": "Feature", "properties": { "ejam_uniq_id": 281, "lat": 40.67614, "lon": -75.37758, "REGISTRY_ID": 110058903058, "PRIMARY_NAME": "TIERPOINT PENNSYLVANIA TWO LLC", "NAICS": "518210", "valid": true, "invalid_msg": "" }, "geometry": { "type": "Point", "coordinates": [ -75.37758, 40.67614 ] } },
{ "type": "Feature", "properties": { "ejam_uniq_id": 282, "lat": 28.42807, "lon": -81.42271, "REGISTRY_ID": 110058903110, "PRIMARY_NAME": "CORESITE REAL ESTATE OR1 LLC", "NAICS": "518210", "valid": true, "invalid_msg": "" }, "geometry": { "type": "Point", "coordinates": [ -81.42271, 28.42807 ] } },
{ "type": "Feature", "properties": { "ejam_uniq_id": 283, "lat": 41.845803, "lon": -88.007315, "REGISTRY_ID": 110059725873, "PRIMARY_NAME": "360 TCS LLC", "NAICS": "518210", "valid": true, "invalid_msg": "" }, "geometry": { "type": "Point", "coordinates": [ -88.007315, 41.845803 ] } },
{ "type": "Feature", "properties": { "ejam_uniq_id": 284, "lat": 40.078316, "lon": -75.399924, "REGISTRY_ID": 110059984744, "PRIMARY_NAME": "US LIABILITY INS GROUP/WAYNE", "NAICS": "518210", "valid": true, "invalid_msg": "" }, "geometry": { "type": "Point", "coordinates": [ -75.399924, 40.078316 ] } },
{ "type": "Feature", "properties": { "ejam_uniq_id": 285, "lat": 47.627934, "lon": -122.132398, "REGISTRY_ID": 110061141349, "PRIMARY_NAME": "EMC CORP", "NAICS": "518210", "valid": true, "invalid_msg": "" }, "geometry": { "type": "Point", "coordinates": [ -122.132398, 47.627934 ] } },
{ "type": "Feature", "properties": { "ejam_uniq_id": 286, "lat": 35.58973, "lon": -81.25638, "REGISTRY_ID": 110061453421, "PRIMARY_NAME": "APPLE MAIDEN DATA CENTER", "NAICS": "518210, 541513", "valid": true, "invalid_msg": "" }, "geometry": { "type": "Point", "coordinates": [ -81.25638, 35.58973 ] } },
{ "type": "Feature", "properties": { "ejam_uniq_id": 287, "lat": 36.163, "lon": -86.77658, "REGISTRY_ID": 110061590345, "PRIMARY_NAME": "H5 FUND VII, LLC", "NAICS": "518210", "valid": true, "invalid_msg": "" }, "geometry": { "type": "Point", "coordinates": [ -86.77658, 36.163 ] } },
{ "type": "Feature", "properties": { "ejam_uniq_id": 288, "lat": 33.745861, "lon": -84.585606, "REGISTRY_ID": 110061650100, "PRIMARY_NAME": "GOOGLE, LLC", "NAICS": "518210", "valid": true, "invalid_msg": "" }, "geometry": { "type": "Point", "coordinates": [ -84.585606, 33.745861 ] } },
{ "type": "Feature", "properties": { "ejam_uniq_id": 289, "lat": 32.93054, "lon": -97.10471, "REGISTRY_ID": 110061671944, "PRIMARY_NAME": "RACKSPACE HOSTING", "NAICS": "518210", "valid": true, "invalid_msg": "" }, "geometry": { "type": "Point", "coordinates": [ -97.10471, 32.93054 ] } },
{ "type": "Feature", "properties": { "ejam_uniq_id": 290, "lat": 39.00543, "lon": -77.44346, "REGISTRY_ID": 110061853739, "PRIMARY_NAME": "AMERICAN REAL ESTATE PARTNERS (AREP)", "NAICS": "517110, 517810, 517919, 518210", "valid": true, "invalid_msg": "" }, "geometry": { "type": "Point", "coordinates": [ -77.44346, 39.00543 ] } },
{ "type": "Feature", "properties": { "ejam_uniq_id": 291, "lat": 36.035835, "lon": -86.640513, "REGISTRY_ID": 110063226637, "PRIMARY_NAME": "HCA IT&S", "NAICS": "518210", "valid": true, "invalid_msg": "" }, "geometry": { "type": "Point", "coordinates": [ -86.640513, 36.035835 ] } },
{ "type": "Feature", "properties": { "ejam_uniq_id": 292, "lat": 36.11308, "lon": -86.64143, "REGISTRY_ID": 110063231097, "PRIMARY_NAME": "CHANGE HEALTHCARE", "NAICS": "518210", "valid": true, "invalid_msg": "" }, "geometry": { "type": "Point", "coordinates": [ -86.64143, 36.11308 ] } },
{ "type": "Feature", "properties": { "ejam_uniq_id": 293, "lat": 33.493321, "lon": -112.070426, "REGISTRY_ID": 110063619516, "PRIMARY_NAME": "LMK_PHX", "NAICS": "518210", "valid": true, "invalid_msg": "" }, "geometry": { "type": "Point", "coordinates": [ -112.070426, 33.493321 ] } },
{ "type": "Feature", "properties": { "ejam_uniq_id": 294, "lat": 39.024525, "lon": -77.413758, "REGISTRY_ID": 110064024452, "PRIMARY_NAME": "CYRUSONE LOUDOUN TECH CENTER", "NAICS": "518210", "valid": true, "invalid_msg": "" }, "geometry": { "type": "Point", "coordinates": [ -77.413758, 39.024525 ] } },
{ "type": "Feature", "properties": { "ejam_uniq_id": 295, "lat": 32.82785, "lon": -117.12968, "REGISTRY_ID": 110064261436, "PRIMARY_NAME": "COMPUTER SCIENCES CORP DOMESTIC ENT", "NAICS": "518210", "valid": true, "invalid_msg": "" }, "geometry": { "type": "Point", "coordinates": [ -117.12968, 32.82785 ] } },
{ "type": "Feature", "properties": { "ejam_uniq_id": 296, "lat": 37.5, "lon": -120.877, "REGISTRY_ID": 110064264399, "PRIMARY_NAME": "CHARTER COMMUNICATIONS", "NAICS": "518210", "valid": true, "invalid_msg": "" }, "geometry": { "type": "Point", "coordinates": [ -120.877, 37.5 ] } },
{ "type": "Feature", "properties": { "ejam_uniq_id": 297, "lat": 39.5878, "lon": -104.87631, "REGISTRY_ID": 110064533447, "PRIMARY_NAME": "EQUINIX LLC - EQUINIX LLC DE1", "NAICS": "238210, 518210", "valid": true, "invalid_msg": "" }, "geometry": { "type": "Point", "coordinates": [ -104.87631, 39.5878 ] } },
{ "type": "Feature", "properties": { "ejam_uniq_id": 298, "lat": 37.50967, "lon": -122.00206, "REGISTRY_ID": 110064682703, "PRIMARY_NAME": "APPLE INC", "NAICS": "518210", "valid": true, "invalid_msg": "" }, "geometry": { "type": "Point", "coordinates": [ -122.00206, 37.50967 ] } },
{ "type": "Feature", "properties": { "ejam_uniq_id": 299, "lat": 41.13272, "lon": -96.1395, "REGISTRY_ID": 110064734202, "PRIMARY_NAME": "FIREBALL GROUP LLC DATA CENTER", "NAICS": "518210, 541519", "valid": true, "invalid_msg": "" }, "geometry": { "type": "Point", "coordinates": [ -96.1395, 41.13272 ] } },
{ "type": "Feature", "properties": { "ejam_uniq_id": 300, "lat": 41.84339, "lon": -87.66583, "REGISTRY_ID": 110064847019, "PRIMARY_NAME": "QUALITY TECHNOLOGY SERVICES LLC", "NAICS": "518210", "valid": true, "invalid_msg": "" }, "geometry": { "type": "Point", "coordinates": [ -87.66583, 41.84339 ] } },
{ "type": "Feature", "properties": { "ejam_uniq_id": 301, "lat": 38.58929, "lon": -121.5592, "REGISTRY_ID": 110064979224, "PRIMARY_NAME": "XEROX STATE HEALTHCARENA LLC", "NAICS": "518210", "valid": true, "invalid_msg": "" }, "geometry": { "type": "Point", "coordinates": [ -121.5592, 38.58929 ] } },
{ "type": "Feature", "properties": { "ejam_uniq_id": 302, "lat": 38.589855, "lon": -121.565771, "REGISTRY_ID": 110065066047, "PRIMARY_NAME": "DATABANK IMX (WEST SACRAMENTONA CA)", "NAICS": "518210", "valid": true, "invalid_msg": "" }, "geometry": { "type": "Point", "coordinates": [ -121.565771, 38.589855 ] } },
{ "type": "Feature", "properties": { "ejam_uniq_id": 303, "lat": 37.37017, "lon": -121.97305, "REGISTRY_ID": 110065218703, "PRIMARY_NAME": "VERINT", "NAICS": "518210", "valid": true, "invalid_msg": "" }, "geometry": { "type": "Point", "coordinates": [ -121.97305, 37.37017 ] } },
{ "type": "Feature", "properties": { "ejam_uniq_id": 304, "lat": 38.565499, "lon": -121.472857, "REGISTRY_ID": 110065397396, "PRIMARY_NAME": "SUTTER HEALTH DATA CENTER", "NAICS": "518210", "valid": true, "invalid_msg": "" }, "geometry": { "type": "Point", "coordinates": [ -121.472857, 38.565499 ] } },
{ "type": "Feature", "properties": { "ejam_uniq_id": 305, "lat": 37.38597, "lon": -121.90028, "REGISTRY_ID": 110065441640, "PRIMARY_NAME": "AVAGO TECHNOLOGIES", "NAICS": "518210", "valid": true, "invalid_msg": "" }, "geometry": { "type": "Point", "coordinates": [ -121.90028, 37.38597 ] } },
{ "type": "Feature", "properties": { "ejam_uniq_id": 306, "lat": 37.72305, "lon": -122.39799, "REGISTRY_ID": 110065554153, "PRIMARY_NAME": "200 PAULNA LLC", "NAICS": "518210", "valid": true, "invalid_msg": "" }, "geometry": { "type": "Point", "coordinates": [ -122.39799, 37.72305 ] } },
{ "type": "Feature", "properties": { "ejam_uniq_id": 307, "lat": 34.04734, "lon": -118.25747, "REGISTRY_ID": 110065731462, "PRIMARY_NAME": "GIP 7TH STREETNA LLC", "NAICS": "518210, 531110", "valid": true, "invalid_msg": "" }, "geometry": { "type": "Point", "coordinates": [ -118.25747, 34.04734 ] } },
{ "type": "Feature", "properties": { "ejam_uniq_id": 308, "lat": 37.39921, "lon": -122.0519, "REGISTRY_ID": 110065734557, "PRIMARY_NAME": "GOOGLE LLC", "NAICS": "514191, 518210", "valid": true, "invalid_msg": "" }, "geometry": { "type": "Point", "coordinates": [ -122.0519, 37.39921 ] } },
{ "type": "Feature", "properties": { "ejam_uniq_id": 309, "lat": 37.405318, "lon": -122.033384, "REGISTRY_ID": 110065751430, "PRIMARY_NAME": "GOOGLE LLC", "NAICS": "517919, 518210", "valid": true, "invalid_msg": "" }, "geometry": { "type": "Point", "coordinates": [ -122.033384, 37.405318 ] } },
{ "type": "Feature", "properties": { "ejam_uniq_id": 310, "lat": 37.927829, "lon": -122.01993, "REGISTRY_ID": 110065757194, "PRIMARY_NAME": "KAISER WALNUT CREEK DATA CENTER", "NAICS": "518210", "valid": true, "invalid_msg": "" }, "geometry": { "type": "Point", "coordinates": [ -122.01993, 37.927829 ] } },
{ "type": "Feature", "properties": { "ejam_uniq_id": 311, "lat": 33.90216, "lon": -118.36924, "REGISTRY_ID": 110065797846, "PRIMARY_NAME": "LUNARPAGES", "NAICS": "518210", "valid": true, "invalid_msg": "" }, "geometry": { "type": "Point", "coordinates": [ -118.36924, 33.90216 ] } },
{ "type": "Feature", "properties": { "ejam_uniq_id": 312, "lat": 38.59241, "lon": -121.27208, "REGISTRY_ID": 110065805365, "PRIMARY_NAME": "GLOBAL GOLD CAMPNA LLC", "NAICS": "518210", "valid": true, "invalid_msg": "" }, "geometry": { "type": "Point", "coordinates": [ -121.27208, 38.59241 ] } },
{ "type": "Feature", "properties": { "ejam_uniq_id": 313, "lat": 39.79774, "lon": -121.85088, "REGISTRY_ID": 110066233472, "PRIMARY_NAME": "TRI COUNTIES BANK OPERATIONS CENTER", "NAICS": "518210, 522110", "valid": true, "invalid_msg": "" }, "geometry": { "type": "Point", "coordinates": [ -121.85088, 39.79774 ] } },
{ "type": "Feature", "properties": { "ejam_uniq_id": 314, "lat": 33.93056, "lon": -118.40202, "REGISTRY_ID": 110066457603, "PRIMARY_NAME": "RAYCOM DATA TECHNOLOGIES", "NAICS": "518210", "valid": true, "invalid_msg": "" }, "geometry": { "type": "Point", "coordinates": [ -118.40202, 33.93056 ] } },
{ "type": "Feature", "properties": { "ejam_uniq_id": 315, "lat": 33.77504, "lon": -118.14651, "REGISTRY_ID": 110066573121, "PRIMARY_NAME": "CHIPTON-ROSSNA INC.", "NAICS": "518210", "valid": true, "invalid_msg": "" }, "geometry": { "type": "Point", "coordinates": [ -118.14651, 33.77504 ] } },
{ "type": "Feature", "properties": { "ejam_uniq_id": 316, "lat": 37.242637, "lon": -121.781594, "REGISTRY_ID": 110066587562, "PRIMARY_NAME": "EQUINIX INC SVS", "NAICS": "518210, 541513", "valid": true, "invalid_msg": "" }, "geometry": { "type": "Point", "coordinates": [ -121.781594, 37.242637 ] } },
{ "type": "Feature", "properties": { "ejam_uniq_id": 317, "lat": 37.33363, "lon": -121.88796, "REGISTRY_ID": 110066651509, "PRIMARY_NAME": "150 S. FIRST STREETNA LLC", "NAICS": "518210", "valid": true, "invalid_msg": "" }, "geometry": { "type": "Point", "coordinates": [ -121.88796, 37.33363 ] } },
{ "type": "Feature", "properties": { "ejam_uniq_id": 318, "lat": 33.85612, "lon": -117.5405, "REGISTRY_ID": 110066703062, "PRIMARY_NAME": "KAISER 1850", "NAICS": "518210", "valid": true, "invalid_msg": "" }, "geometry": { "type": "Point", "coordinates": [ -117.5405, 33.85612 ] } },
{ "type": "Feature", "properties": { "ejam_uniq_id": 319, "lat": 33.270448, "lon": -111.882105, "REGISTRY_ID": 110066858323, "PRIMARY_NAME": "CYRUSONE", "NAICS": "518210", "valid": true, "invalid_msg": "" }, "geometry": { "type": "Point", "coordinates": [ -111.882105, 33.270448 ] } },
{ "type": "Feature", "properties": { "ejam_uniq_id": 320, "lat": 40.15993, "lon": -74.05319, "REGISTRY_ID": 110066995808, "PRIMARY_NAME": "NJFX DATA CENTER", "NAICS": "518210", "valid": true, "invalid_msg": "" }, "geometry": { "type": "Point", "coordinates": [ -74.05319, 40.15993 ] } },
{ "type": "Feature", "properties": { "ejam_uniq_id": 321, "lat": 38.7803, "lon": -77.55732, "REGISTRY_ID": 110067012672, "PRIMARY_NAME": "AMAZON DATA SERVICES, INC. IAD-73 IAD-74 IAD-602 IAD-193 IAD-194", "NAICS": "518210", "valid": true, "invalid_msg": "" }, "geometry": { "type": "Point", "coordinates": [ -77.55732, 38.7803 ] } },
{ "type": "Feature", "properties": { "ejam_uniq_id": 322, "lat": 38.91865, "lon": -77.49211, "REGISTRY_ID": 110067157524, "PRIMARY_NAME": "AMAZON DATA SERVICES, INC. IAD-61 IAD-63 IAD-65  IAD-86", "NAICS": "518210", "valid": true, "invalid_msg": "" }, "geometry": { "type": "Point", "coordinates": [ -77.49211, 38.91865 ] } },
{ "type": "Feature", "properties": { "ejam_uniq_id": 323, "lat": 38.983484, "lon": -76.930771, "REGISTRY_ID": 110067546052, "PRIMARY_NAME": "IONQINC", "NAICS": "518210", "valid": true, "invalid_msg": "" }, "geometry": { "type": "Point", "coordinates": [ -76.930771, 38.983484 ] } },
{ "type": "Feature", "properties": { "ejam_uniq_id": 324, "lat": 36.07405, "lon": -79.97069, "REGISTRY_ID": 110067675929, "PRIMARY_NAME": "KOFILE PRESERVATION", "NAICS": "518210", "valid": true, "invalid_msg": "" }, "geometry": { "type": "Point", "coordinates": [ -79.97069, 36.07405 ] } },
{ "type": "Feature", "properties": { "ejam_uniq_id": 325, "lat": 44.86288, "lon": -93.32892, "REGISTRY_ID": 110067764832, "PRIMARY_NAME": "DATABANK HOLDINGS", "NAICS": "518210", "valid": true, "invalid_msg": "" }, "geometry": { "type": "Point", "coordinates": [ -93.32892, 44.86288 ] } },
{ "type": "Feature", "properties": { "ejam_uniq_id": 326, "lat": 44.97459, "lon": -93.25103, "REGISTRY_ID": 110068453453, "PRIMARY_NAME": "SUPERCOMPUTER LLC", "NAICS": "518210", "valid": true, "invalid_msg": "" }, "geometry": { "type": "Point", "coordinates": [ -93.25103, 44.97459 ] } },
{ "type": "Feature", "properties": { "ejam_uniq_id": 327, "lat": 45.105257, "lon": -93.333844, "REGISTRY_ID": 110068517340, "PRIMARY_NAME": "RW DATA INC", "NAICS": "051821, 518210", "valid": true, "invalid_msg": "" }, "geometry": { "type": "Point", "coordinates": [ -93.333844, 45.105257 ] } },
{ "type": "Feature", "properties": { "ejam_uniq_id": 328, "lat": 46.742969, "lon": -92.220296, "REGISTRY_ID": 110068542919, "PRIMARY_NAME": "VIKING MICROGRAPHICS", "NAICS": "051821, 518210", "valid": true, "invalid_msg": "" }, "geometry": { "type": "Point", "coordinates": [ -92.220296, 46.742969 ] } },
{ "type": "Feature", "properties": { "ejam_uniq_id": 329, "lat": 44.97459, "lon": -93.25103, "REGISTRY_ID": 110068917373, "PRIMARY_NAME": "SUPERCOMPUTER LLC", "NAICS": "051821, 061131, 518210, 611310", "valid": true, "invalid_msg": "" }, "geometry": { "type": "Point", "coordinates": [ -93.25103, 44.97459 ] } },
{ "type": "Feature", "properties": { "ejam_uniq_id": 330, "lat": 40.63638, "lon": -75.45792, "REGISTRY_ID": 110069325091, "PRIMARY_NAME": "INETU, INC", "NAICS": "518210", "valid": true, "invalid_msg": "" }, "geometry": { "type": "Point", "coordinates": [ -75.45792, 40.63638 ] } },
{ "type": "Feature", "properties": { "ejam_uniq_id": 331, "lat": 36.05989, "lon": -115.20783, "REGISTRY_ID": 110069326599, "PRIMARY_NAME": "SWITCH LTD.", "NAICS": "518210", "valid": true, "invalid_msg": "" }, "geometry": { "type": "Point", "coordinates": [ -115.20783, 36.05989 ] } },
{ "type": "Feature", "properties": { "ejam_uniq_id": 332, "lat": 39.024934, "lon": -77.459026, "REGISTRY_ID": 110069427338, "PRIMARY_NAME": "VA2 DATA CENTER", "NAICS": "518210", "valid": true, "invalid_msg": "" }, "geometry": { "type": "Point", "coordinates": [ -77.459026, 39.024934 ] } },
{ "type": "Feature", "properties": { "ejam_uniq_id": 333, "lat": 40.09509, "lon": -75.40933, "REGISTRY_ID": 110069468132, "PRIMARY_NAME": "CSL BEHRING DATA CTR/KING OF PRUSSIA", "NAICS": "518210", "valid": true, "invalid_msg": "" }, "geometry": { "type": "Point", "coordinates": [ -75.40933, 40.09509 ] } },
{ "type": "Feature", "properties": { "ejam_uniq_id": 334, "lat": 36.974728, "lon": -82.523848, "REGISTRY_ID": 110069468757, "PRIMARY_NAME": "DP FACILITIES INC SOUTH LLC", "NAICS": "518210", "valid": true, "invalid_msg": "" }, "geometry": { "type": "Point", "coordinates": [ -82.523848, 36.974728 ] } },
{ "type": "Feature", "properties": { "ejam_uniq_id": 335, "lat": 41.269607, "lon": -96.095, "REGISTRY_ID": 110069469961, "PRIMARY_NAME": "ENSONO OMAHA DATA CENTER", "NAICS": "518210", "valid": true, "invalid_msg": "" }, "geometry": { "type": "Point", "coordinates": [ -96.095, 41.269607 ] } },
{ "type": "Feature", "properties": { "ejam_uniq_id": 336, "lat": 39.55905, "lon": -104.83936, "REGISTRY_ID": 110069566945, "PRIMARY_NAME": "VIAWEST INC - ENGLEWOOD DATA CENTER", "NAICS": "518210", "valid": true, "invalid_msg": "" }, "geometry": { "type": "Point", "coordinates": [ -104.83936, 39.55905 ] } },
{ "type": "Feature", "properties": { "ejam_uniq_id": 337, "lat": 38.95152, "lon": -77.5181, "REGISTRY_ID": 110069993200, "PRIMARY_NAME": "AMAZON DATA SERVICES, INC. IAD-62/68/81/83/93/609/614", "NAICS": "518210", "valid": true, "invalid_msg": "" }, "geometry": { "type": "Point", "coordinates": [ -77.5181, 38.95152 ] } },
{ "type": "Feature", "properties": { "ejam_uniq_id": 338, "lat": 33.77525, "lon": -84.38731, "REGISTRY_ID": 110069993362, "PRIMARY_NAME": "DATA CENTER ATLANTA, LLC", "NAICS": "518210", "valid": true, "invalid_msg": "" }, "geometry": { "type": "Point", "coordinates": [ -84.38731, 33.77525 ] } },
{ "type": "Feature", "properties": { "ejam_uniq_id": 339, "lat": 41.916653, "lon": -87.913184, "REGISTRY_ID": 110070029337, "PRIMARY_NAME": "ASCENT LLC", "NAICS": "518210", "valid": true, "invalid_msg": "" }, "geometry": { "type": "Point", "coordinates": [ -87.913184, 41.916653 ] } },
{ "type": "Feature", "properties": { "ejam_uniq_id": 340, "lat": 38.719444, "lon": -77.49734, "REGISTRY_ID": 110070049664, "PRIMARY_NAME": "CLOUD HQ", "NAICS": "518210", "valid": true, "invalid_msg": "" }, "geometry": { "type": "Point", "coordinates": [ -77.49734, 38.719444 ] } },
{ "type": "Feature", "properties": { "ejam_uniq_id": 341, "lat": 36.11308, "lon": -86.64143, "REGISTRY_ID": 110070059697, "PRIMARY_NAME": "CHANGE HEALTHCARE", "NAICS": "518210", "valid": true, "invalid_msg": "" }, "geometry": { "type": "Point", "coordinates": [ -86.64143, 36.11308 ] } },
{ "type": "Feature", "properties": { "ejam_uniq_id": 342, "lat": 40.063167, "lon": -83.132723, "REGISTRY_ID": 110070059795, "PRIMARY_NAME": "CMH052 (0125124016)", "NAICS": "518210", "valid": true, "invalid_msg": "" }, "geometry": { "type": "Point", "coordinates": [ -83.132723, 40.063167 ] } },
{ "type": "Feature", "properties": { "ejam_uniq_id": 343, "lat": 37.763917, "lon": -122.40715, "REGISTRY_ID": 110070060061, "PRIMARY_NAME": "ICDC LLC", "NAICS": "518210", "valid": true, "invalid_msg": "" }, "geometry": { "type": "Point", "coordinates": [ -122.40715, 37.763917 ] } },
{ "type": "Feature", "properties": { "ejam_uniq_id": 344, "lat": 34.178363, "lon": -118.872928, "REGISTRY_ID": 110070060754, "PRIMARY_NAME": "BONAFIDE MANAGEMENT SYSTEMS, INC.", "NAICS": "518210", "valid": true, "invalid_msg": "" }, "geometry": { "type": "Point", "coordinates": [ -118.872928, 34.178363 ] } },
{ "type": "Feature", "properties": { "ejam_uniq_id": 345, "lat": 36.05989, "lon": -115.20783, "REGISTRY_ID": 110070060789, "PRIMARY_NAME": "SWITCH COMMUNICATIONS", "NAICS": "518210", "valid": true, "invalid_msg": "" }, "geometry": { "type": "Point", "coordinates": [ -115.20783, 36.05989 ] } },
{ "type": "Feature", "properties": { "ejam_uniq_id": 346, "lat": 37.392197, "lon": -121.921893, "REGISTRY_ID": 110070061118, "PRIMARY_NAME": "AVNET  INC", "NAICS": "518210", "valid": true, "invalid_msg": "" }, "geometry": { "type": "Point", "coordinates": [ -121.921893, 37.392197 ] } },
{ "type": "Feature", "properties": { "ejam_uniq_id": 347, "lat": 37.846385, "lon": -122.294366, "REGISTRY_ID": 110070061457, "PRIMARY_NAME": "365 DATA CENTERS", "NAICS": "518210", "valid": true, "invalid_msg": "" }, "geometry": { "type": "Point", "coordinates": [ -122.294366, 37.846385 ] } },
{ "type": "Feature", "properties": { "ejam_uniq_id": 348, "lat": 37.390755, "lon": -121.970075, "REGISTRY_ID": 110070061499, "PRIMARY_NAME": "DATA DOMAIN", "NAICS": "518210", "valid": true, "invalid_msg": "" }, "geometry": { "type": "Point", "coordinates": [ -121.970075, 37.390755 ] } },
{ "type": "Feature", "properties": { "ejam_uniq_id": 349, "lat": 37.654015, "lon": -122.395748, "REGISTRY_ID": 110070061791, "PRIMARY_NAME": "EXELIXIS DATA CENTER", "NAICS": "518210", "valid": true, "invalid_msg": "" }, "geometry": { "type": "Point", "coordinates": [ -122.395748, 37.654015 ] } },
{ "type": "Feature", "properties": { "ejam_uniq_id": 350, "lat": 33.36539, "lon": -86.78153, "REGISTRY_ID": 110070062123, "PRIMARY_NAME": "REGIONS OPERATIONS CENTER", "NAICS": "518210", "valid": true, "invalid_msg": "" }, "geometry": { "type": "Point", "coordinates": [ -86.78153, 33.36539 ] } },
{ "type": "Feature", "properties": { "ejam_uniq_id": 351, "lat": 40.10283, "lon": -83.19872, "REGISTRY_ID": 110070062541, "PRIMARY_NAME": "CMH051 (0125064021)", "NAICS": "518210", "valid": true, "invalid_msg": "" }, "geometry": { "type": "Point", "coordinates": [ -83.19872, 40.10283 ] } },
{ "type": "Feature", "properties": { "ejam_uniq_id": 352, "lat": 40.084989, "lon": -82.752167, "REGISTRY_ID": 110070062542, "PRIMARY_NAME": "CMH050 (0145000544)", "NAICS": "518210", "valid": true, "invalid_msg": "" }, "geometry": { "type": "Point", "coordinates": [ -82.752167, 40.084989 ] } },
{ "type": "Feature", "properties": { "ejam_uniq_id": 353, "lat": 36.163, "lon": -86.77658, "REGISTRY_ID": 110070062863, "PRIMARY_NAME": "H5 FUND VIII, LLC", "NAICS": "518210", "valid": true, "invalid_msg": "" }, "geometry": { "type": "Point", "coordinates": [ -86.77658, 36.163 ] } },
{ "type": "Feature", "properties": { "ejam_uniq_id": 354, "lat": 37.47658, "lon": -77.23286, "REGISTRY_ID": 110070072383, "PRIMARY_NAME": "SCOUT DEVELOPMENT LLC", "NAICS": "518210", "valid": true, "invalid_msg": "" }, "geometry": { "type": "Point", "coordinates": [ -77.23286, 37.47658 ] } },
{ "type": "Feature", "properties": { "ejam_uniq_id": 355, "lat": 42.68794, "lon": -84.64238, "REGISTRY_ID": 110070100843, "PRIMARY_NAME": "LIQUID WEB", "NAICS": "518210", "valid": true, "invalid_msg": "" }, "geometry": { "type": "Point", "coordinates": [ -84.64238, 42.68794 ] } },
{ "type": "Feature", "properties": { "ejam_uniq_id": 356, "lat": 42.70547, "lon": -84.66737, "REGISTRY_ID": 110070100844, "PRIMARY_NAME": "LIQUID WEB", "NAICS": "518210", "valid": true, "invalid_msg": "" }, "geometry": { "type": "Point", "coordinates": [ -84.66737, 42.70547 ] } },
{ "type": "Feature", "properties": { "ejam_uniq_id": 357, "lat": 42.690643, "lon": -84.642389, "REGISTRY_ID": 110070101766, "PRIMARY_NAME": "LIQUID WEB", "NAICS": "518210", "valid": true, "invalid_msg": "" }, "geometry": { "type": "Point", "coordinates": [ -84.642389, 42.690643 ] } },
{ "type": "Feature", "properties": { "ejam_uniq_id": 358, "lat": 38.776822, "lon": -77.536673, "REGISTRY_ID": 110070106480, "PRIMARY_NAME": "AMAZON DATA SERVICES, INC. IAD-75 IAD-85 IAD-95 IAD-96", "NAICS": "518210", "valid": true, "invalid_msg": "" }, "geometry": { "type": "Point", "coordinates": [ -77.536673, 38.776822 ] } },
{ "type": "Feature", "properties": { "ejam_uniq_id": 359, "lat": 40.063167, "lon": -83.132723, "REGISTRY_ID": 110070106532, "PRIMARY_NAME": "CMH052", "NAICS": "518210", "valid": true, "invalid_msg": "" }, "geometry": { "type": "Point", "coordinates": [ -83.132723, 40.063167 ] } },
{ "type": "Feature", "properties": { "ejam_uniq_id": 360, "lat": 34.055504, "lon": -118.248839, "REGISTRY_ID": 110070119421, "PRIMARY_NAME": "AMAZON DATA SERVICES, INC - LAX3", "NAICS": "518210", "valid": true, "invalid_msg": "" }, "geometry": { "type": "Point", "coordinates": [ -118.248839, 34.055504 ] } },
{ "type": "Feature", "properties": { "ejam_uniq_id": 361, "lat": 37.417318, "lon": -121.920619, "REGISTRY_ID": 110070119422, "PRIMARY_NAME": "AMAZON DATA SERVICES, INC - SFO50", "NAICS": "518210", "valid": true, "invalid_msg": "" }, "geometry": { "type": "Point", "coordinates": [ -121.920619, 37.417318 ] } },
{ "type": "Feature", "properties": { "ejam_uniq_id": 362, "lat": 37.72307, "lon": -122.398592, "REGISTRY_ID": 110070119423, "PRIMARY_NAME": "AMAZON DATA SERVICES, INC - SFO8", "NAICS": "518210", "valid": true, "invalid_msg": "" }, "geometry": { "type": "Point", "coordinates": [ -122.398592, 37.72307 ] } },
{ "type": "Feature", "properties": { "ejam_uniq_id": 363, "lat": 37.376819, "lon": -121.970199, "REGISTRY_ID": 110070124450, "PRIMARY_NAME": "AMAZON DATA SERVICES, INC - SFO20", "NAICS": "518210", "valid": true, "invalid_msg": "" }, "geometry": { "type": "Point", "coordinates": [ -121.970199, 37.376819 ] } },
{ "type": "Feature", "properties": { "ejam_uniq_id": 364, "lat": 37.254015, "lon": -121.811866, "REGISTRY_ID": 110070124451, "PRIMARY_NAME": "AMAZON DATA SERVICES, INC - SFO5", "NAICS": "518210", "valid": true, "invalid_msg": "" }, "geometry": { "type": "Point", "coordinates": [ -121.811866, 37.254015 ] } },
{ "type": "Feature", "properties": { "ejam_uniq_id": 365, "lat": 37.439268, "lon": -122.151076, "REGISTRY_ID": 110070124452, "PRIMARY_NAME": "AMAZON DATA SERVICES, INC - SFO4", "NAICS": "518210", "valid": true, "invalid_msg": "" }, "geometry": { "type": "Point", "coordinates": [ -122.151076, 37.439268 ] } },
{ "type": "Feature", "properties": { "ejam_uniq_id": 366, "lat": 38.98621, "lon": -77.42487, "REGISTRY_ID": 110070156113, "PRIMARY_NAME": "CYRUSONE NORTHERN VIRGINIA DATA CENTER - SHAW ROAD (74109)", "NAICS": "518210", "valid": true, "invalid_msg": "" }, "geometry": { "type": "Point", "coordinates": [ -77.42487, 38.98621 ] } },
{ "type": "Feature", "properties": { "ejam_uniq_id": 367, "lat": 39.025917, "lon": -77.436317, "REGISTRY_ID": 110070156162, "PRIMARY_NAME": "CYRUSONE KINCORA", "NAICS": "518210", "valid": true, "invalid_msg": "" }, "geometry": { "type": "Point", "coordinates": [ -77.436317, 39.025917 ] } },
{ "type": "Feature", "properties": { "ejam_uniq_id": 368, "lat": 33.621379, "lon": -83.687039, "REGISTRY_ID": 110070156253, "PRIMARY_NAME": "MORNING HORNET, LLC", "NAICS": "518210", "valid": true, "invalid_msg": "" }, "geometry": { "type": "Point", "coordinates": [ -83.687039, 33.621379 ] } },
{ "type": "Feature", "properties": { "ejam_uniq_id": 369, "lat": 33.927016, "lon": -118.399588, "REGISTRY_ID": 110070157669, "PRIMARY_NAME": "AMAZON DATA SERVICES, INC - LAX51", "NAICS": "518210", "valid": true, "invalid_msg": "" }, "geometry": { "type": "Point", "coordinates": [ -118.399588, 33.927016 ] } },
{ "type": "Feature", "properties": { "ejam_uniq_id": 370, "lat": 34.049751, "lon": -118.23807, "REGISTRY_ID": 110070157670, "PRIMARY_NAME": "AMAZON DATA SERVICES, INC - LAX50", "NAICS": "518210", "valid": true, "invalid_msg": "" }, "geometry": { "type": "Point", "coordinates": [ -118.23807, 34.049751 ] } },
{ "type": "Feature", "properties": { "ejam_uniq_id": 371, "lat": 33.916392, "lon": -118.397177, "REGISTRY_ID": 110070157671, "PRIMARY_NAME": "AMAZON DATA SERVICES, INC - LAX52", "NAICS": "518210", "valid": true, "invalid_msg": "" }, "geometry": { "type": "Point", "coordinates": [ -118.397177, 33.916392 ] } },
{ "type": "Feature", "properties": { "ejam_uniq_id": 372, "lat": 37.373085, "lon": -121.970011, "REGISTRY_ID": 110070157678, "PRIMARY_NAME": "AMAZON DATA SERVICES, INC.", "NAICS": "518210", "valid": true, "invalid_msg": "" }, "geometry": { "type": "Point", "coordinates": [ -121.970011, 37.373085 ] } },
{ "type": "Feature", "properties": { "ejam_uniq_id": 373, "lat": 37.377649, "lon": -121.973048, "REGISTRY_ID": 110070157682, "PRIMARY_NAME": "AMAZON DATA SERVICES, INC - SFO53", "NAICS": "518210", "valid": true, "invalid_msg": "" }, "geometry": { "type": "Point", "coordinates": [ -121.973048, 37.377649 ] } },
{ "type": "Feature", "properties": { "ejam_uniq_id": 374, "lat": 37.62557, "lon": -122.11234, "REGISTRY_ID": 110070157687, "PRIMARY_NAME": "A100 US, LLC -SFO9", "NAICS": "518210", "valid": true, "invalid_msg": "" }, "geometry": { "type": "Point", "coordinates": [ -122.11234, 37.62557 ] } },
{ "type": "Feature", "properties": { "ejam_uniq_id": 375, "lat": 37.625784, "lon": -122.112575, "REGISTRY_ID": 110070158222, "PRIMARY_NAME": "AMAZON DATA SERVICES, INC - SFO11", "NAICS": "518210", "valid": true, "invalid_msg": "" }, "geometry": { "type": "Point", "coordinates": [ -122.112575, 37.625784 ] } },
{ "type": "Feature", "properties": { "ejam_uniq_id": 376, "lat": 28.05364, "lon": -80.58903, "REGISTRY_ID": 110070162930, "PRIMARY_NAME": "RAYTHEON COI FLORIDA EXPANSION", "NAICS": "334111, 518210", "valid": true, "invalid_msg": "" }, "geometry": { "type": "Point", "coordinates": [ -80.58903, 28.05364 ] } },
{ "type": "Feature", "properties": { "ejam_uniq_id": 377, "lat": 42.704266, "lon": -84.667409, "REGISTRY_ID": 110070201247, "PRIMARY_NAME": "LIQUID WEB, INC.", "NAICS": "518210", "valid": true, "invalid_msg": "" }, "geometry": { "type": "Point", "coordinates": [ -84.667409, 42.704266 ] } },
{ "type": "Feature", "properties": { "ejam_uniq_id": 378, "lat": 39.55019, "lon": -105.03509, "REGISTRY_ID": 110070208615, "PRIMARY_NAME": "CYXTERA DN2", "NAICS": "518210", "valid": true, "invalid_msg": "" }, "geometry": { "type": "Point", "coordinates": [ -105.03509, 39.55019 ] } },
{ "type": "Feature", "properties": { "ejam_uniq_id": 379, "lat": 42.956167, "lon": -71.482509, "REGISTRY_ID": 110070222730, "PRIMARY_NAME": "HEALTH DIALOG BEDFORD DATACENTER", "NAICS": "518210", "valid": true, "invalid_msg": "" }, "geometry": { "type": "Point", "coordinates": [ -71.482509, 42.956167 ] } },
{ "type": "Feature", "properties": { "ejam_uniq_id": 380, "lat": 45.048737, "lon": -93.401168, "REGISTRY_ID": 110070246440, "PRIMARY_NAME": "GLOBAL EWASTE SOLUTIONS", "NAICS": "334118, 518210, 541511, 541512, 541519, 562920, 811210, 811212", "valid": true, "invalid_msg": "" }, "geometry": { "type": "Point", "coordinates": [ -93.401168, 45.048737 ] } },
{ "type": "Feature", "properties": { "ejam_uniq_id": 381, "lat": 36.62976, "lon": -87.2561, "REGISTRY_ID": 110070251348, "PRIMARY_NAME": "FOXMAN LLC DBA FOXMAN - CLARKSVILLE DATA CENTER", "NAICS": "237990, 518210", "valid": true, "invalid_msg": "" }, "geometry": { "type": "Point", "coordinates": [ -87.2561, 36.62976 ] } },
{ "type": "Feature", "properties": { "ejam_uniq_id": 382, "lat": 41.6654, "lon": -93.5105, "REGISTRY_ID": 110070253862, "PRIMARY_NAME": "SICULUS, INC", "NAICS": "518210", "valid": true, "invalid_msg": "" }, "geometry": { "type": "Point", "coordinates": [ -93.5105, 41.6654 ] } },
{ "type": "Feature", "properties": { "ejam_uniq_id": 383, "lat": 41.70046, "lon": -71.14742, "REGISTRY_ID": 110070254002, "PRIMARY_NAME": "CONGRUITY 360 LLC", "NAICS": "518210", "valid": true, "invalid_msg": "" }, "geometry": { "type": "Point", "coordinates": [ -71.14742, 41.70046 ] } },
{ "type": "Feature", "properties": { "ejam_uniq_id": 384, "lat": 41.12561, "lon": -104.89644, "REGISTRY_ID": 110070255951, "PRIMARY_NAME": "MICROSOFT CHEYENNE DATA CENTER", "NAICS": "518210", "valid": true, "invalid_msg": "" }, "geometry": { "type": "Point", "coordinates": [ -104.89644, 41.12561 ] } },
{ "type": "Feature", "properties": { "ejam_uniq_id": 385, "lat": 39.037742, "lon": -77.449324, "REGISTRY_ID": 110070361557, "PRIMARY_NAME": "AMAZON DATA SERVICES, INC. IAD-114 IAD-115", "NAICS": "518210", "valid": true, "invalid_msg": "" }, "geometry": { "type": "Point", "coordinates": [ -77.449324, 39.037742 ] } },
{ "type": "Feature", "properties": { "ejam_uniq_id": 386, "lat": 38.94928, "lon": -77.37378, "REGISTRY_ID": 110070361655, "PRIMARY_NAME": "CORESITE RESTON CAMPUS (74130)", "NAICS": "518210", "valid": true, "invalid_msg": "" }, "geometry": { "type": "Point", "coordinates": [ -77.37378, 38.94928 ] } },
{ "type": "Feature", "properties": { "ejam_uniq_id": 387, "lat": 42.37797, "lon": -71.0809, "REGISTRY_ID": 110070384291, "PRIMARY_NAME": "INTERNAP CORP", "NAICS": "518210", "valid": true, "invalid_msg": "" }, "geometry": { "type": "Point", "coordinates": [ -71.0809, 42.37797 ] } },
{ "type": "Feature", "properties": { "ejam_uniq_id": 388, "lat": 43.658, "lon": -70.26141, "REGISTRY_ID": 110070386062, "PRIMARY_NAME": "CADC PORTLAND 340, LLC", "NAICS": "518210", "valid": true, "invalid_msg": "" }, "geometry": { "type": "Point", "coordinates": [ -70.26141, 43.658 ] } },
{ "type": "Feature", "properties": { "ejam_uniq_id": 389, "lat": 38.94904, "lon": -77.52616, "REGISTRY_ID": 110070386064, "PRIMARY_NAME": "WHEELER DATA CENTER", "NAICS": "518210", "valid": true, "invalid_msg": "" }, "geometry": { "type": "Point", "coordinates": [ -77.52616, 38.94904 ] } },
{ "type": "Feature", "properties": { "ejam_uniq_id": 390, "lat": 36.2398, "lon": -95.33297, "REGISTRY_ID": 110070393662, "PRIMARY_NAME": "PRY DATA STORAGE FACILITY", "NAICS": "518210", "valid": true, "invalid_msg": "" }, "geometry": { "type": "Point", "coordinates": [ -95.33297, 36.2398 ] } },
{ "type": "Feature", "properties": { "ejam_uniq_id": 391, "lat": 42.64928, "lon": -71.18357, "REGISTRY_ID": 110070397557, "PRIMARY_NAME": "HEWLETT PACKARD ENTERPRISE", "NAICS": "518210", "valid": true, "invalid_msg": "" }, "geometry": { "type": "Point", "coordinates": [ -71.18357, 42.64928 ] } },
{ "type": "Feature", "properties": { "ejam_uniq_id": 392, "lat": 37.408195, "lon": -122.026418, "REGISTRY_ID": 110070419870, "PRIMARY_NAME": "GOOGLE LLC", "NAICS": "518210, 541511", "valid": true, "invalid_msg": "" }, "geometry": { "type": "Point", "coordinates": [ -122.026418, 37.408195 ] } },
{ "type": "Feature", "properties": { "ejam_uniq_id": 393, "lat": 42.35534, "lon": -71.06032, "REGISTRY_ID": 110070431909, "PRIMARY_NAME": "MARKLEY BOSTON LLC", "NAICS": "518210, 531120", "valid": true, "invalid_msg": "" }, "geometry": { "type": "Point", "coordinates": [ -71.06032, 42.35534 ] } },
{ "type": "Feature", "properties": { "ejam_uniq_id": 394, "lat": 42.6304, "lon": -71.3043, "REGISTRY_ID": 110070432025, "PRIMARY_NAME": "MARKLEY LOWELL", "NAICS": "518210", "valid": true, "invalid_msg": "" }, "geometry": { "type": "Point", "coordinates": [ -71.3043, 42.6304 ] } },
{ "type": "Feature", "properties": { "ejam_uniq_id": 395, "lat": 38.650284, "lon": -121.491905, "REGISTRY_ID": 110070483322, "PRIMARY_NAME": "RAGINGWIRE DATA CENTERS INC", "NAICS": "518210", "valid": true, "invalid_msg": "" }, "geometry": { "type": "Point", "coordinates": [ -121.491905, 38.650284 ] } },
{ "type": "Feature", "properties": { "ejam_uniq_id": 396, "lat": 37.775232, "lon": -122.417523, "REGISTRY_ID": 110070487710, "PRIMARY_NAME": "SQUARE INC", "NAICS": "518210", "valid": true, "invalid_msg": "" }, "geometry": { "type": "Point", "coordinates": [ -122.417523, 37.775232 ] } },
{ "type": "Feature", "properties": { "ejam_uniq_id": 397, "lat": 40.11356, "lon": -74.99651, "REGISTRY_ID": 110070492404, "PRIMARY_NAME": "VANGUARD GROUP INC/PHILADELPHIA", "NAICS": "518210", "valid": true, "invalid_msg": "" }, "geometry": { "type": "Point", "coordinates": [ -74.99651, 40.11356 ] } },
{ "type": "Feature", "properties": { "ejam_uniq_id": 398, "lat": 33.654724, "lon": -112.110141, "REGISTRY_ID": 110070507328, "PRIMARY_NAME": "ALIGNED ENERGY DATA CENTERS (PHOENIX)", "NAICS": "518210", "valid": true, "invalid_msg": "" }, "geometry": { "type": "Point", "coordinates": [ -112.110141, 33.654724 ] } },
{ "type": "Feature", "properties": { "ejam_uniq_id": 399, "lat": 39.7458, "lon": -104.99543, "REGISTRY_ID": 110070507501, "PRIMARY_NAME": "CORESITE - DE1", "NAICS": "518210", "valid": true, "invalid_msg": "" }, "geometry": { "type": "Point", "coordinates": [ -104.99543, 39.7458 ] } },
{ "type": "Feature", "properties": { "ejam_uniq_id": 400, "lat": 39.566156, "lon": -119.547974, "REGISTRY_ID": 110070507969, "PRIMARY_NAME": "APPLE INC.", "NAICS": "518210", "valid": true, "invalid_msg": "" }, "geometry": { "type": "Point", "coordinates": [ -119.547974, 39.566156 ] } },
{ "type": "Feature", "properties": { "ejam_uniq_id": 401, "lat": 37.400956, "lon": -121.895293, "REGISTRY_ID": 110070510303, "PRIMARY_NAME": "1849 FORTUNE DRIVE", "NAICS": "518210", "valid": true, "invalid_msg": "" }, "geometry": { "type": "Point", "coordinates": [ -121.895293, 37.400956 ] } },
{ "type": "Feature", "properties": { "ejam_uniq_id": 402, "lat": 42.540204, "lon": -71.628056, "REGISTRY_ID": 110070515909, "PRIMARY_NAME": "NEW ENGLAND STUDIOS", "NAICS": "518210", "valid": true, "invalid_msg": "" }, "geometry": { "type": "Point", "coordinates": [ -71.628056, 42.540204 ] } },
{ "type": "Feature", "properties": { "ejam_uniq_id": 403, "lat": 38.938986, "lon": -77.518402, "REGISTRY_ID": 110070516162, "PRIMARY_NAME": "STERLING VA DATA CENTER (GOOGLE)", "NAICS": "518210", "valid": true, "invalid_msg": "" }, "geometry": { "type": "Point", "coordinates": [ -77.518402, 38.938986 ] } },
{ "type": "Feature", "properties": { "ejam_uniq_id": 404, "lat": 37.971261, "lon": -122.030312, "REGISTRY_ID": 110070521496, "PRIMARY_NAME": "JAMESTOWN CONCORD TECH BLDG C/O SRP MGMT, INC", "NAICS": "518210", "valid": true, "invalid_msg": "" }, "geometry": { "type": "Point", "coordinates": [ -122.030312, 37.971261 ] } },
{ "type": "Feature", "properties": { "ejam_uniq_id": 405, "lat": 37.792418, "lon": -122.39176, "REGISTRY_ID": 110070521546, "PRIMARY_NAME": "GOOGLE, INC", "NAICS": "518210", "valid": true, "invalid_msg": "" }, "geometry": { "type": "Point", "coordinates": [ -122.39176, 37.792418 ] } },
{ "type": "Feature", "properties": { "ejam_uniq_id": 406, "lat": 40.43294, "lon": -123.47231, "REGISTRY_ID": 110070522624, "PRIMARY_NAME": "LEVEL 3 COMMUNICATIONS - MAD RIVER", "NAICS": "518210", "valid": true, "invalid_msg": "" }, "geometry": { "type": "Point", "coordinates": [ -123.47231, 40.43294 ] } },
{ "type": "Feature", "properties": { "ejam_uniq_id": 407, "lat": 40.38532, "lon": -123.036, "REGISTRY_ID": 110070522625, "PRIMARY_NAME": "LEVEL 3 COMMUNICATIONS - WILDWOOD", "NAICS": "518210", "valid": true, "invalid_msg": "" }, "geometry": { "type": "Point", "coordinates": [ -123.036, 40.38532 ] } },
{ "type": "Feature", "properties": { "ejam_uniq_id": 408, "lat": 37.37587, "lon": -121.98853, "REGISTRY_ID": 110070522894, "PRIMARY_NAME": "VDC V", "NAICS": "518210", "valid": true, "invalid_msg": "" }, "geometry": { "type": "Point", "coordinates": [ -121.98853, 37.37587 ] } },
{ "type": "Feature", "properties": { "ejam_uniq_id": 409, "lat": 37.400074, "lon": -121.895185, "REGISTRY_ID": 110070522895, "PRIMARY_NAME": "VDC I", "NAICS": "518210", "valid": true, "invalid_msg": "" }, "geometry": { "type": "Point", "coordinates": [ -121.895185, 37.400074 ] } },
{ "type": "Feature", "properties": { "ejam_uniq_id": 410, "lat": 37.402659, "lon": -121.892967, "REGISTRY_ID": 110070522927, "PRIMARY_NAME": "STACK INFRASTRUCTURE", "NAICS": "518210", "valid": true, "invalid_msg": "" }, "geometry": { "type": "Point", "coordinates": [ -121.892967, 37.402659 ] } },
{ "type": "Feature", "properties": { "ejam_uniq_id": 411, "lat": 37.361657, "lon": -121.943289, "REGISTRY_ID": 110070522999, "PRIMARY_NAME": "XERES VENTURES, LP (SC1)", "NAICS": "518210", "valid": true, "invalid_msg": "" }, "geometry": { "type": "Point", "coordinates": [ -121.943289, 37.361657 ] } },
{ "type": "Feature", "properties": { "ejam_uniq_id": 412, "lat": 37.406819, "lon": -122.012843, "REGISTRY_ID": 110070523063, "PRIMARY_NAME": "GOOGLE LLC", "NAICS": "518210", "valid": true, "invalid_msg": "" }, "geometry": { "type": "Point", "coordinates": [ -122.012843, 37.406819 ] } },
{ "type": "Feature", "properties": { "ejam_uniq_id": 413, "lat": 37.405411, "lon": -121.964967, "REGISTRY_ID": 110070523131, "PRIMARY_NAME": "RS ALAMEDA, LLC ( RED SEA )", "NAICS": "518210", "valid": true, "invalid_msg": "" }, "geometry": { "type": "Point", "coordinates": [ -121.964967, 37.405411 ] } },
{ "type": "Feature", "properties": { "ejam_uniq_id": 414, "lat": 37.370052, "lon": -121.947054, "REGISTRY_ID": 110070523172, "PRIMARY_NAME": "2805 LAFAYETTE", "NAICS": "518210", "valid": true, "invalid_msg": "" }, "geometry": { "type": "Point", "coordinates": [ -121.947054, 37.370052 ] } },
{ "type": "Feature", "properties": { "ejam_uniq_id": 415, "lat": 37.629896, "lon": -122.419515, "REGISTRY_ID": 110070523317, "PRIMARY_NAME": "GOOGLE INC", "NAICS": "518210", "valid": true, "invalid_msg": "" }, "geometry": { "type": "Point", "coordinates": [ -122.419515, 37.629896 ] } },
{ "type": "Feature", "properties": { "ejam_uniq_id": 416, "lat": 37.629064, "lon": -122.42447, "REGISTRY_ID": 110070523327, "PRIMARY_NAME": "GOOGLE LLC", "NAICS": "518210", "valid": true, "invalid_msg": "" }, "geometry": { "type": "Point", "coordinates": [ -122.42447, 37.629064 ] } },
{ "type": "Feature", "properties": { "ejam_uniq_id": 417, "lat": 37.47921, "lon": -122.171724, "REGISTRY_ID": 110070523355, "PRIMARY_NAME": "FACEBOOK", "NAICS": "518210", "valid": true, "invalid_msg": "" }, "geometry": { "type": "Point", "coordinates": [ -122.171724, 37.47921 ] } },
{ "type": "Feature", "properties": { "ejam_uniq_id": 418, "lat": 38.978264, "lon": -84.611653, "REGISTRY_ID": 110070526398, "PRIMARY_NAME": "CYRUSONE LLC - FLORENCE DATA CENTER", "NAICS": "518210", "valid": true, "invalid_msg": "" }, "geometry": { "type": "Point", "coordinates": [ -84.611653, 38.978264 ] } },
{ "type": "Feature", "properties": { "ejam_uniq_id": 419, "lat": 38.896702, "lon": -104.862315, "REGISTRY_ID": 110070540347, "PRIMARY_NAME": "AGILENT TECHNOLOGIES INC - CO SPRINGS DATA CENTER", "NAICS": "518210", "valid": true, "invalid_msg": "" }, "geometry": { "type": "Point", "coordinates": [ -104.862315, 38.896702 ] } },
{ "type": "Feature", "properties": { "ejam_uniq_id": 420, "lat": 35.95085, "lon": -86.8322, "REGISTRY_ID": 110070543972, "PRIMARY_NAME": "FLEXENTIAL CORP.", "NAICS": "518210", "valid": true, "invalid_msg": "" }, "geometry": { "type": "Point", "coordinates": [ -86.8322, 35.95085 ] } },
{ "type": "Feature", "properties": { "ejam_uniq_id": 421, "lat": 33.442589, "lon": -112.375449, "REGISTRY_ID": 110070550338, "PRIMARY_NAME": "COMPASS DATACENTERS PHX I, LLC", "NAICS": "518210", "valid": true, "invalid_msg": "" }, "geometry": { "type": "Point", "coordinates": [ -112.375449, 33.442589 ] } },
{ "type": "Feature", "properties": { "ejam_uniq_id": 422, "lat": 42.28008, "lon": -71.58094, "REGISTRY_ID": 110070550595, "PRIMARY_NAME": "SSB REALTY WESTBOROUGH DATA CENTER", "NAICS": "518210", "valid": true, "invalid_msg": "" }, "geometry": { "type": "Point", "coordinates": [ -71.58094, 42.28008 ] } },
{ "type": "Feature", "properties": { "ejam_uniq_id": 423, "lat": 39.71908, "lon": -105.196599, "REGISTRY_ID": 110070558285, "PRIMARY_NAME": "DATA DESTRUCTION LLC", "NAICS": "518210, 561990, 562920", "valid": true, "invalid_msg": "" }, "geometry": { "type": "Point", "coordinates": [ -105.196599, 39.71908 ] } },
{ "type": "Feature", "properties": { "ejam_uniq_id": 424, "lat": 38.986875, "lon": -77.579202, "REGISTRY_ID": 110070558483, "PRIMARY_NAME": "LEESBURG VA DATA CENTER (GOOGLE)", "NAICS": "518210", "valid": true, "invalid_msg": "" }, "geometry": { "type": "Point", "coordinates": [ -77.579202, 38.986875 ] } },
{ "type": "Feature", "properties": { "ejam_uniq_id": 425, "lat": 34.160331, "lon": -118.955893, "REGISTRY_ID": 110070579167, "PRIMARY_NAME": "LAPTOP GUY", "NAICS": "518210", "valid": true, "invalid_msg": "" }, "geometry": { "type": "Point", "coordinates": [ -118.955893, 34.160331 ] } },
{ "type": "Feature", "properties": { "ejam_uniq_id": 426, "lat": 36.05137, "lon": -114.97257, "REGISTRY_ID": 110070595196, "PRIMARY_NAME": "JASMINE DEVELOPMENT LLC", "NAICS": "518210", "valid": true, "invalid_msg": "" }, "geometry": { "type": "Point", "coordinates": [ -114.97257, 36.05137 ] } },
{ "type": "Feature", "properties": { "ejam_uniq_id": 427, "lat": 45.633531, "lon": -121.207473, "REGISTRY_ID": 110070595478, "PRIMARY_NAME": "DESIGN LLC", "NAICS": "518210", "valid": true, "invalid_msg": "" }, "geometry": { "type": "Point", "coordinates": [ -121.207473, 45.633531 ] } },
{ "type": "Feature", "properties": { "ejam_uniq_id": 428, "lat": 34.922435, "lon": -85.744185, "REGISTRY_ID": 110070604320, "PRIMARY_NAME": "WIESSNER ENTERPRISES, LLC", "NAICS": "518210", "valid": true, "invalid_msg": "" }, "geometry": { "type": "Point", "coordinates": [ -85.744185, 34.922435 ] } },
{ "type": "Feature", "properties": { "ejam_uniq_id": 429, "lat": 39.72448, "lon": -104.78029, "REGISTRY_ID": 110070604412, "PRIMARY_NAME": "AMAZON DATA SERVICES - DEN-22", "NAICS": "518210", "valid": true, "invalid_msg": "" }, "geometry": { "type": "Point", "coordinates": [ -104.78029, 39.72448 ] } },
{ "type": "Feature", "properties": { "ejam_uniq_id": 430, "lat": 39.02363, "lon": -77.41664, "REGISTRY_ID": 110070616738, "PRIMARY_NAME": "AMAZON DATA SERVICES, INC. IAD-116 IAD-117", "NAICS": "518210", "valid": true, "invalid_msg": "" }, "geometry": { "type": "Point", "coordinates": [ -77.41664, 39.02363 ] } },
{ "type": "Feature", "properties": { "ejam_uniq_id": 431, "lat": 41.494778, "lon": -93.790639, "REGISTRY_ID": 110070616781, "PRIMARY_NAME": "OSMIUM DATA CENTER", "NAICS": "518210", "valid": true, "invalid_msg": "" }, "geometry": { "type": "Point", "coordinates": [ -93.790639, 41.494778 ] } },
{ "type": "Feature", "properties": { "ejam_uniq_id": 432, "lat": 33.30634, "lon": -111.95121, "REGISTRY_ID": 110070622798, "PRIMARY_NAME": "FISERV", "NAICS": "518210", "valid": true, "invalid_msg": "" }, "geometry": { "type": "Point", "coordinates": [ -111.95121, 33.30634 ] } },
{ "type": "Feature", "properties": { "ejam_uniq_id": 433, "lat": 38.984279, "lon": -77.425107, "REGISTRY_ID": 110070624552, "PRIMARY_NAME": "AMAZON DATA SERVICES, INC. IAD-144  IAD-145", "NAICS": "518210", "valid": true, "invalid_msg": "" }, "geometry": { "type": "Point", "coordinates": [ -77.425107, 38.984279 ] } },
{ "type": "Feature", "properties": { "ejam_uniq_id": 434, "lat": 40.4505, "lon": -80.18993, "REGISTRY_ID": 110070671703, "PRIMARY_NAME": "PNC BANK NATL ASSOC/PGH DATA CTR", "NAICS": "518210", "valid": true, "invalid_msg": "" }, "geometry": { "type": "Point", "coordinates": [ -80.18993, 40.4505 ] } },
{ "type": "Feature", "properties": { "ejam_uniq_id": 435, "lat": 33.654717, "lon": -117.767601, "REGISTRY_ID": 110070676202, "PRIMARY_NAME": "TGS - PASTEUR DATA CENTER", "NAICS": "518210", "valid": true, "invalid_msg": "" }, "geometry": { "type": "Point", "coordinates": [ -117.767601, 33.654717 ] } },
{ "type": "Feature", "properties": { "ejam_uniq_id": 436, "lat": 42.002631, "lon": -87.951094, "REGISTRY_ID": 110070684456, "PRIMARY_NAME": "STREAM DATA CENTERS", "NAICS": "518210", "valid": true, "invalid_msg": "" }, "geometry": { "type": "Point", "coordinates": [ -87.951094, 42.002631 ] } },
{ "type": "Feature", "properties": { "ejam_uniq_id": 437, "lat": 36.151726, "lon": -95.988734, "REGISTRY_ID": 110070684706, "PRIMARY_NAME": "PHILCADE LLC / IBM TULSA OK BCS BPO", "NAICS": "518210", "valid": true, "invalid_msg": "" }, "geometry": { "type": "Point", "coordinates": [ -95.988734, 36.151726 ] } },
{ "type": "Feature", "properties": { "ejam_uniq_id": 438, "lat": 32.447971, "lon": -97.056184, "REGISTRY_ID": 110070801654, "PRIMARY_NAME": "SHARKA", "NAICS": "518210", "valid": true, "invalid_msg": "" }, "geometry": { "type": "Point", "coordinates": [ -97.056184, 32.447971 ] } },
{ "type": "Feature", "properties": { "ejam_uniq_id": 439, "lat": 42.55255, "lon": -71.21778, "REGISTRY_ID": 110070822658, "PRIMARY_NAME": "EQUINIX", "NAICS": "518210", "valid": true, "invalid_msg": "" }, "geometry": { "type": "Point", "coordinates": [ -71.21778, 42.55255 ] } },
{ "type": "Feature", "properties": { "ejam_uniq_id": 440, "lat": 41.21234, "lon": -95.87995, "REGISTRY_ID": 110070824275, "PRIMARY_NAME": "CYRUSONE LLC", "NAICS": "518210", "valid": true, "invalid_msg": "" }, "geometry": { "type": "Point", "coordinates": [ -95.87995, 41.21234 ] } },
{ "type": "Feature", "properties": { "ejam_uniq_id": 441, "lat": 38.73892, "lon": -77.50251, "REGISTRY_ID": 110070832692, "PRIMARY_NAME": "AMAZON DATA SERVICES, INC IAD-100/101/102/103", "NAICS": "518210", "valid": true, "invalid_msg": "" }, "geometry": { "type": "Point", "coordinates": [ -77.50251, 38.73892 ] } },
{ "type": "Feature", "properties": { "ejam_uniq_id": 442, "lat": 34.8483, "lon": -86.6339, "REGISTRY_ID": 110070836690, "PRIMARY_NAME": "STARBELT, LLC", "NAICS": "518210", "valid": true, "invalid_msg": "" }, "geometry": { "type": "Point", "coordinates": [ -86.6339, 34.8483 ] } },
{ "type": "Feature", "properties": { "ejam_uniq_id": 443, "lat": 41.827562, "lon": -88.023978, "REGISTRY_ID": 110070836709, "PRIMARY_NAME": "ENSONO DATA CENTER", "NAICS": "518210", "valid": true, "invalid_msg": "" }, "geometry": { "type": "Point", "coordinates": [ -88.023978, 41.827562 ] } },
{ "type": "Feature", "properties": { "ejam_uniq_id": 444, "lat": 42.023051, "lon": -87.975507, "REGISTRY_ID": 110070836892, "PRIMARY_NAME": "T5@CHICAGO II LP", "NAICS": "339999, 518210", "valid": true, "invalid_msg": "" }, "geometry": { "type": "Point", "coordinates": [ -87.975507, 42.023051 ] } },
{ "type": "Feature", "properties": { "ejam_uniq_id": 445, "lat": 33.921774, "lon": -118.38632, "REGISTRY_ID": 110070850259, "PRIMARY_NAME": "AMAZON DATA SERVICES, INC - LAX61", "NAICS": "518210", "valid": true, "invalid_msg": "" }, "geometry": { "type": "Point", "coordinates": [ -118.38632, 33.921774 ] } },
{ "type": "Feature", "properties": { "ejam_uniq_id": 446, "lat": 33.688619, "lon": -117.843156, "REGISTRY_ID": 110070850377, "PRIMARY_NAME": "AMAZON DATA SERVICES, INC - LAX62", "NAICS": "518210", "valid": true, "invalid_msg": "" }, "geometry": { "type": "Point", "coordinates": [ -117.843156, 33.688619 ] } },
{ "type": "Feature", "properties": { "ejam_uniq_id": 447, "lat": 40.065964, "lon": -82.75441, "REGISTRY_ID": 110070861733, "PRIMARY_NAME": "MONTAUK INNOVATIONS LLC", "NAICS": "518210", "valid": true, "invalid_msg": "" }, "geometry": { "type": "Point", "coordinates": [ -82.75441, 40.065964 ] } },
{ "type": "Feature", "properties": { "ejam_uniq_id": 448, "lat": 42.540204, "lon": -71.628056, "REGISTRY_ID": 110070862982, "PRIMARY_NAME": "UNGROWN PRODUCTIONS", "NAICS": "518210", "valid": true, "invalid_msg": "" }, "geometry": { "type": "Point", "coordinates": [ -71.628056, 42.540204 ] } },
{ "type": "Feature", "properties": { "ejam_uniq_id": 449, "lat": 40.05067, "lon": -82.7557, "REGISTRY_ID": 110070866661, "PRIMARY_NAME": "MONTAUK INNOVATIONS LLC (0145000570)", "NAICS": "518210", "valid": true, "invalid_msg": "" }, "geometry": { "type": "Point", "coordinates": [ -82.7557, 40.05067 ] } },
{ "type": "Feature", "properties": { "ejam_uniq_id": 450, "lat": 39.55254, "lon": -104.9965, "REGISTRY_ID": 110070874154, "PRIMARY_NAME": "VISA USA INC - OCCS", "NAICS": "518210", "valid": true, "invalid_msg": "" }, "geometry": { "type": "Point", "coordinates": [ -104.9965, 39.55254 ] } },
{ "type": "Feature", "properties": { "ejam_uniq_id": 451, "lat": 40.06899, "lon": -82.7495, "REGISTRY_ID": 110070887474, "PRIMARY_NAME": "SIDECAT LLC (0145000554)", "NAICS": "518210", "valid": true, "invalid_msg": "" }, "geometry": { "type": "Point", "coordinates": [ -82.7495, 40.06899 ] } },
{ "type": "Feature", "properties": { "ejam_uniq_id": 452, "lat": 38.73956, "lon": -77.82534, "REGISTRY_ID": 110070890950, "PRIMARY_NAME": "AMAZON DATA SERVICES - DCA-51", "NAICS": "518210", "valid": true, "invalid_msg": "" }, "geometry": { "type": "Point", "coordinates": [ -77.82534, 38.73956 ] } },
{ "type": "Feature", "properties": { "ejam_uniq_id": 453, "lat": 42.04606, "lon": -71.23764, "REGISTRY_ID": 110070910263, "PRIMARY_NAME": "BAKER HUGHES", "NAICS": "518210", "valid": true, "invalid_msg": "" }, "geometry": { "type": "Point", "coordinates": [ -71.23764, 42.04606 ] } },
{ "type": "Feature", "properties": { "ejam_uniq_id": 454, "lat": 33.71834, "lon": -84.52366, "REGISTRY_ID": 110070924521, "PRIMARY_NAME": "T5@ATLANTA III, LLC", "NAICS": "518210", "valid": true, "invalid_msg": "" }, "geometry": { "type": "Point", "coordinates": [ -84.52366, 33.71834 ] } },
{ "type": "Feature", "properties": { "ejam_uniq_id": 455, "lat": 33.07239, "lon": -80.03884, "REGISTRY_ID": 110070943304, "PRIMARY_NAME": "MAGURO ENTERPRISES LLC", "NAICS": "518210", "valid": true, "invalid_msg": "" }, "geometry": { "type": "Point", "coordinates": [ -80.03884, 33.07239 ] } },
{ "type": "Feature", "properties": { "ejam_uniq_id": 456, "lat": 45.143622, "lon": -93.3858, "REGISTRY_ID": 110070945564, "PRIMARY_NAME": "DATABANK MSP3", "NAICS": "518210", "valid": true, "invalid_msg": "" }, "geometry": { "type": "Point", "coordinates": [ -93.3858, 45.143622 ] } },
{ "type": "Feature", "properties": { "ejam_uniq_id": 457, "lat": 45.55, "lon": -122.937, "REGISTRY_ID": 110071063042, "PRIMARY_NAME": "NTT GLOBAL DATA CENTERS HI, LLC", "NAICS": "518210", "valid": true, "invalid_msg": "" }, "geometry": { "type": "Point", "coordinates": [ -122.937, 45.55 ] } },
{ "type": "Feature", "properties": { "ejam_uniq_id": 458, "lat": 44.97189, "lon": -93.27083, "REGISTRY_ID": 110071064078, "PRIMARY_NAME": "BONFE AUTO SERVICE & BODY REPAIR", "NAICS": "337910, 518210, 811111, 811121", "valid": true, "invalid_msg": "" }, "geometry": { "type": "Point", "coordinates": [ -93.27083, 44.97189 ] } },
{ "type": "Feature", "properties": { "ejam_uniq_id": 459, "lat": 33.49368, "lon": -112.06941, "REGISTRY_ID": 110071079704, "PRIMARY_NAME": "LMK_PHX", "NAICS": "518210", "valid": true, "invalid_msg": "" }, "geometry": { "type": "Point", "coordinates": [ -112.06941, 33.49368 ] } },
{ "type": "Feature", "properties": { "ejam_uniq_id": 460, "lat": 42.36137, "lon": -71.13608, "REGISTRY_ID": 110071132289, "PRIMARY_NAME": "COUNTESS PRODUCTIONS LLC", "NAICS": "518210", "valid": true, "invalid_msg": "" }, "geometry": { "type": "Point", "coordinates": [ -71.13608, 42.36137 ] } },
{ "type": "Feature", "properties": { "ejam_uniq_id": 461, "lat": 42.40659, "lon": -71.07484, "REGISTRY_ID": 110071132380, "PRIMARY_NAME": "EXPEDIENT", "NAICS": "518210", "valid": true, "invalid_msg": "" }, "geometry": { "type": "Point", "coordinates": [ -71.07484, 42.40659 ] } },
{ "type": "Feature", "properties": { "ejam_uniq_id": 462, "lat": 41.118406, "lon": -96.1431, "REGISTRY_ID": 110071150094, "PRIMARY_NAME": "RAVEN NORTHBROOK LLC", "NAICS": "518210", "valid": true, "invalid_msg": "" }, "geometry": { "type": "Point", "coordinates": [ -96.1431, 41.118406 ] } },
{ "type": "Feature", "properties": { "ejam_uniq_id": 463, "lat": 38.931186, "lon": -94.397945, "REGISTRY_ID": 110071159164, "PRIMARY_NAME": "CERNER LEE'S SUMMIT DATA CENTER", "NAICS": "334417, 518210", "valid": true, "invalid_msg": "" }, "geometry": { "type": "Point", "coordinates": [ -94.397945, 38.931186 ] } },
{ "type": "Feature", "properties": { "ejam_uniq_id": 464, "lat": 45.546912, "lon": -122.929501, "REGISTRY_ID": 110071163053, "PRIMARY_NAME": "STACK INFRASTRUCTURE, INC.", "NAICS": "518210", "valid": true, "invalid_msg": "" }, "geometry": { "type": "Point", "coordinates": [ -122.929501, 45.546912 ] } },
{ "type": "Feature", "properties": { "ejam_uniq_id": 465, "lat": 45.52951, "lon": -122.91691, "REGISTRY_ID": 110071163056, "PRIMARY_NAME": "OR1 DATA CENTER", "NAICS": "518210", "valid": true, "invalid_msg": "" }, "geometry": { "type": "Point", "coordinates": [ -122.91691, 45.52951 ] } },
{ "type": "Feature", "properties": { "ejam_uniq_id": 466, "lat": 45.55694, "lon": -122.91905, "REGISTRY_ID": 110071163057, "PRIMARY_NAME": "QTS INVESTMENT PROPERTIES HILLSBORO, LLC", "NAICS": "518210", "valid": true, "invalid_msg": "" }, "geometry": { "type": "Point", "coordinates": [ -122.91905, 45.55694 ] } },
{ "type": "Feature", "properties": { "ejam_uniq_id": 467, "lat": 45.633531, "lon": -121.207473, "REGISTRY_ID": 110071163058, "PRIMARY_NAME": "TLK FACILITY", "NAICS": "518210", "valid": true, "invalid_msg": "" }, "geometry": { "type": "Point", "coordinates": [ -121.207473, 45.633531 ] } },
{ "type": "Feature", "properties": { "ejam_uniq_id": 468, "lat": 45.6317, "lon": -121.20326, "REGISTRY_ID": 110071163059, "PRIMARY_NAME": "DLS FACILITY", "NAICS": "518210", "valid": true, "invalid_msg": "" }, "geometry": { "type": "Point", "coordinates": [ -121.20326, 45.6317 ] } },
{ "type": "Feature", "properties": { "ejam_uniq_id": 469, "lat": 45.622175, "lon": -121.211105, "REGISTRY_ID": 110071163060, "PRIMARY_NAME": "FORMER SMELTER SITE FACILITY", "NAICS": "518210", "valid": true, "invalid_msg": "" }, "geometry": { "type": "Point", "coordinates": [ -121.211105, 45.622175 ] } },
{ "type": "Feature", "properties": { "ejam_uniq_id": 470, "lat": 45.79355, "lon": -119.37404, "REGISTRY_ID": 110071163075, "PRIMARY_NAME": "PDX 80", "NAICS": "518210", "valid": true, "invalid_msg": "" }, "geometry": { "type": "Point", "coordinates": [ -119.37404, 45.79355 ] } },
{ "type": "Feature", "properties": { "ejam_uniq_id": 471, "lat": 45.931026, "lon": -119.270351, "REGISTRY_ID": 110071163077, "PRIMARY_NAME": "PDX 2", "NAICS": "518210", "valid": true, "invalid_msg": "" }, "geometry": { "type": "Point", "coordinates": [ -119.270351, 45.931026 ] } },
{ "type": "Feature", "properties": { "ejam_uniq_id": 472, "lat": 45.902612, "lon": -119.307422, "REGISTRY_ID": 110071163078, "PRIMARY_NAME": "PDX 63", "NAICS": "518210", "valid": true, "invalid_msg": "" }, "geometry": { "type": "Point", "coordinates": [ -119.307422, 45.902612 ] } },
{ "type": "Feature", "properties": { "ejam_uniq_id": 473, "lat": 44.289, "lon": -120.87685, "REGISTRY_ID": 110071163186, "PRIMARY_NAME": "PRINEVILLE DATA CENTER", "NAICS": "518210", "valid": true, "invalid_msg": "" }, "geometry": { "type": "Point", "coordinates": [ -120.87685, 44.289 ] } },
{ "type": "Feature", "properties": { "ejam_uniq_id": 474, "lat": 45.84084, "lon": -119.65422, "REGISTRY_ID": 110071163342, "PRIMARY_NAME": "PDX 4", "NAICS": "518210", "valid": true, "invalid_msg": "" }, "geometry": { "type": "Point", "coordinates": [ -119.65422, 45.84084 ] } },
{ "type": "Feature", "properties": { "ejam_uniq_id": 475, "lat": 39.559167, "lon": -104.83264, "REGISTRY_ID": 110071176548, "PRIMARY_NAME": "ONENECK IT-DENVER DATA CENTER", "NAICS": "518210", "valid": true, "invalid_msg": "" }, "geometry": { "type": "Point", "coordinates": [ -104.83264, 39.559167 ] } },
{ "type": "Feature", "properties": { "ejam_uniq_id": 476, "lat": 39.72561, "lon": -104.713812, "REGISTRY_ID": 110071176595, "PRIMARY_NAME": "JPMORGAN CHASE - PROJECT SYCAMORE AURORA", "NAICS": "518210", "valid": true, "invalid_msg": "" }, "geometry": { "type": "Point", "coordinates": [ -104.713812, 39.72561 ] } },
{ "type": "Feature", "properties": { "ejam_uniq_id": 477, "lat": 39.98669, "lon": -105.02084, "REGISTRY_ID": 110071176682, "PRIMARY_NAME": "JPMORGAN CHASE - PROJ SYCAMORE-BROOMFIEL", "NAICS": "518210, 541513", "valid": true, "invalid_msg": "" }, "geometry": { "type": "Point", "coordinates": [ -105.02084, 39.98669 ] } },
{ "type": "Feature", "properties": { "ejam_uniq_id": 478, "lat": 42.37474, "lon": -71.08402, "REGISTRY_ID": 110071191933, "PRIMARY_NAME": "35 MCGRATH REALTY LLC", "NAICS": "518210", "valid": true, "invalid_msg": "" }, "geometry": { "type": "Point", "coordinates": [ -71.08402, 42.37474 ] } },
{ "type": "Feature", "properties": { "ejam_uniq_id": 479, "lat": 41.812293, "lon": -71.431252, "REGISTRY_ID": 110071192852, "PRIMARY_NAME": "TCS RHODE ISLAND PRODUCTIONS 1, INC", "NAICS": "518210", "valid": true, "invalid_msg": "" }, "geometry": { "type": "Point", "coordinates": [ -71.431252, 41.812293 ] } },
{ "type": "Feature", "properties": { "ejam_uniq_id": 480, "lat": 39.020811, "lon": -77.434302, "REGISTRY_ID": 110071193038, "PRIMARY_NAME": "AMAZON DATA SERVICES, INC. - IAD98", "NAICS": "518210", "valid": true, "invalid_msg": "" }, "geometry": { "type": "Point", "coordinates": [ -77.434302, 39.020811 ] } },
{ "type": "Feature", "properties": { "ejam_uniq_id": 481, "lat": 39.02081, "lon": -77.434023, "REGISTRY_ID": 110071193039, "PRIMARY_NAME": "AMAZON DATA SERVICES, INC. - IAD99", "NAICS": "518210", "valid": true, "invalid_msg": "" }, "geometry": { "type": "Point", "coordinates": [ -77.434023, 39.02081 ] } },
{ "type": "Feature", "properties": { "ejam_uniq_id": 482, "lat": 37.411125, "lon": -121.955288, "REGISTRY_ID": 110071198796, "PRIMARY_NAME": "GOOGLE LLC", "NAICS": "518210, 541511", "valid": true, "invalid_msg": "" }, "geometry": { "type": "Point", "coordinates": [ -121.955288, 37.411125 ] } },
{ "type": "Feature", "properties": { "ejam_uniq_id": 483, "lat": 27.999062, "lon": -82.535196, "REGISTRY_ID": 110071214136, "PRIMARY_NAME": "WEB COMMERCE PARTNERS INC", "NAICS": "518210", "valid": true, "invalid_msg": "" }, "geometry": { "type": "Point", "coordinates": [ -82.535196, 27.999062 ] } },
{ "type": "Feature", "properties": { "ejam_uniq_id": 484, "lat": 41.335824, "lon": -96.0862, "REGISTRY_ID": 110071219898, "PRIMARY_NAME": "WESTWOOD SOLUTIONS LLC", "NAICS": "518210", "valid": true, "invalid_msg": "" }, "geometry": { "type": "Point", "coordinates": [ -96.0862, 41.335824 ] } },
{ "type": "Feature", "properties": { "ejam_uniq_id": 485, "lat": 39.74579, "lon": -104.99139, "REGISTRY_ID": 110071232148, "PRIMARY_NAME": "CRUSOE ENERGY SYSTEMS, INC. - OXBOW", "NAICS": "518210", "valid": true, "invalid_msg": "" }, "geometry": { "type": "Point", "coordinates": [ -104.99139, 39.74579 ] } },
{ "type": "Feature", "properties": { "ejam_uniq_id": 486, "lat": 42.282234, "lon": -71.421516, "REGISTRY_ID": 110071248341, "PRIMARY_NAME": "HONEST SCHOLAR PRODUCTIONS LLC", "NAICS": "518210", "valid": true, "invalid_msg": "" }, "geometry": { "type": "Point", "coordinates": [ -71.421516, 42.282234 ] } },
{ "type": "Feature", "properties": { "ejam_uniq_id": 487, "lat": 40.008676, "lon": -75.213537, "REGISTRY_ID": 110071251449, "PRIMARY_NAME": "401 CITY AVE ASSOC/LOWER MERION", "NAICS": "518210", "valid": true, "invalid_msg": "" }, "geometry": { "type": "Point", "coordinates": [ -75.213537, 40.008676 ] } },
{ "type": "Feature", "properties": { "ejam_uniq_id": 488, "lat": 37.388963, "lon": -121.966322, "REGISTRY_ID": 110071267799, "PRIMARY_NAME": "AMAZON DATA SERVICES INC - SFO60", "NAICS": "518210", "valid": true, "invalid_msg": "" }, "geometry": { "type": "Point", "coordinates": [ -121.966322, 37.388963 ] } },
{ "type": "Feature", "properties": { "ejam_uniq_id": 489, "lat": 35.51421, "lon": -97.59661, "REGISTRY_ID": 110071272710, "PRIMARY_NAME": "TIERPOINT LLC / TIERPOINT LLC OKLAHOMA CITY", "NAICS": "518210", "valid": true, "invalid_msg": "" }, "geometry": { "type": "Point", "coordinates": [ -97.59661, 35.51421 ] } },
{ "type": "Feature", "properties": { "ejam_uniq_id": 490, "lat": 39.862467, "lon": -82.997802, "REGISTRY_ID": 110071314762, "PRIMARY_NAME": "MAGELLAN ENTERPRISES LLC (0125044418)", "NAICS": "518210", "valid": true, "invalid_msg": "" }, "geometry": { "type": "Point", "coordinates": [ -82.997802, 39.862467 ] } },
{ "type": "Feature", "properties": { "ejam_uniq_id": 491, "lat": 30.480516, "lon": -97.612875, "REGISTRY_ID": 110071319034, "PRIMARY_NAME": "META ATX9025", "NAICS": "518210", "valid": true, "invalid_msg": "" }, "geometry": { "type": "Point", "coordinates": [ -97.612875, 30.480516 ] } },
{ "type": "Feature", "properties": { "ejam_uniq_id": 492, "lat": 40.550428, "lon": -74.464253, "REGISTRY_ID": 110071369141, "PRIMARY_NAME": "BLOOMBERG PISCATAWAY DATA CTR", "NAICS": "518210", "valid": true, "invalid_msg": "" }, "geometry": { "type": "Point", "coordinates": [ -74.464253, 40.550428 ] } },
{ "type": "Feature", "properties": { "ejam_uniq_id": 493, "lat": 30.375347, "lon": -89.614675, "REGISTRY_ID": 110071393971, "PRIMARY_NAME": "HEWLETT PACKARD ENTERPRISE AT STENNIS SPACE CENTER", "NAICS": "518210", "valid": true, "invalid_msg": "" }, "geometry": { "type": "Point", "coordinates": [ -89.614675, 30.375347 ] } },
{ "type": "Feature", "properties": { "ejam_uniq_id": 494, "lat": 38.78412, "lon": -77.578433, "REGISTRY_ID": 110071423371, "PRIMARY_NAME": "GOOGLE RLF", "NAICS": "518210", "valid": true, "invalid_msg": "" }, "geometry": { "type": "Point", "coordinates": [ -77.578433, 38.78412 ] } },
{ "type": "Feature", "properties": { "ejam_uniq_id": 495, "lat": 42.102081, "lon": -70.761492, "REGISTRY_ID": 110071423893, "PRIMARY_NAME": "NETFLIX PRODUCTIONS LLC", "NAICS": "518210", "valid": true, "invalid_msg": "" }, "geometry": { "type": "Point", "coordinates": [ -70.761492, 42.102081 ] } },
{ "type": "Feature", "properties": { "ejam_uniq_id": 496, "lat": 39.730693, "lon": -82.682409, "REGISTRY_ID": 110071432679, "PRIMARY_NAME": "TABLE MOUNTAIN LLC", "NAICS": "518210", "valid": true, "invalid_msg": "" }, "geometry": { "type": "Point", "coordinates": [ -82.682409, 39.730693 ] } },
{ "type": "Feature", "properties": { "ejam_uniq_id": 497, "lat": 40.670346, "lon": -75.377118, "REGISTRY_ID": 110071442514, "PRIMARY_NAME": "TIERPOINT LLC/BETHLEHEM 2 DATA CTR", "NAICS": "518210", "valid": true, "invalid_msg": "" }, "geometry": { "type": "Point", "coordinates": [ -75.377118, 40.670346 ] } },
{ "type": "Feature", "properties": { "ejam_uniq_id": 498, "lat": 42.001419, "lon": -87.953696, "REGISTRY_ID": 110071468347, "PRIMARY_NAME": "EQUINIX CH-5 DATA CENTER", "NAICS": "518210", "valid": true, "invalid_msg": "" }, "geometry": { "type": "Point", "coordinates": [ -87.953696, 42.001419 ] } },
{ "type": "Feature", "properties": { "ejam_uniq_id": 499, "lat": 33.457777, "lon": -84.525555, "REGISTRY_ID": 110071537944, "PRIMARY_NAME": "QTS FAYETTEVILLE I, LLC", "NAICS": "518210", "valid": true, "invalid_msg": "" }, "geometry": { "type": "Point", "coordinates": [ -84.525555, 33.457777 ] } },
{ "type": "Feature", "properties": { "ejam_uniq_id": 500, "lat": 33.7496, "lon": -84.38087, "REGISTRY_ID": 110071544594, "PRIMARY_NAME": "DATA CENTER FULTON, LLC", "NAICS": "518210", "valid": true, "invalid_msg": "" }, "geometry": { "type": "Point", "coordinates": [ -84.38087, 33.7496 ] } },
{ "type": "Feature", "properties": { "ejam_uniq_id": 501, "lat": 38.9252, "lon": -94.7703, "REGISTRY_ID": 110071544609, "PRIMARY_NAME": "DATABANK LTD MCI 3 (AIR)", "NAICS": "518210", "valid": true, "invalid_msg": "" }, "geometry": { "type": "Point", "coordinates": [ -94.7703, 38.9252 ] } },
{ "type": "Feature", "properties": { "ejam_uniq_id": 502, "lat": 44.73429, "lon": -93.054972, "REGISTRY_ID": 110071654357, "PRIMARY_NAME": "JIMNIST LLC", "NAICS": "518210", "valid": true, "invalid_msg": "" }, "geometry": { "type": "Point", "coordinates": [ -93.054972, 44.73429 ] } },
{ "type": "Feature", "properties": { "ejam_uniq_id": 503, "lat": 41.80585, "lon": -88.242388, "REGISTRY_ID": 110071655126, "PRIMARY_NAME": "EDGED CHICAGO LLC", "NAICS": "518210", "valid": true, "invalid_msg": "" }, "geometry": { "type": "Point", "coordinates": [ -88.242388, 41.80585 ] } },
{ "type": "Feature", "properties": { "ejam_uniq_id": 504, "lat": 33.725277, "lon": -84.617166, "REGISTRY_ID": 110071667203, "PRIMARY_NAME": "ALIGNED DATA CENTERS ATL01", "NAICS": "518210", "valid": true, "invalid_msg": "" }, "geometry": { "type": "Point", "coordinates": [ -84.617166, 33.725277 ] } },
{ "type": "Feature", "properties": { "ejam_uniq_id": 505, "lat": 33.808333, "lon": -84.451666, "REGISTRY_ID": 110071706404, "PRIMARY_NAME": "EDGED ENERGY ATLANTA DATA CENTER", "NAICS": "518210", "valid": true, "invalid_msg": "" }, "geometry": { "type": "Point", "coordinates": [ -84.451666, 33.808333 ] } },
{ "type": "Feature", "properties": { "ejam_uniq_id": 506, "lat": 42.366434, "lon": -71.159213, "REGISTRY_ID": 110071718392, "PRIMARY_NAME": "486 ARSENAL WAY LLC", "NAICS": "518210", "valid": true, "invalid_msg": "" }, "geometry": { "type": "Point", "coordinates": [ -71.159213, 42.366434 ] } },
{ "type": "Feature", "properties": { "ejam_uniq_id": 507, "lat": 33.40738, "lon": -86.91338, "REGISTRY_ID": 110071720367, "PRIMARY_NAME": "THE CYBERDYNE DATA FACILITY", "NAICS": "518210", "valid": true, "invalid_msg": "" }, "geometry": { "type": "Point", "coordinates": [ -86.91338, 33.40738 ] } },
{ "type": "Feature", "properties": { "ejam_uniq_id": 508, "lat": 37.73942, "lon": -122.37822, "REGISTRY_ID": 110071744794, "PRIMARY_NAME": "LASON, A LASON COMPANY", "NAICS": "518210", "valid": true, "invalid_msg": "" }, "geometry": { "type": "Point", "coordinates": [ -122.37822, 37.73942 ] } },
{ "type": "Feature", "properties": { "ejam_uniq_id": 509, "lat": 37.42111, "lon": -122.0347, "REGISTRY_ID": 110071747403, "PRIMARY_NAME": "YAHOO CORPORATE HEADQUARTERS", "NAICS": "481219, 518210", "valid": true, "invalid_msg": "" }, "geometry": { "type": "Point", "coordinates": [ -122.0347, 37.42111 ] } },
{ "type": "Feature", "properties": { "ejam_uniq_id": 510, "lat": 37.76566, "lon": -121.95921, "REGISTRY_ID": 110071747842, "PRIMARY_NAME": "PACIFIC BELL", "NAICS": "518210", "valid": true, "invalid_msg": "" }, "geometry": { "type": "Point", "coordinates": [ -121.95921, 37.76566 ] } },
{ "type": "Feature", "properties": { "ejam_uniq_id": 511, "lat": 37.33782, "lon": -121.91028, "REGISTRY_ID": 110071748227, "PRIMARY_NAME": "VERIZON BUSINESS", "NAICS": "518210", "valid": true, "invalid_msg": "" }, "geometry": { "type": "Point", "coordinates": [ -121.91028, 37.33782 ] } },
{ "type": "Feature", "properties": { "ejam_uniq_id": 512, "lat": 37.56205, "lon": -122.28682, "REGISTRY_ID": 110071748345, "PRIMARY_NAME": "KEYNOTE SYSTEMS C/O ORCHARD CO", "NAICS": "518210", "valid": true, "invalid_msg": "" }, "geometry": { "type": "Point", "coordinates": [ -122.28682, 37.56205 ] } },
{ "type": "Feature", "properties": { "ejam_uniq_id": 513, "lat": 37.374, "lon": -121.99064, "REGISTRY_ID": 110071748354, "PRIMARY_NAME": "LEVEL 3 COMMUNICATIONS LLC", "NAICS": "518210", "valid": true, "invalid_msg": "" }, "geometry": { "type": "Point", "coordinates": [ -121.99064, 37.374 ] } },
{ "type": "Feature", "properties": { "ejam_uniq_id": 514, "lat": 37.37374, "lon": -121.99687, "REGISTRY_ID": 110071748891, "PRIMARY_NAME": "CENTURYLINK COMMUNICATIONS, LLC", "NAICS": "518210", "valid": true, "invalid_msg": "" }, "geometry": { "type": "Point", "coordinates": [ -121.99687, 37.37374 ] } },
{ "type": "Feature", "properties": { "ejam_uniq_id": 515, "lat": 37.369559, "lon": -121.969465, "REGISTRY_ID": 110071749095, "PRIMARY_NAME": "CYXTERA COMMUNICATIONS  LLC SC4-5", "NAICS": "518210", "valid": true, "invalid_msg": "" }, "geometry": { "type": "Point", "coordinates": [ -121.969465, 37.369559 ] } },
{ "type": "Feature", "properties": { "ejam_uniq_id": 516, "lat": 37.36075, "lon": -121.94862, "REGISTRY_ID": 110071749096, "PRIMARY_NAME": "SAVVIS INC", "NAICS": "517111, 518210", "valid": true, "invalid_msg": "" }, "geometry": { "type": "Point", "coordinates": [ -121.94862, 37.36075 ] } },
{ "type": "Feature", "properties": { "ejam_uniq_id": 517, "lat": 37.37762, "lon": -121.91411, "REGISTRY_ID": 110071749808, "PRIMARY_NAME": "DELIVEREX", "NAICS": "518210", "valid": true, "invalid_msg": "" }, "geometry": { "type": "Point", "coordinates": [ -121.91411, 37.37762 ] } },
{ "type": "Feature", "properties": { "ejam_uniq_id": 518, "lat": 37.42076, "lon": -122.08363, "REGISTRY_ID": 110071750314, "PRIMARY_NAME": "GOOGLE INC", "NAICS": "518210, 519130", "valid": true, "invalid_msg": "" }, "geometry": { "type": "Point", "coordinates": [ -122.08363, 37.42076 ] } },
{ "type": "Feature", "properties": { "ejam_uniq_id": 519, "lat": 37.419, "lon": -121.941, "REGISTRY_ID": 110071751646, "PRIMARY_NAME": "AT&T", "NAICS": "518210", "valid": true, "invalid_msg": "" }, "geometry": { "type": "Point", "coordinates": [ -121.941, 37.419 ] } },
{ "type": "Feature", "properties": { "ejam_uniq_id": 520, "lat": 37.417004, "lon": -122.085624, "REGISTRY_ID": 110071751682, "PRIMARY_NAME": "GOOGLE, INC", "NAICS": "518210, 519130", "valid": true, "invalid_msg": "" }, "geometry": { "type": "Point", "coordinates": [ -122.085624, 37.417004 ] } },
{ "type": "Feature", "properties": { "ejam_uniq_id": 521, "lat": 37.3768, "lon": -121.9533, "REGISTRY_ID": 110071751994, "PRIMARY_NAME": "LEVEL 3 COMMUNICATIONS", "NAICS": "518210", "valid": true, "invalid_msg": "" }, "geometry": { "type": "Point", "coordinates": [ -121.9533, 37.3768 ] } },
{ "type": "Feature", "properties": { "ejam_uniq_id": 522, "lat": 37.294381, "lon": -121.922363, "REGISTRY_ID": 110071752362, "PRIMARY_NAME": "EBAY / WPR", "NAICS": "518210", "valid": true, "invalid_msg": "" }, "geometry": { "type": "Point", "coordinates": [ -121.922363, 37.294381 ] } },
{ "type": "Feature", "properties": { "ejam_uniq_id": 523, "lat": 37.397014, "lon": -121.979677, "REGISTRY_ID": 110071753230, "PRIMARY_NAME": "SAVVIS COMMUNICATIONS CORPORATION DBA CENTURYLINK", "NAICS": "518210", "valid": true, "invalid_msg": "" }, "geometry": { "type": "Point", "coordinates": [ -121.979677, 37.397014 ] } },
{ "type": "Feature", "properties": { "ejam_uniq_id": 524, "lat": 37.3746, "lon": -121.955485, "REGISTRY_ID": 110071753633, "PRIMARY_NAME": "1525 COMSTOCK  C/O DIGITAL REALTY TRUST", "NAICS": "518210", "valid": true, "invalid_msg": "" }, "geometry": { "type": "Point", "coordinates": [ -121.955485, 37.3746 ] } },
{ "type": "Feature", "properties": { "ejam_uniq_id": 525, "lat": 37.36076, "lon": -121.94857, "REGISTRY_ID": 110071753757, "PRIMARY_NAME": "MICROSOFT CORPORATION", "NAICS": "518210", "valid": true, "invalid_msg": "" }, "geometry": { "type": "Point", "coordinates": [ -121.94857, 37.36076 ] } },
{ "type": "Feature", "properties": { "ejam_uniq_id": 526, "lat": 37.378312, "lon": -121.958591, "REGISTRY_ID": 110071754800, "PRIMARY_NAME": "DIGITAL ALFRED  LLC", "NAICS": "518210", "valid": true, "invalid_msg": "" }, "geometry": { "type": "Point", "coordinates": [ -121.958591, 37.378312 ] } },
{ "type": "Feature", "properties": { "ejam_uniq_id": 527, "lat": 37.788524, "lon": -122.390762, "REGISTRY_ID": 110071754826, "PRIMARY_NAME": "DIGITAL 365  LLC", "NAICS": "518210, 541513", "valid": true, "invalid_msg": "" }, "geometry": { "type": "Point", "coordinates": [ -122.390762, 37.788524 ] } },
{ "type": "Feature", "properties": { "ejam_uniq_id": 528, "lat": 37.413248, "lon": -122.198872, "REGISTRY_ID": 110071754994, "PRIMARY_NAME": "STANFORD UNIVERSITY DATA CENTER", "NAICS": "518210", "valid": true, "invalid_msg": "" }, "geometry": { "type": "Point", "coordinates": [ -122.198872, 37.413248 ] } },
{ "type": "Feature", "properties": { "ejam_uniq_id": 529, "lat": 37.394176, "lon": -122.030531, "REGISTRY_ID": 110071755508, "PRIMARY_NAME": "LINKEDIN CORPORATION", "NAICS": "518210", "valid": true, "invalid_msg": "" }, "geometry": { "type": "Point", "coordinates": [ -122.030531, 37.394176 ] } },
{ "type": "Feature", "properties": { "ejam_uniq_id": 530, "lat": 37.376011, "lon": -121.953874, "REGISTRY_ID": 110071755604, "PRIMARY_NAME": "TATA COMMUNICATIONS [AMERICA] INC", "NAICS": "518210", "valid": true, "invalid_msg": "" }, "geometry": { "type": "Point", "coordinates": [ -121.953874, 37.376011 ] } },
{ "type": "Feature", "properties": { "ejam_uniq_id": 531, "lat": 37.416793, "lon": -121.955566, "REGISTRY_ID": 110071755771, "PRIMARY_NAME": "BROCADE COMMUNICATIONS SYSTEMS, INC", "NAICS": "518210", "valid": true, "invalid_msg": "" }, "geometry": { "type": "Point", "coordinates": [ -121.955566, 37.416793 ] } },
{ "type": "Feature", "properties": { "ejam_uniq_id": 532, "lat": 37.510012, "lon": -122.199716, "REGISTRY_ID": 110071756347, "PRIMARY_NAME": "GOOGLE INC", "NAICS": "518210, 531120", "valid": true, "invalid_msg": "" }, "geometry": { "type": "Point", "coordinates": [ -122.199716, 37.510012 ] } },
{ "type": "Feature", "properties": { "ejam_uniq_id": 533, "lat": 37.654015, "lon": -122.395751, "REGISTRY_ID": 110071756522, "PRIMARY_NAME": "ALEXANDRIA REAL ESTATE EQUITIES  INC", "NAICS": "518210", "valid": true, "invalid_msg": "" }, "geometry": { "type": "Point", "coordinates": [ -122.395751, 37.654015 ] } },
{ "type": "Feature", "properties": { "ejam_uniq_id": 534, "lat": 37.397848, "lon": -121.979577, "REGISTRY_ID": 110071756753, "PRIMARY_NAME": "CYXTERA COMMUNICATIONS  LLC - SC8", "NAICS": "518210", "valid": true, "invalid_msg": "" }, "geometry": { "type": "Point", "coordinates": [ -121.979577, 37.397848 ] } },
{ "type": "Feature", "properties": { "ejam_uniq_id": 535, "lat": 37.378018, "lon": -121.953636, "REGISTRY_ID": 110071756826, "PRIMARY_NAME": "WAVE BROADBAND", "NAICS": "518210", "valid": true, "invalid_msg": "" }, "geometry": { "type": "Point", "coordinates": [ -121.953636, 37.378018 ] } },
{ "type": "Feature", "properties": { "ejam_uniq_id": 536, "lat": 37.373464, "lon": -121.971087, "REGISTRY_ID": 110071756886, "PRIMARY_NAME": "CORESITE REAL ESTATE", "NAICS": "518210", "valid": true, "invalid_msg": "" }, "geometry": { "type": "Point", "coordinates": [ -121.971087, 37.373464 ] } },
{ "type": "Feature", "properties": { "ejam_uniq_id": 537, "lat": 37.509558, "lon": -122.202866, "REGISTRY_ID": 110071757280, "PRIMARY_NAME": "GOOGLE LLC", "NAICS": "518210, 519290", "valid": true, "invalid_msg": "" }, "geometry": { "type": "Point", "coordinates": [ -122.202866, 37.509558 ] } },
{ "type": "Feature", "properties": { "ejam_uniq_id": 538, "lat": 37.378671, "lon": -121.991594, "REGISTRY_ID": 110071757312, "PRIMARY_NAME": "FUJITSU NORTH AMERICA  INC", "NAICS": "518210", "valid": true, "invalid_msg": "" }, "geometry": { "type": "Point", "coordinates": [ -121.991594, 37.378671 ] } },
{ "type": "Feature", "properties": { "ejam_uniq_id": 539, "lat": 37.371762, "lon": -121.987602, "REGISTRY_ID": 110071757513, "PRIMARY_NAME": "ELEMENT CRITICAL", "NAICS": "518210, 531120", "valid": true, "invalid_msg": "" }, "geometry": { "type": "Point", "coordinates": [ -121.987602, 37.371762 ] } },
{ "type": "Feature", "properties": { "ejam_uniq_id": 540, "lat": 37.39701, "lon": -121.97961, "REGISTRY_ID": 110071759702, "PRIMARY_NAME": "CYXTERA COMMUNICATIONS  LLC SC9", "NAICS": "518210", "valid": true, "invalid_msg": "" }, "geometry": { "type": "Point", "coordinates": [ -121.97961, 37.39701 ] } },
{ "type": "Feature", "properties": { "ejam_uniq_id": 541, "lat": 37.373841, "lon": -121.996978, "REGISTRY_ID": 110071759704, "PRIMARY_NAME": "CYXTERA COMMUNICATIONS  LLC SN2", "NAICS": "518210", "valid": true, "invalid_msg": "" }, "geometry": { "type": "Point", "coordinates": [ -121.996978, 37.373841 ] } },
{ "type": "Feature", "properties": { "ejam_uniq_id": 542, "lat": 39.802, "lon": -121.851, "REGISTRY_ID": 110071762216, "PRIMARY_NAME": "DIGITAL PATH/2X WIRELESS", "NAICS": "518210", "valid": true, "invalid_msg": "" }, "geometry": { "type": "Point", "coordinates": [ -121.851, 39.802 ] } },
{ "type": "Feature", "properties": { "ejam_uniq_id": 543, "lat": 47.027314, "lon": -98.679253, "REGISTRY_ID": 110071785777, "PRIMARY_NAME": "APLD JAMESTOWN DATACENTER", "NAICS": "518210", "valid": true, "invalid_msg": "" }, "geometry": { "type": "Point", "coordinates": [ -98.679253, 47.027314 ] } },
{ "type": "Feature", "properties": { "ejam_uniq_id": 544, "lat": 32.829182, "lon": -117.130384, "REGISTRY_ID": 110071797266, "PRIMARY_NAME": "AMERICAN INTERNET SERVICES INC", "NAICS": "518210", "valid": true, "invalid_msg": "" }, "geometry": { "type": "Point", "coordinates": [ -117.130384, 32.829182 ] } },
{ "type": "Feature", "properties": { "ejam_uniq_id": 545, "lat": 37.73346, "lon": -120.95852, "REGISTRY_ID": 110071803680, "PRIMARY_NAME": "ECONTACTLIVE, INC.", "NAICS": "518210", "valid": true, "invalid_msg": "" }, "geometry": { "type": "Point", "coordinates": [ -120.95852, 37.73346 ] } },
{ "type": "Feature", "properties": { "ejam_uniq_id": 546, "lat": 41.978156, "lon": -87.961532, "REGISTRY_ID": 110071813401, "PRIMARY_NAME": "CYRUSONE CHI6 FACILITY", "NAICS": "518210", "valid": true, "invalid_msg": "" }, "geometry": { "type": "Point", "coordinates": [ -87.961532, 41.978156 ] } },
{ "type": "Feature", "properties": { "ejam_uniq_id": 547, "lat": 43.082874, "lon": -79.003319, "REGISTRY_ID": 110071843118, "PRIMARY_NAME": "NORTH EAST DATA LLC", "NAICS": "518210", "valid": true, "invalid_msg": "" }, "geometry": { "type": "Point", "coordinates": [ -79.003319, 43.082874 ] } },
{ "type": "Feature", "properties": { "ejam_uniq_id": 548, "lat": 37.38014, "lon": -121.99771, "REGISTRY_ID": 110071870347, "PRIMARY_NAME": "FUJITSU TECHNOLOGY AND BUSINESS OF AMERICA, INC", "NAICS": "518210", "valid": true, "invalid_msg": "" }, "geometry": { "type": "Point", "coordinates": [ -121.99771, 37.38014 ] } },
{ "type": "Feature", "properties": { "ejam_uniq_id": 549, "lat": 37.484547, "lon": -122.147992, "REGISTRY_ID": 110071870470, "PRIMARY_NAME": "FACEBOOK, INC", "NAICS": "518210", "valid": true, "invalid_msg": "" }, "geometry": { "type": "Point", "coordinates": [ -122.147992, 37.484547 ] } },
{ "type": "Feature", "properties": { "ejam_uniq_id": 550, "lat": 38.908611, "lon": -77.220964, "REGISTRY_ID": 110071871582, "PRIMARY_NAME": "TYSONS ENTERPRISE WEST, LLC", "NAICS": "518210", "valid": true, "invalid_msg": "" }, "geometry": { "type": "Point", "coordinates": [ -77.220964, 38.908611 ] } }
]
}
