site_group_id,canonical_name,sources,source_count,member_count,primary_source,primary_source_layer,primary_record_uid,status_summary,is_currently_built,has_pipeline_status,state,county,city,latitude,longitude,coordinate_valid,geometry_type,operator_summary,name_aliases,facility_size_sqft,campus_area_sqft,mw_summary,reference_confidence,match_notes
site_00001,Project Marvel,FracTracker,1,1,FracTracker,,FracTracker:frac_row_0,Proposed,False,True,AL,Jefferson,Bessemer,33.342,-87.0341,True,Point,Logistic Land Investments LLC,Project Marvel,4500000.0,,1200,single_source_curated,
site_00002,DC Blox,FracTracker,1,1,FracTracker,,FracTracker:frac_row_1,Operating,True,False,AL,Jefferson,Birmingham,33.50051,-86.821,True,Point,,DC Blox,,,,single_source_curated,
site_00003,Data center,FracTracker,1,1,FracTracker,,FracTracker:frac_row_10,Proposed,False,True,AR,Pulaski,Little Rock,34.71681,-92.1737,True,Point,Willowbend Capital LLC,Data center,,,,single_source_curated,
site_00004,CODA at Tech Sq (GA Tech High Performance Computing Center),FracTracker,1,1,FracTracker,,FracTracker:frac_row_100,Operating,True,False,GA,Fulton,Atlanta,33.77551,-84.38868,True,Point,Georgia Tech Foundation,CODA at Tech Sq (GA Tech High Performance Computing Center),93000.0,,14,single_source_curated,
site_00005,Gardner Property,FracTracker,1,1,FracTracker,,FracTracker:frac_row_1000,Proposed,False,True,VA,Prince William,Gainesville,38.7958,-77.62219,True,Point,,Gardner Property,1787266.0,,,single_source_curated,
site_00006,GCDC PURCHASER PHASE 1 LLC,FracTracker,1,1,FracTracker,,FracTracker:frac_row_1001,Expanding,False,True,VA,Prince William,Gainesville,38.802406,-77.58256,True,Point,GCDC PURCHASER PHASE 1 LLC,GCDC PURCHASER PHASE 1 LLC,482223.0,,,single_source_curated,
site_00007,I-66 and Route 29 Technology Park,FracTracker,1,1,FracTracker,,FracTracker:frac_row_1002,Proposed,False,True,VA,Prince William,Gainesville,38.8008,-77.61256,True,Point,NTT Global Data Centers,I-66 and Route 29 Technology Park,2957680.0,,,single_source_curated,
site_00008,John Marshall CommonsTech Park,FracTracker,1,1,FracTracker,,FracTracker:frac_row_1003,Proposed,False,True,VA,Prince William,Gainesville,38.803947,-77.61687,True,Point,CTP-1 LLC,John Marshall CommonsTech Park,530000.0,,,single_source_curated,
site_00009,VA 4,FracTracker|PNNL,2,2,PNNL,building,PNNL:building_00046831933,Operating,True,False,VA,Prince William County,Gainesville,38.778111268742116,-77.594876153305,True,Polygon,Digital Realty|PORPOISE VENTURES LLC (Digital Realty Trust),PORPOISE VENTURES LLC (Digital Realty Trust)|VA 4,227465.0,,,multi_source,FracTracker:frac_row_1004<->PNNL:building_00046831933:spatial_100m:17.944m
site_00010,Prince William Digital Gateway,FracTracker,1,1,FracTracker,,FracTracker:frac_row_1005,Cancelled,False,True,VA,Prince William,Gainesville,38.82437,-77.56874,True,Point,"Compass, QTS Data Centers",Prince William Digital Gateway,22000000.0,,,single_source_curated,
site_00011,Microsoft Data Center 1,FracTracker|PNNL,2,3,PNNL,building,PNNL:building_00019787207,Proposed,True,True,VA,Prince William County,Gainesville,38.8024111256264,-77.58237918867958,True,Polygon,Microsoft,Microsoft Data Center 1|Microsoft Data Center 2|University Business Park,3800000.0,,,multi_source,FracTracker:frac_row_1006<->PNNL:building_00019787207:strong_name_supported_1km:891.21m ; FracTracker:frac_row_1006<->PNNL:building_01447029365:strong_name_supported_1km:621.542m
site_00012,Village Place at Gainesville Technology Park,FracTracker,1,1,FracTracker,,FracTracker:frac_row_1007,Proposed,False,True,VA,Prince William,Gainesville,38.801834,-77.6206,True,Point,CTP-I LLC,Village Place at Gainesville Technology Park,1188143.0,,,single_source_curated,
site_00013,Cavalier Innsbrook Data Center,FracTracker,1,1,FracTracker,,FracTracker:frac_row_1008,Operating,True,False,VA,Henrico,Glen Allen,37.660877,-77.57392,True,Point,HIGHWOODS PROP,Cavalier Innsbrook Data Center,,,,single_source_curated,
site_00014,Hunter Hawking Data Center,FracTracker,1,1,FracTracker,,FracTracker:frac_row_1009,Cancelled,False,True,VA,Hanover,Glen Allen,37.71385,-77.6231,True,Point,,Hunter Hawking Data Center,4000000.0,,900,single_source_curated,
site_00015,Cogent Data Center Atlanta 1,FracTracker,1,1,FracTracker,,FracTracker:frac_row_101,Operating,True,False,GA,Fulton,Atlanta,33.75585,-84.39107,True,Point,Cogent Communications,Cogent Data Center Atlanta 1,,,,single_source_curated,
site_00016,Green Energy Ventures Data Center,FracTracker,1,1,FracTracker,,FracTracker:frac_row_1010,Proposed,False,True,VA,King George,,38.256557,-77.29122,True,Point,,Green Energy Ventures Data Center,6500000.0,,,single_source_curated,
site_00017,Unnamed Data Center,FracTracker,1,1,FracTracker,,FracTracker:frac_row_1011,Proposed,False,True,VA,Pittsylvania,Gretna,36.98035,-79.35187,True,Point,"BOLES, BRENDA ET ALS EAST, SHARON ET ALS BOLES, DOUGLAS ET ALS KELLEY, OTEY HARRIS III ET ALS KELLEY, CHARLES ET ALS",Unnamed Data Center,2280801.0,,,single_source_curated,
site_00018,DBT Data Cyber Integration Center,FracTracker,1,1,FracTracker,,FracTracker:frac_row_1012,Expanding,False,True,VA,Harrisonburg,Harrisonburg,38.462486,-78.8568,True,Point,AC 139 TYCO STREET LLC,DBT Data Cyber Integration Center,95500.0,,,single_source_curated,
site_00019,AMAZON DATA SERVICES INC,FracTracker|NAICS|PNNL,3,9,PNNL,campus,PNNL:campus_00697021949,Operating,True,False,VA,Prince William County,Haymarket,38.81581597741176,-77.65269565653946,True,MultiPolygon,Amazon|Amazon Web Services,"AMAZON DATA SERVICES INC|AMAZON DATA SERVICES, INC. IAD-55 IAD-64 IAD-84|Amazon IAD-55|Amazon IAD64|Amazon IAD84|Amazon Web Services|DC 11 DE LLC (Amazon)",453174.0,1278242.0,,multi_source,FracTracker:frac_row_1013<->NAICS:naics_240:name_supported_500m:488.814m ; FracTracker:frac_row_1013<->PNNL:building_00222672860:name_supported_500m:315.123m ; FracTracker:frac_row_1013<->PNNL:building_00697021948:name_supported_500m:107.227m ; FracTracker:frac_row_1013<->PNNL:building_00828135845:spatial_100m:28.729m ; FracTracker:frac_row_1013<->PNNL:building_01280340216:name_supported_500m:233.985m ; FracTracker:frac_row_1013<->PNNL:building_01280340217:name_supported_500m:115.823m ; FracTracker:frac_row_1013<->PNNL:campus_00697021949:spatial_100m:41.07m ; FracTracker:frac_row_1014<->NAICS:naics_240:name_supported_500m:287.935m ; FracTracker:frac_row_1014<->PNNL:building_00222672860:spatial_100m:14.522m ; FracTracker:frac_row_1014<->PNNL:building_00697021948:name_supported_500m:364.698m ; FracTracker:frac_row_1014<->PNNL:building_00828135845:name_supported_500m:344.647m ; FracTracker:frac_row_1014<->PNNL:building_01280340216:name_supported_500m:490.411m ; FracTracker:frac_row_1014<->PNNL:building_01280340217:name_supported_500m:360.565m ; FracTracker:frac_row_1014<->PNNL:campus_00697021949:name_supported_500m:352.84m ; NAICS:naics_240<->PNNL:building_00222672860:name_supported_500m:302.435m ; NAICS:naics_240<->PNNL:campus_00697021949:strong_name_supported_1km:529.882m
site_00020,EdgeConneX Richmond - EDCRIC01,FracTracker,1,1,FracTracker,,FracTracker:frac_row_1015,Operating,True,False,VA,Henrico,Henrico,37.63892,-77.46779,True,Point,NORTH RUN LH LLC,EdgeConneX Richmond - EDCRIC01,17888.0,,,single_source_curated,
site_00021,Lumen Richmond 2,FracTracker,1,1,FracTracker,,FracTracker:frac_row_1016,Operating,True,False,VA,Henrico,Henrico,37.623894,-77.50267,True,Point,LEVEL 3 COMMUNICATIONS LLC,Lumen Richmond 2,5522.0,,,single_source_curated,
site_00022,Equinix DC97,FracTracker|PNNL,2,2,PNNL,building,PNNL:building_00221897579,Operating,True,False,VA,Fairfax County,Herndon,38.96157142283795,-77.37742307519908,True,Polygon,LDI PROPCO 2 LLC,Equinix DC 97|Equinix DC97,63912.0,,,multi_source,FracTracker:frac_row_1017<->PNNL:building_00221897579:spatial_100m:11.065m
site_00023,Renaissance Technology Park,FracTracker,1,1,FracTracker,,FracTracker:frac_row_1018,Proposed,False,True,VA,Fairfax,Herndon,38.932446,-77.42387,True,Point,RP INDUSTRIAL OWNER II LLC,Renaissance Technology Park,2136040.0,,,single_source_curated,
site_00024,Cogent Data Center Atlanta 2,FracTracker,1,1,FracTracker,,FracTracker:frac_row_102,Operating,True,False,GA,Fulton,Atlanta,33.722496,-84.412796,True,Point,Cogent Communications,Cogent Data Center Atlanta 2,36172.0,,,single_source_curated,
site_00025,EdgeCore,FracTracker,1,1,FracTracker,,FracTracker:frac_row_1020,Suspended,False,True,VA,Goochland,Kents Store,37.88311,-78.0388,True,Point,,EdgeCore,3900000.0,,1100,single_source_curated,
site_00026,Birchwood AWS,FracTracker,1,1,FracTracker,,FracTracker:frac_row_1021,Proposed,False,True,VA,King George,King George,38.266403,-77.317726,True,Point,Amazon,Birchwood AWS,7250000.0,,,single_source_curated,
site_00027,Dahlgren West,FracTracker,1,1,FracTracker,,FracTracker:frac_row_1022,Proposed,False,True,VA,King George,King George,38.30985,-77.11264,True,Point,,Dahlgren West,9000000.0,,,single_source_curated,
site_00028,Ladysmith Technology Park,FracTracker,1,1,FracTracker,,FracTracker:frac_row_1023,Proposed,False,True,VA,Caroline,,38.0269,-77.50431,True,Point,,Ladysmith Technology Park,1684480.0,,,single_source_curated,
site_00029,Leesburg Data Center,FracTracker,1,1,FracTracker,,FracTracker:frac_row_1024,Proposed,False,True,VA,Loudoun,Leesburg,39.06878,-77.5313,True,Point,Amazon,Leesburg Data Center,,,,single_source_curated,
site_00030,Cochran Mill Road,FracTracker,1,1,FracTracker,,FracTracker:frac_row_1025,Proposed,False,True,VA,Loudoun,Leesburg,39.074635,-77.51654,True,Point,,Cochran Mill Road,811129.0,,,single_source_curated,
site_00031,True North Data Centers,FracTracker|PNNL,2,3,PNNL,campus,PNNL:campus_01387391200,Operating,True,False,VA,Loudoun County,Leesburg,39.04372564306367,-77.53741191978271,True,MultiPolygon,COMPASS DATACENTERS IAD I LLC|True North Data Solutions,COMPASS DATACENTERS IAD I|TikTok Data Center|True North Data Centers,551029.0,4583218.0,,multi_source,FracTracker:frac_row_1026<->PNNL:building_01387391201:spatial_100m:58.752m ; FracTracker:frac_row_1026<->PNNL:campus_01387391200:spatial_100m:19.286m
site_00032,Cross Mill Center,FracTracker,1,1,FracTracker,,FracTracker:frac_row_1027,Proposed,False,True,VA,Loudoun,Leesburg,39.06295,-77.550476,True,Point,"Kuhn, Charles C/JK Holdings II LLC",Cross Mill Center,546500.0,,,single_source_curated,
site_00033,Cross Mill Center Data Center,FracTracker,1,1,FracTracker,,FracTracker:frac_row_1028,Proposed,False,True,VA,Loudoun,Leesburg,39.06358,-77.5522,True,Point,,Cross Mill Center Data Center,556746.0,,,single_source_curated,
site_00034,Greenlin Park,FracTracker,1,1,FracTracker,,FracTracker:frac_row_1029,Proposed,False,True,VA,Loudoun,Leesburg,39.056362,-77.55221,True,Point,Charles S Kuhn/JK Landholdings II LLC,Greenlin Park,3702600.0,,,single_source_curated,
site_00035,Coloblox (HQ),FracTracker,1,1,FracTracker,,FracTracker:frac_row_103,Operating,True,False,GA,Cobb,Atlanta,33.88972,-84.465515,True,Point,Coloblox,Coloblox (HQ),,,,single_source_curated,
site_00036,HAYDEN TECHNOLOGIES,FracTracker,1,1,FracTracker,,FracTracker:frac_row_1030,Expanding,False,True,VA,Loudoun,Leesburg,39.051716,-77.53956,True,Point,HAYDEN TECHNOLOGIES LLC,HAYDEN TECHNOLOGIES,563584.0,,,single_source_curated,
site_00037,Microsoft,FracTracker|PNNL,2,3,PNNL,building,PNNL:building_00886330269,Operating,True,False,VA,Loudoun County,Leesburg,39.07478688334023,-77.56412899431636,True,Polygon,Microsoft,IAD 01-04|Microsoft,809314.0,,,multi_source,FracTracker:frac_row_1031<->PNNL:building_00886330269:strong_name_supported_1km:846.343m ; FracTracker:frac_row_1031<->PNNL:building_00986829280:strong_name_supported_1km:891.167m
site_00038,Leesburg Gateway,FracTracker,1,1,FracTracker,,FracTracker:frac_row_1032,Proposed,False,True,VA,Loudoun,Leesburg,39.103153,-77.536385,True,Point,Google,Leesburg Gateway,281800.0,,,single_source_curated,
site_00039,NVA06 Campus,FracTracker,1,1,FracTracker,,FracTracker:frac_row_1033,Operating,True,False,VA,Loudoun,Leesburg,39.080227,-77.56473,True,Point,STACK INFRASTRUCTURE,NVA06 Campus,388150.0,,24,single_source_curated,
site_00040,NVA06 Campus,FracTracker|PNNL,2,2,PNNL,building,PNNL:building_01443922535,Operating,True,False,VA,Loudoun County,Leesburg,39.08219102890557,-77.56511220760098,True,Polygon,STACK INFRASTRUCTURE,NVA06 Campus,232886.0,,48,multi_source,FracTracker:frac_row_1034<->PNNL:building_01443922535:spatial_100m:49.786m
site_00041,Oaklawn,FracTracker,1,1,FracTracker,,FracTracker:frac_row_1035,Proposed,False,True,VA,Loudoun,Leesburg,39.091972,-77.56057,True,Point,,Oaklawn,700000.0,,,single_source_curated,
site_00042,Orme Farm Rezoning,FracTracker,1,1,FracTracker,,FracTracker:frac_row_1036,Proposed,False,True,VA,Loudoun,Leesburg,39.059395,-77.55797,True,Point,Van Metre Communities LLC/Roy Barnett,Orme Farm Rezoning,508000.0,,,single_source_curated,
site_00043,Stonewall Creek Business Park,FracTracker|PNNL,2,4,PNNL,campus,PNNL:campus_00706726088,Expanding,True,True,VA,Loudoun County,Leesburg,39.051431729239994,-77.53939966702264,True,MultiPolygon,Google,Google Data Center|Project Celtic Phase 1|Project Celtic Phase 2|Stonewall Creek Business Park,743608.0,1291753.0,,multi_source,FracTracker:frac_row_1037<->PNNL:building_00710070925:strong_name_supported_1km:771.512m ; FracTracker:frac_row_1037<->PNNL:campus_00706726088:strong_name_supported_1km:872.922m ; FracTracker:frac_row_1038<->PNNL:building_00710070925:name_supported_500m:457.319m ; FracTracker:frac_row_1038<->PNNL:campus_00706726088:strong_name_supported_1km:528.375m
site_00044,Spring Valley Technology Park,FracTracker,1,1,FracTracker,,FracTracker:frac_row_1039,Proposed,False,True,VA,Loudoun,LEESBURG,39.001057,-77.57126,True,Point,,Spring Valley Technology Park,3483902.0,,,single_source_curated,
site_00045,ColoCrossing GA1,FracTracker,1,1,FracTracker,,FracTracker:frac_row_104,Operating,True,False,GA,Fulton,Atlanta,33.755016,-84.389626,True,Point,ColoCrossing,ColoCrossing GA1,10000.0,,2,single_source_curated,
site_00046,Tuscarora Crossing Landbay 3,FracTracker,1,1,FracTracker,,FracTracker:frac_row_1040,Proposed,False,True,VA,Loudoun,Leesburg,39.077232,-77.533745,True,Point,BlackChamber Group,Tuscarora Crossing Landbay 3,701400.0,,,single_source_curated,
site_00047,Villages at Leesburg,FracTracker,1,1,FracTracker,,FracTracker:frac_row_1041,Proposed,False,True,VA,Loudoun,Leesburg,39.087734,-77.5195,True,Point,STACK INFRASTRUCTURE,Villages at Leesburg,250000.0,,,single_source_curated,
site_00048,Wilderness Crossing,FracTracker,1,1,FracTracker,,FracTracker:frac_row_1042,Proposed,False,True,VA,Orange,Locust Grove,38.33316,-77.73109,True,Point,Amazon,Wilderness Crossing,5000000.0,,,single_source_curated,
site_00049,Amazon Data Center,FracTracker,1,1,FracTracker,,FracTracker:frac_row_1043,Proposed,False,True,VA,Louisa,Louisa,37.98242,-77.9511,True,Point,Amazon,Amazon Data Center,3800000.0,,,single_source_curated,
site_00050,North Creek Tech Campus,FracTracker,1,1,FracTracker,,FracTracker:frac_row_1044,Proposed,False,True,VA,Louisa,Louisa,37.968376,-77.95334,True,Point,Amazon,North Creek Tech Campus,8700000.0,,,single_source_curated,
site_00051,Amazon Data Center,FracTracker,1,1,FracTracker,,FracTracker:frac_row_1045,Cancelled,False,True,VA,Louisa,Louisa County,38.00263,-77.94,True,Point,Amazon,Amazon Data Center,7200000.0,,,single_source_curated,
site_00052,Desper Creek Technology Campus (AWS Data Center),FracTracker,1,1,FracTracker,,FracTracker:frac_row_1046,Proposed,False,True,VA,Louisa,Louisa County,37.97047,-77.9546,True,Point,,Desper Creek Technology Campus (AWS Data Center),,,,single_source_curated,
site_00053,Data center,FracTracker,1,1,FracTracker,,FracTracker:frac_row_1047,Cancelled,False,True,VA,Campbell County,Lynchburg,37.3761,-79.0327,True,Point,,Data center,450000.0,,,single_source_curated,
site_00054,9001 Hornbaker Rd,FracTracker,1,1,FracTracker,,FracTracker:frac_row_1048,Proposed,False,True,VA,Prince William,Manassas,38.762554,-77.53385,True,Point,,9001 Hornbaker Rd,871518.0,,,single_source_curated,
site_00055,DataBank ATL1 (Midtown),FracTracker|NAICS,2,2,FracTracker,,FracTracker:frac_row_105,Operating,True,False,GA,Fulton,Atlanta,33.775368,-84.387764,True,Point,DataBank,"DATA CENTER ATLANTA, LLC|DataBank ATL1 (Midtown)",38260.0,,10,multi_source,FracTracker:frac_row_105<->NAICS:naics_338:spatial_100m:43.781m
site_00056,AIRPORT GATEWAY COMMERCE CENTER,FracTracker,1,1,FracTracker,,FracTracker:frac_row_1050,Proposed,False,True,VA,Prince William,Manassas,38.72144,-77.49643,True,Point,"UNICORN HOTEL LLC, C/O DUPONT FABROS DEVELOPMENT, PCL D",AIRPORT GATEWAY COMMERCE CENTER,,,,single_source_curated,
site_00057,Airport Gateway Commerce Center,FracTracker,1,1,FracTracker,,FracTracker:frac_row_1051,Proposed,False,True,VA,Prince William,Manassas,38.715843,-77.49836,True,Point,"UNICORN INTERESTS LLC, PCL F1",Airport Gateway Commerce Center,369600.0,,,single_source_curated,
site_00058,ALEXANDRIA TECHNOLOGY CENTER,FracTracker,1,1,FracTracker,,FracTracker:frac_row_1052,Proposed,False,True,VA,Prince William,Manassas,38.756546,-77.51377,True,Point,QTS MANASSAS I LAND LLC C/O BLACKSTONE PROPERTY ADVISORS,ALEXANDRIA TECHNOLOGY CENTER,,,,single_source_curated,
site_00059,Alligned Data Centers (Balls Ford),FracTracker,1,1,FracTracker,,FracTracker:frac_row_1053,Proposed,False,True,VA,Prince William,Manassas,38.799274,-77.52802,True,Point,PROPCO LLC,Alligned Data Centers (Balls Ford),1275141.0,,,single_source_curated,
site_00060,AMAZON DATA SERVICES INC,FracTracker|NAICS|PNNL,3,16,PNNL,campus,PNNL:campus_00696992451,Operating|Proposed,True,True,VA,Prince William County,Manassas,38.79098152194525,-77.54831684502851,True,MultiPolygon,Amazon|Amazon Web Services|MANASSAS TECHNOLOGY PARTNERS LLC (Amazon),"AMAZON DATA SERVICES INC|AMAZON DATA SERVICES, INC. IAD-7 IAD-11 IAD-24|Amazon Data Center|Amazon IAD11|Amazon IAD14|Amazon IAD24|Amazon IAD52|Amazon IAD59|Amazon IAD7|GI TC 7510 MASON KING CT LLC (Amazon)|MANASSAS TECHNOLOGY PARTNERS LLC (Amazon)",123534.0,989045.0,,multi_source,FracTracker:frac_row_1054<->NAICS:naics_125:strong_name_supported_1km:916.606m ; FracTracker:frac_row_1054<->PNNL:building_00045776978:strong_name_supported_1km:866.248m ; FracTracker:frac_row_1054<->PNNL:building_00045776979:strong_name_supported_1km:920.147m ; FracTracker:frac_row_1054<->PNNL:building_00045776988:strong_name_supported_1km:917.768m ; FracTracker:frac_row_1054<->PNNL:building_00460059465:strong_name_supported_1km:919.827m ; FracTracker:frac_row_1054<->PNNL:building_00460060340:strong_name_supported_1km:690.427m ; FracTracker:frac_row_1054<->PNNL:building_00460060341:strong_name_supported_1km:805.287m ; FracTracker:frac_row_1055<->NAICS:naics_125:strong_name_supported_1km:605.831m ; FracTracker:frac_row_1055<->PNNL:building_00045776978:strong_name_supported_1km:578.449m ; FracTracker:frac_row_1055<->PNNL:building_00045776979:strong_name_supported_1km:616.406m ; FracTracker:frac_row_1055<->PNNL:building_00045776988:strong_name_supported_1km:594.38m ; FracTracker:frac_row_1055<->PNNL:building_00460059465:strong_name_supported_1km:822.827m ; FracTracker:frac_row_1055<->PNNL:building_00460060340:strong_name_supported_1km:661.642m ; FracTracker:frac_row_1055<->PNNL:building_00460060341:strong_name_supported_1km:738.57m ; FracTracker:frac_row_1056<->NAICS:naics_125:name_supported_500m:335.136m ; FracTracker:frac_row_1056<->PNNL:building_00045776978:name_supported_500m:460.653m ; FracTracker:frac_row_1056<->PNNL:building_00045776979:name_supported_500m:383.539m ; FracTracker:frac_row_1056<->PNNL:building_00045776988:name_supported_500m:206.768m ; FracTracker:frac_row_1059<->NAICS:naics_125:strong_name_supported_1km:762.814m ; FracTracker:frac_row_1059<->PNNL:building_00045776978:strong_name_supported_1km:628.108m ; FracTracker:frac_row_1059<->PNNL:building_00045776979:strong_name_supported_1km:724.444m ; FracTracker:frac_row_1059<->PNNL:building_00045776988:strong_name_supported_1km:868.57m ; FracTracker:frac_row_1059<->PNNL:building_00460059465:name_supported_500m:130.487m ; FracTracker:frac_row_1059<->PNNL:building_00460060340:name_supported_500m:127.514m ; FracTracker:frac_row_1059<->PNNL:building_00460060341:spatial_100m:2.38m ; FracTracker:frac_row_1059<->PNNL:campus_00696992451:spatial_100m:12.991m ; FracTracker:frac_row_1060<->NAICS:naics_125:strong_name_supported_1km:731.886m ; FracTracker:frac_row_1060<->PNNL:building_00045776978:strong_name_supported_1km:595.656m ; FracTracker:frac_row_1060<->PNNL:building_00045776979:strong_name_supported_1km:688.791m ; FracTracker:frac_row_1060<->PNNL:building_00045776988:strong_name_supported_1km:848.348m ; FracTracker:frac_row_1060<->PNNL:building_00460059465:spatial_100m:19.728m ; FracTracker:frac_row_1060<->PNNL:building_00460060340:name_supported_500m:263.029m ; FracTracker:frac_row_1060<->PNNL:building_00460060341:name_supported_500m:134.415m ; FracTracker:frac_row_1061<->NAICS:naics_125:strong_name_supported_1km:777.553m ; FracTracker:frac_row_1061<->PNNL:building_00045776978:strong_name_supported_1km:648.309m ; FracTracker:frac_row_1061<->PNNL:building_00045776979:strong_name_supported_1km:744.286m ; FracTracker:frac_row_1061<->PNNL:building_00045776988:strong_name_supported_1km:871.588m ; FracTracker:frac_row_1061<->PNNL:building_00460059465:name_supported_500m:249.492m ; FracTracker:frac_row_1061<->PNNL:building_00460060340:spatial_100m:12.944m ; FracTracker:frac_row_1061<->PNNL:building_00460060341:name_supported_500m:121.91m ; FracTracker:frac_row_1068<->NAICS:naics_125:name_supported_500m:144.424m ; FracTracker:frac_row_1068<->PNNL:building_00045776978:spatial_100m:18.463m ; FracTracker:frac_row_1068<->PNNL:building_00045776979:name_supported_500m:100.995m ; FracTracker:frac_row_1068<->PNNL:building_00045776988:name_supported_500m:267.735m ; FracTracker:frac_row_1068<->PNNL:building_00460059465:strong_name_supported_1km:607.271m ; FracTracker:frac_row_1068<->PNNL:building_00460060340:strong_name_supported_1km:660.148m ; FracTracker:frac_row_1068<->PNNL:building_00460060341:strong_name_supported_1km:624.169m ; FracTracker:frac_row_1079<->PNNL:building_00045776988:spatial_100m:5.521m ; NAICS:naics_125<->PNNL:building_00045776979:spatial_100m:48.412m
site_00061,Amazon IAD102,FracTracker|NAICS|PNNL,3,7,PNNL,building,PNNL:building_00996899486,Operating|Proposed,True,True,VA,Prince William County,Manassas,38.73597010187111,-77.50490133103251,True,Polygon,Amazon|Amazon Web Services,"AMAZON DATA SERVICES INC|AMAZON DATA SERVICES, INC IAD-100/101/102/103|Amazon Data Center|Amazon IAD100|Amazon IAD101|Amazon IAD102|Amazon IAD103",214338.0,,,multi_source,FracTracker:frac_row_1057<->PNNL:building_00996899486:strong_name_supported_1km:978.308m ; FracTracker:frac_row_1057<->PNNL:building_00996899487:strong_name_supported_1km:898.483m ; FracTracker:frac_row_1057<->PNNL:building_00996899488:strong_name_supported_1km:803.388m ; FracTracker:frac_row_1058<->NAICS:naics_441:name_supported_500m:478.314m ; FracTracker:frac_row_1058<->PNNL:building_00996899486:name_supported_500m:119.621m ; FracTracker:frac_row_1058<->PNNL:building_00996899487:name_supported_500m:115.221m ; FracTracker:frac_row_1058<->PNNL:building_00996899488:name_supported_500m:186.482m ; FracTracker:frac_row_1058<->PNNL:building_01227612684:name_supported_500m:232.04m
site_00062,DataBank ATL2 (West End),FracTracker,1,1,FracTracker,,FracTracker:frac_row_106,Operating,True,False,GA,Fulton,Atlanta,33.733864,-84.425735,True,Point,DataBank,DataBank ATL2 (West End),98300.0,,4,single_source_curated,
site_00063,Ashwood Addition,FracTracker,1,1,FracTracker,,FracTracker:frac_row_1062,Proposed,False,True,VA,Prince William,Manassas,38.731693,-77.51026,True,Point,,Ashwood Addition,800000.0,,,single_source_curated,
site_00064,CloudHQ MCC1,FracTracker|PNNL,2,6,PNNL,building,PNNL:building_00882977350,Operating,True,False,VA,Prince William County,Buckhall,38.717028377885455,-77.49989682110625,True,Polygon,ABTEEN VENTURES LLC (CloudHQ)|CloudHQ|MANUCHEHR VENTURES LLC,ABTEEN VENTURES LLC (CloudHQ)|BOURZOU VENTURES LLC (CloudHQ)|CloudHQ MCC1|CloudHQ MCC2|CloudHQ MCC3|MANUCHEHR VENTURES LLC,139000.0,,,multi_source,FracTracker:frac_row_1049<->PNNL:building_00882977350:spatial_100m:23.759m ; FracTracker:frac_row_1049<->PNNL:building_00996899489:strong_name_supported_1km:712.062m ; FracTracker:frac_row_1049<->PNNL:building_01227614670:name_supported_500m:449.901m ; FracTracker:frac_row_1063<->PNNL:building_00882977350:strong_name_supported_1km:669.561m ; FracTracker:frac_row_1063<->PNNL:building_00996899489:spatial_100m:29.57m ; FracTracker:frac_row_1063<->PNNL:building_01227614670:strong_name_supported_1km:964.803m ; FracTracker:frac_row_920<->PNNL:building_01227614670:spatial_100m:33.523m
site_00065,DC 12 14 DE LLC (Amazon),FracTracker,1,1,FracTracker,,FracTracker:frac_row_1065,Operating,True,False,VA,Prince William,Manassas,38.778107,-77.558235,True,Point,DC 12 14 DE LLC (Amazon),DC 12 14 DE LLC (Amazon),311198.0,,,single_source_curated,
site_00066,Digital Second Manassas,FracTracker,1,1,FracTracker,,FracTracker:frac_row_1066,Proposed,False,True,VA,Prince William,Manassas,38.737873,-77.508286,True,Point,DIGITAL CARVER BRICKYARD LLC,Digital Second Manassas,1759136.0,,,single_source_curated,
site_00067,Equinix DC14,FracTracker|PNNL,2,3,PNNL,campus,PNNL:campus_01227539675,Operating,True,False,VA,Prince William County,Manassas,38.803345027236205,-77.51061642582921,True,MultiPolygon,Equinix,EQUINIX LLC|Equinix DC14,109800.0,222846.0,,multi_source,FracTracker:frac_row_1067<->PNNL:building_00045583050:spatial_100m:19.015m ; FracTracker:frac_row_1067<->PNNL:campus_01227539675:spatial_100m:18.762m
site_00068,DataBank ATL3 (West End),FracTracker,1,1,FracTracker,,FracTracker:frac_row_107,Operating,True,False,GA,Fulton,Atlanta,33.73448,-84.4265,True,Point,DataBank,DataBank ATL3 (West End),,,6,single_source_curated,
site_00069,QTS Manassas DC5,FracTracker|PNNL,2,9,PNNL,building,PNNL:building_01090837713,Operating|Proposed,True,True,VA,Prince William County,Innovation,38.75469273948548,-77.51744670998576,True,Polygon,QTS MANASSAS I DC2 LLC|QTS MANASSAS I DC4 LLC|QTS Manassas DC 2|QTS Manassas DC 5|Quality Technology Services,DC-4|INNOVATION EXECUTIVE CENTER DC-3|Manassas Data Center|QTS Manassas DC 2|QTS Manassas DC 5|QTS Manassas DC1|QTS Manassas DC2|QTS Manassas DC5,323526.0,,,multi_source,FracTracker:frac_row_1019<->PNNL:building_01090837713:name_supported_500m:245.149m ; FracTracker:frac_row_1019<->PNNL:building_01134911642:name_supported_500m:292.071m ; FracTracker:frac_row_1019<->PNNL:building_01287260558:name_supported_500m:495.05m ; FracTracker:frac_row_1019<->PNNL:building_01464257784:name_supported_500m:342.547m ; FracTracker:frac_row_1069<->PNNL:building_01090837713:name_supported_500m:493.784m ; FracTracker:frac_row_1069<->PNNL:building_01134911642:spatial_100m:77.35m ; FracTracker:frac_row_1069<->PNNL:building_01287260558:name_supported_500m:135.87m ; FracTracker:frac_row_1069<->PNNL:building_01464257784:spatial_100m:33.065m ; FracTracker:frac_row_1070<->PNNL:building_01090837713:strong_name_supported_1km:615.059m ; FracTracker:frac_row_1070<->PNNL:building_01134911642:strong_name_supported_1km:991.354m ; FracTracker:frac_row_1091<->PNNL:building_01090837713:name_supported_500m:448.358m ; FracTracker:frac_row_1091<->PNNL:building_01134911642:spatial_100m:9.346m ; FracTracker:frac_row_1091<->PNNL:building_01287260558:name_supported_500m:219.215m ; FracTracker:frac_row_1091<->PNNL:building_01464257784:spatial_100m:55.073m ; FracTracker:frac_row_1092<->PNNL:building_01090837713:spatial_100m:21.033m ; FracTracker:frac_row_1092<->PNNL:building_01134911642:name_supported_500m:465.213m ; FracTracker:frac_row_1092<->PNNL:building_01287260558:strong_name_supported_1km:612.727m ; FracTracker:frac_row_1092<->PNNL:building_01464257784:strong_name_supported_1km:505.931m
site_00070,Iron Mountain Building 7,FracTracker,1,1,FracTracker,,FracTracker:frac_row_1071,Proposed,False,True,VA,Prince William,Manassas,38.775063,-77.539795,True,Point,IRON MOUNTAIN DATA CENTERS VA 7 LLC,Iron Mountain Building 7,304000.0,,,single_source_curated,
site_00071,Iron Mountain VA-1,FracTracker|PNNL,2,2,PNNL,building,PNNL:building_00996723586,Operating,True,False,VA,Prince William County,Manassas,38.77791724644345,-77.547073196661,True,Polygon,,Iron Mountain Data Center VA-1|Iron Mountain VA-1,165230.0,,280,multi_source,FracTracker:frac_row_1072<->PNNL:building_00996723586:spatial_100m:90.405m
site_00072,"KH DATA CAPITAL DEVELOPMENT LAND LLC
 C/O IRON MOUNTAIN GLOBAL REAL ESTATE",FracTracker,1,1,FracTracker,,FracTracker:frac_row_1075,Operating,True,False,VA,Prince William,Manassas,38.7768,-77.54394,True,Point,"KH DATA CAPITAL DEVELOPMENT LAND LLC
 C/O IRON MOUNTAIN GLOBAL REAL ESTATE","KH DATA CAPITAL DEVELOPMENT LAND LLC
 C/O IRON MOUNTAIN GLOBAL REAL ESTATE",597590.0,,,single_source_curated,
site_00073,Manassas Corporate Center MCC-7 PRA,FracTracker,1,1,FracTracker,,FracTracker:frac_row_1076,Proposed,False,True,VA,Prince William,Manassas,38.722412,-77.50135,True,Point,UNICORN INTERESTS LLC,Manassas Corporate Center MCC-7 PRA,1082231.0,,,single_source_curated,
site_00074,Amazon IAD130,FracTracker|PNNL,2,3,PNNL,building,PNNL:building_01181391921,Operating,True,False,VA,Prince William County,Manassas,38.76036060090534,-77.51930184592597,True,Polygon,Amazon Web Services|MANASSAS NCP LLC,Amazon IAD130|Amazon IAD131|MANASSAS NCP LLC,409252.0,,,multi_source,FracTracker:frac_row_1077<->PNNL:building_01181391921:spatial_100m:58.224m ; FracTracker:frac_row_1077<->PNNL:building_01181391922:spatial_100m:71.156m
site_00075,Manassas Point,FracTracker,1,1,FracTracker,,FracTracker:frac_row_1078,Proposed,False,True,VA,Prince William,Manassas,38.783833,-77.53779,True,Point,,Manassas Point,1739350.0,,,single_source_curated,
site_00076,DataBank ATL4 (South Fulton),FracTracker,1,1,FracTracker,,FracTracker:frac_row_108,Proposed,False,True,GA,Fulton,Atlanta,33.750492,-84.54815,True,Point,DataBank,DataBank ATL4 (South Fulton),212710.0,,40,single_source_curated,
site_00077,MCC5,FracTracker,1,1,FracTracker,,FracTracker:frac_row_1080,Proposed,False,True,VA,Prince William,Manassas,38.719757,-77.49309,True,Point,"UNICORN INTERESTS LLC, CLOUD HQ",MCC5,400000.0,,,single_source_curated,
site_00078,MCI COMMUNICATION SERVICES LLC VERIZON GLOBAL REAL ESTATE,FracTracker,1,1,FracTracker,,FracTracker:frac_row_1081,Operating,True,False,VA,Prince William,Manassas,38.80486,-77.51249,True,Point,MCI COMMUNICATION SERVICES LLC VERIZON GLOBAL REAL ESTATE,MCI COMMUNICATION SERVICES LLC VERIZON GLOBAL REAL ESTATE,227465.0,,,single_source_curated,
site_00079,Mid-County Industrial Park,FracTracker,1,1,FracTracker,,FracTracker:frac_row_1082,Proposed,False,True,VA,Prince William,Manassas,38.63156,-77.41153,True,Point,,Mid-County Industrial Park,664715.0,,,single_source_curated,
site_00080,NVA05A & NVA05B Proffer Amendment and Rezoning,FracTracker,1,1,FracTracker,,FracTracker:frac_row_1083,Proposed,False,True,VA,Prince William,Manassas,38.760544,-77.51536,True,Point,,NVA05A & NVA05B Proffer Amendment and Rezoning,814777.0,,,single_source_curated,
site_00081,NVA05C,FracTracker,1,1,FracTracker,,FracTracker:frac_row_1084,Proposed,False,True,VA,Prince William,MANASSAS,38.761223,-77.511635,True,Point,,NVA05C,261312.0,,,single_source_curated,
site_00082,NVA15 LLC,FracTracker,1,1,FracTracker,,FracTracker:frac_row_1085,Proposed,False,True,VA,Prince William,Manassas,38.74385,-77.53758,True,Point,STACK INFRASTRUCTURE,NVA15 LLC,24000.0,,48,single_source_curated,
site_00083,COPT Data Center,FracTracker|PNNL,2,11,PNNL,building,PNNL:building_00224100721,Operating|Proposed,True,True,VA,Prince William County,Manassas,38.74728120625688,-77.5318452938603,True,Polygon,Amazon|Amazon Web Services|COPT DC INNOVATION LLC|POWERLOFT @ INNOVATION I|STACK INFRASTRUCTURE,Amazon Web Services|COPT DC INNOVATION LLC|COPT Data Center|COPT Data Center Bldg 2|COPT Innovation Park Data Center|NVA16 LLC|POWERLOFT @ INNOVATION I|SI NVA02 LLC A1A|SI NVA02 LLC A2A,352030.0,,48,multi_source,FracTracker:frac_row_1064<->PNNL:building_00224100721:name_supported_500m:399.693m ; FracTracker:frac_row_1064<->PNNL:building_01059037050:spatial_100m:69.17m ; FracTracker:frac_row_1064<->PNNL:building_01059037051:spatial_100m:56.65m ; FracTracker:frac_row_1086<->PNNL:building_01000784035:strong_name_supported_1km:708.671m ; FracTracker:frac_row_1086<->PNNL:building_01059030596:strong_name_supported_1km:595.432m ; FracTracker:frac_row_1086<->PNNL:building_01059037050:strong_name_supported_1km:786.153m ; FracTracker:frac_row_1086<->PNNL:building_01280340215:strong_name_supported_1km:536.832m ; FracTracker:frac_row_1089<->PNNL:building_00224100721:spatial_100m:10.956m ; FracTracker:frac_row_1096<->PNNL:building_01059030596:spatial_100m:34.539m ; FracTracker:frac_row_1096<->PNNL:building_01280340215:spatial_100m:87.432m ; FracTracker:frac_row_1097<->PNNL:building_01000784035:spatial_100m:12.007m
site_00084,PARSONS BUSINESS PARK LLC,FracTracker,1,1,FracTracker,,FracTracker:frac_row_1087,Proposed,False,True,VA,Prince William,Manassas,38.645596,-77.4416,True,Point,,PARSONS BUSINESS PARK LLC,2628411.0,,,single_source_curated,
site_00085,Potomac Technology Park,FracTracker,1,1,FracTracker,,FracTracker:frac_row_1088,Proposed,False,True,VA,Prince William,Manassas,38.630245,-77.42247,True,Point,Plaza Realty Management Inc,Potomac Technology Park,1160000.0,,,single_source_curated,
site_00086,EDC ATL01,FracTracker,1,1,FracTracker,,FracTracker:frac_row_109,Operating,True,False,GA,Fulton,Atlanta,33.72936,-84.42015,True,Point,EdgeConnex,EDC ATL01,29527.0,,2,single_source_curated,
site_00087,Project Well,FracTracker,1,1,FracTracker,,FracTracker:frac_row_1090,Proposed,False,True,VA,Prince William,Manassas,38.780552,-77.56264,True,Point,,Project Well,1341019.0,,,single_source_curated,
site_00088,QTS MANASSAS I DC3 LLC,FracTracker,1,1,FracTracker,,FracTracker:frac_row_1093,Expanding,False,True,VA,Prince William,Manassas,38.753265,-77.510345,True,Point,QTS MANASSAS I DC3 LLC,QTS MANASSAS I DC3 LLC,269091.0,,,single_source_curated,
site_00089,QTS MANASSAS I DC6 LLC,FracTracker,1,1,FracTracker,,FracTracker:frac_row_1094,Expanding,False,True,VA,Prince William,Manassas,38.75438,-77.509895,True,Point,QTS MANASSAS I DC6 LLC C/O BLACKSTONE PROPERTY ADVISORS,QTS MANASSAS I DC6 LLC,269091.0,,,single_source_curated,
site_00090,SI NVA 04 LLC (Avanti at Innovation),FracTracker|PNNL,2,2,PNNL,building,PNNL:building_01059036248,Operating,True,False,VA,Prince William County,Manassas,38.745958588783616,-77.53750921534285,True,Polygon,STACK INFRASTRUCTURE,SI NVA 04 LLC (Avanti at Innovation),281000.0,,,multi_source,FracTracker:frac_row_1095<->PNNL:building_01059036248:spatial_100m:61.094m
site_00091,SI NVA05 LLC,FracTracker,1,1,FracTracker,,FracTracker:frac_row_1098,Operating,True,False,VA,Prince William,Manassas,38.748386,-77.521545,True,Point,STACK INFRASTRUCTURE,SI NVA05 LLC,213320.0,,,single_source_curated,
site_00092,SI NVA06 LLC,FracTracker,1,1,FracTracker,,FracTracker:frac_row_1099,Operating,True,False,VA,Prince William,Manassas,38.747314,-77.51989,True,Point,STACK INFRASTRUCTURE,SI NVA06 LLC,223757.0,,,single_source_curated,
site_00093,Brightspeed Data Center,FracTracker,1,1,FracTracker,,FracTracker:frac_row_11,Operating,True,False,AR,Pope,Russellville,35.27746,-93.1372,True,Point,,Brightspeed Data Center,44650.0,,,single_source_curated,
site_00094,EDC ATL02,FracTracker,1,1,FracTracker,,FracTracker:frac_row_110,Operating,True,False,GA,Fulton,Atlanta,33.731815,-84.42362,True,Point,EdgeConnex,EDC ATL02,91980.0,,14,single_source_curated,
site_00095,SI NVA07 LLC,FracTracker,1,1,FracTracker,,FracTracker:frac_row_1100,Operating,True,False,VA,Prince William,Manassas,38.746647,-77.51876,True,Point,STACK INFRASTRUCTURE,SI NVA07 LLC,233757.0,,,single_source_curated,
site_00096,Amazon Web Services,FracTracker|PNNL,2,2,PNNL,building,PNNL:building_01252196825,Operating,True,False,VA,Prince William County,Manassas,38.746145819498636,-77.51721534270156,True,Polygon,Amazon Web Services|STACK INFRASTRUCTURE,Amazon Web Services|SI NVA08 LLC,216067.0,,,multi_source,FracTracker:frac_row_1101<->PNNL:building_01252196825:spatial_100m:24.44m
site_00097,South Point Phase II LLC,FracTracker,1,1,FracTracker,,FracTracker:frac_row_1102,Proposed,False,True,VA,Prince William,Manassas,38.77665,-77.5567,True,Point,South Point Phase II LLC,South Point Phase II LLC,530000.0,,,single_source_curated,
site_00098,Stoneview,FracTracker,1,1,FracTracker,,FracTracker:frac_row_1103,Proposed,False,True,VA,Prince William,Manassas,38.76551,-77.51943,True,Point,,Stoneview,149558.0,,,single_source_curated,
site_00099,"UNICORN INTERESTS LLC, PCL C1",FracTracker,1,1,FracTracker,,FracTracker:frac_row_1104,Proposed,False,True,VA,Prince William,Manassas,38.719288,-77.496185,True,Point,UNICORN INTERESTS LLC,"UNICORN INTERESTS LLC, PCL C1",250144.0,,,single_source_curated,
site_00100,Iron Mountain VA-2,FracTracker|PNNL,2,8,PNNL,building,PNNL:building_00996723585,Approved/Permitted/Under construction|Operating,True,True,VA,Prince William County,Manassas,38.77724872325061,-77.54596524435513,True,Polygon,IRON MOUNTAIN DATA CENTERS LLC|IRON MOUNTAIN DATA CENTERS VA 4/5 SUBSIDIARY LLC,Iron Mountain Data Center VA-5|Iron Mountain VA-2|Iron Mountain VA-3|Iron Mountain VA-4|Iron Mountain VA-5|Iron Mountain VA-6|KH Data Capital Development|VA6B1 and VA6B2,165428.0,,,multi_source,FracTracker:frac_row_1073<->PNNL:building_01287260557:name_supported_500m:209.303m ; FracTracker:frac_row_1074<->PNNL:building_00996723585:name_supported_500m:485.511m ; FracTracker:frac_row_1074<->PNNL:building_01283698132:name_supported_500m:303.044m ; FracTracker:frac_row_1074<->PNNL:building_01287260556:spatial_100m:56.233m ; FracTracker:frac_row_1074<->PNNL:building_01287260557:name_supported_500m:141.597m ; FracTracker:frac_row_1105<->PNNL:building_01287260556:strong_name_supported_1km:787.085m ; FracTracker:frac_row_1105<->PNNL:building_01287260557:strong_name_supported_1km:608.957m ; FracTracker:frac_row_1105<->PNNL:building_01304357577:spatial_100m:23.518m
site_00101,Vulcan Data Center,FracTracker,1,1,FracTracker,,FracTracker:frac_row_1106,Proposed,False,True,VA,Prince William,Manassas,38.77115,-77.51435,True,Point,Amazon,Vulcan Data Center,1071000.0,,,single_source_curated,
site_00102,WELLINGTON GLEN TECHNOLOGY PARK,FracTracker,1,1,FracTracker,,FracTracker:frac_row_1107,Proposed,False,True,VA,Prince William,Manassas,38.764816,-77.54452,True,Point,,WELLINGTON GLEN TECHNOLOGY PARK,645000.0,,,single_source_curated,
site_00103,Wellington Road PRA,FracTracker,1,1,FracTracker,,FracTracker:frac_row_1108,Proposed,False,True,VA,Prince William,Manassas,38.763477,-77.513535,True,Point,,Wellington Road PRA,370175.0,,,single_source_curated,
site_00104,Westview 66,FracTracker,1,1,FracTracker,,FracTracker:frac_row_1109,Proposed,False,True,VA,Prince William,Manassas,38.79625,-77.53552,True,Point,Microsoft,Westview 66,623360.0,,,single_source_curated,
site_00105,EdgeConneX,FracTracker,1,1,FracTracker,,FracTracker:frac_row_111,Proposed,False,True,GA,Fulton,Atlanta,33.635,-84.5819,True,Point,,EdgeConneX,,,324,single_source_curated,
site_00106,Lumen McLean,FracTracker|PNNL,2,3,PNNL,building,PNNL:building_00239147373,Operating,True,False,VA,Fairfax County,McLean,38.920020715978985,-77.21161871839628,True,Polygon,Lumen Technologies|YOSEMITE DC ASSETS LLC,Lumen McLean|Roosevelt Building,72546.0,,,multi_source,FracTracker:frac_row_1110<->PNNL:building_00239147373:spatial_100m:12.365m ; FracTracker:frac_row_1110<->PNNL:point_09669639033:spatial_100m:98.856m
site_00107,Middletown Data Center,FracTracker|PNNL,2,2,PNNL,campus,PNNL:campus_00840582927,Operating,True,False,VA,Frederick County,MIddletown,39.017644447296405,-78.29095951194115,True,MultiPolygon,MIDDLETOWN DATA CENTER LLC,Middletown Data Center,33483.0,273198.0,6.7,multi_source,FracTracker:frac_row_1111<->PNNL:campus_00840582927:spatial_100m:2.607m
site_00108,Project Loch,FracTracker,1,1,FracTracker,,FracTracker:frac_row_1112,Proposed,False,True,VA,Chesterfield,Midlothian,37.499065,-77.69161,True,Point,,Project Loch,,,,single_source_curated,
site_00109,Province Group @Powhatan Technology Park,FracTracker,1,1,FracTracker,,FracTracker:frac_row_1113,Approved/Permitted/Under construction,False,True,VA,Powhatan,MIDLOTHIAN,37.50839,-77.73239,True,Point,Province Group,Province Group @Powhatan Technology Park,2000000.0,,"365-2,400",single_source_curated,
site_00110,Project Loch (Google),FracTracker,1,1,FracTracker,,FracTracker:frac_row_1114,Proposed,False,True,VA,Chesterfield,Midloththian,37.49932,-77.6884,True,Point,Google,Project Loch (Google),,,,single_source_curated,
site_00111,Lake Anna Tech Campus,FracTracker,1,1,FracTracker,,FracTracker:frac_row_1115,Proposed,False,True,VA,Louisa,Mineral,38.04825,-77.80991,True,Point,Amazon,Lake Anna Tech Campus,1700000.0,,,single_source_curated,
site_00112,Project Skye (Google),FracTracker,1,1,FracTracker,,FracTracker:frac_row_1116,Proposed,False,True,VA,Chesterfield,Moseley,37.44824,-77.781,True,Point,Google,Project Skye (Google),,,,single_source_curated,
site_00113,Upper Magnolia Green East,FracTracker,1,1,FracTracker,,FracTracker:frac_row_1117,Proposed,False,True,VA,Chesterfield,Moseley,37.42037,-77.75997,True,Point,,Upper Magnolia Green East,,,,single_source_curated,
site_00114,Upper Magnolia Green West Tract A and Tract B,FracTracker,1,1,FracTracker,,FracTracker:frac_row_1118,Proposed,False,True,VA,Chesterfield,Moseley,37.444225,-77.77384,True,Point,,Upper Magnolia Green West Tract A and Tract B,,,,single_source_curated,
site_00115,EdgeConneX Norfolk,FracTracker,1,1,FracTracker,,FracTracker:frac_row_1119,Operating,True,False,VA,Norfolk,Norfolk,36.86186,-76.235344,True,Point,"Warehouse 888, Llc",EdgeConneX Norfolk,4610.0,,,single_source_curated,
site_00116,Zone5,FracTracker,1,1,FracTracker,,FracTracker:frac_row_1120,Operating,True,False,VA,Norfolk,Norfolk,36.87813,-76.21608,True,Point,Fair Holdings Llc,Zone5,,,,single_source_curated,
site_00117,Perspecta Datacenter Campus,FracTracker,1,1,FracTracker,,FracTracker:frac_row_1121,Expanding,False,True,VA,Fairfax,Oak Hill,38.923347,-77.426834,True,Point,Amazon,Perspecta Datacenter Campus,1046632.0,,,single_source_curated,
site_00118,Convergent Technology Park,FracTracker,1,1,FracTracker,,FracTracker:frac_row_1122,Proposed,False,True,VA,Fauquier,Remington,38.546986,-77.80626,True,Point,Convergent VA LLC,Convergent Technology Park,1056000.0,,,single_source_curated,
site_00119,Gigaland LLC Data Center,FracTracker,1,1,FracTracker,,FracTracker:frac_row_1123,Suspended,False,True,VA,Fauquier,Remington,38.5367,-77.7811,True,Point,,Gigaland LLC Data Center,2200000.0,,,single_source_curated,
site_00120,Gigaland Remington,FracTracker,1,1,FracTracker,,FracTracker:frac_row_1124,Proposed,False,True,VA,Fauquier,Remington,38.534485,-77.78287,True,Point,Gigaland Data Centers,Gigaland Remington,1600000.0,,,single_source_curated,
site_00121,Remington Innovation Campus,FracTracker,1,1,FracTracker,,FracTracker:frac_row_1125,Proposed,False,True,VA,Fauquier,REMINGTON,38.56304,-77.77671,True,Point,,Remington Innovation Campus,2221560.0,,,single_source_curated,
site_00122,Remington Technology Park,FracTracker,1,1,FracTracker,,FracTracker:frac_row_1126,Proposed,False,True,VA,Fauquier,Remington,38.54051,-77.78908,True,Point,REMINGTON TECHNOLOGY PARK LTD PTNRSHP,Remington Technology Park,1700000.0,,300,single_source_curated,
site_00123,SAMX Data Center,FracTracker,1,1,FracTracker,,FracTracker:frac_row_1127,Proposed,False,True,VA,Fauquier,Remington,38.543182,-77.7834,True,Point,SAMX Data,SAMX Data Center,1140000.0,,,single_source_curated,
site_00124,VA3,FracTracker|PNNL,2,2,PNNL,building,PNNL:building_00079158387,Operating,True,False,VA,Fairfax County,Reston,38.94846385493133,-77.32729535242555,True,Polygon,Digital Realty,LEMUR PROPERTIES LLC|VA3,264888.0,,,multi_source,FracTracker:frac_row_1129<->PNNL:building_00079158387:spatial_100m:16.802m
site_00125,IAD1,FracTracker|PNNL,2,2,PNNL,building,PNNL:building_00079159494,Operating,True,False,VA,Fairfax County,Reston,38.94881628378597,-77.32940997255484,True,Polygon,Evocative|RDC-1807 MICHAEL FARADAY COURT LLC,IAD1|RDC-1807 MICHAEL FARADAY COURT,30609.0,,,multi_source,FracTracker:frac_row_1130<->PNNL:building_00079159494:spatial_100m:17.166m
site_00126,Science Applications International Corp (SAIC),FracTracker,1,1,FracTracker,,FracTracker:frac_row_1131,Operating,True,False,VA,Fairfax,Reston,38.952652,-77.34998,True,Point,DISCOVERY SQUARE LLC,Science Applications International Corp (SAIC),,,,single_source_curated,
site_00127,Azalea,FracTracker,1,1,FracTracker,,FracTracker:frac_row_1133,Proposed,False,True,VA,Henrico,Richmond,37.604717,-77.423416,True,Point,BWS Enterprises,Azalea,456108.0,,10,single_source_curated,
site_00128,Richmond Data Center,FracTracker,1,1,FracTracker,,FracTracker:frac_row_1134,Operating,True,False,VA,Henrico,Richmond,37.60576,-77.4211,True,Point,,Richmond Data Center,65000.0,,,single_source_curated,
site_00129,Infotel Systems Data Center,FracTracker,1,1,FracTracker,,FracTracker:frac_row_1135,Operating,True,False,VA,Henrico,Richmond,37.61285,-77.47348,True,Point,Infotel,Infotel Systems Data Center,572.0,,,single_source_curated,
site_00130,Flexential - Richmond,FracTracker|PNNL,2,2,PNNL,building,PNNL:building_00257581364,Operating,True,False,VA,Henrico County,Richmond,37.64689021155886,-77.4386951674598,True,Polygon,Flexential|LEVEL 3 COMMUNICATIONS LLC,Flexential - Richmond|Lumen Richmond 1,36508.0,,,multi_source,FracTracker:frac_row_1136<->PNNL:building_00257581364:spatial_100m:24.711m
site_00131,Wagner Urban Logistics LLC Data Center,FracTracker,1,1,FracTracker,,FracTracker:frac_row_1137,Suspended,False,True,VA,Henrico,Richmond,37.48448,-77.3579,True,Point,,Wagner Urban Logistics LLC Data Center,,,,single_source_curated,
site_00132,Google Data Center: Center for Research and Technology,FracTracker,1,1,FracTracker,,FracTracker:frac_row_1138,Proposed,False,True,VA,Roanoke,Roanoke,37.33734,-79.9992,True,Point,Google,Google Data Center: Center for Research and Technology,,,,single_source_curated,
site_00133,Google Data Center: Summit View Business Park,FracTracker,1,1,FracTracker,,FracTracker:frac_row_1139,Proposed,False,True,VA,Franklin,Rocky Mount,37.07742,-79.9252,True,Point,Google,Google Data Center: Summit View Business Park,,,,single_source_curated,
site_00134,Edged ATL01-1,FracTracker|NAICS,2,4,FracTracker,,FracTracker:frac_row_112,Operating,True,False,GA,Fulton,Atlanta,33.8084,-84.45469,True,Point,Edged,EDGED ENERGY ATLANTA DATA CENTER|Edged ATL01-1|Edged ATL01-2|Edged ATL01-3,,,100|27|42,multi_source,FracTracker:frac_row_112<->NAICS:naics_505:name_supported_500m:278.064m ; FracTracker:frac_row_113<->NAICS:naics_505:name_supported_500m:278.064m ; FracTracker:frac_row_114<->NAICS:naics_505:name_supported_500m:278.064m
site_00135,Green Energy Center,FracTracker,1,1,FracTracker,,FracTracker:frac_row_1140,Proposed,False,True,VA,Surry,Rushmere,37.152023,-76.685074,True,Point,Green Energy Partners,Green Energy Center,,,,single_source_curated,
site_00136,ADP Ladysmith Data Hub,FracTracker,1,1,FracTracker,,FracTracker:frac_row_1141,Proposed,False,True,VA,Caroline,Ruther Glen,38.00433,-77.50445,True,Point,,ADP Ladysmith Data Hub,1600000.0,,,single_source_curated,
site_00137,Airlee Industrial and Data Center Site,FracTracker,1,1,FracTracker,,FracTracker:frac_row_1142,Proposed,False,True,VA,Caroline,Ruther Glen,37.997375,-77.50243,True,Point,,Airlee Industrial and Data Center Site,1500000.0,,,single_source_curated,
site_00138,Carmel Church Data Hub,FracTracker,1,1,FracTracker,,FracTracker:frac_row_1143,Proposed,False,True,VA,Caroline,Ruther Glen,37.939327,-77.477974,True,Point,W & F PARTNERS,Carmel Church Data Hub,1600000.0,,,single_source_curated,
site_00139,Carmel Technology & Enterprise Center,FracTracker,1,1,FracTracker,,FracTracker:frac_row_1144,Proposed,False,True,VA,Caroline,Ruther Glen,37.924026,-77.50552,True,Point,,Carmel Technology & Enterprise Center,5600000.0,,,single_source_curated,
site_00140,Caroline Center for Innovation,FracTracker,1,1,FracTracker,,FracTracker:frac_row_1145,Proposed,False,True,VA,Caroline,Ruther Glen,37.942783,-77.41627,True,Point,,Caroline Center for Innovation,3000000.0,,,single_source_curated,
site_00141,Caroline Center for Innovation - North,FracTracker,1,1,FracTracker,,FracTracker:frac_row_1146,Proposed,False,True,VA,Caroline,Ruther Glen,37.95119,-77.42421,True,Point,,Caroline Center for Innovation - North,1500000.0,,,single_source_curated,
site_00142,CleanArc Data Center (VA1),FracTracker,1,1,FracTracker,,FracTracker:frac_row_1147,Approved/Permitted/Under construction,False,True,VA,Caroline,Ruther Glen,38.01594,-77.4973,True,Point,CleanArc,CleanArc Data Center (VA1),,,300-600,single_source_curated,
site_00143,Thornberry Data Center Campus,FracTracker,1,1,FracTracker,,FracTracker:frac_row_1148,Proposed,False,True,VA,Caroline,Ruther Glen,37.95416,-77.40686,True,Point,,Thornberry Data Center Campus,3300000.0,,,single_source_curated,
site_00144,VALCO Data Center Park,FracTracker,1,1,FracTracker,,FracTracker:frac_row_1149,Proposed,False,True,VA,Caroline,Ruther Glen,37.924103,-77.54387,True,Point,VALCO CAROLINE COUNTY,VALCO Data Center Park,1216000.0,,,single_source_curated,
site_00145,Equinix Atlanta AT1,FracTracker,1,1,FracTracker,,FracTracker:frac_row_115,Operating,True,False,GA,Fulton,Atlanta,33.758602,-84.387856,True,Point,Equinix,Equinix Atlanta AT1,,,4,single_source_curated,
site_00146,VALCO Data Center Park,FracTracker,1,1,FracTracker,,FracTracker:frac_row_1150,Proposed,False,True,VA,Caroline,Ruther Glen,37.93823,-77.54898,True,Point,,VALCO Data Center Park,2500000.0,,,single_source_curated,
site_00147,Valo Park,FracTracker,1,1,FracTracker,,FracTracker:frac_row_1151,Operating,True,False,VA,Fairfax,Ruther Glen,38.932384,-77.21859,True,Point,TAMARES 7950 OWNER LLC,Valo Park,842366.0,,,single_source_curated,
site_00148,Google Data Center,FracTracker,1,1,FracTracker,,FracTracker:frac_row_1152,Proposed,False,True,VA,Roanoke,Salem,37.2685,-80.1678,True,Point,Google,Google Data Center,,,,single_source_curated,
site_00149,Atlantic Crossing,FracTracker,1,1,FracTracker,,FracTracker:frac_row_1155,Proposed,False,True,VA,Henrico,Sandston,37.504288,-77.26043,True,Point,ATLANTIC CROSSING LLC,Atlantic Crossing,,,,single_source_curated,
site_00150,Bank of America Data Center,FracTracker|PNNL,2,2,PNNL,campus,PNNL:campus_00688722307,Operating,True,False,VA,Henrico County,Sandston,37.49580861055279,-77.23828608770066,True,MultiPolygon,Bank of America,Bank of America|Bank of America Data Center,382408.0,2209960.0,,multi_source,FracTracker:frac_row_1156<->PNNL:campus_00688722307:spatial_100m:24.332m
site_00151,Sandston Data Center Campus,FracTracker,1,1,FracTracker,,FracTracker:frac_row_1157,Approved/Permitted/Under construction,False,True,VA,Henrico,Sandston,37.47669,-77.2329,True,Point,,Sandston Data Center Campus,1000000.0,,200,single_source_curated,
site_00152,Meta Henrico Data Center,FracTracker|PNNL,2,7,PNNL,campus,PNNL:campus_00014997588,Expanding|Operating,True,True,VA,Henrico County,Sandston,37.482763284885785,-77.23645509442149,True,MultiPolygon,Meta,6200 TECHNOLOGY BLVD|7301 TECHNOLOGY BLVD|Meta Henrico Data Center|Project Tropical,320459.0,4671056.0,,multi_source,FracTracker:frac_row_1153<->PNNL:building_00762116506:name_supported_500m:244.412m ; FracTracker:frac_row_1153<->PNNL:building_01030970564:name_supported_500m:233.342m ; FracTracker:frac_row_1153<->PNNL:building_01132541700:strong_name_supported_1km:985.006m ; FracTracker:frac_row_1153<->PNNL:campus_00014997588:name_supported_500m:102.355m ; FracTracker:frac_row_1154<->PNNL:building_01030970564:strong_name_supported_1km:731.831m ; FracTracker:frac_row_1154<->PNNL:building_01132541700:spatial_100m:64.01m ; FracTracker:frac_row_1154<->PNNL:campus_00014997588:strong_name_supported_1km:975.976m ; FracTracker:frac_row_1158<->PNNL:building_01030970564:strong_name_supported_1km:918.829m ; FracTracker:frac_row_1158<->PNNL:building_01132541700:strong_name_supported_1km:858.7m
site_00153,QTS Richmond Data Center,FracTracker|PNNL,2,2,PNNL,campus,PNNL:campus_00708155014,Operating,True,False,VA,Henrico County,Sandston,37.48900065235947,-77.24588647315302,True,MultiPolygon,QTS Data Centers|Quality Technology Services,QTS Richmond Data Center|White Oak Tech Park (QTS),769186.0,3801096.0,,multi_source,FracTracker:frac_row_1159<->PNNL:campus_00708155014:spatial_100m:53.427m
site_00154,Equinix Atlanta AT2 AT3,FracTracker,1,1,FracTracker,,FracTracker:frac_row_116,Operating,True,False,GA,Fulton,Atlanta,33.75543,-84.39146,True,Point,Equinix,Equinix Atlanta AT2 AT3,,,1,single_source_curated,
site_00155,Hillcrest Data Center,FracTracker,1,1,FracTracker,,FracTracker:frac_row_1160,Proposed,False,True,VA,Mecklenburg,South Hill,36.70315,-78.12708,True,Point,Microsoft,Hillcrest Data Center,,,,single_source_curated,
site_00156,Microsoft,FracTracker,1,1,FracTracker,,FracTracker:frac_row_1161,Approved/Permitted/Under construction,False,True,VA,Mecklenburg,South Hill,36.70687,-78.1278,True,Point,Microsoft,Microsoft,,,,single_source_curated,
site_00157,South Hill Data Center Campus,FracTracker,1,1,FracTracker,,FracTracker:frac_row_1162,Proposed,False,True,VA,Mecklenburg,South Hill,36.74631,-78.1018,True,Point,Microsoft,South Hill Data Center Campus,,,,single_source_curated,
site_00158,Amazon IAD-61,FracTracker|NAICS|PNNL,3,14,PNNL,building,PNNL:building_00460056017,Expanding|Operating,True,True,VA,Loudoun County,Chantily,38.915805125747426,-77.49198694607598,True,Polygon,Amazon|Amazon Web Services,"AMAZON DATA SERVICES, INC. IAD-61 IAD-63 IAD-65  IAD-86|AWS H&M Property|AWS IAD61-IAD63 South Riding|Amazon IAD-61|Amazon IAD150|Amazon IAD151|Amazon IAD152|Amazon IAD63|Amazon IAD65|Amazon IAD86|Amazon Web Services|Sutton Bay",778426.0,,,multi_source,FracTracker:frac_row_1163<->NAICS:naics_322:strong_name_supported_1km:570.161m ; FracTracker:frac_row_1163<->PNNL:building_00460056017:strong_name_supported_1km:769.524m ; FracTracker:frac_row_1163<->PNNL:building_00544596573:strong_name_supported_1km:762.118m ; FracTracker:frac_row_1163<->PNNL:building_00701931819:strong_name_supported_1km:831.383m ; FracTracker:frac_row_1163<->PNNL:building_00701931820:strong_name_supported_1km:960.471m ; FracTracker:frac_row_1163<->PNNL:building_00989735623:strong_name_supported_1km:758.681m ; FracTracker:frac_row_1163<->PNNL:building_00989735624:strong_name_supported_1km:857.055m ; FracTracker:frac_row_1163<->PNNL:building_01181391920:strong_name_supported_1km:913.77m ; FracTracker:frac_row_1163<->PNNL:building_01252196799:strong_name_supported_1km:688.314m ; FracTracker:frac_row_1163<->PNNL:building_01252196800:strong_name_supported_1km:794.917m ; FracTracker:frac_row_1163<->PNNL:building_01252196826:spatial_100m:48.647m ; FracTracker:frac_row_1165<->PNNL:building_00701931820:spatial_100m:97.152m ; FracTracker:frac_row_1165<->PNNL:building_00989735623:name_supported_500m:124.08m ; FracTracker:frac_row_1165<->PNNL:building_00989735624:spatial_100m:36.086m ; FracTracker:frac_row_1165<->PNNL:building_01252196826:strong_name_supported_1km:851.53m ; FracTracker:frac_row_932<->NAICS:naics_322:name_supported_500m:256.159m ; FracTracker:frac_row_932<->PNNL:building_00460056017:name_supported_500m:189.417m ; FracTracker:frac_row_932<->PNNL:building_00544596573:spatial_100m:48.932m ; FracTracker:frac_row_932<->PNNL:building_01252196799:name_supported_500m:295.293m ; FracTracker:frac_row_932<->PNNL:building_01252196800:name_supported_500m:313.854m ; FracTracker:frac_row_932<->PNNL:building_01252196826:strong_name_supported_1km:855.526m ; NAICS:naics_322<->PNNL:building_00460056017:name_supported_500m:319.039m
site_00159,Firefox Dulles,FracTracker,1,1,FracTracker,,FracTracker:frac_row_1164,Proposed,False,True,VA,Loudoun,South Riding,38.920612,-77.472885,True,Point,Brian Clifford/DLA PIPER LLP (US),Firefox Dulles,641451.0,,,single_source_curated,
site_00160,Gateway Commerce Center,FracTracker,1,1,FracTracker,,FracTracker:frac_row_1166,Proposed,False,True,VA,Spotsylvania,Spotsylvania,38.165024,-77.529495,True,Point,,Gateway Commerce Center,2200000.0,,,single_source_curated,
site_00161,SpotsyTech Campus,FracTracker,1,1,FracTracker,,FracTracker:frac_row_1167,Proposed,False,True,VA,Spotsylvania,Spotsylvania Courthouse,38.159935,-77.51494,True,Point,,SpotsyTech Campus,2900000.0,,800,single_source_curated,
site_00162,AWS Loisdale Station,FracTracker,1,1,FracTracker,,FracTracker:frac_row_1168,Proposed,False,True,VA,Fairfax,Springfield,38.742268,-77.186424,True,Point,Amazon,AWS Loisdale Station,240000.0,,,single_source_curated,
site_00163,VA 95 BUILDING NINE LP,FracTracker|NAICS,2,2,FracTracker,,FracTracker:frac_row_1169,Operating,True,False,VA,Fairfax,Springfield,38.739193,-77.20798,True,Point,VA 95 BUILDING NINE LP,U.S. CUSTOMS AND BORDER PROTECTION|VA 95 BUILDING NINE LP,69832.0,,,multi_source,FracTracker:frac_row_1169<->NAICS:naics_246:spatial_100m:76.054m
site_00164,Equinix Atlanta AT4,FracTracker,1,1,FracTracker,,FracTracker:frac_row_117,Operating,True,False,GA,Cobb,Atlanta,33.895363,-84.453636,True,Point,Equinix,Equinix Atlanta AT4,,,12,single_source_curated,
site_00165,Accokeek Center,FracTracker,1,1,FracTracker,,FracTracker:frac_row_1170,Proposed,False,True,VA,Stafford,Stafford,38.403713,-77.427,True,Point,,Accokeek Center,520000.0,,,single_source_curated,
site_00166,Austin Ridge Logisitics Center,FracTracker,1,1,FracTracker,,FracTracker:frac_row_1171,Proposed,False,True,VA,Stafford,Stafford,38.4145,-77.43574,True,Point,,Austin Ridge Logisitics Center,1600000.0,,,single_source_curated,
site_00167,GWV,FracTracker,1,1,FracTracker,,FracTracker:frac_row_1172,Proposed,False,True,VA,Stafford,Stafford,38.419758,-77.44698,True,Point,,GWV,7900000.0,,,single_source_curated,
site_00168,Old Potomac Church Data Center,FracTracker,1,1,FracTracker,,FracTracker:frac_row_1173,Proposed,False,True,VA,Stafford,Stafford,38.411324,-77.40424,True,Point,,Old Potomac Church Data Center,510000.0,,,single_source_curated,
site_00169,Stack Data Center,FracTracker,1,1,FracTracker,,FracTracker:frac_row_1174,Proposed,False,True,VA,Stafford,Stafford,38.38504,-77.4276,True,Point,,Stack Data Center,,,1100,single_source_curated,
site_00170,Stafford Technology Campus,FracTracker,1,1,FracTracker,,FracTracker:frac_row_1175,Proposed,False,True,VA,Stafford,Stafford,38.38512,-77.43162,True,Point,,Stafford Technology Campus,5500000.0,,"1,000",single_source_curated,
site_00171,108 CARPENTER DRIVE,FracTracker,1,1,FracTracker,,FracTracker:frac_row_1176,Proposed,False,True,VA,Loudoun,STERLING,38.99123,-77.42243,True,Point,,108 CARPENTER DRIVE,52744.0,,,single_source_curated,
site_00172,113 EXECUTIVE DR Prologis,FracTracker,1,1,FracTracker,,FracTracker:frac_row_1177,Proposed,False,True,VA,Loudoun,Sterling,38.99067,-77.44434,True,Point,Prologis,113 EXECUTIVE DR Prologis,750000.0,,,single_source_curated,
site_00173,1501 Moran Road,FracTracker,1,1,FracTracker,,FracTracker:frac_row_1179,Proposed,False,True,VA,Loudoun,Sterling,38.995197,-77.44623,True,Point,EdgeCore Digital/Partners Group,1501 Moran Road,285000.0,,,single_source_curated,
site_00174,Amazon IAD10,FracTracker|NAICS|PNNL,3,23,PNNL,building,PNNL:building_00048242814,Operating|Proposed,True,True,VA,Loudoun County,Sterling,39.0216455535984,-77.43287558139869,True,Polygon,Amazon|Amazon Web Services|BCORE COPT DC-21 LLC|ELECTRIC BUILDING LLC|GI TC 45360 SEVERN WAY LLC,"1304 SQUIRE CT|21641 CHARLES VIEW DR|AMAZON DATA SERVICES, INC. - IAD98|AMAZON DATA SERVICES, INC. - IAD99|AMAZON DATA SERVICES, INC. IAD-116 IAD-117|AMAZON DATA SERVICES, INC.IAD-10, 32, 98, 99, 118, 119, 129|Amazon IAD10|Amazon IAD118|Amazon IAD119|Amazon IAD128|Amazon IAD174|Amazon IAD32|Amazon IAD601|Amazon IAD98|Amazon IAD99|Amazon Web Services IAD116|Amazon Web Services IAD117|Amazon Web Services IAD69|DC 21/IAD 98|GI TC 45360 SEVERN WAY LLC|Loudoun Commerce Center|MARIES TECH PARK LLC|Manekin Plaza",36000.0,,,multi_source,FracTracker:frac_row_1178<->NAICS:naics_480:spatial_100m:89.653m ; FracTracker:frac_row_1178<->PNNL:building_00048242816:spatial_100m:5.307m ; FracTracker:frac_row_1180<->NAICS:naics_160:strong_name_supported_1km:965.206m ; FracTracker:frac_row_1180<->NAICS:naics_480:strong_name_supported_1km:560.991m ; FracTracker:frac_row_1180<->NAICS:naics_481:strong_name_supported_1km:580.769m ; FracTracker:frac_row_1180<->PNNL:building_00048242814:strong_name_supported_1km:714.867m ; FracTracker:frac_row_1180<->PNNL:building_00048242816:strong_name_supported_1km:582.241m ; FracTracker:frac_row_1180<->PNNL:building_00701930920:strong_name_supported_1km:557.958m ; FracTracker:frac_row_1180<->PNNL:building_00701930921:strong_name_supported_1km:503.161m ; FracTracker:frac_row_1180<->PNNL:building_00793087859:spatial_100m:94.465m ; FracTracker:frac_row_1180<->PNNL:building_00852039781:name_supported_500m:118.469m ; FracTracker:frac_row_1180<->PNNL:building_00886028872:name_supported_500m:238.307m ; FracTracker:frac_row_1180<->PNNL:building_01037871048:name_supported_500m:344.135m ; FracTracker:frac_row_1199<->PNNL:building_00701930920:spatial_100m:86.354m ; FracTracker:frac_row_1215<->PNNL:building_00048242814:spatial_100m:4.725m ; FracTracker:frac_row_1224<->NAICS:naics_430:strong_name_supported_1km:580.158m ; FracTracker:frac_row_1224<->PNNL:building_00744496741:strong_name_supported_1km:787.647m ; FracTracker:frac_row_1224<->PNNL:building_00744496750:strong_name_supported_1km:915.771m ; FracTracker:frac_row_1224<->PNNL:point_09092482804:strong_name_supported_1km:526.561m ; FracTracker:frac_row_1225<->NAICS:naics_430:strong_name_supported_1km:750.693m ; FracTracker:frac_row_1225<->PNNL:building_00744496741:strong_name_supported_1km:961.105m ; FracTracker:frac_row_1225<->PNNL:point_09092482804:strong_name_supported_1km:614.81m ; FracTracker:frac_row_1226<->NAICS:naics_160:strong_name_supported_1km:895.521m ; FracTracker:frac_row_1226<->NAICS:naics_430:name_supported_500m:248.794m ; FracTracker:frac_row_1226<->PNNL:building_00744496741:spatial_100m:48.499m ; FracTracker:frac_row_1226<->PNNL:building_00744496750:spatial_100m:89.413m ; FracTracker:frac_row_1226<->PNNL:building_00984953813:strong_name_supported_1km:878.198m ; FracTracker:frac_row_1226<->PNNL:point_09092482804:name_supported_500m:444.1m ; NAICS:naics_430<->PNNL:building_00744496741:name_supported_500m:210.686m ; NAICS:naics_430<->PNNL:building_00744496750:name_supported_500m:335.614m ; NAICS:naics_480<->PNNL:building_00701930920:spatial_100m:74.769m ; NAICS:naics_481<->PNNL:building_00701930921:name_supported_500m:183.935m
site_00175,AWS,FracTracker|NAICS|PNNL,3,45,PNNL,campus,PNNL:campus_01022744244,Operating,True,False,VA,Loudoun County,Dulles,38.98103411725457,-77.41779460624687,True,MultiPolygon,22810-22860 INTERNATIONAL DRIVE LLC|Amazon|Amazon Web Services|C1 NORTHERN VIRGINIA - STERLING IV LLC|CPUS STERLING LP|Centersquare|CyrusOne|DCT DULLES DOWNS LLC|DIGITAL STERLING PREMIER LLC|DULLES NCP II LLC|DULLES NCP LLC|Digital Realty|WATERSIDE I LLC,"22350 KIPPER DR AWS|22370 KIPPER DR AWS|22810-22860 INTERNATIONAL DRIVE LLC|22945 INTERNATIONAL DR AWS|23005 INTERNATIONAL DR|AMAZON DATA SERVICES, INC. IAD-144  IAD-145|AMAZON DATA SERVICES, INC. IAD-51 IAD-56 IAD-88  IAD-89|AWS|Amazon IAD140|Amazon IAD141|Amazon IAD144|Amazon IAD145|Amazon IAD146|Amazon IAD147|Amazon IAD175|Amazon IAD192|Amazon IAD214|Amazon IAD51|Amazon IAD56|Amazon IAD603|Amazon IAD87|Amazon IAD88|Amazon IAD91|Amazon IAD92|Amazon Web Services|CPUS STERLING LP|CYRUSONE NORTHERN VIRGINIA DATA CENTER - SHAW ROAD (74109)|Centersquare IAD2-A|Centersquare IAD2-B|DCT DULLES DOWNS Land Bay A|DCT DULLES DOWNS Land Bay B|DIGITAL STERLING PREMIER|DULLES NCP LLC|Digital Realty IAD55|IAD2 Evoque Cyxtera|IAD214|NV-4 CYRUSONE LLC|Sterling Data Center|WATERSIDE AWS",976046.0,1789925.0,13,multi_source,FracTracker:frac_row_1181<->NAICS:naics_280:strong_name_supported_1km:801.689m ; FracTracker:frac_row_1181<->PNNL:building_00460056019:name_supported_500m:429.116m ; FracTracker:frac_row_1181<->PNNL:building_00460056020:strong_name_supported_1km:533.833m ; FracTracker:frac_row_1181<->PNNL:building_00465062052:strong_name_supported_1km:636.439m ; FracTracker:frac_row_1181<->PNNL:building_00465062053:strong_name_supported_1km:741.865m ; FracTracker:frac_row_1181<->PNNL:building_00794147657:name_supported_500m:187.938m ; FracTracker:frac_row_1181<->PNNL:building_00958662382:spatial_100m:23.103m ; FracTracker:frac_row_1181<->PNNL:building_01188680255:strong_name_supported_1km:621.105m ; FracTracker:frac_row_1181<->PNNL:building_01276518679:strong_name_supported_1km:959.89m ; FracTracker:frac_row_1182<->NAICS:naics_280:strong_name_supported_1km:986.836m ; FracTracker:frac_row_1182<->PNNL:building_00460056019:strong_name_supported_1km:624.945m ; FracTracker:frac_row_1182<->PNNL:building_00460056020:strong_name_supported_1km:724.925m ; FracTracker:frac_row_1182<->PNNL:building_00465062052:strong_name_supported_1km:737.965m ; FracTracker:frac_row_1182<->PNNL:building_00465062053:strong_name_supported_1km:850.084m ; FracTracker:frac_row_1182<->PNNL:building_00794147657:spatial_100m:32.403m ; FracTracker:frac_row_1182<->PNNL:building_00958662382:name_supported_500m:222.177m ; FracTracker:frac_row_1182<->PNNL:building_01188680255:strong_name_supported_1km:835.08m ; FracTracker:frac_row_1184<->NAICS:naics_433:name_supported_500m:314.545m ; FracTracker:frac_row_1184<->PNNL:building_00701929066:spatial_100m:58.448m ; FracTracker:frac_row_1184<->PNNL:building_00744491691:name_supported_500m:251.428m ; FracTracker:frac_row_1184<->PNNL:building_00817338831:strong_name_supported_1km:858.44m ; FracTracker:frac_row_1184<->PNNL:building_00817338832:strong_name_supported_1km:920.744m ; FracTracker:frac_row_1184<->PNNL:building_00954433119:name_supported_500m:310.405m ; FracTracker:frac_row_1184<->PNNL:building_01106454555:strong_name_supported_1km:908.062m ; FracTracker:frac_row_1184<->PNNL:building_01161094246:strong_name_supported_1km:734.894m ; FracTracker:frac_row_1184<->PNNL:building_01177893426:strong_name_supported_1km:703.063m ; FracTracker:frac_row_1184<->PNNL:building_01276518679:strong_name_supported_1km:819.919m ; FracTracker:frac_row_1184<->PNNL:building_01280340213:strong_name_supported_1km:871.339m ; FracTracker:frac_row_1184<->PNNL:campus_01022744244:strong_name_supported_1km:843.305m ; FracTracker:frac_row_1184<->PNNL:campus_01022757169:name_supported_500m:138.546m ; FracTracker:frac_row_1185<->PNNL:building_00954433119:spatial_100m:19.065m ; FracTracker:frac_row_1190<->PNNL:building_00465062052:spatial_100m:61.985m ; FracTracker:frac_row_1190<->PNNL:building_00465062053:spatial_100m:54.427m ; FracTracker:frac_row_1195<->PNNL:building_00701924668:spatial_100m:24.455m ; FracTracker:frac_row_1195<->PNNL:building_00701924669:spatial_100m:96.188m ; FracTracker:frac_row_1195<->PNNL:campus_01022744248:spatial_100m:22.792m ; FracTracker:frac_row_1200<->PNNL:building_00465062052:spatial_100m:73.44m ; FracTracker:frac_row_1200<->PNNL:building_00465062053:spatial_100m:49.118m ; FracTracker:frac_row_1202<->PNNL:building_00460056020:spatial_100m:52.423m ; FracTracker:frac_row_1204<->PNNL:building_01188680255:spatial_100m:55.508m ; FracTracker:frac_row_1204<->PNNL:building_01276518687:name_supported_500m:257.956m ; FracTracker:frac_row_1211<->PNNL:building_00744491691:spatial_100m:25.73m ; FracTracker:frac_row_1219<->NAICS:naics_14:spatial_100m:90.34m ; FracTracker:frac_row_1219<->PNNL:building_00273896089:spatial_100m:30.411m ; FracTracker:frac_row_1219<->PNNL:building_00273896102:spatial_100m:66.782m ; FracTracker:frac_row_1220<->PNNL:building_01276518679:spatial_100m:41.673m ; FracTracker:frac_row_1235<->NAICS:naics_14:spatial_100m:99.194m ; FracTracker:frac_row_1235<->PNNL:building_00273896096:spatial_100m:26.602m ; FracTracker:frac_row_1235<->PNNL:campus_01022757170:spatial_100m:5.859m ; FracTracker:frac_row_965<->PNNL:building_00817338831:spatial_100m:39.901m ; FracTracker:frac_row_965<->PNNL:campus_01022744244:spatial_100m:26.842m ; FracTracker:frac_row_965<->PNNL:campus_01022744248:strong_name_supported_1km:941.599m ; FracTracker:frac_row_965<->PNNL:campus_01022757169:strong_name_supported_1km:698.828m ; NAICS:naics_14<->PNNL:building_00273896089:spatial_100m:86.579m ; NAICS:naics_14<->PNNL:building_00273896096:spatial_100m:84.245m ; NAICS:naics_14<->PNNL:campus_01022757170:spatial_100m:96.203m ; NAICS:naics_366<->PNNL:building_00273896096:name_supported_500m:162.679m ; NAICS:naics_433<->PNNL:building_00273896096:spatial_100m:82.477m ; NAICS:naics_433<->PNNL:building_00701929066:name_supported_500m:356.038m ; NAICS:naics_433<->PNNL:building_00744491691:name_supported_500m:197.914m ; NAICS:naics_433<->PNNL:campus_01022757170:spatial_100m:77.157m
site_00176,22660 Executive Dr Prologis,FracTracker,1,1,FracTracker,,FracTracker:frac_row_1183,Proposed,False,True,VA,Loudoun,Sterling,38.989754,-77.44206,True,Point,Prologis,22660 Executive Dr Prologis,,,,single_source_curated,
site_00177,Centersquare IAD1-B,FracTracker|PNNL,2,2,PNNL,building,PNNL:building_00052094269,Operating,True,False,VA,Loudoun County,Sterling,39.02390730425034,-77.41518975933123,True,Polygon,Centersquare|MEDINA DC 2 ASSETS LLC,45845 NOKES BLVD|Centersquare IAD1-B,79300.0,,,multi_source,FracTracker:frac_row_1186<->PNNL:building_00052094269:spatial_100m:8.053m
site_00178,Arcola Pacific Campus,FracTracker,1,1,FracTracker,,FracTracker:frac_row_1189,Proposed,False,True,VA,Loudoun,STERLING,39.004864,-77.44699,True,Point,PowerHouse Data Centers,Arcola Pacific Campus,1100000.0,,,single_source_curated,
site_00179,CenturyLink,FracTracker|PNNL,2,2,PNNL,building,PNNL:building_00536784688,Operating,True,False,GA,Fulton County,Atlanta,33.76514415943699,-84.38373631254974,True,Polygon,H5 Data Centers,CenturyLink|H5 Atlanta,110000.0,,8,multi_source,FracTracker:frac_row_119<->PNNL:building_00536784688:spatial_100m:7.195m
site_00180,AWS: IAD58,FracTracker|PNNL,2,5,PNNL,campus,PNNL:campus_00460056018,Operating,True,False,VA,Loudoun County,Sterling,38.9865020849492,-77.44219586774605,True,MultiPolygon,Amazon Web Services,AWS: IAD58|Amazon IAD57|Amazon IAD58|IAD57 Data Center,251091.0,709715.0,,multi_source,FracTracker:frac_row_1191<->PNNL:building_00697020850:spatial_100m:5.816m ; FracTracker:frac_row_1191<->PNNL:campus_00460056018:spatial_100m:69.554m ; FracTracker:frac_row_1192<->PNNL:building_00697020849:spatial_100m:7.611m ; FracTracker:frac_row_1192<->PNNL:campus_00460056018:spatial_100m:31.886m
site_00181,"CyrusOne NVA1, NVA2 & NVA3",FracTracker|NAICS|PNNL,3,4,PNNL,building,PNNL:building_00435324552,Operating,True,False,VA,Loudoun County,Sterling,39.02594651093395,-77.41452291234779,True,Polygon,CyrusOne,"C1 NORTHERN VA - STERLING I-III|CYRUSONE LOUDOUN TECH CENTER|CyrusOne NVA1, NVA2 & NVA3|CyrusOne NVA8",420000.0,,48,multi_source,FracTracker:frac_row_1193<->NAICS:naics_294:name_supported_500m:185.161m ; NAICS:naics_294<->PNNL:building_00435324552:name_supported_500m:172.305m ; NAICS:naics_294<->PNNL:building_00701930919:name_supported_500m:379.147m
site_00182,CORSCALE VA2 BLDG 1,FracTracker,1,1,FracTracker,,FracTracker:frac_row_1194,Proposed,False,True,VA,Loudoun,Sterling,39.03804,-77.433716,True,Point,,CORSCALE VA2 BLDG 1,460000.0,,,single_source_curated,
site_00183,Centersquare IAD1-C,FracTracker|PNNL,2,2,PNNL,building,PNNL:building_00052094294,Operating,True,False,VA,Loudoun County,Sterling,39.02475554990798,-77.41220365945969,True,Polygon,Centersquare|MEDINA DC 2 ASSETS LLC,CYXTERA COLOCATION|Centersquare IAD1-C,135500.0,,,multi_source,FracTracker:frac_row_1196<->PNNL:building_00052094294:spatial_100m:12.711m
site_00184,CYXTERA DC2 COLOCATION,FracTracker,1,1,FracTracker,,FracTracker:frac_row_1197,Operating,True,False,VA,Loudoun,Sterling,39.023247,-77.413185,True,Point,MEDINA DC 2 ASSETS LLC,CYXTERA DC2 COLOCATION,89072.0,,,single_source_curated,
site_00185,Amazon IAD15,FracTracker|PNNL,2,2,PNNL,building,PNNL:building_00460056024,Operating,True,False,VA,Loudoun County,Sterling,38.991692895450356,-77.44857953268574,True,Polygon,Amazon Web Services|DCT DULLES PHASE II LLC,Amazon IAD15|DATA CENTER BUILDING C,103000.0,,,multi_source,FracTracker:frac_row_1198<->PNNL:building_00460056024:spatial_100m:3.696m
site_00186,Groot LLC/ Google,FracTracker,1,1,FracTracker,,FracTracker:frac_row_12,Approved/Permitted/Under construction,False,True,AR,Crittenden,West Memphis/Proctor,35.11835,-90.2123,True,Point,Google,Groot LLC/ Google,,,,single_source_curated,
site_00187,Intero Systems,FracTracker,1,1,FracTracker,,FracTracker:frac_row_120,Operating,True,False,GA,Fulton,Atlanta,33.61318,-84.44704,True,Point,Intero Systems,Intero Systems,,,,single_source_curated,
site_00188,DCT DULLES DOWNS Land Bay B,FracTracker,1,1,FracTracker,,FracTracker:frac_row_1201,Proposed,False,True,VA,Loudoun,Sterling,38.98938,-77.43785,True,Point,DCT DULLES DOWNS LLC,DCT DULLES DOWNS Land Bay B,670953.0,,,single_source_curated,
site_00189,DCT DULLES PHASE II,FracTracker,1,1,FracTracker,,FracTracker:frac_row_1203,Operating,True,False,VA,Loudoun,Sterling,38.988132,-77.450516,True,Point,DCT DULLES PHASE II LLC,DCT DULLES PHASE II,75800.0,,,single_source_curated,
site_00190,Dulles 2000 Redevelopment,FracTracker,1,1,FracTracker,,FracTracker:frac_row_1205,Proposed,False,True,VA,Loudoun,Sterling,38.975124,-77.42687,True,Point,BCG JV Sterling LLC; Phil Tager,Dulles 2000 Redevelopment,530550.0,,,single_source_curated,
site_00191,Dulles 28 Technology Park,FracTracker,1,1,FracTracker,,FracTracker:frac_row_1206,Proposed,False,True,VA,Loudoun,Sterling,39.0084,-77.44291,True,Point,BlackChamber Group,Dulles 28 Technology Park,685000.0,,,single_source_curated,
site_00192,Dulles Commerce,FracTracker,1,1,FracTracker,,FracTracker:frac_row_1207,Expanding,False,True,VA,Loudoun,Sterling,38.961967,-77.49829,True,Point,PROLOGIS-EXCHANGE 43461 OLD OX ROAD LLC,Dulles Commerce,441175.0,,,single_source_curated,
site_00193,DULLES DISTRIBUTION Landbay A,FracTracker,1,1,FracTracker,,FracTracker:frac_row_1208,Proposed,False,True,VA,Loudoun,STERLING,38.980274,-77.441475,True,Point,,DULLES DISTRIBUTION Landbay A,305000.0,,,single_source_curated,
site_00194,DULLES DISTRIBUTION Landbay B,FracTracker,1,1,FracTracker,,FracTracker:frac_row_1209,Proposed,False,True,VA,Loudoun,STERLING,38.978138,-77.4419,True,Point,,DULLES DISTRIBUTION Landbay B,660000.0,,,single_source_curated,
site_00195,Lumen Atlanta 2,FracTracker,1,1,FracTracker,,FracTracker:frac_row_121,Operating,True,False,GA,Fulton,Atlanta,33.758602,-84.387856,True,Point,Lumen,Lumen Atlanta 2,,,,single_source_curated,
site_00196,Dulles Electric Data Centers,FracTracker,1,1,FracTracker,,FracTracker:frac_row_1210,Proposed,False,True,VA,Loudoun,STERLING,38.99133,-77.42659,True,Point,,Dulles Electric Data Centers,371732.0,,,single_source_curated,
site_00197,DULLES NORTH CORPORATE PARK 8,FracTracker,1,1,FracTracker,,FracTracker:frac_row_1212,Proposed,False,True,VA,Loudoun,Sterling,38.995342,-77.432556,True,Point,John Collich/BF SAUL REAL ESTATE INVESTMENT,DULLES NORTH CORPORATE PARK 8,262000.0,,,single_source_curated,
site_00198,Dulles Trade Center West,FracTracker,1,1,FracTracker,,FracTracker:frac_row_1213,Proposed,False,True,VA,Loudoun,Sterling,38.95402,-77.52864,True,Point,10 Trade West Drive LLC/Charles S Kuhn Manager,Dulles Trade Center West,386800.0,,,single_source_curated,
site_00199,GLENN DRIVE NORTH & SOUTH,FracTracker,1,1,FracTracker,,FracTracker:frac_row_1216,Proposed,False,True,VA,Loudoun,STERLING,38.988274,-77.416306,True,Point,,GLENN DRIVE NORTH & SOUTH,1668261.0,,,single_source_curated,
site_00200,HORSESHOE DRIVE,FracTracker,1,1,FracTracker,,FracTracker:frac_row_1217,Proposed,False,True,VA,Loudoun,Sterling,39.026024,-77.411606,True,Point,,HORSESHOE DRIVE,481220.0,,,single_source_curated,
site_00201,Aligned IAD03,FracTracker|PNNL,2,3,PNNL,building,PNNL:building_01276518684,Operating,True,False,VA,Loudoun County,Sterling,38.988620947417836,-77.4407518987356,True,Polygon,Aligned|Aligned Data Centers|Vantage Data Centers VA2 LLC; Ryan Dorsett,Aligned IAD03|Aligned: IAD03|IAD03,430000.0,,72,multi_source,FracTracker:frac_row_1187<->PNNL:building_01276518684:spatial_100m:13.933m ; FracTracker:frac_row_1218<->PNNL:building_01276518684:strong_name_supported_1km:757.751m
site_00202,Lumen Atlanta 5,FracTracker,1,1,FracTracker,,FracTracker:frac_row_122,Operating,True,False,GA,Fulton,Atlanta,33.728493,-84.41872,True,Point,Lumen,Lumen Atlanta 5,2400.0,,0-.4,single_source_curated,
site_00203,Centersquare IAD3,FracTracker|NAICS|PNNL,3,3,PNNL,building,PNNL:building_00273895868,Operating,True,False,VA,Loudoun County,Sterling,38.98092474637894,-77.44424695215189,True,Polygon,22995 WILDER COURT LLC|Centersquare,22995 WILDER COURT LLC|Centersquare IAD3|IAD3 Evoque Cyxtera,130400.0,,,multi_source,FracTracker:frac_row_1221<->NAICS:naics_65:name_supported_500m:119.073m ; FracTracker:frac_row_1221<->PNNL:building_00273895868:spatial_100m:16.977m
site_00204,Amazon IAD76,FracTracker|PNNL,2,2,PNNL,building,PNNL:building_00299927846,Operating,True,False,VA,Loudoun County,Sterling,38.993785281689334,-77.45050945562221,True,Polygon,Amazon Web Services|FR RANDOLPH DRIVE LLC,Amazon IAD76|IAD76,138900.0,,,multi_source,FracTracker:frac_row_1222<->PNNL:building_00299927846:spatial_100m:38.762m
site_00205,JK TECHNOLOGY PARK #3,FracTracker,1,1,FracTracker,,FracTracker:frac_row_1223,Proposed,False,True,VA,Loudoun,Sterling,38.945557,-77.54126,True,Point,,JK TECHNOLOGY PARK #3,184080.0,,,single_source_curated,
site_00206,ME-DC Pacific,FracTracker,1,1,FracTracker,,FracTracker:frac_row_1227,Proposed,False,True,VA,Loudoun,Sterling,38.999855,-77.445175,True,Point,,ME-DC Pacific,589400.0,,,single_source_curated,
site_00207,MECP 1 ASHBURN 2 LLC,FracTracker,1,1,FracTracker,,FracTracker:frac_row_1228,Proposed,False,True,VA,Loudoun,Sterling,39.02199,-77.415115,True,Point,EdgeCore Digital/Partners Group,MECP 1 ASHBURN 2 LLC,348000.0,,,single_source_curated,
site_00208,MECP1 ASHBURN 1 LLC,FracTracker,1,1,FracTracker,,FracTracker:frac_row_1229,Operating,True,False,VA,Loudoun,Sterling,39.028484,-77.42769,True,Point,,MECP1 ASHBURN 1 LLC,258716.0,,,single_source_curated,
site_00209,Lumen Atlanta 6,FracTracker,1,1,FracTracker,,FracTracker:frac_row_123,Operating,True,False,GA,Fulton,Atlanta,33.75479,-84.358734,True,Point,Lumen,Lumen Atlanta 6,,,,single_source_curated,
site_00210,MECP2 ASHBURN 2 LLC,FracTracker,1,1,FracTracker,,FracTracker:frac_row_1230,Operating,True,False,VA,Loudoun,Sterling,39.03041,-77.429016,True,Point,,MECP2 ASHBURN 2 LLC,258716.0,,,single_source_curated,
site_00211,MECP3 ASHBURN 3 LLC,FracTracker,1,1,FracTracker,,FracTracker:frac_row_1231,Operating,True,False,VA,Loudoun,Sterling,39.03235,-77.42991,True,Point,,MECP3 ASHBURN 3 LLC,258716.0,,,single_source_curated,
site_00212,MERCURE BUSINESS PARK LOT 22,FracTracker,1,1,FracTracker,,FracTracker:frac_row_1232,Proposed,False,True,VA,Loudoun,STERLING,38.98593,-77.478325,True,Point,,MERCURE BUSINESS PARK LOT 22,95658.0,,,single_source_curated,
site_00213,MERCURE BUSINESS PARK LOT 4A1B,FracTracker,1,1,FracTracker,,FracTracker:frac_row_1233,Proposed,False,True,VA,Loudoun,STERLING,38.98479,-77.48216,True,Point,,MERCURE BUSINESS PARK LOT 4A1B,101579.0,,,single_source_curated,
site_00214,MERCURE BUSINESS PARK LOTS 19 AND 20,FracTracker,1,1,FracTracker,,FracTracker:frac_row_1234,Proposed,False,True,VA,Loudoun,STERLING,38.985,-77.47932,True,Point,,MERCURE BUSINESS PARK LOTS 19 AND 20,178648.0,,,single_source_curated,
site_00215,NV-8 CYRUSONE,FracTracker,1,1,FracTracker,,FracTracker:frac_row_1236,Operating,True,False,VA,Loudoun,Sterling,39.021248,-77.41337,True,Point,C1 NORTHERN VIRGINIA - STERLING VIII LLC,NV-8 CYRUSONE,154100.0,,,single_source_curated,
site_00216,NV-9 CYRUSONE,FracTracker,1,1,FracTracker,,FracTracker:frac_row_1237,Expanding,False,True,VA,Loudoun,Sterling,38.958664,-77.50507,True,Point,C1 NORTHERN VIRGINIA - STERLING IX LLC,NV-9 CYRUSONE,525482.0,,135,single_source_curated,
site_00217,STACK NVA01A - Northern Virginia,FracTracker|PNNL,2,2,PNNL,building,PNNL:building_00059294476,Operating,True,False,VA,Loudoun County,Sterling,39.00469915120877,-77.44176406797281,True,Polygon,"SI NVA01, LLC|Stack Infrastructure",NVA01 STACK INFRASTRUCTURE|STACK NVA01A - Northern Virginia,180000.0,,,multi_source,FracTracker:frac_row_1238<->PNNL:building_00059294476:spatial_100m:25.486m
site_00218,Paragon Park Lot 3B,FracTracker,1,1,FracTracker,,FracTracker:frac_row_1239,Proposed,False,True,VA,Loudoun,Sterling,39.01517,-77.43475,True,Point,BlackChamber Group,Paragon Park Lot 3B,405611.0,,,single_source_curated,
site_00219,Lumen Doraville 1,FracTracker,1,1,FracTracker,,FracTracker:frac_row_124,Operating,True,False,GA,Gwinnett,Atlanta,33.90809,-84.236206,True,Point,Lumen,Lumen Doraville 1,,,,single_source_curated,
site_00220,Prologis NOVA 1,FracTracker,1,1,FracTracker,,FracTracker:frac_row_1240,Expanding,False,True,VA,Loudoun,Sterling,38.98944,-77.44955,True,Point,Prologis,Prologis NOVA 1,500000.0,,,single_source_curated,
site_00221,PROLOGIS PARK GATEWAY II,FracTracker,1,1,FracTracker,,FracTracker:frac_row_1241,Proposed,False,True,VA,Loudoun,Sterling,38.98795,-77.43817,True,Point,Prologis,PROLOGIS PARK GATEWAY II,294000.0,,,single_source_curated,
site_00222,PROLOGIS-EXCHANGE 43461 OLD OX ROAD,FracTracker,1,1,FracTracker,,FracTracker:frac_row_1242,Expanding,False,True,VA,Loudoun,Sterling,38.95745,-77.49768,True,Point,PROLOGIS-EXCHANGE 43461 OLD OX ROAD LLC,PROLOGIS-EXCHANGE 43461 OLD OX ROAD,474570.0,,,single_source_curated,
site_00223,PROLOGIS-EXCHANGE 43461 OLD OX ROAD,FracTracker,1,1,FracTracker,,FracTracker:frac_row_1243,Expanding,False,True,VA,Loudoun,Sterling,38.95321,-77.49552,True,Point,,PROLOGIS-EXCHANGE 43461 OLD OX ROAD,2023449.0,,,single_source_curated,
site_00224,QTS Ashburn 1,FracTracker|PNNL,2,10,PNNL,campus,PNNL:campus_00696985482,Operating,True,False,VA,Loudoun County,Sterling,38.99945874398648,-77.4498761385079,True,MultiPolygon,ASHBURN ACQUISITION CO II LLC|QTS DULLES LLC|QTS Data Centers|QTS INVESTMENT PROPERTIES ASHBURN LLC|Quality Technology Services,QTS Ashburn 1|QTS Ashburn Lockridge|QTS Ashburn-Moran|QTS BRODERICK ACQUISITION CO LLC|QTS Lockridge ASH2 Quality Tech Lane DC1|QTS Lockridge ASH2 Quality Tech Lane DC2,65058.0,402308.0,,multi_source,FracTracker:frac_row_1244<->PNNL:building_00299946152:spatial_100m:28.491m ; FracTracker:frac_row_1244<->PNNL:building_00460175664:spatial_100m:26.404m ; FracTracker:frac_row_1244<->PNNL:building_00701923200:strong_name_supported_1km:592.812m ; FracTracker:frac_row_1244<->PNNL:building_01188680253:strong_name_supported_1km:612.63m ; FracTracker:frac_row_1244<->PNNL:building_01188680254:strong_name_supported_1km:755.191m ; FracTracker:frac_row_1245<->PNNL:building_00299946152:strong_name_supported_1km:526.99m ; FracTracker:frac_row_1245<->PNNL:building_00701923200:spatial_100m:55.074m ; FracTracker:frac_row_1245<->PNNL:building_01188680253:strong_name_supported_1km:623.143m ; FracTracker:frac_row_1245<->PNNL:building_01188680254:strong_name_supported_1km:747.929m ; FracTracker:frac_row_1245<->PNNL:campus_00696985482:spatial_100m:40.051m ; FracTracker:frac_row_1246<->PNNL:building_00299946152:strong_name_supported_1km:644.028m ; FracTracker:frac_row_1246<->PNNL:building_01188680253:spatial_100m:23.299m ; FracTracker:frac_row_1247<->PNNL:building_00299946152:strong_name_supported_1km:779.282m ; FracTracker:frac_row_1247<->PNNL:building_01188680253:name_supported_500m:149.64m ; FracTracker:frac_row_1247<->PNNL:building_01188680254:spatial_100m:26.562m
site_00225,RIDGETOP CENTER,FracTracker,1,1,FracTracker,,FracTracker:frac_row_1248,Proposed,False,True,VA,Loudoun,Sterling,39.024727,-77.409904,True,Point,,RIDGETOP CENTER,268339.0,,,single_source_curated,
site_00226,SHAW ROAD BUSINESS PARK,FracTracker,1,1,FracTracker,,FracTracker:frac_row_1249,Proposed,False,True,VA,Loudoun,Sterling,38.98132,-77.42225,True,Point,,SHAW ROAD BUSINESS PARK,,,,single_source_curated,
site_00227,Marrietta Data Center,FracTracker,1,1,FracTracker,,FracTracker:frac_row_125,Operating,True,False,GA,Cobb,Atlanta,33.884117,-84.47229,True,Point,Coloblox,Marrietta Data Center,,,,single_source_curated,
site_00228,"STERLING VI, V",FracTracker,1,1,FracTracker,,FracTracker:frac_row_1250,Operating,True,False,VA,Loudoun,Sterling,39.02435,-77.434105,True,Point,,"STERLING VI, V",1178308.0,,,single_source_curated,
site_00229,Thayer Road,FracTracker,1,1,FracTracker,,FracTracker:frac_row_1251,Proposed,False,True,VA,Loudoun,Sterling,39.026966,-77.42448,True,Point,,Thayer Road,305593.0,,,single_source_curated,
site_00230,VA 16,FracTracker,1,1,FracTracker,,FracTracker:frac_row_1252,Operating,True,False,VA,Loudoun,STERLING,38.99909,-77.44114,True,Point,,VA 16,255935.0,,,single_source_curated,
site_00231,Vantage VA11,FracTracker|PNNL,2,6,PNNL,building,PNNL:building_00701924665,Operating,True,False,VA,Loudoun County,Sterling,39.00239460734178,-77.43766056847713,True,Polygon,VANTAGE DATA CENTERS VA11 LLC|VANTAGE DATA CENTERS VA12 LLC|VANTAGE DATA CENTERS VA2 LLC|Vantage Data Centers,VANTAGE DATA CENTERS VA11|VANTAGE DATA CENTERS VA12|Vantage V2 Campus 22318 Glenn Drive|Vantage VA11|Vantage VA12|Vantage VA2,253352.0,,,multi_source,FracTracker:frac_row_1253<->PNNL:building_00701924665:spatial_100m:38.024m ; FracTracker:frac_row_1254<->PNNL:building_00985207884:name_supported_500m:225.375m ; FracTracker:frac_row_1255<->PNNL:building_00701924665:strong_name_supported_1km:810.159m ; FracTracker:frac_row_1255<->PNNL:building_00985207884:strong_name_supported_1km:799.456m ; FracTracker:frac_row_1255<->PNNL:building_01344901575:spatial_100m:5.71m
site_00232,VERISIGN INC,FracTracker,1,1,FracTracker,,FracTracker:frac_row_1256,Operating,True,False,VA,Loudoun,Sterling,38.997738,-77.44368,True,Point,VERISIGN INC,VERISIGN INC,64300.0,,,single_source_curated,
site_00233,Digital Realty Northern Virginia IAD44,FracTracker|PNNL,2,3,PNNL,building,PNNL:building_01317733642,Operating|Proposed,True,True,VA,Loudoun County,Dulles,38.96085555401278,-77.49143162866764,True,Polygon,Digital Realty,Digital Realty Northern Virginia IAD44|IAD44|Western Lands,784204.0,,,multi_source,FracTracker:frac_row_1257<->PNNL:building_01317733642:strong_name_supported_1km:744.055m ; FracTracker:frac_row_962<->PNNL:building_01317733642:spatial_100m:85.986m
site_00234,Marvell Developments,FracTracker,1,1,FracTracker,,FracTracker:frac_row_1258,Proposed,False,True,VA,Culpeper,Stevensburg,38.435802,-77.87576,True,Point,Amazon,Marvell Developments,445000.0,,,single_source_curated,
site_00235,Microsoft Data Center,FracTracker|PNNL,2,7,PNNL,campus,PNNL:campus_00897226569,Operating|Proposed,True,True,VA,Loudoun County,Aldie,38.949312045394976,-77.5594854254625,True,MultiPolygon,Amazon|Amazon Web Services|Microsoft,24244 QUAIL RIDGE LN|42139 REEDS FARM LN|Amazon IAD124|Amazon IAD125|IAD11|Microsoft Data Center|Microsoft IAD11,412400.0,1575278.0,,multi_source,FracTracker:frac_row_1259<->PNNL:building_00897226574:strong_name_supported_1km:983.074m ; FracTracker:frac_row_1260<->PNNL:building_01124864831:spatial_100m:46.746m ; FracTracker:frac_row_1260<->PNNL:campus_00897226569:name_supported_500m:375.176m ; FracTracker:frac_row_828<->PNNL:building_00897226574:name_supported_500m:108.103m ; FracTracker:frac_row_828<->PNNL:building_00897226575:spatial_100m:94.779m ; FracTracker:frac_row_828<->PNNL:campus_00897226569:spatial_100m:86.257m
site_00236,Microsoft: Project Fulton,FracTracker,1,1,FracTracker,,FracTracker:frac_row_126,Proposed,False,True,GA,Fulton,Atlanta,33.64121,-84.5167,True,Point,Microsoft,Microsoft: Project Fulton,250000.0,,,single_source_curated,
site_00237,Quail Ridge C - D,FracTracker|PNNL,2,2,PNNL,building,PNNL:building_01301654223,Operating,True,False,VA,Loudoun County,Stone Ridge,38.94801698707017,-77.55898682593282,True,Polygon,,Quail Ridge C - D,505200.0,,,multi_source,FracTracker:frac_row_1261<->PNNL:building_01301654223:spatial_100m:43.668m
site_00238,Google Data Center,FracTracker,1,1,FracTracker,,FracTracker:frac_row_1262,Proposed,False,True,VA,Botetourt,Troutville (Botetourt County),37.44555,-79.9223,True,Point,Google,Google Data Center,900000.0,,,single_source_curated,
site_00239,Equinix DC7,FracTracker|NAICS|PNNL,3,3,PNNL,building,PNNL:building_00368724474,Expanding,True,True,VA,Fairfax County,Vienna,38.90913922220713,-77.22055679495352,True,Polygon,Equinix,"Equinix DC7|TYSONS ENTERPRISE WEST, LLC|Tysons Enterprise West",202500.0,,,multi_source,FracTracker:frac_row_1264<->NAICS:naics_550:spatial_100m:59.408m ; FracTracker:frac_row_1264<->PNNL:building_00368724474:spatial_100m:15.922m ; NAICS:naics_550<->PNNL:building_00368724474:spatial_100m:68.768m
site_00240,Globalinx Virginia Beach,FracTracker,1,1,FracTracker,,FracTracker:frac_row_1265,Operating,True,False,VA,Virginia Beach,Virginia Beach,36.783707,-76.00894,True,Point,LANDING 888 LLC,Globalinx Virginia Beach,9712.0,,,single_source_curated,
site_00241,Telxius Cable Landing Station Virginia Beach,FracTracker,1,1,FracTracker,,FracTracker:frac_row_1266,Expanding,False,True,VA,Virginia Beach,Virginia Beach,36.777546,-76.00713,True,Point,Telxius,Telxius Cable Landing Station Virginia Beach,10750.0,,,single_source_curated,
site_00242,OVH US East Vint Hill,FracTracker|PNNL,2,2,PNNL,building,PNNL:building_00225745958,Expanding,True,True,VA,Fauquier County,Warrenton,38.747444697578814,-77.67445377449387,True,Polygon,DATA CENTER VINT HILL LLC,DATA CENTER VINT HILL|OVH US East Vint Hill,84199.0,,,multi_source,FracTracker:frac_row_1267<->PNNL:building_00225745958:spatial_100m:17.394m
site_00243,Maple Tree Farm,FracTracker,1,1,FracTracker,,FracTracker:frac_row_1268,Proposed,False,True,VA,Fauquier,Warrenton,38.691586,-77.77973,True,Point,,Maple Tree Farm,,,,single_source_curated,
site_00244,Vint Hill Corners,FracTracker,1,1,FracTracker,,FracTracker:frac_row_1269,Proposed,False,True,VA,Fauquier,WARRENTON,38.744583,-77.68534,True,Point,Vint Hill Corners LLC,Vint Hill Corners,360000.0,,,single_source_curated,
site_00245,Southern Telecom Atlanta,FracTracker,1,1,FracTracker,,FracTracker:frac_row_127,Operating,True,False,GA,Fulton,Atlanta,33.762527,-84.387886,True,Point,Southern Telecom,Southern Telecom Atlanta,,,0-1,single_source_curated,
site_00246,Vint Hill Technology Campus (CyrusOne),FracTracker,1,1,FracTracker,,FracTracker:frac_row_1270,Proposed,False,True,VA,Fauquier,Warrenton,38.75228,-77.67349,True,Point,C1 Vint Hill LLC,Vint Hill Technology Campus (CyrusOne),981000.0,,,single_source_curated,
site_00247,DP Facilities: Mineral Gap,FracTracker,1,1,FracTracker,,FracTracker:frac_row_1271,Expanding,False,True,VA,Wise,Wise,36.978065,-82.52703,True,Point,DP FACILITIES INC SOUTH LLC,DP Facilities: Mineral Gap,65000.0,,,single_source_curated,
site_00248,Amazon Data Service: Orrock Rd,FracTracker,1,1,FracTracker,,FracTracker:frac_row_1272,Proposed,False,True,VA,Spotsylvania,Woodford,38.121346,-77.50528,True,Point,Amazon,Amazon Data Service: Orrock Rd,4500000.0,,,single_source_curated,
site_00249,Mattameade Tech Campus,FracTracker,1,1,FracTracker,,FracTracker:frac_row_1273,Proposed,False,True,VA,Caroline,Woodford,38.114647,-77.49115,True,Point,Amazon,Mattameade Tech Campus,4500000.0,,,single_source_curated,
site_00250,Mattameade Tech Campus,FracTracker,1,1,FracTracker,,FracTracker:frac_row_1274,Proposed,False,True,VA,Spotsylvania,Woodford,38.12168,-77.504196,True,Point,Amazon,Mattameade Tech Campus,,,,single_source_curated,
site_00251,Intergate Columbia,FracTracker|PNNL,2,5,PNNL,campus,PNNL:campus_00460167190,Operating,True,False,WA,Douglas County,East Wenatchee,47.40758787947685,-120.19173054919484,True,MultiPolygon,Sabey Data Centers,Intergate Columbia|Intergate Columbia A|Intergate Columbia B|Intergate Columbia D|Sabey Data Centers - Columbia,192887.0,2771098.0,,multi_source,FracTracker:frac_row_1275<->PNNL:building_00460167186:spatial_100m:63.328m ; FracTracker:frac_row_1275<->PNNL:building_00460167187:name_supported_500m:282.627m ; FracTracker:frac_row_1275<->PNNL:building_01071774674:name_supported_500m:362.823m ; FracTracker:frac_row_1275<->PNNL:campus_00460167190:name_supported_500m:372.368m
site_00252,Equinix Data Center,FracTracker,1,1,FracTracker,,FracTracker:frac_row_1276,Operating,True,False,WA,King,Kent,47.42195,-122.247,True,Point,,Equinix Data Center,,,,single_source_curated,
site_00253,TierPoint,FracTracker|PNNL,2,2,PNNL,building,PNNL:building_00335468616,Operating,True,False,WA,Spokane County,Liberty Lake,47.671916867147694,-117.09593477622663,True,Polygon,,TierPoint|TierPoint - Spokane Data Center (SPO03),14435.0,,,multi_source,FracTracker:frac_row_1277<->PNNL:building_00335468616:spatial_100m:15.504m
site_00254,Centersquare Lynnwood SE1,FracTracker|PNNL,2,2,PNNL,building,PNNL:building_00396296733,Operating,True,False,WA,Snohomish County,Lynnwood,47.84181079877673,-122.30169031041981,True,Polygon,Centersquare,Centersquare Lynnwood SE1|Centersquare Seattle Data Center (Lynnwood),104460.0,,,multi_source,FracTracker:frac_row_1278<->PNNL:building_00396296733:spatial_100m:29.334m
site_00255,Digital Fortress Lynnwood,FracTracker|PNNL,2,2,PNNL,building,PNNL:building_00589360530,Operating,True,False,WA,Snohomish County,Lynnwood,47.822425185435094,-122.28956096659816,True,Polygon,,Digital Fortress Data Center|Digital Fortress Lynnwood,24944.0,,,multi_source,FracTracker:frac_row_1279<->PNNL:building_00589360530:spatial_100m:49.627m
site_00256,Spring Street,FracTracker,1,1,FracTracker,,FracTracker:frac_row_128,Operating,True,False,GA,Fulton,Atlanta,33.78344,-84.38862,True,Point,Sunguard,Spring Street,,,,single_source_curated,
site_00257,EAT14,FracTracker|PNNL,2,2,PNNL,building,PNNL:building_01173822721,Operating,True,False,WA,Chelan County,Malaga,47.35949692084332,-120.16009077106149,True,Polygon,Microsoft,EAT14|Microsoft,241836.0,,,multi_source,FracTracker:frac_row_1280<->PNNL:building_01173822721:spatial_100m:93.781m
site_00258,Bitfarm Bitcoin Washington,FracTracker,1,1,FracTracker,,FracTracker:frac_row_1281,Operating,True,False,WA,Grant,Moses Lake,47.19689,-119.293205,True,Point,,Bitfarm Bitcoin Washington,,,18,single_source_curated,
site_00259,State Data Center,FracTracker,1,1,FracTracker,,FracTracker:frac_row_1282,Operating,True,False,WA,Thurston,Olympia,47.03483,-122.895,True,Point,,State Data Center,,,,single_source_curated,
site_00260,North Olympic Peninsula Data Centers,FracTracker,1,1,FracTracker,,FracTracker:frac_row_1283,Operating,True,False,WA,Jefferson,Port Hadlock-Irondale,48.04007,-122.785,True,Point,,North Olympic Peninsula Data Centers,,,,single_source_curated,
site_00261,CyrusOne Quincy,FracTracker|PNNL,2,4,PNNL,campus,PNNL:campus_00640148472,Operating,True,False,WA,Grant County,Quincy,47.243696120678365,-119.86960399091235,True,MultiPolygon,CyrusOne|NTT,CyrusOne Quincy|NTT Data Quincy,99760.0,1779563.0,,multi_source,FracTracker:frac_row_1284<->PNNL:building_00337127824:name_supported_500m:328.393m ; FracTracker:frac_row_1284<->PNNL:building_01343761104:spatial_100m:77.944m ; FracTracker:frac_row_1284<->PNNL:campus_00640148472:spatial_100m:38.315m
site_00262,H5 Data Center,FracTracker|PNNL,2,3,PNNL,campus,PNNL:campus_00283051474,Operating,True,False,WA,Grant County,Quincy,47.251411489874954,-119.8187531190913,True,MultiPolygon,H5 Data Centers|Intuit,H5 Data Center,452300.0,2700606.0,82,multi_source,FracTracker:frac_row_1285<->PNNL:building_00499403699:spatial_100m:52.76m ; FracTracker:frac_row_1285<->PNNL:campus_00283051474:strong_name_supported_1km:607.384m
site_00263,Vantage WA11,FracTracker|PNNL,2,4,PNNL,building,PNNL:building_00337127817,Operating,True,False,WA,Grant County,Quincy,47.25016454994511,-119.81449029306091,True,Polygon,,Vantage Data Center|Vantage WA11|Vantage WA12|Vantage WA13,147430.0,,,multi_source,FracTracker:frac_row_1286<->PNNL:building_00337127817:spatial_100m:48.812m ; FracTracker:frac_row_1286<->PNNL:building_00694602725:name_supported_500m:450.117m ; FracTracker:frac_row_1286<->PNNL:building_01343760339:name_supported_500m:294.141m
site_00264,Atlas Agro,FracTracker,1,1,FracTracker,,FracTracker:frac_row_1287,Proposed,False,True,WA,Benton,Richland,46.355118,-119.3108,True,Point,,Atlas Agro,2500000.0,,,single_source_curated,
site_00265,Intergate Seattle East Building 4,FracTracker|PNNL,2,3,PNNL,building,PNNL:building_00293211687,Operating,True,False,WA,King County,Seattle,47.49341087440766,-122.28885825770003,True,Polygon,Digital Realty|Sabey,Digital Fortress Seattle Data Center|Intergate Seattle East Building 4|Intergate Seattle West Building C,116828.0,,,multi_source,FracTracker:frac_row_1288<->PNNL:building_00293211687:name_supported_500m:394.777m ; FracTracker:frac_row_1288<->PNNL:building_00337126739:spatial_100m:35.626m
site_00266,The Seattle Times,FracTracker|PNNL,2,2,PNNL,building,PNNL:building_00231664575,Operating,True,False,WA,King County,Seattle,47.61898482839781,-122.33646162358502,True,Polygon,H5 Data Centers,H5 Data Centers|The Seattle Times,48589.0,,,multi_source,FracTracker:frac_row_1289<->PNNL:building_00231664575:spatial_100m:40.843m
site_00267,Stonewall Tell Data Center,FracTracker,1,1,FracTracker,,FracTracker:frac_row_129,Proposed,False,True,GA,Fulton,Atlanta,33.615124,-84.55222,True,Point,RSC Investment Management LLC,Stonewall Tell Data Center,1902000.0,,,single_source_curated,
site_00268,Seattle EdgeConneX Edge Data Center® (EDC),FracTracker,1,1,FracTracker,,FracTracker:frac_row_1290,Operating,True,False,WA,King,Seattle,47.49822,-122.29,True,Point,,Seattle EdgeConneX Edge Data Center® (EDC),47000.0,,4.5,single_source_curated,
site_00269,KOMO Plaza East,FracTracker|PNNL,2,3,PNNL,building,PNNL:building_00417682780,Operating,True,False,WA,King County,Seattle,47.619324932166734,-122.34815288067006,True,Polygon,,KOMO Plaza East|KOMO Plaza West|TierPoint - Seattle Data Center,45743.0,,,multi_source,FracTracker:frac_row_1291<->PNNL:building_00417682780:spatial_100m:77.542m ; FracTracker:frac_row_1291<->PNNL:building_00417682781:spatial_100m:30.575m
site_00270,Centersquare Seattle Data Center (Tukwila 2),FracTracker,1,1,FracTracker,,FracTracker:frac_row_1292,Operating,True,False,WA,King,Tukwila,47.44046,-122.256,True,Point,,Centersquare Seattle Data Center (Tukwila 2),,,,single_source_curated,
site_00271,Meta Beaver Dam Data Center,FracTracker|PNNL,2,2,PNNL,campus,PNNL:campus_01453996659,Approved/Permitted/Under construction,True,True,WI,Dodge County,Beaver Dam,43.510374241426895,-88.81652212808933,True,MultiPolygon,Meta,Beaver Dam Meta Data Center|Meta Beaver Dam Data Center,700000.0,18261491.0,,multi_source,FracTracker:frac_row_1293<->PNNL:campus_01453996659:strong_name_supported_1km:621.439m
site_00272,DeForest QTS Data Center,FracTracker,1,1,FracTracker,,FracTracker:frac_row_1294,Cancelled,False,True,WI,Dane,DeForest,43.23184,-89.33042,True,Point,,DeForest QTS Data Center,,,,single_source_curated,
site_00273,Expedient Milwaukee,FracTracker|PNNL,2,2,PNNL,building,PNNL:building_00664938835,Operating,True,False,WI,Milwaukee County,Franklin,42.86317702172799,-87.97785780206577,True,Polygon,,Expedient Milwaukee|MKE1,27000.0,,1.6,multi_source,FracTracker:frac_row_1295<->PNNL:building_00664938835:spatial_100m:3.921m
site_00274,Fredonia Data Center,FracTracker,1,1,FracTracker,,FracTracker:frac_row_1296,Proposed,False,True,WI,Ozaukee,Fredonia,43.45566,-87.9353,True,Point,,Fredonia Data Center,,,,single_source_curated,
site_00275,Cloverleaf Data Center,FracTracker,1,1,FracTracker,,FracTracker:frac_row_1297,Cancelled,False,True,WI,Brown,Greenleaf,44.32815,-88.110405,True,Point,,Cloverleaf Data Center,,,,single_source_curated,
site_00276,Janesville Data Center,FracTracker,1,1,FracTracker,,FracTracker:frac_row_1298,Proposed,False,True,WI,Rock,Janesville,42.65851,-89.0211,True,Point,,Janesville Data Center,4800000.0,,25-200,single_source_curated,
site_00277,Kenosha Microsoft Data Center,FracTracker,1,1,FracTracker,,FracTracker:frac_row_1299,Proposed,False,True,WI,Kenosha,Kenosha,42.62348,-87.9679,True,Point,Microsoft,Kenosha Microsoft Data Center,1000000.0,,,single_source_curated,
site_00278,Prime Data Center,FracTracker,1,1,FracTracker,,FracTracker:frac_row_13,Approved/Permitted/Under construction,False,True,AZ,Maricopa,Avondale,33.40756,-112.311,True,Point,Prime Data Centers,Prime Data Center,1300000.0,,210,single_source_curated,
site_00279,Vantage: Stacks Rd project,FracTracker,1,1,FracTracker,,FracTracker:frac_row_130,Proposed,False,True,GA,Fulton,Atlanta,33.60657,-84.5304,True,Point,,Vantage: Stacks Rd project,696980.0,,,single_source_curated,
site_00280,Microsoft Fairwater Data Center,FracTracker,1,1,FracTracker,,FracTracker:frac_row_1300,Approved/Permitted/Under construction,False,True,WI,Racine,Mount Pleasant,42.68015,-87.90021,True,Point,Microsoft,Microsoft Fairwater Data Center,1200000.0,,"450-3,300",single_source_curated,
site_00281,Project Lighthouse,FracTracker,1,1,FracTracker,,FracTracker:frac_row_1301,Approved/Permitted/Under construction,False,True,WI,Ozaukee,Port Washington,43.44933,-87.8525,True,Point,Vantage Data Centers,Project Lighthouse,,,"1,300-3,599",single_source_curated,
site_00282,Caledonia Data Center,FracTracker,1,1,FracTracker,,FracTracker:frac_row_1302,Suspended,False,True,WI,Racine,Racine/ Caledonia,42.83487,-87.8458,True,Point,Microsoft,Caledonia Data Center,,,,single_source_curated,
site_00283,Menomonie Data Center,FracTracker,1,1,FracTracker,,FracTracker:frac_row_1303,Suspended,False,True,WI,Dunn County,Red Cedar/ Elk Mound,44.92341,-91.8447,True,Point,,Menomonie Data Center,,,,single_source_curated,
site_00284,Microsoft Data Center,FracTracker,1,1,FracTracker,,FracTracker:frac_row_1304,Proposed,False,True,WI,Racine,Sturtevant,42.68763,-87.9269,True,Point,Microsoft,Microsoft Data Center,4400000.0,,,single_source_curated,
site_00285,Microsoft Data Center,FracTracker,1,1,FracTracker,,FracTracker:frac_row_1305,Proposed,False,True,WI,Racine,Sturtevant,42.70384,-87.9382,True,Point,Microsoft,Microsoft Data Center,,,,single_source_curated,
site_00286,Digital Power Optimization,FracTracker,1,1,FracTracker,,FracTracker:frac_row_1306,Cancelled,False,True,WI,Wood,Wisconsin Rapids,44.41945,-89.8253,True,Point,,Digital Power Optimization,,,20,single_source_curated,
site_00287,Ridgeline Microgrid,FracTracker,1,1,FracTracker,,FracTracker:frac_row_1307,Approved/Permitted/Under construction,False,True,WV,Tucker,Davis,39.13851,-79.4867,True,Point,Fundamental Data LLC,Ridgeline Microgrid,,,"1,656",single_source_curated,
site_00288,Adams Fork Harless Data Center,FracTracker,1,1,FracTracker,,FracTracker:frac_row_1308,Proposed,False,True,WV,Mingo,Holden,37.75417,-82.1179,True,Point,"TransGas Development, LLC",Adams Fork Harless Data Center,,,2398.5,single_source_curated,
site_00289,Alpha Technologies Data Center,FracTracker,1,1,FracTracker,,FracTracker:frac_row_1309,Approved/Permitted/Under construction,False,True,WV,Cabell,Huntington,38.41845,-82.4386,True,Point,,Alpha Technologies Data Center,60000.0,,,single_source_curated,
site_00290,Vantage: Westlake Project,FracTracker,1,1,FracTracker,,FracTracker:frac_row_131,Proposed,False,True,GA,Fulton,Atlanta,33.70682,-84.5833,True,Point,,Vantage: Westlake Project,750000.0,,,single_source_curated,
site_00291,QTS Kearneysville Data Center,FracTracker,1,1,FracTracker,,FracTracker:frac_row_1310,Proposed,False,True,WV,Jefferson,Kearneysville,39.33659,-77.85235,True,Point,QTS Data Centers,QTS Kearneysville Data Center,,,,single_source_curated,
site_00292,NETL’s Computational Science & Engineering Center,FracTracker,1,1,FracTracker,,FracTracker:frac_row_1311,Approved/Permitted/Under construction,False,True,WV,Monongalia,Morgantown,39.67102,-79.975006,True,Point,National Energy Technology Laboratory,NETL’s Computational Science & Engineering Center,,,,single_source_curated,
site_00293,Mountaineer Gigasystem/ Monarch Cloud Campus,FracTracker,1,1,FracTracker,,FracTracker:frac_row_1312,Proposed,False,True,WV,Mason,Point Pleasant,38.9132,-82.1103,True,Point,Fidelis,Mountaineer Gigasystem/ Monarch Cloud Campus,,,2000-8000,single_source_curated,
site_00294,Adams Fork Wharncliffe Data Center,FracTracker,1,1,FracTracker,,FracTracker:frac_row_1313,Proposed,False,True,WV,Mingo,Wharncliffe,37.59904,-81.9545,True,Point,"TransGas Development, LLC",Adams Fork Wharncliffe Data Center,,,2398.5,single_source_curated,
site_00295,Meta Data Center,FracTracker,1,1,FracTracker,,FracTracker:frac_row_1314,Proposed,False,True,WY,Laramie,Cheyenne,41.08515,-104.833,True,Point,Meta,Meta Data Center,800000.0,,,single_source_curated,
site_00296,Microsoft CYS Datacenter,FracTracker|PNNL,2,4,PNNL,campus,PNNL:campus_00414055237,Approved/Permitted/Under construction,True,True,WY,Laramie County,Cheyenne,41.12341444962218,-104.90530165717429,True,MultiPolygon,Microsoft,CYS41 Datacenter|CYS42 Datacenter|Microsoft Azure Data Center|Microsoft CYS Datacenter,46211.0,8353216.0,,multi_source,FracTracker:frac_row_1315<->PNNL:building_01386017500:name_supported_500m:340.578m ; FracTracker:frac_row_1315<->PNNL:building_01386017501:strong_name_supported_1km:684.686m ; FracTracker:frac_row_1315<->PNNL:campus_00414055237:name_supported_500m:359.95m
site_00297,Related Digital,FracTracker,1,1,FracTracker,,FracTracker:frac_row_1316,Proposed,False,True,WY,Laramie,Cheyenne,41.137573,-104.71874,True,Point,Related Digital,Related Digital,,,250,single_source_curated,
site_00298,Project Jade,FracTracker,1,1,FracTracker,,FracTracker:frac_row_1317,Approved/Permitted/Under construction,False,True,WY,Laramie,Cheyenne,41.031693,-104.7964,True,Point,Crusoe,Project Jade,,,"10,000",single_source_curated,
site_00299,Skybox Round Rock Data Center,FracTracker,1,1,FracTracker,,FracTracker:frac_row_1318,Approved/Permitted/Under construction,False,True,TX,Williamson,Round Rock,30.5489,-97.6441,True,Point,Skybox Datacenters,Skybox Round Rock Data Center,150000.0,,40,single_source_curated,
site_00300,Project LufKin: Amp Z Data Center,FracTracker,1,1,FracTracker,,FracTracker:frac_row_1319,Proposed,False,True,TX,Angelina,Lufkin,31.3579,-94.677475,True,Point,,Project LufKin: Amp Z Data Center,,,175-1100,single_source_curated,
site_00301,Windstream Atlanta,FracTracker,1,1,FracTracker,,FracTracker:frac_row_132,Operating,True,False,GA,Dekalb,Atlanta,33.835022,-84.32718,True,Point,Windstream,Windstream Atlanta,1300.0,,75,single_source_curated,
site_00302,Eneus Energy,FracTracker,1,1,FracTracker,,FracTracker:frac_row_1320,Proposed,False,True,TX,Cameron,Harlingen,26.226423,-97.63307,True,Point,,Eneus Energy,,,"2,000",single_source_curated,
site_00303,Black Mountain Power Data Center,FracTracker,1,1,FracTracker,,FracTracker:frac_row_1321,Proposed,False,True,TX,Bexar,Van Ormy/ San Antonio,29.270124,-98.57086,True,Point,Black Mountain Power,Black Mountain Power Data Center,,,,single_source_curated,
site_00304,Qumulus AI,FracTracker,1,1,FracTracker,,FracTracker:frac_row_1322,Proposed,False,True,TX,Denton,Denton,33.20929,-97.180824,True,Point,Qumulus AI,Qumulus AI,,,20,single_source_curated,
site_00305,American Tower/ ATC Watertown LLC/ Edge Data Center,FracTracker,1,1,FracTracker,,FracTracker:frac_row_1323,Suspended,False,True,IN,Marion,Indianapolis,39.894096,-86.20275,True,Point,,American Tower/ ATC Watertown LLC/ Edge Data Center,20000.0,,4,single_source_curated,
site_00306,Carlton Cloverleaf Data Center,FracTracker,1,1,FracTracker,,FracTracker:frac_row_1324,Cancelled,False,True,WI,Kewaunee,Carlton,44.42317,-87.53463,True,Point,Cloverleaf,Carlton Cloverleaf Data Center,,,100,single_source_curated,
site_00307,North East Data Center LLC,FracTracker,1,1,FracTracker,,FracTracker:frac_row_1325,Proposed,False,True,TX,Medina,Lytle,29.219524,-98.82438,True,Point,Rowan,North East Data Center LLC,,,300,single_source_curated,
site_00308,Maricopa Data Center,FracTracker,1,1,FracTracker,,FracTracker:frac_row_1326,Proposed,False,True,AZ,Maricopa,Buckeye,33.192265,-112.67318,True,Point,Fortescue,Maricopa Data Center,,,,single_source_curated,
site_00309,Menlo Equities Data Centere,FracTracker,1,1,FracTracker,,FracTracker:frac_row_1327,Proposed,False,True,CA,Santa Clara,Sunnyvale,37.400707,-122.03299,True,Point,,Menlo Equities Data Centere,244215.0,,49,single_source_curated,
site_00310,Barrington Hills Data Center,FracTracker,1,1,FracTracker,,FracTracker:frac_row_1328,Cancelled,False,True,IL,Cook,Barrington Hills,42.102898,-88.228096,True,Point,,Barrington Hills Data Center,,,,single_source_curated,
site_00311,EdgeConneX Ashville Data Center,FracTracker,1,1,FracTracker,,FracTracker:frac_row_1329,Proposed,False,True,OH,Pickaway,Ashville,39.733818,-82.97449,True,Point,EdgeConneX,EdgeConneX Ashville Data Center,,,200,single_source_curated,
site_00312,T5: Project Eisenhower,FracTracker,1,1,FracTracker,,FracTracker:frac_row_133,Approved/Permitted/Under construction,False,True,GA,Richmond,Augusta,33.43883,-82.1557,True,Point,,T5: Project Eisenhower,2150000.0,,,single_source_curated,
site_00313,"""Treetop Development Project""",FracTracker,1,1,FracTracker,,FracTracker:frac_row_1330,Proposed,False,True,NY,Dutchess,Hopewell Junction,41.5234,-73.81024,True,Point,onovan Drive Holdings LLC,"""Treetop Development Project""",800000.0,,1000,single_source_curated,
site_00314,"New York State Artificial Intelligence Data Center/ ZeroC Data Centers, LLC",FracTracker,1,1,FracTracker,,FracTracker:frac_row_1331,Cancelled,False,True,NY,St. Lawrence,Massena,44.95557,-74.853615,True,Point,,"New York State Artificial Intelligence Data Center/ ZeroC Data Centers, LLC",,,300,single_source_curated,
site_00315,Kingsboro Data Center Project,FracTracker,1,1,FracTracker,,FracTracker:frac_row_1332,Proposed,False,True,NC,Edgecombe,Edgecombe County,35.924713,-77.65831,True,Point,Energy Storage Solutions,Kingsboro Data Center Project,,,900,single_source_curated,
site_00316,Google,FracTracker|PNNL,2,5,PNNL,building,PNNL:building_00844386860,Approved/Permitted/Under construction|Proposed,True,True,TX,Ellis County,Midlothian,32.44212970719258,-97.06248797347524,True,Polygon,Google,Google|Project Sharka: Google Data Center|Sharka Data Center (Google),288000.0,,,multi_source,FracTracker:frac_row_1333<->PNNL:building_00844386860:strong_name_supported_1km:770.253m ; FracTracker:frac_row_1333<->PNNL:building_00844386861:strong_name_supported_1km:803.777m ; FracTracker:frac_row_1333<->PNNL:building_01458626323:strong_name_supported_1km:764.535m ; FracTracker:frac_row_743<->PNNL:building_00844386860:name_supported_500m:223.369m ; FracTracker:frac_row_743<->PNNL:building_00844386861:name_supported_500m:267.259m ; FracTracker:frac_row_743<->PNNL:building_01458626323:name_supported_500m:350.406m
site_00317,Mawson Midland Data Center,FracTracker,1,1,FracTracker,,FracTracker:frac_row_1334,Expanding,False,True,PA,Beaver,Midland,40.632298,-80.45189,True,Point,Mawson Infrastructure Group,Mawson Midland Data Center,,,100,single_source_curated,
site_00318,CoreSite SV3,FracTracker|NAICS|PNNL,3,10,PNNL,building,PNNL:building_00054173383,Expanding|Proposed,True,True,CA,Santa Clara County,Santa Clara,37.37514209318246,-121.97170937322579,True,Polygon,CoreSite,CORESITE REAL ESTATE|CoreSite SV3|CoreSite SV4|CoreSite SV5|CoreSite SV6|CoreSite SV7|CoreSite SV8|CoreSite SV9|Walsh Bowers Technology Center: CoreSite,228000.0,,34|72,multi_source,FracTracker:frac_row_1335<->NAICS:naics_536:name_supported_500m:446.832m ; FracTracker:frac_row_1335<->PNNL:building_00054173383:name_supported_500m:449.63m ; FracTracker:frac_row_1335<->PNNL:building_00054173753:strong_name_supported_1km:502.192m ; FracTracker:frac_row_1335<->PNNL:building_00054173755:strong_name_supported_1km:606.568m ; FracTracker:frac_row_1335<->PNNL:building_00054383196:strong_name_supported_1km:531.807m ; FracTracker:frac_row_1335<->PNNL:building_00054383197:strong_name_supported_1km:634.804m ; FracTracker:frac_row_1335<->PNNL:building_00205846843:strong_name_supported_1km:593.427m ; FracTracker:frac_row_1335<->PNNL:building_01160688107:name_supported_500m:425.889m ; FracTracker:frac_row_51<->PNNL:building_00054383197:spatial_100m:89.348m ; NAICS:naics_536<->PNNL:building_00054173383:name_supported_500m:195.821m ; NAICS:naics_536<->PNNL:building_00054173753:name_supported_500m:329.829m ; NAICS:naics_536<->PNNL:building_00054173755:name_supported_500m:444.087m ; NAICS:naics_536<->PNNL:building_00054383196:name_supported_500m:197.211m ; NAICS:naics_536<->PNNL:building_00054383197:name_supported_500m:268.107m ; NAICS:naics_536<->PNNL:building_00205846843:name_supported_500m:315.667m ; NAICS:naics_536<->PNNL:building_01160688107:name_supported_500m:340.169m
site_00319,Stack Infrastructure Portland 3 Data Center -Bld POR3a,FracTracker|PNNL,2,5,PNNL,building,PNNL:building_00899634245,Expanding,True,True,OR,Washington County,Hillsboro,45.554197103944304,-122.93791223873745,True,Polygon,Stack|Stack Infrastructure,"Stack Infrastructure POR01A|Stack Infrastructure Portland 3 Data Center -Bld POR3a|Stack Infrastructure Portland 3 Data Center -Bld POR3b|Stack Infrastructure Portland 3 Data Center -Bld POR3c|Stack Infrastructure, POR03A, 3B, 3C, 3D",94010.0,,25|4,multi_source,FracTracker:frac_row_1336<->PNNL:building_00899634245:strong_name_supported_1km:960.1m ; FracTracker:frac_row_1337<->PNNL:building_00899634245:strong_name_supported_1km:533.498m ; FracTracker:frac_row_1337<->PNNL:building_01243089554:name_supported_500m:480.122m ; FracTracker:frac_row_1337<->PNNL:building_01243089555:name_supported_500m:450.312m
site_00320,BHM01 Nebius Data Center,FracTracker,1,1,FracTracker,,FracTracker:frac_row_1338,Proposed,False,True,AL,Jefferson,Birmingham,33.42746,-86.88143,True,Point,Nebius,BHM01 Nebius Data Center,,,300,single_source_curated,
site_00321,Mililani Technology Park,FracTracker,1,1,FracTracker,,FracTracker:frac_row_1339,Expanding,False,True,HI,Honolulu,Mililani,21.480452,-158.02138,True,Point,,Mililani Technology Park,30000.0,,,single_source_curated,
site_00322,Amazon Data Center,FracTracker,1,1,FracTracker,,FracTracker:frac_row_134,Proposed,False,True,GA,Lamar,Barnesville,33.05563,-84.1222,True,Point,Amazon,Amazon Data Center,,,,single_source_curated,
site_00323,Adobe Data Center,FracTracker|PNNL,2,2,PNNL,building,PNNL:building_00325096144,Operating,True,False,OR,Washington County,Hillsboro,45.55018168886831,-122.93181213080429,True,Polygon,,Adobe Data Center,89232.0,,,multi_source,FracTracker:frac_row_1340<->PNNL:building_00325096144:spatial_100m:66.218m
site_00324,CyrusOne,FracTracker,1,1,FracTracker,,FracTracker:frac_row_1341,Proposed,False,True,TX,Freestone,Fairfield,31.893915,-96.11786,True,Point,CyrusOne,CyrusOne,,,380,single_source_curated,
site_00325,CyrusOne: DFW10,FracTracker,1,1,FracTracker,,FracTracker:frac_row_1342,Approved/Permitted/Under construction,False,True,TX,Bosque,Whitney,31.860664,-97.35856,True,Point,CyrusOne,CyrusOne: DFW10,700000.0,,400,single_source_curated,
site_00326,Project Pumpkin,FracTracker,1,1,FracTracker,,FracTracker:frac_row_1343,Approved/Permitted/Under construction,False,True,GA,Columbia,Harlem,33.48528,-82.318,True,Point,,Project Pumpkin,,,,single_source_curated,
site_00327,Monterey Park Data Center,FracTracker,1,1,FracTracker,,FracTracker:frac_row_1344,Suspended,False,True,CA,Los Angeles,Monterey Park,34.04039,-118.11365,True,Point,HMC StratCorp and subsidiary DigiCo REIT,Monterey Park Data Center,247000.0,,,single_source_curated,
site_00328,Proposed Data Center,FracTracker,1,1,FracTracker,,FracTracker:frac_row_1345,Cancelled,False,True,NJ,Middlesex,New Brunswick,40.48662,-74.45843,True,Point,,Proposed Data Center,27000.0,,,single_source_curated,
site_00329,Pacifico Data Center,FracTracker,1,1,FracTracker,,FracTracker:frac_row_1346,Proposed,False,True,OH,Pickaway,Muhlenburg,39.697655,-83.11986,True,Point,,Pacifico Data Center,,,,single_source_curated,
site_00330,Google,FracTracker|PNNL,2,3,PNNL,building,PNNL:building_01426525184,Operating|Proposed,True,True,TX,Ellis County,Red Oak,32.5389942949367,-96.79316889732078,True,Polygon,Google,Google|Google Data Center|Red Oak Data Center 2,285000.0,,,multi_source,FracTracker:frac_row_1347<->PNNL:building_01426525184:name_supported_500m:495.108m ; FracTracker:frac_row_768<->PNNL:building_01426525184:name_supported_500m:371.746m
site_00331,Mercer County Data Center,FracTracker,1,1,FracTracker,,FracTracker:frac_row_1348,Proposed,False,True,KY,Mercer,Harrodsburg,37.769886,-84.77884,True,Point,Jones Lang Sallee,Mercer County Data Center,,,645,single_source_curated,
site_00332,Canton Data Center,FracTracker,1,1,FracTracker,,FracTracker:frac_row_1349,Operating,True,False,OH,Stark,Canton,40.8489,-81.4408,True,Point,Ark Data Centers,Canton Data Center,29960.0,,1.5,single_source_curated,
site_00333,Trammell Crow Company Data Center,FracTracker,1,1,FracTracker,,FracTracker:frac_row_135,Approved/Permitted/Under construction,False,True,GA,Monroe,Barnesville,33.104168,-84.009544,True,Point,CBRE,Trammell Crow Company Data Center,12000000.0,,,single_source_curated,
site_00334,Dickerson Data Centers,FracTracker,1,1,FracTracker,,FracTracker:frac_row_1350,Proposed,False,True,MD,Montgomery,Dickerson,39.209373,-77.46454,True,Point,,Dickerson Data Centers,,,300,single_source_curated,
site_00335,Project Ruby,FracTracker,1,1,FracTracker,,FracTracker:frac_row_1351,Proposed,False,True,GA,Muscogee,Box Springs,32.581497,-84.71003,True,Point,,Project Ruby,,,,single_source_curated,
site_00336,Monitcello Data Center,FracTracker,1,1,FracTracker,,FracTracker:frac_row_1352,Proposed,False,True,MN,Wright,Monticello,45.275093,-93.81535,True,Point,"Monticello Tech, LLC,",Monitcello Data Center,300000.0,,,single_source_curated,
site_00337,Viridien Data Center,FracTracker,1,1,FracTracker,,FracTracker:frac_row_1353,Proposed,False,True,TX,Washington,Brenham,30.140465,-96.40983,True,Point,Viridien,Viridien Data Center,40000.0,,45,single_source_curated,
site_00338,Morgantown Data Center,FracTracker,1,1,FracTracker,,FracTracker:frac_row_1354,Proposed,False,True,MD,Charles,Newburg,38.3596,-76.9757,True,Point,"TeraWulf, Inc.",Morgantown Data Center,,,210-500,single_source_curated,
site_00339,75 South Data Center Campus,FracTracker,1,1,FracTracker,,FracTracker:frac_row_1355,Proposed,False,True,GA,Spalding,Griffin,33.256115,-84.14383,True,Point,,75 South Data Center Campus,2200000.0,,,single_source_curated,
site_00340,Project Pumpkin 2A,FracTracker,1,1,FracTracker,,FracTracker:frac_row_1356,Proposed,False,True,TX,Roberts,Miami,35.691273,-100.6382,True,Point,Google,Project Pumpkin 2A,761000.0,,,single_source_curated,
site_00341,Summit Ridge Data Center,FracTracker,1,1,FracTracker,,FracTracker:frac_row_1357,Proposed,False,True,UT,Utah,Santaquin,39.946636,-111.80722,True,Point,Data Center Power Company,Summit Ridge Data Center,,,20,single_source_curated,
site_00342,Bitfarms,FracTracker,1,1,FracTracker,,FracTracker:frac_row_1358,Operating,True,False,PA,Mercer,Sharon,41.24472,-80.50655,True,Point,,Bitfarms,,,30,single_source_curated,
site_00343,Lincoln Rackhouse,FracTracker|PNNL,2,2,PNNL,building,PNNL:building_00124088810,Operating,True,False,IL,DuPage County,Aurora,41.77216480463177,-88.21709086831733,True,Polygon,,Lincoln Rackhouse|US Signal Data Center,33000.0,,1.35-6,multi_source,FracTracker:frac_row_1359<->PNNL:building_00124088810:spatial_100m:8.364m
site_00344,"QTS ""Project Blue Hole""",FracTracker,1,1,FracTracker,,FracTracker:frac_row_136,Proposed,False,True,GA,Early,Blakely,31.406675,-84.912994,True,Point,,"QTS ""Project Blue Hole""",12000000.0,,,single_source_curated,
site_00345,350 Main Street (H5 Data Centers BU1),FracTracker,1,1,FracTracker,,FracTracker:frac_row_1360,Operating,True,False,NY,Erie,Buffalo,42.88409,-78.875725,True,Point,,350 Main Street (H5 Data Centers BU1),341000.0,,1,single_source_curated,
site_00346,IBM Data Center,FracTracker,1,1,FracTracker,,FracTracker:frac_row_1361,Approved/Permitted/Under construction,False,True,NY,Dutchess,Poughkeepsie,41.660404,-73.93994,True,Point,,IBM Data Center,3600000.0,,100,single_source_curated,
site_00347,Edge Data Center,FracTracker,1,1,FracTracker,,FracTracker:frac_row_1362,Proposed,False,True,WI,Dodge,Beaver Dam,43.502884,-88.8095,True,Point,,Edge Data Center,90000.0,,,single_source_curated,
site_00348,Global AI,FracTracker,1,1,FracTracker,,FracTracker:frac_row_1363,Proposed,False,True,CO,Weld,Windsor,40.458607,-104.87199,True,Point,,Global AI,,,18-24,single_source_curated,
site_00349,H5 Data Center,FracTracker,1,1,FracTracker,,FracTracker:frac_row_1364,Proposed,False,True,FL,Hillsborough,Tampa,27.949581,-82.45849,True,Point,,H5 Data Center,30400.0,,,single_source_curated,
site_00350,Global AI,FracTracker,1,1,FracTracker,,FracTracker:frac_row_1365,Operating,True,False,NY,Broome,Endicott,42.104294,-76.04444,True,Point,,Global AI,,,32,single_source_curated,
site_00351,H5 Data Center,FracTracker|NAICS,2,3,FracTracker,,FracTracker:frac_row_1366,Proposed,True,True,TN,Davidson,Nashville,36.1628,-86.77863,True,Point,,"H5 Data Center|H5 FUND VII, LLC|H5 FUND VIII, LLC",19700.0,,,multi_source,FracTracker:frac_row_1366<->NAICS:naics_287:name_supported_500m:184.12m ; FracTracker:frac_row_1366<->NAICS:naics_353:name_supported_500m:184.12m
site_00352,Data center,FracTracker,1,1,FracTracker,,FracTracker:frac_row_1367,Suspended,False,True,UT,Utah,Provo,40.214104,-111.65521,True,Point,,Data center,66000.0,,5,single_source_curated,
site_00353,Sequitor Edge Data Center,FracTracker,1,1,FracTracker,,FracTracker:frac_row_1368,Proposed,False,True,NE,Buffalo,Kearney,40.726894,-99.042984,True,Point,,Sequitor Edge Data Center,,,,single_source_curated,
site_00354,Sequitor Edge Data Center,FracTracker,1,1,FracTracker,,FracTracker:frac_row_1369,Proposed,False,True,SD,Pennington,Rapid City,44.03367,-103.18849,True,Point,,Sequitor Edge Data Center,30000.0,,2,single_source_curated,
site_00355,FOGO Carrollton,FracTracker,1,1,FracTracker,,FracTracker:frac_row_137,Operating,True,False,GA,Carroll,Carrollton,33.558292,-85.09067,True,Point,FOGO Solutions,FOGO Carrollton,,,,single_source_curated,
site_00356,SCG Global Holdings LLC Data Center,FracTracker,1,1,FracTracker,,FracTracker:frac_row_1370,Proposed,False,True,VA,Fairfax,Chantilly,38.91267,-77.451675,True,Point,,SCG Global Holdings LLC Data Center,,,,single_source_curated,
site_00357,Alcove Development Data Center,FracTracker,1,1,FracTracker,,FracTracker:frac_row_1371,Proposed,False,True,KS,Miami,Osawatomie,38.516045,-94.931076,True,Point,,Alcove Development Data Center,600000.0,,50,single_source_curated,
site_00358,DeepGreen Western Passage SPV LLC  Data Center,FracTracker,1,1,FracTracker,,FracTracker:frac_row_1372,Proposed,False,True,ME,Washington,Eastport,44.94704,-67.01703,True,Point,DeepGreen Western Passage SPV LLC,DeepGreen Western Passage SPV LLC  Data Center,,,51,single_source_curated,
site_00359,Aberdeen Data Center,FracTracker,1,1,FracTracker,,FracTracker:frac_row_1375,Proposed,False,True,OH,Adams,Aberdeen,38.638145,-83.69277,True,Point,,Aberdeen Data Center,,,400-1100,single_source_curated,
site_00360,Smithfield Gateway Data Center,FracTracker,1,1,FracTracker,,FracTracker:frac_row_1376,Proposed,False,True,PA,Monroe,East Stroudsburg,41.00482,-75.14695,True,Point,Gateway Development,Smithfield Gateway Data Center,500000.0,,,single_source_curated,
site_00361,PowerHouse Data Centers,FracTracker,1,1,FracTracker,,FracTracker:frac_row_1377,Proposed,False,True,IL,Will,Jackson Twp/ Joliet,41.465225,-88.06284,True,Point,,PowerHouse Data Centers,3468000.0,,1800,single_source_curated,
site_00362,Colossus Data Center,FracTracker,1,1,FracTracker,,FracTracker:frac_row_1378,Cancelled,False,True,KS,Johnson,Spring Hill,38.781784,-94.77902,True,Point,,Colossus Data Center,,,,single_source_curated,
site_00363,Amazon Clinton Data Center,FracTracker,1,1,FracTracker,,FracTracker:frac_row_1379,Proposed,False,True,MS,Hinds,Clinton,32.34915,-90.36636,True,Point,,Amazon Clinton Data Center,730000.0,,,single_source_curated,
site_00364,Project Bunkhouse,FracTracker,1,1,FracTracker,,FracTracker:frac_row_138,Proposed,False,True,GA,Bartow,Cartersville,34.0998,-84.9167,True,Point,Gaines Family Land LLC,Project Bunkhouse,8600000.0,,1830,single_source_curated,
site_00365,Vintage Partners data center,FracTracker,1,1,FracTracker,,FracTracker:frac_row_1380,Cancelled,False,True,AZ,Maricopa,"Laveen, Phoenix",33.421955,-112.19218,True,Point,,Vintage Partners data center,,,,single_source_curated,
site_00366,TenKey LandCo data center,FracTracker,1,1,FracTracker,,FracTracker:frac_row_1381,Approved/Permitted/Under construction,False,True,KY,Simpson,Franklin,36.66604,-86.57219,True,Point,,TenKey LandCo data center,600000.0,,,single_source_curated,
site_00367,"Natelli Investments LLC ""New Hill Digital Campus""",FracTracker,1,1,FracTracker,,FracTracker:frac_row_1382,Cancelled,False,True,NC,Wake,New Hill,35.667305,-78.95606,True,Point,,"Natelli Investments LLC ""New Hill Digital Campus""",800000.0,,250,single_source_curated,
site_00368,Edged data center,FracTracker,1,1,FracTracker,,FracTracker:frac_row_1383,Proposed,False,True,TX,Tarrant,Fort Worth,32.689224,-97.4945,True,Point,,Edged data center,,,,single_source_curated,
site_00369,Edged data center (DFW01-1),FracTracker,1,1,FracTracker,,FracTracker:frac_row_1384,Operating,True,False,TX,Dallas,Irving,32.817696,-96.91813,True,Point,,Edged data center (DFW01-1),168610.0,,24,single_source_curated,
site_00370,Meta Data Center,FracTracker,1,1,FracTracker,,FracTracker:frac_row_1385,Proposed,False,True,WI,Rock,Beloit,42.57651,-88.99512,True,Point,Meta,Meta Data Center,,,,single_source_curated,
site_00371,Penzance Management data center,FracTracker,1,1,FracTracker,,FracTracker:frac_row_1386,Proposed,False,True,WV,Berkeley,Martinsburg,39.526875,-77.89455,True,Point,,Penzance Management data center,1900000.0,,600,single_source_curated,
site_00372,AWS,FracTracker,1,1,FracTracker,,FracTracker:frac_row_1387,Proposed,False,True,CA,Los Angeles,Pasadena,34.166836,-118.08752,True,Point,,AWS,168000.0,,,single_source_curated,
site_00373,Harrison Street Asset Management data center,FracTracker,1,1,FracTracker,,FracTracker:frac_row_1388,Proposed,False,True,MD,Prince George's,Laurel,39.13352,-76.85197,True,Point,,Harrison Street Asset Management data center,,,,single_source_curated,
site_00374,Harrison Street Asset Management data center,FracTracker,1,1,FracTracker,,FracTracker:frac_row_1389,Proposed,False,True,MD,Anne Arundel,Severn,39.14969,-76.679955,True,Point,,Harrison Street Asset Management data center,,,,single_source_curated,
site_00375,Switch,FracTracker,1,1,FracTracker,,FracTracker:frac_row_139,Proposed,False,True,GA,Bartow,Cartersville,34.11429,-84.7938,True,Point,Switch,Switch,,,,single_source_curated,
site_00376,Person County Mega Site,FracTracker,1,1,FracTracker,,FracTracker:frac_row_1390,Proposed,False,True,NC,Person,Roxboro,36.479218,-78.9898,True,Point,Microsoft,Person County Mega Site,,,,single_source_curated,
site_00377,Tower Gate Project,FracTracker,1,1,FracTracker,,FracTracker:frac_row_1391,Cancelled,False,True,NJ,Burlington,Mansfield Twp,40.118675,-74.751205,True,Point,,Tower Gate Project,,,,single_source_curated,
site_00378,NTT VA11 Data Center,FracTracker|PNNL,2,2,PNNL,point,PNNL:point_13154826379,Proposed,True,True,VA,Prince William County,Gainesville,38.7999731,-77.6099636,True,Point,NTT,NTT Data Center|NTT VA11 Data Center,300000.0,,96,multi_source,FracTracker:frac_row_1392<->PNNL:point_13154826379:spatial_100m:34.278m
site_00379,Aligned IAD-06 data center,FracTracker,1,1,FracTracker,,FracTracker:frac_row_1393,Approved/Permitted/Under construction,False,True,MD,Frederick,Frederick,39.33511,-77.46484,True,Point,,Aligned IAD-06 data center,450000.0,,72,single_source_curated,
site_00380,BLE Landholdings data center,FracTracker,1,1,FracTracker,,FracTracker:frac_row_1394,Proposed,False,True,MO,Franklin,Pacific,38.434536,-90.75512,True,Point,,BLE Landholdings data center,,,,single_source_curated,
site_00381,Provident Data Center/ Gateway Digital Campus,FracTracker,1,1,FracTracker,,FracTracker:frac_row_1395,Proposed,False,True,MO,Franklin,Villa Ridge,38.480186,-90.8453,True,Point,,Provident Data Center/ Gateway Digital Campus,,,,single_source_curated,
site_00382,First Light Data Center,FracTracker|NAICS,2,2,FracTracker,,FracTracker:frac_row_1396,Operating,True,False,NH,Hillsborough,Bedford,42.928246,-71.46393,True,Point,,"COLOSPACE, INC.|First Light Data Center",7250.0,,,multi_source,FracTracker:frac_row_1396<->NAICS:naics_178:spatial_100m:91.965m
site_00383,"AWS (Bitter Blue) (also ""Rockfish""?)",FracTracker,1,1,FracTracker,,FracTracker:frac_row_1397,Proposed,False,True,TX,Bexar,Elmendorf,29.292835,-98.38842,True,Point,,"AWS (Bitter Blue) (also ""Rockfish""?)",,,,single_source_curated,
site_00384,Core Scientific,FracTracker,1,1,FracTracker,,FracTracker:frac_row_1398,Proposed,False,True,TX,Hunt,Quinlan,32.988132,-96.08421,True,Point,,Core Scientific,,,285,single_source_curated,
site_00385,AWS data center (COPT Potranco),FracTracker,1,1,FracTracker,,FracTracker:frac_row_1399,Proposed,False,True,TX,Bexar,San Antonio,29.450628,-98.637535,True,Point,,AWS data center (COPT Potranco),141979.0,,,single_source_curated,
site_00386,H5 Phoenix,FracTracker|PNNL,2,2,PNNL,building,PNNL:building_00300959969,Operating,True,False,AZ,Maricopa County,Chandler,33.27691083822963,-111.88590913146852,True,Polygon,H5|H5 Data Centers,H5 Data Center|H5 Phoenix,210000.0,,32,multi_source,FracTracker:frac_row_14<->PNNL:building_00300959969:spatial_100m:29.062m
site_00387,ATL Data Center,FracTracker,1,1,FracTracker,,FracTracker:frac_row_140,Operating,True,False,GA,Fulton,College Park,33.614918,-84.467186,True,Point,ATL Data Centers LLC,ATL Data Center,40000.0,,6,single_source_curated,
site_00388,LS Power data center,FracTracker,1,1,FracTracker,,FracTracker:frac_row_1400,Proposed,False,True,VA,Hanover,Ashland,37.810474,-77.4485,True,Point,,LS Power data center,,,,single_source_curated,
site_00389,Project West,FracTracker,1,1,FracTracker,,FracTracker:frac_row_1401,Proposed,False,True,IA,Warren,Norwalk,41.458225,-93.70044,True,Point,Tract Data Centers,Project West,,,,single_source_curated,
site_00390,Data center,FracTracker,1,1,FracTracker,,FracTracker:frac_row_1402,Proposed,False,True,MS,Coahoma,Clarksville,34.148582,-90.541466,True,Point,,Data center,,,,single_source_curated,
site_00391,Project BOSC,FracTracker,1,1,FracTracker,,FracTracker:frac_row_1403,Proposed,False,True,OH,Allen,Lima,40.80032,-84.11909,True,Point,Google,Project BOSC,,,,single_source_curated,
site_00392,Iron Mountain Data Center,FracTracker,1,1,FracTracker,,FracTracker:frac_row_1404,Proposed,False,True,TX,Williamson,Hutto,30.512888,-97.489456,True,Point,,Iron Mountain Data Center,,,,single_source_curated,
site_00393,Project North,FracTracker,1,1,FracTracker,,FracTracker:frac_row_1405,Proposed,False,True,PA,Lackawanna,Archbald,41.524982,-75.554184,True,Point,,Project North,,,,single_source_curated,
site_00394,Dickson City Development LLC data centers,FracTracker,1,1,FracTracker,,FracTracker:frac_row_1406,Proposed,False,True,PA,Lackawanna,Scranton/ Dickson City,41.47686,-75.638275,True,Point,,Dickson City Development LLC data centers,588000.0,,,single_source_curated,
site_00395,Archbald I Data Center Campuses (Project Scott),FracTracker,1,1,FracTracker,,FracTracker:frac_row_1407,Proposed,False,True,PA,Lackawanna,Archbald,41.516857,-75.564445,True,Point,,Archbald I Data Center Campuses (Project Scott),2592000.0,,,single_source_curated,
site_00396,Project Green Mountain Data Center,FracTracker,1,1,FracTracker,,FracTracker:frac_row_1408,Proposed,False,True,PA,Lackawanna,Archbald,41.51297,-75.52613,True,Point,,Project Green Mountain Data Center,966000.0,,,single_source_curated,
site_00397,Viking Data Centers,FracTracker,1,1,FracTracker,,FracTracker:frac_row_1409,Operating,True,False,OH,Summit,Akron,41.050426,-81.4743,True,Point,,Viking Data Centers,380000.0,,150-400,single_source_curated,
site_00398,Lumen College Park,FracTracker,1,1,FracTracker,,FracTracker:frac_row_141,Operating,True,False,GA,Fulton,College Park,33.63764,-84.458496,True,Point,Lumen,Lumen College Park,,,,single_source_curated,
site_00399,Sarcoxie Data Center,FracTracker,1,1,FracTracker,,FracTracker:frac_row_1410,Proposed,False,True,MO,Jasper,Sarcoxie,37.13561,-94.09406,True,Point,,Sarcoxie Data Center,,,,single_source_curated,
site_00400,Fortune 500 data center (company not disclosed),FracTracker,1,1,FracTracker,,FracTracker:frac_row_1411,Proposed,False,True,KY,Mason,Maysville,38.663574,-83.86959,True,Point,,Fortune 500 data center (company not disclosed),,,400,single_source_curated,
site_00401,Google Buffalo Data Center,FracTracker,1,1,FracTracker,,FracTracker:frac_row_1412,Proposed,False,True,WV,Putnam,Buffalo,38.635235,-81.96641,True,Point,Google,Google Buffalo Data Center,,,,single_source_curated,
site_00402,TECfusions Keystone Connect Data Center,FracTracker,1,1,FracTracker,,FracTracker:frac_row_1413,Proposed,False,True,PA,,New Kensington / Upper Burrell,40.5694,-79.7663,True,Point,TECfusions,TECfusions Keystone Connect Data Center,500000.0,,3000,single_source_curated,
site_00403,QTS,FracTracker,1,1,FracTracker,,FracTracker:frac_row_1414,Operating,True,False,NJ,Mercer,East Windsor,40.275524,-74.5491,True,Point,,QTS,553930.0,,14,single_source_curated,
site_00404,LFF Industrial data center,FracTracker,1,1,FracTracker,,FracTracker:frac_row_1415,Suspended,False,True,KS,Ogle,Rochelle,41.899555,-89.04816,True,Point,,LFF Industrial data center,,,48,single_source_curated,
site_00405,AWS,FracTracker,1,1,FracTracker,,FracTracker:frac_row_1416,Proposed,False,True,MD,Calvert,Lusby,38.389736,-76.43956,True,Point,Amazon,AWS,,,,single_source_curated,
site_00406,Amazon Lusby Data Center,FracTracker,1,1,FracTracker,,FracTracker:frac_row_1417,Proposed,False,True,MD,Calvert,Lusby,38.42979,-76.45836,True,Point,Amazon,Amazon Lusby Data Center,,,,single_source_curated,
site_00407,Blueprint Projects data center,FracTracker,1,1,FracTracker,,FracTracker:frac_row_1418,Approved/Permitted/Under construction,False,True,TX,Williamson,Taylor,30.56745,-97.38766,True,Point,Blueprint Project,Blueprint Projects data center,135000.0,,30,single_source_curated,
site_00408,Project Comal,FracTracker,1,1,FracTracker,,FracTracker:frac_row_1419,Approved/Permitted/Under construction,False,True,TX,Williamson,Taylor,30.546633,-97.4439,True,Point,,Project Comal,,,360,single_source_curated,
site_00409,Stacks/College Park,FracTracker,1,1,FracTracker,,FracTracker:frac_row_142,Operating,True,False,GA,Fulton,College Park,33.708233,-84.52996,True,Point,Vantage Data Centers,Stacks/College Park,696981.0,,105,single_source_curated,
site_00410,Oppidan data center,FracTracker,1,1,FracTracker,,FracTracker:frac_row_1420,Cancelled,False,True,MI,Dakota,Apple Valley,44.72743,-93.18794,True,Point,,Oppidan data center,1050000.0,,250-300,single_source_curated,
site_00411,Townsite Solar 2 LLC data center,FracTracker,1,1,FracTracker,,FracTracker:frac_row_1421,Proposed,False,True,NV,Clark,Boulder City,35.94159,-114.913795,True,Point,Townsite Solar 2 LLC,Townsite Solar 2 LLC data center,,,170,single_source_curated,
site_00412,Amazon PDX91,FracTracker|PNNL,2,5,PNNL,building,PNNL:building_00914613836,Proposed,True,True,OR,Morrow County,Boardman,45.83792394838973,-119.68835481078412,True,Polygon,Amazon|Amazon Web Services,Amazon Boardman Data Center|Amazon PDX91|Amazon PDX92|Amazon PDX93|Amazon Web Services,210994.0,,,multi_source,FracTracker:frac_row_1422<->PNNL:building_00914613836:name_supported_500m:170.837m ; FracTracker:frac_row_1422<->PNNL:building_00914616809:name_supported_500m:278.96m ; FracTracker:frac_row_1422<->PNNL:building_01057230915:spatial_100m:22.916m ; FracTracker:frac_row_1422<->PNNL:building_01226439731:name_supported_500m:340.744m
site_00413,AWS,FracTracker,1,1,FracTracker,,FracTracker:frac_row_1423,Proposed,False,True,OR,Morrow,Lexington/ Boardman,45.612293,-119.507706,True,Point,Amazon,AWS,,,1000,single_source_curated,
site_00414,Simple Mining,FracTracker,1,1,FracTracker,,FracTracker:frac_row_1424,Proposed,False,True,IA,Dubuque,Cascade,42.2922,-91.0185,True,Point,,Simple Mining,6400.0,,,single_source_curated,
site_00415,Simple Mining,FracTracker,1,1,FracTracker,,FracTracker:frac_row_1425,Proposed,False,True,IA,Black Hawk,Cedar Falls,42.480602,-92.48979,True,Point,,Simple Mining,,,,single_source_curated,
site_00416,Sabey Data Center,FracTracker,1,1,FracTracker,,FracTracker:frac_row_1426,Proposed,False,True,IN,Marion,Decatur,39.666195,-86.30182,True,Point,,Sabey Data Center,900000.0,,250,single_source_curated,
site_00417,Drox Group data center,FracTracker,1,1,FracTracker,,FracTracker:frac_row_1427,Proposed,False,True,NC,Forsyth,Rural Hall,36.24073,-80.30469,True,Point,,Drox Group data center,1300000.0,,,single_source_curated,
site_00418,Crow Holdings Development data center,FracTracker,1,1,FracTracker,,FracTracker:frac_row_1428,Cancelled,False,True,GA,Fayette,Fayetteville,33.484707,-84.43693,True,Point,,Crow Holdings Development data center,300000.0,,,single_source_curated,
site_00419,PowerHouse Hillwood Holding data center,FracTracker,1,1,FracTracker,,FracTracker:frac_row_1429,Approved/Permitted/Under construction,False,True,IL,Will,Joliet,41.46266,-88.05086,True,Point,PowerHouse Hillwood Holding,PowerHouse Hillwood Holding data center,3468000.0,,1800,single_source_curated,
site_00420,Union City (ATL11),FracTracker,1,1,FracTracker,,FracTracker:frac_row_143,Approved/Permitted/Under construction,False,True,GA,Fulton,College Park,33.62499,-84.56204,True,Point,Microsoft,Union City (ATL11),2100000.0,,324,single_source_curated,
site_00421,Microsoft data center,FracTracker,1,1,FracTracker,,FracTracker:frac_row_1430,Proposed,False,True,MI,Kent,Caledonia,42.839203,-85.56194,True,Point,Microsoft,Microsoft data center,,,,single_source_curated,
site_00422,Microsoft data center,FracTracker,1,1,FracTracker,,FracTracker:frac_row_1431,Proposed,False,True,MI,Allegan,Dorr,42.737343,-85.68578,True,Point,Microsoft,Microsoft data center,,,,single_source_curated,
site_00423,Metrobloks data center,FracTracker,1,1,FracTracker,,FracTracker:frac_row_1432,Proposed,False,True,MO,Clay,Liberty,39.207073,-94.45517,True,Point,,Metrobloks data center,568800.0,,,single_source_curated,
site_00424,Krambu data center,FracTracker,1,1,FracTracker,,FracTracker:frac_row_1433,Proposed,False,True,MT,Missoula,Missoula,46.872646,-113.86772,True,Point,,Krambu data center,,,10,single_source_curated,
site_00425,Revitalization Unlimited data center,FracTracker,1,1,FracTracker,,FracTracker:frac_row_1434,Proposed,False,True,MO,Jackson,Kansas City,39.102562,-94.58718,True,Point,,Revitalization Unlimited data center,142085.0,,30,single_source_curated,
site_00426,Shenandoah Computing data center,FracTracker,1,1,FracTracker,,FracTracker:frac_row_1435,Proposed,False,True,MO,Clay,Kansas City,39.17474,-94.46181,True,Point,Google,Shenandoah Computing data center,1435000.0,,,single_source_curated,
site_00427,SoftBank Data Center/PORTS Technology Campus,FracTracker,1,1,FracTracker,,FracTracker:frac_row_1436,Proposed,False,True,OH,Pike,Piketon,39.01315,-83.00055,True,Point,Softbank,SoftBank Data Center/PORTS Technology Campus,,,9200,single_source_curated,
site_00428,QTS Salem,FracTracker,1,1,FracTracker,,FracTracker:frac_row_1437,Proposed,False,True,PA,Luzerne,Berwick,41.092793,-76.16732,True,Point,,QTS Salem,,,,single_source_curated,
site_00429,Regency HOA area data center,FracTracker,1,1,FracTracker,,FracTracker:frac_row_1438,Proposed,False,True,VA,Loudon,Ashburn,39.011425,-77.485016,True,Point,,Regency HOA area data center,,,432,single_source_curated,
site_00430,DLI ONE,FracTracker|PNNL,2,3,PNNL,campus,PNNL:campus_00958153769,Operating,True,False,GA,Muscogee County,Columbus,32.4980963034713,-84.88357121180205,True,MultiPolygon,DLI ONE|JMF Solutions,DLI ONE|JMF IXP Farm Colombus,50000.0,420795.0,13,multi_source,FracTracker:frac_row_144<->PNNL:building_00958153770:spatial_100m:19.717m ; FracTracker:frac_row_144<->PNNL:campus_00958153769:spatial_100m:38.774m
site_00431,Blueprint Project data center,FracTracker,1,1,FracTracker,,FracTracker:frac_row_1440,Approved/Permitted/Under construction,False,True,TX,Williamson,Georgetown,30.584257,-97.672676,True,Point,Blueprint Project,Blueprint Project data center,45000.0,,35,single_source_curated,
site_00432,AREP PowerHouse Grand Prairie,FracTracker,1,1,FracTracker,,FracTracker:frac_row_1441,Approved/Permitted/Under construction,False,True,TX,Ellis,Midlothian,32.47629,-97.0691,True,Point,PowerHouse Data Centers,AREP PowerHouse Grand Prairie,8500000.0,,1800,single_source_curated,
site_00433,"""Project Liberty"" Stream Data Center",FracTracker,1,1,FracTracker,,FracTracker:frac_row_1442,Proposed,False,True,SC,Marion,Marion,34.197998,-79.352036,True,Point,,"""Project Liberty"" Stream Data Center",2000000.0,,,single_source_curated,
site_00434,Starpointe Industrial Park Data Center,FracTracker,1,1,FracTracker,,FracTracker:frac_row_1443,Unknown,False,True,PA,Washington,Burgettstown,40.431973,-80.42476,True,Point,,Starpointe Industrial Park Data Center,,,,single_source_curated,
site_00435,Joule Power AI Data Center Campus,FracTracker,1,1,FracTracker,,FracTracker:frac_row_1444,Proposed,False,True,UT,Millard,Millard County,39.199276,-112.37303,True,Point,Joule Power,Joule Power AI Data Center Campus,,,"455-12,000",single_source_curated,
site_00436,MS Solar Grid Data,FracTracker,1,1,FracTracker,,FracTracker:frac_row_1445,Suspended,False,True,LA,Orleans,New Orleans East,30.037401,-89.97886,True,Point,,MS Solar Grid Data,,,,single_source_curated,
site_00437,Quantica LLC Big Sky Campus,FracTracker,1,1,FracTracker,,FracTracker:frac_row_1446,Proposed,False,True,MT,Yellowstone,Broadview,45.89389,-108.88078,True,Point,"Meta, Google, Amazon",Quantica LLC Big Sky Campus,6000000.0,,1000,single_source_curated,
site_00438,Adair Park / West End Data Center,FracTracker,1,1,FracTracker,,FracTracker:frac_row_1447,Proposed,False,True,GA,Fulton,Atlanta,33.739025,-84.41105,True,Point,Digital Realty,Adair Park / West End Data Center,,,,single_source_curated,
site_00439,"""Project Taurus""",FracTracker,1,1,FracTracker,,FracTracker:frac_row_1448,Proposed,False,True,CO,El Paso,Colorado Springs,38.893997,-104.85778,True,Point,Raeden,"""Project Taurus""",451217.0,,50,single_source_curated,
site_00440,PowerBridge/ LandBridge data centers,FracTracker,1,1,FracTracker,,FracTracker:frac_row_1449,Proposed,False,True,TX,Reeves,Between Odessa and Pecos,31.316566,-103.10906,True,Point,,PowerBridge/ LandBridge data centers,,,2000,single_source_curated,
site_00441,DC BLOX Atlanta East Campus,FracTracker,1,1,FracTracker,,FracTracker:frac_row_145,Approved/Permitted/Under construction,False,True,GA,Rockdale,Conyers,33.68936,-84.04566,True,Point,DC BLOX,DC BLOX Atlanta East Campus,1016828.0,,216,single_source_curated,
site_00442,Festus Data Center,FracTracker,1,1,FracTracker,,FracTracker:frac_row_1450,Proposed,False,True,MO,Jefferson,Festus,38.19273,-90.41881,True,Point,CRG,Festus Data Center,,,,single_source_curated,
site_00443,Antelope Data Center,FracTracker,1,1,FracTracker,,FracTracker:frac_row_1451,Proposed,False,True,UT,Iron,Cedar City,37.795376,-113.37061,True,Point,,Antelope Data Center,1350000.0,,1500,single_source_curated,
site_00444,Microsoft Cheyenne Data Center,FracTracker,1,1,FracTracker,,FracTracker:frac_row_1452,Proposed,False,True,WY,Laramie,Cheyenne,41.06447,-104.77278,True,Point,Microsoft,Microsoft Cheyenne Data Center,,,,single_source_curated,
site_00445,Edged Mesa Data Center,FracTracker,1,1,FracTracker,,FracTracker:frac_row_1453,Operating,True,False,AZ,Maricopa,Mesa,33.335514,-111.64406,True,Point,Edged,Edged Mesa Data Center,210000.0,,36,single_source_curated,
site_00446,DMK Projects data center,FracTracker,1,1,FracTracker,,FracTracker:frac_row_1454,Proposed,False,True,CA,Riverside,Coachella,33.6714,-116.129,True,Point,,DMK Projects data center,,,270-600,single_source_curated,
site_00447,Thunderbird Commerce Center Project,FracTracker,1,1,FracTracker,,FracTracker:frac_row_1455,Proposed,False,True,IN,Marion,Indianapolis,39.76848,-86.05339,True,Point,DC Blox,Thunderbird Commerce Center Project,410000.0,,,single_source_curated,
site_00448,Green Data Center,FracTracker,1,1,FracTracker,,FracTracker:frac_row_1456,Proposed,False,True,NM,Socorro,Socorro,34.077454,-107.02448,True,Point,,Green Data Center,,,2000,single_source_curated,
site_00449,Project Caprock (LBB-01),FracTracker,1,1,FracTracker,,FracTracker:frac_row_1457,Approved/Permitted/Under construction,False,True,TX,Hale,Abernathy,33.86355,-101.85285,True,Point,Aligned,Project Caprock (LBB-01),1650000.0,,540,single_source_curated,
site_00450,Project Hutto,FracTracker,1,1,FracTracker,,FracTracker:frac_row_1458,Cancelled,False,True,TX,Williamson,Hutto,30.556295,-97.55823,True,Point,,Project Hutto,950000.0,,70,single_source_curated,
site_00451,QTS Wilmer data center (DFW2 and DC1),FracTracker,1,1,FracTracker,,FracTracker:frac_row_1459,Expanding,False,True,TX,Dallas,Lancaster,32.580692,-96.70294,True,Point,,QTS Wilmer data center (DFW2 and DC1),777225.0,,,single_source_curated,
site_00452,Rockdale Technology Park,FracTracker,1,1,FracTracker,,FracTracker:frac_row_146,Proposed,False,True,GA,Rockdale,Conyers,33.68682,-84.05222,True,Point,SDP Aquisitions LLC,Rockdale Technology Park,837500.0,,126,single_source_curated,
site_00453,Project Alpaca,FracTracker,1,1,FracTracker,,FracTracker:frac_row_1460,Proposed,False,True,SC,Union,Union,34.709877,-81.664665,True,Point,Volt Edge Energy,Project Alpaca,,,49,single_source_curated,
site_00454,Steve Poe's Campground data center,FracTracker,1,1,FracTracker,,FracTracker:frac_row_1461,Approved/Permitted/Under construction,False,True,KY,Jefferson,Louisville,38.196014,-85.859985,True,Point,PowerHouse Data Centers,Steve Poe's Campground data center,1600000.0,,400,single_source_curated,
site_00455,Former Remington gun factory,FracTracker,1,1,FracTracker,,FracTracker:frac_row_1462,Proposed,False,True,NY,Herkimer,Ilion,43.01354,-75.033745,True,Point,,Former Remington gun factory,500000.0,,200,single_source_curated,
site_00456,Project Arrowhead,FracTracker,1,1,FracTracker,,FracTracker:frac_row_1463,Proposed,False,True,GA,Irwin,Ocilla,31.59873,-83.37431,True,Point,,Project Arrowhead,4220000.0,,1250,single_source_curated,
site_00457,SAT 93 and SAT94,FracTracker,1,1,FracTracker,,FracTracker:frac_row_1464,Proposed,False,True,TX,Medina,Medina/ Castroville,29.424786,-98.81255,True,Point,Microsoft,SAT 93 and SAT94,490000.0,,,single_source_curated,
site_00458,Natelli Investments data center,FracTracker,1,1,FracTracker,,FracTracker:frac_row_1465,Proposed,False,True,NC,Vance,Henderson,36.30721,-78.47415,True,Point,,Natelli Investments data center,,,,single_source_curated,
site_00459,ReLoad data center,FracTracker,1,1,FracTracker,,FracTracker:frac_row_1466,Proposed,False,True,MO,Nodaway,Maryville,40.255207,-94.97283,True,Point,ReLoad,ReLoad data center,,,,single_source_curated,
site_00460,Project Delta,FracTracker,1,1,FracTracker,,FracTracker:frac_row_1467,Suspended,False,True,NC,Stokes,Walnut Cove,36.324413,-80.09938,True,Point,Engineered Land Solutions,Project Delta,,,,single_source_curated,
site_00461,Data center,FracTracker,1,1,FracTracker,,FracTracker:frac_row_1468,Proposed,False,True,PA,Lebanon,South Annville Twp,40.32169,-76.52822,True,Point,,Data center,640000.0,,,single_source_curated,
site_00462,Data center,FracTracker,1,1,FracTracker,,FracTracker:frac_row_1469,Proposed,False,True,PA,Lackawanna,Clarks Summit,41.450073,-75.7125,True,Point,,Data center,290400.0,,,single_source_curated,
site_00463,Project Splice,FracTracker,1,1,FracTracker,,FracTracker:frac_row_147,Proposed,False,True,GA,Crisp,Cordele,31.97113,-83.7316,True,Point,Red Wolf DCD,Project Splice,2100000.0,,,single_source_curated,
site_00464,Sentinel data center,FracTracker,1,1,FracTracker,,FracTracker:frac_row_1470,Proposed,False,True,PA,Chester,Exton,40.039886,-75.5847,True,Point,Sentinel,Sentinel data center,887000.0,,,single_source_curated,
site_00465,Project Seafox,FracTracker,1,1,FracTracker,,FracTracker:frac_row_1471,Proposed,False,True,TX,El Paso,El Paso,31.98718,-106.369095,True,Point,Meta,Project Seafox,25900000.0,,1000,single_source_curated,
site_00466,Okee-One data center,FracTracker,1,1,FracTracker,,FracTracker:frac_row_1472,Cancelled,False,True,FL,Okeechobee,Okeechobee,27.307442,-80.82401,True,Point,,Okee-One data center,,,,single_source_curated,
site_00467,"Stratos Project, eastern parcels",FracTracker,1,1,FracTracker,,FracTracker:frac_row_1473,Suspended,False,True,UT,Box Elder,Snowville,41.786148,-112.64388,True,Point,,"Stratos Project, eastern parcels",,,,single_source_curated,
site_00468,"Stratos Project, western parcels",FracTracker,1,1,FracTracker,,FracTracker:frac_row_1474,Suspended,False,True,UT,Box Elder,Snowville,41.784256,-112.898346,True,Point,,"Stratos Project, western parcels",,,,single_source_curated,
site_00469,Grant County Data Center,FracTracker,1,1,FracTracker,,FracTracker:frac_row_1475,Proposed,False,True,AK,Grant,Sheridan,34.3065,92.4045,False,Point,Clean Cloud Energy,Grant County Data Center,1000000.0,,500,single_source_curated,
site_00470,Kenwood Commons data center,FracTracker,1,1,FracTracker,,FracTracker:frac_row_1476,Proposed,False,True,NY,Albany,Albany,42.628124,-73.77215,True,Point,Edge,Kenwood Commons data center,,,100,single_source_curated,
site_00471,Onmine data center,FracTracker,1,1,FracTracker,,FracTracker:frac_row_1477,Suspended,False,True,TX,Bell,Killen,31.062225,-97.76623,True,Point,,Onmine data center,,,,single_source_curated,
site_00472,Wilsonville Data Center,FracTracker,1,1,FracTracker,,FracTracker:frac_row_1478,Proposed,False,True,AL,Shleby,Wilsonville,33.257,86.495,False,Point,Northpoint Development,Wilsonville Data Center,3000000.0,,1008,single_source_curated,
site_00473,Microsoft data center,FracTracker,1,1,FracTracker,,FracTracker:frac_row_1479,Proposed,False,True,GA,Fayette,Tyrone,33.518105,-84.578316,True,Point,,Microsoft data center,500000.0,,,single_source_curated,
site_00474,Amazon Covington Data Center,FracTracker,1,1,FracTracker,,FracTracker:frac_row_148,Approved/Permitted/Under construction,False,True,GA,Newton,Covington,33.63342,-83.833015,True,Point,Amazon,Amazon Covington Data Center,,,,single_source_curated,
site_00475,Mara Holdings data center,FracTracker,1,1,FracTracker,,FracTracker:frac_row_1480,Proposed,False,True,OH,Monroe,Hannibal,39.704994,-80.8452,True,Point,,Mara Holdings data center,,,200,single_source_curated,
site_00476,Urbana Technology Hub,FracTracker,1,1,FracTracker,,FracTracker:frac_row_1481,Proposed,False,True,OH,Champaign,Urbana,40.08692,-83.77341,True,Point,Thor Equities,Urbana Technology Hub,460000.0,,100,single_source_curated,
site_00477,Switch data center,FracTracker,1,1,FracTracker,,FracTracker:frac_row_1482,Proposed,False,True,PA,Beaver,Big Beaver Borough,40.826195,-80.36533,True,Point,,Switch data center,,,,single_source_curated,
site_00478,Switch data center,FracTracker,1,1,FracTracker,,FracTracker:frac_row_1483,Proposed,False,True,PA,Beaver,Big Beaver Borough,40.826195,-80.36533,True,Point,,Switch data center,,,,single_source_curated,
site_00479,Leesburg Gateway data center,FracTracker,1,1,FracTracker,,FracTracker:frac_row_1484,Proposed,False,True,VA,Loudoun,Leesburg,39.105076,-77.536705,True,Point,,Leesburg Gateway data center,600000.0,,,single_source_curated,
site_00480,,FracTracker,1,1,FracTracker,,FracTracker:frac_row_1485,Proposed,False,True,BA,Loudoun,Leesburg,39.03693,-77.56153,True,Point,Curata Partners,,,,,single_source_curated,
site_00481,Metrobloks/ Lincoln data center,FracTracker,1,1,FracTracker,,FracTracker:frac_row_1486,Proposed,False,True,MO,Clay,Liberty,39.207115,-94.45515,True,Point,,Metrobloks/ Lincoln data center,568000.0,,150,single_source_curated,
site_00482,Lone Star Project,FracTracker,1,1,FracTracker,,FracTracker:frac_row_1487,Proposed,False,True,TX,Glasscock,Glasscock County,31.788517,-101.581985,True,Point,Pace,Lone Star Project,,,100,single_source_curated,
site_00483,Core Scientific,FracTracker,1,1,FracTracker,,FracTracker:frac_row_1488,Proposed,False,True,TX,Reeves,Pecos,31.533497,-103.80071,True,Point,Core Scientific,Core Scientific,,,300,single_source_curated,
site_00484,Monclova Data Center,FracTracker,1,1,FracTracker,,FracTracker:frac_row_1489,Proposed,False,True,OH,Lucas,Monclova Township,41.546165,-83.71574,True,Point,,Monclova Data Center,,,,single_source_curated,
site_00485,Gregory Road Data Center,FracTracker,1,1,FracTracker,,FracTracker:frac_row_149,Proposed,False,True,GA,Newton,Covington,33.653538,-83.81398,True,Point,"Universal Planning and Development LLC, JBW Investments, LLC data center",Gregory Road Data Center,1410000.0,,360,single_source_curated,
site_00486,Waterville Data Center,FracTracker,1,1,FracTracker,,FracTracker:frac_row_1490,Proposed,False,True,OH,Lucas,Waterville,41.498295,-83.75243,True,Point,,Waterville Data Center,,,,single_source_curated,
site_00487,Compass Data Center,FracTracker|NAICS,2,2,FracTracker,,FracTracker:frac_row_15,Approved/Permitted/Under construction,True,True,AZ,Maricopa,Goodyear,33.44123,-112.377,True,Point,Compass Data Centers,"COMPASS DATACENTERS PHX I, LLC|Compass Data Center",,,,multi_source,FracTracker:frac_row_15<->NAICS:naics_421:name_supported_500m:208.684m
site_00488,Serverfarm ATL2,FracTracker,1,1,FracTracker,,FracTracker:frac_row_150,Operating,True,False,GA,Newton,Covington,33.61121,-83.83438,True,Point,Severfarm,Serverfarm ATL2,498960.0,,75,single_source_curated,
site_00489,CORE DALTON 4,FracTracker,1,1,FracTracker,,FracTracker:frac_row_151,Proposed,False,True,GA,Whitfield,Dalton,34.68098,-84.94408,True,Point,Core Scientific,CORE DALTON 4,435600.0,,,single_source_curated,
site_00490,Core Scientific,FracTracker,1,1,FracTracker,,FracTracker:frac_row_152,Operating,True,False,GA,Whitfield,Dalton,34.6883,-84.9408,True,Point,Core Scientific,Core Scientific,,,195,single_source_curated,
site_00491,Dalton,FracTracker,1,1,FracTracker,,FracTracker:frac_row_153,Operating,True,False,GA,Whitfield,Dalton,34.71316,-84.95143,True,Point,Core Scientific,Dalton,300000.0,,195,single_source_curated,
site_00492,Dalton 3,FracTracker,1,1,FracTracker,,FracTracker:frac_row_154,Proposed,False,True,GA,Whitfield,Dalton,34.701214,-84.95039,True,Point,Core Scientific,Dalton 3,87000.0,,142,single_source_curated,
site_00493,Data center,FracTracker,1,1,FracTracker,,FracTracker:frac_row_155,Operating,True,False,GA,Whitfield,Dalton,34.76418,-84.9711,True,Point,,Data center,57320.0,,,single_source_curated,
site_00494,"Ranalli Super DC, LLC Data Center",FracTracker,1,1,FracTracker,,FracTracker:frac_row_156,Proposed,False,True,NY,Onondaga,Lysander,43.18687,-76.35703,True,Point,,"Ranalli Super DC, LLC Data Center",,,300,single_source_curated,
site_00495,Flexential Atlanta - Douglasville 2,FracTracker|PNNL,2,2,PNNL,building,PNNL:building_01258702591,Operating,True,False,GA,Douglas County,Douglasville,33.73070271823669,-84.61123970385259,True,Polygon,Flexential,Atlanta-Douglasville 2|Flexential Atlanta - Douglasville 2,358000.0,,36,multi_source,FracTracker:frac_row_157<->PNNL:building_01258702591:spatial_100m:4.94m
site_00496,Douglasville Campus,FracTracker,1,1,FracTracker,,FracTracker:frac_row_158,Operating,True,False,GA,Douglas,Douglasville,33.73178,-84.61917,True,Point,Microsoft,Douglasville Campus,1000000.0,,150,single_source_curated,
site_00497,Vantage Data Center,FracTracker,1,1,FracTracker,,FracTracker:frac_row_159,Proposed,False,True,GA,Douglas,Douglasville,33.71054,-84.6269,True,Point,,Vantage Data Center,1700000.0,,,single_source_curated,
site_00498,PHX-10,FracTracker|PNNL,2,3,PNNL,building,PNNL:building_00795384117,Operating,True,False,AZ,Maricopa County,Goodyear,33.40794624396243,-112.36482981743815,True,Polygon,Microsoft,Microsoft Data Center|PHX-10|PHX-11,246184.0,,,multi_source,FracTracker:frac_row_16<->PNNL:building_00795384117:name_supported_500m:363.368m ; FracTracker:frac_row_16<->PNNL:building_01091128478:name_supported_500m:268.0m
site_00499,Project Eagle,FracTracker,1,1,FracTracker,,FracTracker:frac_row_160,Proposed,False,True,GA,Twiggs,Dry Branch,32.63236,-83.5072,True,Point,Eagle Rock Partners LLC and Thomas & Hutton Engineering,Project Eagle,,,900,single_source_curated,
site_00500,East Point Campus,FracTracker,1,1,FracTracker,,FracTracker:frac_row_161,Operating,True,False,GA,Fulton,East Point,33.642456,-84.514824,True,Point,Microsoft,East Point Campus,250000.0,,38,single_source_curated,
site_00501,Clayton Commerce III,FracTracker,1,1,FracTracker,,FracTracker:frac_row_162,Proposed,False,True,GA,Clayton,Ellenwood,33.6353,-84.30396,True,Point,TA Realty/ EdgeconneX,Clayton Commerce III,,,180,single_source_curated,
site_00502,Conley Creek Data Center,FracTracker,1,1,FracTracker,,FracTracker:frac_row_163,Suspended,False,True,GA,Dekalb,Ellenwood,33.64961,-84.294815,True,Point,Telecad Wireless,Conley Creek Data Center,1000000.0,,,single_source_curated,
site_00503,Fairburn Technology Center,FracTracker,1,1,FracTracker,,FracTracker:frac_row_164,Proposed,False,True,GA,Fulton,Fairburn,33.532734,-84.58926,True,Point,"Bohannon Road Venture, LLC.",Fairburn Technology Center,1190000.0,,,single_source_curated,
site_00504,T5 ATL IV,FracTracker,1,1,FracTracker,,FracTracker:frac_row_165,Proposed,False,True,GA,Fulton,Fairburn,33.52815,-84.6147,True,Point,,T5 ATL IV,1320000.0,,,single_source_curated,
site_00505,Fairwater 2,FracTracker,1,1,FracTracker,,FracTracker:frac_row_167,Operating,True,False,GA,Fayette,Fayetteville,33.46006,-84.523994,True,Point,QTS?,Fairwater 2,1200000.0,,615-1100,single_source_curated,
site_00506,Project Excalibur Data Center,FracTracker,1,1,FracTracker,,FracTracker:frac_row_168,Approved/Permitted/Under construction,False,True,GA,Fayette,Fayetteville,33.44572,-84.536,True,Point,QTS Data Centers,Project Excalibur Data Center,6600000.0,,250,single_source_curated,
site_00507,ATL 15 and 16 (Ft Gillem),FracTracker,1,1,FracTracker,,FracTracker:frac_row_169,Proposed,False,True,GA,Clayton,Forest Park,33.61974,-84.329025,True,Point,Digital Realty,ATL 15 and 16 (Ft Gillem),1900000.0,,,single_source_curated,
site_00508,Stream Data Centers PHX-1,FracTracker|PNNL,2,2,PNNL,building,PNNL:building_00468707940,Approved/Permitted/Under construction,True,True,AZ,Maricopa County,Goodyear,33.41949068772329,-112.35998844515763,True,Polygon,Stream Data Centers,Stream Data Center|Stream Data Centers PHX-1,2000000.0,,200,multi_source,FracTracker:frac_row_17<->PNNL:building_00468707940:spatial_100m:55.443m
site_00509,Rumble Technology Campus,FracTracker,1,1,FracTracker,,FracTracker:frac_row_170,Proposed,False,True,GA,Monroe,Forsyth,32.99113,-83.8368,True,Point,Google/Cloverleaf Infrastructure,Rumble Technology Campus,4200000.0,,,single_source_curated,
site_00510,Project Turbo,FracTracker,1,1,FracTracker,,FracTracker:frac_row_171,Proposed,False,True,GA,Hall,Gainesville,34.226425,-83.78167,True,Point,"Project Turbo, Inc",Project Turbo,900000.0,,,single_source_curated,
site_00511,Eagle Rock Partners LLC and Thomas & Hutton Engineering Data Center,FracTracker,1,1,FracTracker,,FracTracker:frac_row_172,Proposed,False,True,GA,Jones,Gordon,32.91623,-83.382996,True,Point,,Eagle Rock Partners LLC and Thomas & Hutton Engineering Data Center,1800000.0,,,single_source_curated,
site_00512,Crooked Creek Data Center,FracTracker,1,1,FracTracker,,FracTracker:frac_row_173,Cancelled,False,True,GA,Jones,Gray,32.937828,-83.396965,True,Point,Eagle Rock Partners LLC and Thomas & Hutton Engineering,Crooked Creek Data Center,1800000.0,,,single_source_curated,
site_00513,Project Spalding,FracTracker,1,1,FracTracker,,FracTracker:frac_row_174,Approved/Permitted/Under construction,False,True,GA,Spalding,Griffin,33.24653,-84.2326,True,Point,Montana Property Group LLC,Project Spalding,2550000.0,,,single_source_curated,
site_00514,Spalding Investments LLC Data Center,FracTracker,1,1,FracTracker,,FracTracker:frac_row_175,Proposed,False,True,GA,Spaulding,Griffin,33.24212,-84.19505,True,Point,,Spalding Investments LLC Data Center,1420000.0,,,single_source_curated,
site_00515,Wallace Jackson Data Center Campus,FracTracker,1,1,FracTracker,,FracTracker:frac_row_176,Proposed,False,True,GA,Spaulding,Griffin,33.273514,-84.12198,True,Point,,Wallace Jackson Data Center Campus,4986000.0,,,single_source_curated,
site_00516,0 Rocky Creek (Red Wolf DCD),FracTracker,1,1,FracTracker,,FracTracker:frac_row_177,Proposed,False,True,GA,Henry,Hampton,33.40101,-84.2243,True,Point,,0 Rocky Creek (Red Wolf DCD),1250000.0,,,single_source_curated,
site_00517,Hampton Data Center,FracTracker,1,1,FracTracker,,FracTracker:frac_row_178,Proposed,False,True,GA,Henry,Hampton,33.384445,-84.26329,True,Point,Southeast Property Holdings LLC,Hampton Data Center,585000.0,,,single_source_curated,
site_00518,Rocky Creek,FracTracker,1,1,FracTracker,,FracTracker:frac_row_179,Proposed,False,True,GA,Henry,Hampton,33.40127,-84.22438,True,Point,"Red Wolf DCD Properties, LLC",Rocky Creek,1253752.0,,,single_source_curated,
site_00519,Vantage Data Center,FracTracker,1,1,FracTracker,,FracTracker:frac_row_18,Approved/Permitted/Under construction,False,True,AZ,Maricopa,Goodyear,33.44718,-112.373,True,Point,Vantage Data Centers,Vantage Data Center,,,176,single_source_curated,
site_00520,Hogansville Data Center,FracTracker,1,1,FracTracker,,FracTracker:frac_row_180,Proposed,False,True,GA,Troup,Hogansville,33.14624,-84.94037,True,Point,,Hogansville Data Center,,,600,single_source_curated,
site_00521,River Park,FracTracker,1,1,FracTracker,,FracTracker:frac_row_181,Proposed,False,True,GA,Butts,Jackson,33.276512,-84.09031,True,Point,"Interstate Health Systems, LLC",River Park,11000000.0,,,single_source_curated,
site_00522,Project Pegasus,FracTracker,1,1,FracTracker,,FracTracker:frac_row_182,Operating,True,False,GA,Troup,LaGrange,32.98697,-85.05588,True,Point,"Form8tion (Thor Equities), Google",Project Pegasus,,,,single_source_curated,
site_00523,Project West,FracTracker,1,1,FracTracker,,FracTracker:frac_row_183,Proposed,False,True,GA,Troup,LaGrange,32.96313,-85.0219,True,Point,Economic Impact Group LLC,Project West,1500000.0,,600,single_source_curated,
site_00524,Amazon,FracTracker,1,1,FracTracker,,FracTracker:frac_row_184,Proposed,False,True,GA,Lamar,Lamar County,33.1795,-84.0563,True,Point,Amazon,Amazon,19000000.0,,,single_source_curated,
site_00525,Data Bank ATL5 (Litha Springs),FracTracker,1,1,FracTracker,,FracTracker:frac_row_185,Proposed,False,True,GA,Fulton,Litha Springs,33.7474,-84.5403,True,Point,DataBank,Data Bank ATL5 (Litha Springs),240000.0,,72,single_source_curated,
site_00526,Switch Atlanta,FracTracker,1,1,FracTracker,,FracTracker:frac_row_186,Operating,True,False,GA,Douglas,Lithia,33.770504,-84.590355,True,Point,Switch,Switch Atlanta,1000000.0,,110,single_source_curated,
site_00527,Digital Realty Atlanta ATL11,FracTracker|PNNL,2,3,PNNL,building,PNNL:building_00975064000,Operating,True,False,GA,Douglas County,Lithia Springs,33.746561602113815,-84.57973805393436,True,Polygon,Digital Realty,Atlanta ATL11|Digital Realty Atlanta ATL11,313000.0,,,multi_source,FracTracker:frac_row_187<->PNNL:building_00975064000:spatial_100m:27.971m
site_00528,Centersquare Atlanta ATL1,FracTracker|PNNL,2,3,PNNL,building,PNNL:building_00713410334,Operating,True,False,GA,Douglas County,Lithia Springs,33.74422840992556,-84.58121647346032,True,Polygon,Centersquare,Atlanta ATL1a|Atlanta ATL1b|Centersquare Atlanta ATL1,137203.0,,18|7,multi_source,FracTracker:frac_row_188<->PNNL:building_00713410334:spatial_100m:9.878m ; FracTracker:frac_row_189<->PNNL:building_00713410334:spatial_100m:9.878m
site_00529,Project Blue (version 2),FracTracker,1,1,FracTracker,,FracTracker:frac_row_19,Proposed,False,True,AZ,Pima,Marana,32.4929,-111.28652,True,Point,Beale Infrastructure,Project Blue (version 2),,,250-600,single_source_curated,
site_00530,DC BLOX Atlanta West Campus,FracTracker,1,1,FracTracker,,FracTracker:frac_row_190,Operating,True,False,GA,Douglas,Lithia Springs,33.733944,-84.615234,True,Point,DC BLOX,DC BLOX Atlanta West Campus,1250000.0,,120,single_source_curated,
site_00531,Google Datacenter - Douglas County,FracTracker|PNNL,2,2,PNNL,campus,PNNL:campus_00578435601,Operating,True,False,GA,Douglas County,Lithia Springs,33.7505902365265,-84.58522343651347,True,MultiPolygon,Google,Google|Google Datacenter - Douglas County,1300000.0,2608502.0,78,multi_source,FracTracker:frac_row_191<->PNNL:campus_00578435601:name_supported_500m:131.918m
site_00532,Microsoft: FTY101,FracTracker,1,1,FracTracker,,FracTracker:frac_row_192,Proposed,False,True,GA,Douglas,Lithia Springs,33.7318,-84.6192,True,Point,Microsoft,Microsoft: FTY101,1000000.0,,,single_source_curated,
site_00533,PWC Lithia Springs,FracTracker,1,1,FracTracker,,FracTracker:frac_row_193,Operating,True,False,GA,Douglas,Lithia Springs,33.74222,-84.59638,True,Point,PricewaterhouseCoopers,PWC Lithia Springs,,,,single_source_curated,
site_00534,Rock House Road Data Center,FracTracker,1,1,FracTracker,,FracTracker:frac_row_194,Proposed,False,True,GA,Douglas,Lithia Springs,33.749,-84.6093,True,Point,Amazon,Rock House Road Data Center,1465000.0,,,single_source_curated,
site_00535,STACK Atlanta ATL02,FracTracker,1,1,FracTracker,,FracTracker:frac_row_195,Approved/Permitted/Under construction,False,True,GA,Douglas,Lithia Springs,33.76018,-84.6017,True,Point,STACK Infrastructure,STACK Atlanta ATL02,300000.0,,160,single_source_curated,
site_00536,Switch Data Center,FracTracker|PNNL,2,2,PNNL,building,PNNL:building_00975064004,Operating,True,False,GA,Douglas County,Lithia Springs,33.75502503782062,-84.58726858074978,True,Polygon,Switch|Switch SUPERNAP,Switch Atlanta: The Keep Campus|Switch Data Center,1000000.0,,150,multi_source,FracTracker:frac_row_196<->PNNL:building_00975064004:strong_name_supported_1km:809.529m
site_00537,T5 @ Atlanta III,FracTracker,1,1,FracTracker,,FracTracker:frac_row_197,Operating,True,False,GA,Douglas,Lithia Springs,33.763447,-84.604774,True,Point,T5,T5 @ Atlanta III,1600000.0,,300,single_source_curated,
site_00538,Bolingbroke Technology Campus,FracTracker,1,1,FracTracker,,FracTracker:frac_row_198,Suspended,False,True,GA,Monroe,Macon,32.94087,-83.8188,True,Point,,Bolingbroke Technology Campus,5400000.0,,900,single_source_curated,
site_00539,Stream Data Center,FracTracker,1,1,FracTracker,,FracTracker:frac_row_199,Proposed,False,True,GA,Douglas,Macon,33.738323,-84.80737,True,Point,"SDC ATLA, LLC",Stream Data Center,2687400.0,,,single_source_curated,
site_00540,Google Jackson County Data Center,FracTracker|PNNL,2,4,PNNL,campus,PNNL:campus_00714889192,Operating,True,False,AL,Jackson County,Bridgeport,34.914333709146234,-85.74826082398661,True,MultiPolygon,Google|Google LLC,Google|Google Data Center|Google Jackson County Data Center,270000.0,7582142.0,,multi_source,FracTracker:frac_row_2<->PNNL:building_00844371952:strong_name_supported_1km:770.826m ; FracTracker:frac_row_2<->PNNL:building_00844371953:strong_name_supported_1km:738.692m ; FracTracker:frac_row_2<->PNNL:campus_00714889192:strong_name_supported_1km:734.371m
site_00541,Amazon Data Center,FracTracker,1,1,FracTracker,,FracTracker:frac_row_20,Proposed,False,True,AZ,Maricopa,Mesa,33.29757,-111.607,True,Point,Amazon,Amazon Data Center,,,,single_source_curated,
site_00542,DataSite Atlanta,FracTracker|PNNL,2,2,PNNL,building,PNNL:building_00284044002,Operating,True,False,GA,Cobb County,Marietta,33.92551125989177,-84.48161598883719,True,Polygon,CoreSite|datasite,Atlanta AT2|DataSite Atlanta,77660.0,,2,multi_source,FracTracker:frac_row_200<->PNNL:building_00284044002:spatial_100m:2.226m
site_00543,Grindcap,FracTracker,1,1,FracTracker,,FracTracker:frac_row_201,Proposed,False,True,GA,Cobb,Marietta,33.99401,-84.5527,True,Point,,Grindcap,,,108,single_source_curated,
site_00544,Marietta Data Center,FracTracker,1,1,FracTracker,,FracTracker:frac_row_202,Proposed,False,True,GA,Marrietta,Marietta,33.994106,-84.552986,True,Point,MMM Acquisitions LLC,Marietta Data Center,347200.0,,180,single_source_curated,
site_00545,Northern Data,FracTracker,1,1,FracTracker,,FracTracker:frac_row_203,Proposed,False,True,GA,Jackson,Maysville,34.2525,-83.5614,True,Point,,Northern Data,,,120-180,single_source_curated,
site_00546,Central Coweta Industrial Phase II,FracTracker,1,1,FracTracker,,FracTracker:frac_row_204,Proposed,False,True,GA,Coweta,Newnan,33.42518,-84.72857,True,Point,"Central Coweta Industrial LLC, Brent Holdings",Central Coweta Industrial Phase II,24000000.0,,,single_source_curated,
site_00547,Project Sail,FracTracker,1,1,FracTracker,,FracTracker:frac_row_205,Approved/Permitted/Under construction,False,True,GA,Coweta,Newnan,33.43413,-84.8768,True,Point,Atlas Development,Project Sail,4900000.0,,936,single_source_curated,
site_00548,T5 @ Atlanta IV,FracTracker,1,1,FracTracker,,FracTracker:frac_row_206,Operating,True,False,GA,Coweta,Newnan,33.49088,-84.66487,True,Point,T5,T5 @ Atlanta IV,2950000.0,,200,single_source_curated,
site_00549,Flexential Atlanta - Norcross,FracTracker|PNNL,2,2,PNNL,building,PNNL:building_00392324240,Operating,True,False,GA,Gwinnett County,Norcross,33.95476871472785,-84.19856192066597,True,Polygon,Flexential,Atlanta-Norcross|Flexential Atlanta - Norcross,32740.0,,2,multi_source,FracTracker:frac_row_207<->PNNL:building_00392324240:spatial_100m:5.384m
site_00550,Equinix Atlanta AT5,FracTracker,1,1,FracTracker,,FracTracker:frac_row_208,Operating,True,False,GA,Gwinnett,Norcross,33.938904,-84.2272,True,Point,Equinix,Equinix Atlanta AT5,21334.0,,,single_source_curated,
site_00551,Gregory Road Data Center,FracTracker,1,1,FracTracker,,FracTracker:frac_row_209,Proposed,False,True,GA,Newton,Oxford,33.65342,-83.8231,True,Point,,Gregory Road Data Center,1400000.0,,,single_source_curated,
site_00552,Amazon Data Center,FracTracker,1,1,FracTracker,,FracTracker:frac_row_21,Proposed,False,True,AZ,Maricopa,Mesa,33.34263,-111.604,True,Point,Amazon,Amazon Data Center,,,,single_source_curated,
site_00553,Palmetto Campus,FracTracker,1,1,FracTracker,,FracTracker:frac_row_210,Operating,True,False,GA,Fulton,Palmetto,33.52662,-84.636375,True,Point,Microsoft,Palmetto Campus,250000.0,,38,single_source_curated,
site_00554,Project Peach,FracTracker,1,1,FracTracker,,FracTracker:frac_row_211,Proposed,False,True,GA,Coweta,Palmetto,33.50277,-84.6692,True,Point,"North Coweta Investors, LLC",Project Peach,2100000.0,,,single_source_curated,
site_00555,T5,FracTracker,1,1,FracTracker,,FracTracker:frac_row_212,Proposed,False,True,GA,Coweta,Palmetto,33.49292,-84.6615,True,Point,,T5,3000000.0,,,single_source_curated,
site_00556,Atlas Battey Business Complex,FracTracker,1,1,FracTracker,,FracTracker:frac_row_213,Proposed,False,True,GA,Floyd,Rome,34.2664,-85.3029,True,Point,,Atlas Battey Business Complex,,,500-900,single_source_curated,
site_00557,Project Firecracker (Microsoft),FracTracker,1,1,FracTracker,,FracTracker:frac_row_214,Proposed,False,True,GA,Floyd,Rome,34.30175,-85.3087,True,Point,Microsoft,Project Firecracker (Microsoft),,,,single_source_curated,
site_00558,Project Gracie (Atlas Development),FracTracker,1,1,FracTracker,,FracTracker:frac_row_215,Proposed,False,True,GA,Floyd,Rome,34.26722,-85.2995,True,Point,,Project Gracie (Atlas Development),2400000.0,,,single_source_curated,
site_00559,Project Sassy,FracTracker,1,1,FracTracker,,FracTracker:frac_row_216,Proposed,False,True,GA,Floyd,Rome,34.36917,-85.0482,True,Point,,Project Sassy,2490000.0,,504,single_source_curated,
site_00560,Rome Campus,FracTracker,1,1,FracTracker,,FracTracker:frac_row_217,Proposed,False,True,GA,Floyd,Rome,34.300987,-85.30927,True,Point,Microsoft,Rome Campus,,,,single_source_curated,
site_00561,Athens Shoals Crossing Data Center,FracTracker,1,1,FracTracker,,FracTracker:frac_row_218,Proposed,False,True,GA,Athens-Clark,Shoals Crossing,33.988262,-83.30194,True,Point,Brasfield & Gorrie,Athens Shoals Crossing Data Center,75000.0,,,single_source_curated,
site_00562,Smyrna GA2,FracTracker,1,1,FracTracker,,FracTracker:frac_row_219,Operating,True,False,GA,Cobb,Smyrna,33.841206,-84.522415,True,Point,365 Data Centers,Smyrna GA2,100000.0,,4,single_source_curated,
site_00563,Apple Mesa Data Center,FracTracker|PNNL,2,4,PNNL,campus,PNNL:campus_00567575428,Operating,True,False,AZ,Maricopa County,Mesa,33.34679827603292,-111.60431805940925,True,MultiPolygon,Apple|Apple Inc.,Apple Data Center|Apple Mesa Data Center,1338261.0,3983906.0,,multi_source,FracTracker:frac_row_22<->PNNL:building_00300974499:spatial_100m:10.417m ; FracTracker:frac_row_22<->PNNL:building_00567575425:spatial_100m:15.581m ; FracTracker:frac_row_22<->PNNL:campus_00567575428:spatial_100m:44.72m
site_00564,Verizon Atlanta,FracTracker,1,1,FracTracker,,FracTracker:frac_row_220,Operating,True,False,GA,Cobb,Smyrna,33.8291,-84.503174,True,Point,Verizon Communications Inc.,Verizon Atlanta,,,1,single_source_curated,
site_00565,Data Center - 0 Social Circle Parkway,FracTracker,1,1,FracTracker,,FracTracker:frac_row_221,Proposed,False,True,GA,Walton,Social Circle,33.664944,-83.68987,True,Point,"Sailfish Investors Acquisitions, LLC",Data Center - 0 Social Circle Parkway,,,,single_source_curated,
site_00566,Meta Stanton Springs Data Center,FracTracker|PNNL,2,5,PNNL,campus,PNNL:campus_01054387470,Expanding,True,True,GA,Newton County,Social Circle,33.60076107577663,-83.70034219452744,True,MultiPolygon,Meta,Meta Stanton Springs Data Center|Stanton Springs Data Center (Newton),2500000.0,9032398.0,,multi_source,FracTracker:frac_row_222<->PNNL:building_01054387471:strong_name_supported_1km:646.28m ; FracTracker:frac_row_222<->PNNL:building_01070895993:name_supported_500m:341.841m ; FracTracker:frac_row_222<->PNNL:building_01070895994:strong_name_supported_1km:626.737m ; FracTracker:frac_row_222<->PNNL:campus_01054387470:name_supported_500m:275.981m
site_00567,Westlake,FracTracker,1,1,FracTracker,,FracTracker:frac_row_223,Operating,True,False,GA,Fulton,South Fulton,33.708332,-84.584564,True,Point,Vantage Data Centers,Westlake,754221.0,,113,single_source_curated,
site_00568,Edge Presence,FracTracker,1,1,FracTracker,,FracTracker:frac_row_224,Operating,True,False,GA,Bulloch,Statesboro,32.43269,-81.76039,True,Point,Ubiquity,Edge Presence,360.0,,0.1,single_source_curated,
site_00569,ATL1 - Atlanta Data Center,FracTracker,1,1,FracTracker,,FracTracker:frac_row_225,Operating,True,False,GA,Gwinnett,Suwanee,34.03615,-84.06378,True,Point,Server Farm Realty,ATL1 - Atlanta Data Center,153000.0,,12,single_source_curated,
site_00570,QTS Suwanee,FracTracker|PNNL,2,6,PNNL,campus,PNNL:campus_01207052719,Operating,True,False,GA,Gwinnett County,Suwanee,34.03623058231168,-84.05926627312874,True,MultiPolygon,QTS Data Centers|Quality Technology Services,Atlanta Suwanee DC1|Atlanta Suwanee DC2|QTS Suwanee|QTS Suwanee Data Center 1|QTS Suwanee Data Center 2,385000.0,1452037.0,26|30,multi_source,FracTracker:frac_row_1374<->PNNL:building_00387378765:name_supported_500m:173.461m ; FracTracker:frac_row_1374<->PNNL:building_00387379196:name_supported_500m:222.1m ; FracTracker:frac_row_1374<->PNNL:campus_01207052719:spatial_100m:91.831m ; FracTracker:frac_row_226<->PNNL:building_00387378765:spatial_100m:17.625m ; FracTracker:frac_row_226<->PNNL:building_00387379196:name_supported_500m:380.239m ; FracTracker:frac_row_226<->PNNL:campus_01207052719:name_supported_500m:207.706m ; FracTracker:frac_row_227<->PNNL:building_00387378765:name_supported_500m:364.073m ; FracTracker:frac_row_227<->PNNL:building_00387379196:spatial_100m:8.2m ; FracTracker:frac_row_227<->PNNL:campus_01207052719:name_supported_500m:173.571m
site_00571,Project Bus,FracTracker,1,1,FracTracker,,FracTracker:frac_row_228,Suspended,False,True,GA,Carroll and Haralson,Temple,33.709145,-85.06483,True,Point,Atlas Development,Project Bus,,,,single_source_curated,
site_00572,Upson County Megasite,FracTracker,1,1,FracTracker,,FracTracker:frac_row_229,Proposed,False,True,GA,Upson,Thomaston,32.885147,-84.24026,True,Point,Dominion Capital,Upson County Megasite,3250000.0,,,single_source_curated,
site_00573,Meta Data Center,FracTracker,1,1,FracTracker,,FracTracker:frac_row_23,Approved/Permitted/Under construction,False,True,AZ,Maricopa,Mesa,33.35076,-111.67,True,Point,Meta,Meta Data Center,750000.0,,,single_source_curated,
site_00574,Project Azalea,FracTracker,1,1,FracTracker,,FracTracker:frac_row_230,Approved/Permitted/Under construction,False,True,GA,McDuffie,Thomson,33.453014,-82.39851,True,Point,,Project Azalea,,,,single_source_curated,
site_00575,Project Rita Campus,FracTracker,1,1,FracTracker,,FracTracker:frac_row_231,Operating,True,False,GA,Fayette,Tyrone,33.517883,-84.57948,True,Point,Fayette County Development Authority,Project Rita Campus,1000000.0,,96,single_source_curated,
site_00576,ATL03/Red Oak,FracTracker,1,1,FracTracker,,FracTracker:frac_row_232,Proposed,False,True,GA,Fulton,Union City,33.56321,-84.5129,True,Point,"TA Realty LLC, Brightstar Commercial Properties LLC",ATL03/Red Oak,1000000.0,,150,single_source_curated,
site_00577,Union City Data Center,FracTracker,1,1,FracTracker,,FracTracker:frac_row_233,Proposed,False,True,GA,Fulton,Union City,33.562943,-84.5134,True,Point,,Union City Data Center,,,,single_source_curated,
site_00578,Valdosta Data Center,FracTracker,1,1,FracTracker,,FracTracker:frac_row_234,Proposed,False,True,GA,Lowndes,Valdosta,30.885855,-83.32822,True,Point,Langdale Capital Assets,Valdosta Data Center,,,,single_source_curated,
site_00579,Atlas,FracTracker,1,1,FracTracker,,FracTracker:frac_row_235,Proposed,False,True,GA,Carroll,Villa Rica,33.70841,-84.9497,True,Point,,Atlas,,,,single_source_curated,
site_00580,Avemore GA LLC Data Center,FracTracker,1,1,FracTracker,,FracTracker:frac_row_236,Proposed,False,True,GA,Carroll,Villa Rica,33.70459,-84.94,True,Point,Atlanta Development,Avemore GA LLC Data Center,350000.0,,,single_source_curated,
site_00581,Hickman Property,FracTracker,1,1,FracTracker,,FracTracker:frac_row_237,Proposed,False,True,GA,Douglas,Villa Rica,33.707703,-84.86278,True,Point,East Village Donthan LLC,Hickman Property,6200000.0,,,single_source_curated,
site_00582,Data center: Robins Air Force Base (3 sites),FracTracker,1,1,FracTracker,,FracTracker:frac_row_238,Proposed,False,True,GA,Houston,Warner Robins,32.6389,-83.592094,True,Point,,Data center: Robins Air Force Base (3 sites),,,,single_source_curated,
site_00583,Atlanta West (Stream Data Center)/ DC Blox,FracTracker,1,1,FracTracker,,FracTracker:frac_row_239,Proposed,False,True,GA,Douglas,Winston,33.73446,-84.8097,True,Point,,Atlanta West (Stream Data Center)/ DC Blox,1300000.0,,240,single_source_curated,
site_00584,NTT PH1 Datacenter,FracTracker|PNNL,2,2,PNNL,campus,PNNL:campus_01356594646,Operating,True,False,AZ,Maricopa County,Mesa,33.353820971794995,-111.61234316481308,True,MultiPolygon,NTT,NTT Data Center|NTT PH1 Datacenter,,3498780.0,240,multi_source,FracTracker:frac_row_24<->PNNL:campus_01356594646:name_supported_500m:418.905m
site_00585,"West Atlanta, GA (ATL) Campus",FracTracker,1,1,FracTracker,,FracTracker:frac_row_240,Operating,True,False,GA,Douglas,Winston,33.739944,-84.80678,True,Point,Stream Data Centers,"West Atlanta, GA (ATL) Campus",1343700.0,,240,single_source_curated,
site_00586,Eagle Rock Jones County,FracTracker,1,1,FracTracker,,FracTracker:frac_row_241,Suspended,False,True,GA,Jones,,32.91274,-83.472046,True,Point,Eagle Rock Partners LLC and Thomas & Hutton Engineering,Eagle Rock Jones County,,,900,single_source_curated,
site_00587,Applied Digital,FracTracker,1,1,FracTracker,,FracTracker:frac_row_242,Proposed,False,True,IA,Adair,Adair,41.46419,-94.6051,True,Point,,Applied Digital,,,200,single_source_curated,
site_00588,Edged DSM01-1 Data Center,FracTracker,1,1,FracTracker,,FracTracker:frac_row_243,Approved/Permitted/Under construction,False,True,IA,Polk,Ankeny,41.65646,-93.5616,True,Point,,Edged DSM01-1 Data Center,100000.0,,13,single_source_curated,
site_00589,Google,FracTracker,1,1,FracTracker,,FracTracker:frac_row_244,Proposed,False,True,IA,Linn,Cedar Rapids,41.90651,-91.7155,True,Point,Google,Google,,,,single_source_curated,
site_00590,Edged Data Center,FracTracker,1,1,FracTracker,,FracTracker:frac_row_245,Proposed,False,True,IA,Pottawattamie,Council Bluffs,41.27521,-95.8246,True,Point,,Edged Data Center,570000.0,,200,single_source_curated,
site_00591,Google,FracTracker|PNNL,2,3,PNNL,campus,PNNL:campus_00578438011,Operating,True,False,IA,Pottawattamie County,Council Bluffs,41.22165804807755,-95.86449775401766,True,MultiPolygon,Google,Google,2890000.0,2304742.0,,multi_source,FracTracker:frac_row_246<->PNNL:building_00191655977:spatial_100m:90.855m ; FracTracker:frac_row_246<->PNNL:campus_00578438011:spatial_100m:40.522m
site_00592,Project Osmium,FracTracker|PNNL,2,8,PNNL,campus,PNNL:campus_00830885779,Operating,True,False,IA,Madison County,Cumming,41.4982126945884,-93.78856494092211,True,MultiPolygon,Microsoft,Microsoft|Project Osmium|Project Osmium (Microsoft),1700000.0,3691114.0,,multi_source,FracTracker:frac_row_247<->PNNL:building_00830885773:name_supported_500m:178.123m ; FracTracker:frac_row_247<->PNNL:building_00830885774:name_supported_500m:266.339m ; FracTracker:frac_row_247<->PNNL:building_01075278060:name_supported_500m:141.203m ; FracTracker:frac_row_247<->PNNL:building_01318322071:name_supported_500m:180.224m ; FracTracker:frac_row_247<->PNNL:building_01318322073:name_supported_500m:274.118m ; FracTracker:frac_row_247<->PNNL:campus_00830885779:name_supported_500m:151.811m
site_00593,Project Ruthenium (Microsoft),FracTracker,1,1,FracTracker,,FracTracker:frac_row_248,Proposed,False,True,IA,Madison,Cumming,41.49467,-93.8046,True,Point,Microsoft,Project Ruthenium (Microsoft),245000.0,,100-200,single_source_curated,
site_00594,Cielo Digital Infrastructure,FracTracker,1,1,FracTracker,,FracTracker:frac_row_249,Proposed,False,True,IA,Polk,Des Moines,41.57011,-93.5839,True,Point,,Cielo Digital Infrastructure,,,150,single_source_curated,
site_00595,NTT Data Center,FracTracker,1,1,FracTracker,,FracTracker:frac_row_25,Approved/Permitted/Under construction,False,True,AZ,Maricopa,Mesa,33.29556,-111.614,True,Point,NTT Global Data Centers,NTT Data Center,,,200,single_source_curated,
site_00596,Data center,FracTracker,1,1,FracTracker,,FracTracker:frac_row_250,Operating,True,False,IA,Dubuque,Dubuque,42.44434,-90.679,True,Point,Windstream,Data center,14612.0,,,single_source_curated,
site_00597,QTS Data Center,FracTracker,1,1,FracTracker,,FracTracker:frac_row_251,Approved/Permitted/Under construction,False,True,IA,Linn,Fairfax,41.89881,-91.7211,True,Point,,QTS Data Center,300000.0,,,single_source_curated,
site_00598,IA01 Data Center,FracTracker,1,1,FracTracker,,FracTracker:frac_row_252,Expanding,False,True,IA,Dallas,Waukee,41.6204,-93.854,True,Point,US Signal,IA01 Data Center,20000.0,,2,single_source_curated,
site_00599,Project Alluvion,FracTracker|PNNL,2,12,PNNL,campus,PNNL:campus_00013924557,Approved/Permitted/Under construction|Operating|Proposed,True,True,IA,Polk County,West Des Moines,41.515966831711985,-93.71182964871085,True,MultiPolygon,Microsoft,DSM14 (Microsoft)|Microsoft|Project Alluvion|Project Alluvion (Microsoft)|Project Ginger East (Microsoft),184600.0,11169421.0,200,multi_source,FracTracker:frac_row_253<->PNNL:building_00830881732:strong_name_supported_1km:988.429m ; FracTracker:frac_row_253<->PNNL:building_00830881733:strong_name_supported_1km:683.265m ; FracTracker:frac_row_253<->PNNL:building_00830881734:strong_name_supported_1km:714.732m ; FracTracker:frac_row_253<->PNNL:building_00830881742:strong_name_supported_1km:819.744m ; FracTracker:frac_row_253<->PNNL:building_00830881743:strong_name_supported_1km:764.497m ; FracTracker:frac_row_253<->PNNL:campus_00013924557:name_supported_500m:290.001m ; FracTracker:frac_row_254<->PNNL:building_00830881731:strong_name_supported_1km:693.994m ; FracTracker:frac_row_254<->PNNL:building_00830881732:strong_name_supported_1km:680.568m ; FracTracker:frac_row_254<->PNNL:building_00830881733:name_supported_500m:368.459m ; FracTracker:frac_row_254<->PNNL:building_00830881734:name_supported_500m:392.057m ; FracTracker:frac_row_254<->PNNL:building_00830881742:strong_name_supported_1km:506.918m ; FracTracker:frac_row_254<->PNNL:building_00830881743:name_supported_500m:443.861m ; FracTracker:frac_row_254<->PNNL:building_00830881744:strong_name_supported_1km:727.401m ; FracTracker:frac_row_254<->PNNL:building_00830881745:strong_name_supported_1km:766.488m ; FracTracker:frac_row_254<->PNNL:campus_00013924557:name_supported_500m:117.629m ; FracTracker:frac_row_255<->PNNL:campus_00013924557:strong_name_supported_1km:788.067m
site_00600,Microsoft,FracTracker|PNNL,2,5,PNNL,building,PNNL:building_01173569101,Approved/Permitted/Under construction,True,True,IA,Dallas County,West Des Moines,41.534990295223466,-93.86344403715006,True,Polygon,Microsoft,Microsoft|Project Ginger West (Microsoft) DSM 42 & 43,1800000.0,,200,multi_source,FracTracker:frac_row_256<->PNNL:building_01173569101:name_supported_500m:183.81m ; FracTracker:frac_row_256<->PNNL:building_01375475071:name_supported_500m:194.663m ; FracTracker:frac_row_256<->PNNL:building_01375475072:name_supported_500m:265.064m ; FracTracker:frac_row_256<->PNNL:building_01375475073:name_supported_500m:359.373m
site_00601,Microsoft,FracTracker|PNNL,2,5,PNNL,building,PNNL:building_00438077632,Operating,True,False,IA,Dallas County,West Des Moines,41.540615955850996,-93.82494906980826,True,Polygon,Microsoft,Microsoft|Project Mountain (Microsoft),39146.0,,,multi_source,FracTracker:frac_row_257<->PNNL:building_00438077632:name_supported_500m:108.55m ; FracTracker:frac_row_257<->PNNL:building_00871745265:name_supported_500m:321.778m ; FracTracker:frac_row_257<->PNNL:building_01075278061:name_supported_500m:175.023m ; FracTracker:frac_row_257<->PNNL:building_01075278062:name_supported_500m:370.15m
site_00602,Deep Atomic Data Center,FracTracker,1,1,FracTracker,,FracTracker:frac_row_258,Proposed,False,True,ID,Bonneville,Idaho Falls,43.51967,-112.04594,True,Point,,Deep Atomic Data Center,,,60,single_source_curated,
site_00603,Edged Data Center,FracTracker,1,1,FracTracker,,FracTracker:frac_row_259,Approved/Permitted/Under construction,False,True,IL,DuPage,Aurora,41.80707,-88.24102,True,Point,Edged,Edged Data Center,,,72,single_source_curated,
site_00604,Page Data Center,FracTracker,1,1,FracTracker,,FracTracker:frac_row_26,Proposed,False,True,AZ,Coconino,Page,36.898376,-111.483154,True,Point,Huntley LLC,Page Data Center,,,,single_source_curated,
site_00605,Western Hospitality Partners Data Center,FracTracker,1,1,FracTracker,,FracTracker:frac_row_260,Suspended,False,True,IL,Will,Braidwood/ Braceville,41.256397,-88.2417,True,Point,,Western Hospitality Partners Data Center,,,,single_source_curated,
site_00606,HydraVault Data Center,FracTracker,1,1,FracTracker,,FracTracker:frac_row_261,Approved/Permitted/Under construction,False,True,IL,Cook,Chicago,41.84624,-87.6257,True,Point,,HydraVault Data Center,,,20,single_source_curated,
site_00607,Karis Critical Data Center,FracTracker,1,1,FracTracker,,FracTracker:frac_row_262,Proposed,False,True,IL,DeKalb,Dekalb,41.894,-88.7222,True,Point,,Karis Critical Data Center,1750000.0,,,single_source_curated,
site_00608,Gail Technology Data Center,FracTracker,1,1,FracTracker,,FracTracker:frac_row_263,Proposed,False,True,IL,Effingham,Effingham,39.16273,-88.51865,True,Point,Gail Technology,Gail Technology Data Center,,,,single_source_curated,
site_00609,Aligned,FracTracker,1,1,FracTracker,,FracTracker:frac_row_264,Proposed,False,True,IL,Cook,Elk Grove Village,42.03573,-87.9766,True,Point,,Aligned,50000.0,,,single_source_curated,
site_00610,Aligned,FracTracker,1,1,FracTracker,,FracTracker:frac_row_265,Proposed,False,True,IL,Cook,Elk Grove Village,42.03674,-87.9827,True,Point,,Aligned,115000.0,,,single_source_curated,
site_00611,Aligned,FracTracker,1,1,FracTracker,,FracTracker:frac_row_266,Proposed,False,True,IL,Cook,Elk Grove Village,42.03374,-87.9824,True,Point,,Aligned,177000.0,,,single_source_curated,
site_00612,Nexstar Media Group Data Center,FracTracker,1,1,FracTracker,,FracTracker:frac_row_267,Proposed,False,True,IL,Cook,Elk Grove Village,42.01142,-88.0317,True,Point,,Nexstar Media Group Data Center,700000.0,,,single_source_curated,
site_00613,Stream Data Center,FracTracker,1,1,FracTracker,,FracTracker:frac_row_268,Proposed,False,True,IL,Cook,Elk Grove Village,42.01401,-87.95375,True,Point,,Stream Data Center,,,,single_source_curated,
site_00614,Stream Chicago I,FracTracker|NAICS|PNNL,3,3,PNNL,building,PNNL:building_00863162825,Operating,True,False,IL,Cook County,Elk Grove Village,42.00260065820328,-87.95113481547399,True,Polygon,Stream,STREAM DATA CENTERS|Stream Chicago I|Stream Data Center: Chicago 1,126689.0,,15,multi_source,FracTracker:frac_row_269<->NAICS:naics_436:spatial_100m:58.452m ; FracTracker:frac_row_269<->PNNL:building_00863162825:spatial_100m:55.625m ; NAICS:naics_436<->PNNL:building_00863162825:spatial_100m:4.774m
site_00615,Aligned Energy Data Center,FracTracker|NAICS|PNNL,3,3,PNNL,building,PNNL:building_00155739337,Operating,True,False,AZ,Maricopa County,Phoenix,33.65904093265778,-112.11116815143933,True,Polygon,,ALIGNED ENERGY DATA CENTERS (PHOENIX)|Aligned|Aligned Energy Data Center,550000.0,,180,multi_source,FracTracker:frac_row_27<->NAICS:naics_398:name_supported_500m:481.966m ; FracTracker:frac_row_27<->PNNL:building_00155739337:spatial_100m:16.916m ; NAICS:naics_398<->PNNL:building_00155739337:name_supported_500m:491.426m
site_00616,Stream Chicago II,FracTracker|PNNL,2,2,PNNL,building,PNNL:building_00863162820,Operating,True,False,IL,Cook County,Elk Grove Village,41.99912438131275,-87.95776458161538,True,Polygon,Stream,Stream Chicago II|Stream Data Center: Chicago 2,226000.0,,32,multi_source,FracTracker:frac_row_270<->PNNL:building_00863162820:spatial_100m:12.169m
site_00617,T5 Chicago II,FracTracker|NAICS|PNNL,3,3,PNNL,building,PNNL:building_01219083554,Approved/Permitted/Under construction,True,True,IL,Cook County,Elk Grove Village,42.02304233326569,-87.97555687597257,True,Polygon,T5 Data Centers,T5 Chicago II|T5 Data Center|T5@CHICAGO II LP,250000.0,,36,multi_source,FracTracker:frac_row_271<->NAICS:naics_444:spatial_100m:16.2m ; FracTracker:frac_row_271<->PNNL:building_01219083554:spatial_100m:12.502m ; NAICS:naics_444<->PNNL:building_01219083554:spatial_100m:4.215m
site_00618,Western Hospitality Partners Data Center,FracTracker,1,1,FracTracker,,FracTracker:frac_row_272,Cancelled,False,True,IL,Tazewell,Groveland Twp,40.59457,-89.590225,True,Point,,Western Hospitality Partners Data Center,,,,single_source_curated,
site_00619,Hut8 Data Center,FracTracker,1,1,FracTracker,,FracTracker:frac_row_273,Proposed,False,True,IL,Logan,Latham/ Laenna Twp,39.97475,-89.19171,True,Point,Hut 8,Hut8 Data Center,1000000.0,,500,single_source_curated,
site_00620,Cloud Centers Data Center,FracTracker,1,1,FracTracker,,FracTracker:frac_row_274,Proposed,False,True,IL,DuPage,Lisle,41.801693,-88.06276,True,Point,Cloud Centers,Cloud Centers Data Center,256000.0,,50,single_source_curated,
site_00621,CyrusOne Data Center,FracTracker,1,1,FracTracker,,FracTracker:frac_row_275,Approved/Permitted/Under construction,False,True,IL,DuPage,Lombard,41.84915,-88.0291,True,Point,,CyrusOne Data Center,500000.0,,18,single_source_curated,
site_00622,Cielo Digital Infrastructure,FracTracker,1,1,FracTracker,,FracTracker:frac_row_276,Proposed,False,True,IL,Grundy,Minooka,41.45592,-88.2842,True,Point,,Cielo Digital Infrastructure,,,500,single_source_curated,
site_00623,Tract Morris Data Center,FracTracker,1,1,FracTracker,,FracTracker:frac_row_277,Proposed,False,True,IL,Grundy,Morris,41.39786,-88.37636,True,Point,Tract Data Centers,Tract Morris Data Center,2900000.0,,"1,000",single_source_curated,
site_00624,Karis Critical Data Center,FracTracker,1,1,FracTracker,,FracTracker:frac_row_278,Cancelled,False,True,IL,DuPage,Naperville,41.81113,-88.1191,True,Point,,Karis Critical Data Center,145000.0,,36,single_source_curated,
site_00625,Cielo Digital Infrastructure,FracTracker,1,1,FracTracker,,FracTracker:frac_row_279,Proposed,False,True,IL,Will,New Lenox,41.51055,-87.969,True,Point,,Cielo Digital Infrastructure,,,350,single_source_curated,
site_00626,Expedient Data Center,FracTracker,1,1,FracTracker,,FracTracker:frac_row_28,Operating,True,False,AZ,Maricopa,Phoenix,33.56452,-112.112,True,Point,Expedient,Expedient Data Center,45000.0,,2,single_source_curated,
site_00627,Aligned Data Center - Chicago ORD-01,FracTracker|PNNL,2,2,PNNL,building,PNNL:building_01217649348,Operating,True,False,IL,Cook County,Northlake,41.91398308559336,-87.91746545885744,True,Polygon,Aligned|Aligned Data Centers,Aligned Data Center - Chicago ORD-01|ORD-01 Data Center,220000.0,,42,multi_source,FracTracker:frac_row_280<->PNNL:building_01217649348:spatial_100m:19.755m
site_00628,Aligned Data Center - Chicago ORD-02,FracTracker|PNNL,2,2,PNNL,building,PNNL:building_01217649350,Approved/Permitted/Under construction,True,True,IL,Cook County,Northlake,41.91296223024628,-87.91749234723224,True,Polygon,Aligned|Aligned Data Centers,Aligned Data Center - Chicago ORD-02|ORD-02 Data Center,111422.0,,,multi_source,FracTracker:frac_row_281<->PNNL:building_01217649350:spatial_100m:35.424m
site_00629,Troy Cloverleaf Data Center,FracTracker,1,1,FracTracker,,FracTracker:frac_row_282,Proposed,False,True,IL,Madison,Troy,38.725338,-89.909645,True,Point,Cloverleaf,Troy Cloverleaf Data Center,1584000.0,,500,single_source_curated,
site_00630,CyrusOne,FracTracker,1,1,FracTracker,,FracTracker:frac_row_283,Approved/Permitted/Under construction,False,True,IL,Sangamon,Waverly/ Talkington Twp,39.54828,-89.89837,True,Point,,CyrusOne,250000.0,,632,single_source_curated,
site_00631,CyrusOne Data Center,FracTracker,1,1,FracTracker,,FracTracker:frac_row_284,Approved/Permitted/Under construction,False,True,IL,Kendall,Yorkville,41.6759,-88.4834,True,Point,,CyrusOne Data Center,,,,single_source_curated,
site_00632,CyrusOne Data Center,FracTracker,1,1,FracTracker,,FracTracker:frac_row_285,Proposed,False,True,IL,Kendall,Yorkville,41.68361,-88.4681,True,Point,,CyrusOne Data Center,740000.0,,,single_source_curated,
site_00633,IND1,FracTracker,1,1,FracTracker,,FracTracker:frac_row_286,Operating,True,False,IN,Hamilton,Carmell,39.96264,-86.1456,True,Point,,IND1,53000.0,,4.4,single_source_curated,
site_00634,Provident Realty Advisors,FracTracker,1,1,FracTracker,,FracTracker:frac_row_287,Cancelled,False,True,IN,Porter,Chesteron,41.59884,-87.094,True,Point,,Provident Realty Advisors,,,,single_source_curated,
site_00635,DartPoints Data Center,FracTracker|NAICS,2,2,FracTracker,,FracTracker:frac_row_288,Operating,True,False,IN,Bartholomew,Columbus,39.18256,-85.8968,True,Point,,"DATA CAVE, INC.|DartPoints Data Center",86400.0,,,multi_source,FracTracker:frac_row_288<->NAICS:naics_147:spatial_100m:94.282m
site_00636,Karis Critical Data Center,FracTracker,1,1,FracTracker,,FracTracker:frac_row_289,Proposed,False,True,IN,Lake,Crown Point,41.43521,-87.3099,True,Point,,Karis Critical Data Center,,,,single_source_curated,
site_00637,PHX1,FracTracker,1,1,FracTracker,,FracTracker:frac_row_29,Operating,True,False,AZ,Maricopa,Phoenix,33.56456,-112.112,True,Point,,PHX1,46000.0,,4,single_source_curated,
site_00638,Wylie Capital Data Center,FracTracker,1,1,FracTracker,,FracTracker:frac_row_290,Proposed,False,True,IN,Lake,Crown Point,41.44693,-87.3319,True,Point,,Wylie Capital Data Center,1200000.0,,,single_source_curated,
site_00639,Project Zodiac (Google),FracTracker,1,1,FracTracker,,FracTracker:frac_row_291,Approved/Permitted/Under construction,False,True,IN,Allen,Fort Waye,41.03761,-85.0481,True,Point,Google,Project Zodiac (Google),,,200-400,single_source_curated,
site_00640,Logistix Data Center,FracTracker,1,1,FracTracker,,FracTracker:frac_row_292,Suspended,False,True,IN,Clinton,Frankfort,40.3066,-86.5855,True,Point,,Logistix Data Center,,,300,single_source_curated,
site_00641,Granger Data Center Expansion,FracTracker,1,1,FracTracker,,FracTracker:frac_row_293,Proposed,False,True,IN,St. Joseph,Granger,41.72418,-86.1341,True,Point,Microsoft,Granger Data Center Expansion,,,,single_source_curated,
site_00642,"Jumping Bison, LLC Data Center",FracTracker,1,1,FracTracker,,FracTracker:frac_row_294,Proposed,False,True,IN,Decatur,Greensburg,39.37664,-85.5201,True,Point,,"Jumping Bison, LLC Data Center",,,,single_source_curated,
site_00643,CoreWeave,FracTracker,1,1,FracTracker,,FracTracker:frac_row_295,Proposed,False,True,IN,Lake,Hammond,41.70514,-87.5191,True,Point,,CoreWeave,450000.0,,180,single_source_curated,
site_00644,Digital Crossroad,FracTracker|PNNL,2,2,PNNL,building,PNNL:building_00978934687,Operating,True,False,IN,Lake County,Hammond,41.707418451036666,-87.52019308155617,True,Polygon,Digital Crossroad,Digital Crossroad|Digital Crossroad Data Center,116014.0,,,multi_source,FracTracker:frac_row_296<->PNNL:building_00978934687:spatial_100m:25.388m
site_00645,Project Redline,FracTracker,1,1,FracTracker,,FracTracker:frac_row_297,Proposed,False,True,IN,Hancock,Hancock County,39.82814,-85.7803,True,Point,,Project Redline,,,,single_source_curated,
site_00646,Hobart Data Center,FracTracker,1,1,FracTracker,,FracTracker:frac_row_298,Approved/Permitted/Under construction,False,True,IN,Lake,Hobart,41.50489,-87.28408,True,Point,Amazon,Hobart Data Center,,,2400,single_source_curated,
site_00647,Brightwood Data Center,FracTracker,1,1,FracTracker,,FracTracker:frac_row_299,Approved/Permitted/Under construction,False,True,IN,Marion,Indianapolis,39.80434,-86.1023,True,Point,Metrobloks,Brightwood Data Center,,,,single_source_curated,
site_00648,Western Hospitality Partners Data Center,FracTracker,1,1,FracTracker,,FracTracker:frac_row_3,Proposed,False,True,AL,Talladega,Childersburg,33.340885,-86.336205,True,Point,,Western Hospitality Partners Data Center,,,500,single_source_curated,
site_00649,QTS,FracTracker,1,1,FracTracker,,FracTracker:frac_row_30,Operating,True,False,AZ,Maricopa,Phoenix,33.45193,-112.072,True,Point,QTS Data Centers,QTS,288000.0,,32,single_source_curated,
site_00650,Lifeline Data Center,FracTracker,1,1,FracTracker,,FracTracker:frac_row_300,Operating,True,False,IN,Marion,Indianapolis,39.77702,-86.0434,True,Point,,Lifeline Data Center,,,,single_source_curated,
site_00651,Netrality Data Center,FracTracker,1,1,FracTracker,,FracTracker:frac_row_301,Operating,True,False,IN,Marion,Indianapolis,39.75977,-86.1723,True,Point,,Netrality Data Center,,,,single_source_curated,
site_00652,US Signal Data Center,FracTracker,1,1,FracTracker,,FracTracker:frac_row_302,Operating,True,False,IN,Marion,Indianapolis,39.87038,-86.2369,True,Point,,US Signal Data Center,9600.0,,,single_source_curated,
site_00653,Meta Data Center,FracTracker,1,1,FracTracker,,FracTracker:frac_row_303,Approved/Permitted/Under construction,False,True,IN,Clark,Jeffersonville,38.36471,-85.66,True,Point,Meta,Meta Data Center,700000.0,,,single_source_curated,
site_00654,Microsoft LaPorte Data Center,FracTracker,1,1,FracTracker,,FracTracker:frac_row_304,Proposed,False,True,IN,LaPorte,LaPorte,41.58093,-86.6924,True,Point,Microsoft,Microsoft LaPorte Data Center,1000000.0,,,single_source_curated,
site_00655,Project Domino (Meta),FracTracker,1,1,FracTracker,,FracTracker:frac_row_305,Approved/Permitted/Under construction,False,True,IN,Boone,Lebanon,40.05408,-86.538,True,Point,Meta,Project Domino (Meta),,,1000,single_source_curated,
site_00656,Prologis,FracTracker,1,1,FracTracker,,FracTracker:frac_row_306,Cancelled,False,True,IN,Kosciusko,Leesburg,41.334984,-85.90404,True,Point,,Prologis,,,,single_source_curated,
site_00657,Surge Development LLC,FracTracker,1,1,FracTracker,,FracTracker:frac_row_307,Cancelled,False,True,IN,Hancock,McCordsville,39.8564,-85.8785,True,Point,,Surge Development LLC,,,,single_source_curated,
site_00658,Province Group Data Center,FracTracker,1,1,FracTracker,,FracTracker:frac_row_308,Proposed,False,True,IN,Lake,Merrillville,41.45333,-87.3033,True,Point,,Province Group Data Center,1000000.0,,,single_source_curated,
site_00659,Project Maize,FracTracker,1,1,FracTracker,,FracTracker:frac_row_309,Proposed,False,True,IN,LaPorte,Michigan City,41.57408,-86.7276,True,Point,Google,Project Maize,,,,single_source_curated,
site_00660,QTS,FracTracker|PNNL,2,3,PNNL,building,PNNL:building_01132632705,Operating,True,False,AZ,Maricopa County,Phoenix,33.460806376980806,-111.99712196333098,True,Polygon,QTS Data Centers|Quality Technology Services,QTS,337330.0,,42,multi_source,FracTracker:frac_row_31<->PNNL:building_01132632705:name_supported_500m:203.035m ; FracTracker:frac_row_31<->PNNL:building_01315636714:name_supported_500m:300.879m
site_00661,Data center (Project Louie?),FracTracker,1,1,FracTracker,,FracTracker:frac_row_310,Proposed,False,True,IN,Morgan,Monroe Township,39.59592,-86.4602,True,Point,,Data center (Project Louie?),,,,single_source_curated,
site_00662,"Google /Deep Meadow Ventures, LLC: Project Flo",FracTracker,1,1,FracTracker,,FracTracker:frac_row_311,Suspended,False,True,IN,Marion,New Bethel/ Indianapolis,39.72007,-85.9992,True,Point,Google,"Google /Deep Meadow Ventures, LLC: Project Flo",,,,single_source_curated,
site_00663,Anthropic (speculative),FracTracker,1,1,FracTracker,,FracTracker:frac_row_312,Operating,True,False,IN,St. Joseph,New Carlisle,41.68848,-86.4736,True,Point,Amazon,Anthropic (speculative),,,2200,single_source_curated,
site_00664,Mall-O-Manor LLC Data Center,FracTracker,1,1,FracTracker,,FracTracker:frac_row_313,Suspended,False,True,IN,St. Joseph,New Carlisle,41.72029,-86.4905,True,Point,,Mall-O-Manor LLC Data Center,,,,single_source_curated,
site_00665,Radius Data Center,FracTracker,1,1,FracTracker,,FracTracker:frac_row_314,Proposed,False,True,IN,Hendricks,Plainfield,39.741596,-86.36464,True,Point,,Radius Data Center,201000.0,,,single_source_curated,
site_00666,Provident Realty Advisors Data Center,FracTracker,1,1,FracTracker,,FracTracker:frac_row_315,Proposed,False,True,IN,Porter,Porter,41.61319,-87.1014,True,Point,,Provident Realty Advisors Data Center,,,,single_source_curated,
site_00667,Prologis,FracTracker,1,1,FracTracker,,FracTracker:frac_row_316,Proposed,False,True,IN,Shelby,Shelby,39.529045,-85.71126,True,Point,,Prologis,,,"5,200-10,000",single_source_curated,
site_00668,Jeremiah A QTS Data Center,FracTracker,1,1,FracTracker,,FracTracker:frac_row_317,Suspended,False,True,IN,Porter,Union Township,41.50386,-87.2014,True,Point,,Jeremiah A QTS Data Center,,,,single_source_curated,
site_00669,Jeremiah B QTS Data Center,FracTracker,1,1,FracTracker,,FracTracker:frac_row_318,Suspended,False,True,IN,Porter,Union Township,41.49809,-87.1875,True,Point,,Jeremiah B QTS Data Center,,,,single_source_curated,
site_00670,Agincourt,FracTracker,1,1,FracTracker,,FracTracker:frac_row_319,Suspended,False,True,IN,Porter,Valparaiso,41.50217,-87.01344,True,Point,,Agincourt,2400000.0,,,single_source_curated,
site_00671,Tract Phoenix Data Center,FracTracker,1,1,FracTracker,,FracTracker:frac_row_32,Approved/Permitted/Under construction,False,True,AZ,Maricopa,Phoenix,33.41019,-112.713,True,Point,Tract Data Centers,Tract Phoenix Data Center,,,,single_source_curated,
site_00672,Project Pilot,FracTracker,1,1,FracTracker,,FracTracker:frac_row_320,Approved/Permitted/Under construction,False,True,KS,Johnson,DeSoto,38.94633,-95.02935,True,Point,Beale Infrastructure,Project Pilot,,,,single_source_curated,
site_00673,"Mount Sunflower Properties, LLC Data Center",FracTracker,1,1,FracTracker,,FracTracker:frac_row_321,Proposed,False,True,KS,Johnson,DeSoto,38.94522,-95.0297,True,Point,,"Mount Sunflower Properties, LLC Data Center",1000000.0,,,single_source_curated,
site_00674,Red Wolf Properties,FracTracker,1,1,FracTracker,,FracTracker:frac_row_322,Proposed,False,True,KS,Wyandotte,Kansas City,39.12852,-94.8801,True,Point,,Red Wolf Properties,1980000.0,,600,single_source_curated,
site_00675,Ekron Data Center,FracTracker,1,1,FracTracker,,FracTracker:frac_row_323,Cancelled,False,True,KY,Meade,Ekron,37.90755,-86.10922,True,Point,,Ekron Data Center,,,,single_source_curated,
site_00676,TeraWulf probable Data Center,FracTracker,1,1,FracTracker,,FracTracker:frac_row_324,Proposed,False,True,KY,Hancock,Hawesville,37.941345,-86.78807,True,Point,TeraWulf,TeraWulf probable Data Center,,,480,single_source_curated,
site_00677,Project Lincoln: OC Data Center (first version),FracTracker,1,1,FracTracker,,FracTracker:frac_row_325,Cancelled,False,True,KY,Oldham,La Grange,38.444557,-85.397995,True,Point,,Project Lincoln: OC Data Center (first version),,,600,single_source_curated,
site_00678,Project Lincoln: OC Data Center (second version),FracTracker,1,1,FracTracker,,FracTracker:frac_row_326,Proposed,False,True,KY,Oldham,La Grange,38.39444,-85.4094,True,Point,WHP,Project Lincoln: OC Data Center (second version),2500000.0,,,single_source_curated,
site_00679,Lexington Data center,FracTracker,1,1,FracTracker,,FracTracker:frac_row_327,Operating,True,False,KY,Fayette,Lexington,38.04255,-84.4997,True,Point,,Lexington Data center,108912.0,,,single_source_curated,
site_00680,PowerHouse Data Centers,FracTracker,1,1,FracTracker,,FracTracker:frac_row_328,Approved/Permitted/Under construction,False,True,KY,Jefferson,Louisville,38.19817,-85.8509,True,Point,,PowerHouse Data Centers,1800000.0,,130,single_source_curated,
site_00681,Project Sophie (Soluna),FracTracker,1,1,FracTracker,,FracTracker:frac_row_329,Operating,True,False,KY,Calloway,Murray,36.61113,-88.3167,True,Point,,Project Sophie (Soluna),,,25,single_source_curated,
site_00682,Vermaland Data Center,FracTracker,1,1,FracTracker,,FracTracker:frac_row_33,Proposed,False,True,AZ,Pinal,Red Rock,32.55145,-111.452,True,Point,Vermaland LLC,Vermaland Data Center,,,3000,single_source_curated,
site_00683,Riot Kentucky,FracTracker|PNNL,2,2,PNNL,campus,PNNL:campus_01450788161,Expanding,True,True,KY,McCracken County,Paducah,37.08923909811934,-88.70305756107939,True,MultiPolygon,Riot,Riot|Riot Kentucky,,223516.0,,multi_source,FracTracker:frac_row_330<->PNNL:campus_01450788161:name_supported_500m:104.111m
site_00684,Riot,FracTracker,1,1,FracTracker,,FracTracker:frac_row_331,Expanding,False,True,KY,McCracken,Paducah,37.088593,-88.676155,True,Point,Riot,Riot,,,60,single_source_curated,
site_00685,State Line Project Data Center campus,FracTracker,1,1,FracTracker,,FracTracker:frac_row_332,Proposed,False,True,LA,Caddo,Blanchard,32.656498,-93.904144,True,Point,TXLAAR LLC,State Line Project Data Center campus,,,,single_source_curated,
site_00686,TXLAAR LLC Data Center,FracTracker,1,1,FracTracker,,FracTracker:frac_row_333,Proposed,False,True,LA,Bossier,Bossier Parish,32.725018,-93.72789,True,Point,TXLAAR LLC,TXLAAR LLC Data Center,,,,single_source_curated,
site_00687,Meta RPL-10X Hyperion/Project Sucre,FracTracker,1,1,FracTracker,,FracTracker:frac_row_334,Expanding,False,True,LA,Richland,Rayville,32.50788,-91.6349,True,Point,Meta,Meta RPL-10X Hyperion/Project Sucre,4000000.0,,"1,500-2,200",single_source_curated,
site_00688,DartPoints Data Center,FracTracker,1,1,FracTracker,,FracTracker:frac_row_335,Operating,True,False,LA,Caddo,Shreveport,32.51101,-93.7498,True,Point,,DartPoints Data Center,8700.0,,,single_source_curated,
site_00689,Data center,FracTracker,1,1,FracTracker,,FracTracker:frac_row_336,Proposed,False,True,LA,Caddo,Shreveport,32.45425,-93.9052,True,Point,,Data center,1000000.0,,,single_source_curated,
site_00690,River Bend Campus,FracTracker,1,1,FracTracker,,FracTracker:frac_row_337,Approved/Permitted/Under construction,False,True,LA,East Feliciana,St. Francisville,30.751701,-91.27455,True,Point,Hut 8,River Bend Campus,900000.0,,300,single_source_curated,
site_00691,River Bend Data Center Campus,FracTracker,1,1,FracTracker,,FracTracker:frac_row_338,Proposed,False,True,LA,West Feliciana,St. Francisville,30.764305,-91.337296,True,Point,"Fluidstack, Anthropic, Google",River Bend Data Center Campus,,,245,single_source_curated,
site_00692,Markely Data Center,FracTracker|NAICS,2,2,FracTracker,,FracTracker:frac_row_339,Operating,True,False,MA,Suffolk,Boston,42.354603,-71.05991,True,Point,,MARKLEY BOSTON LLC|Markely Data Center,920000.0,,30,multi_source,FracTracker:frac_row_339<->NAICS:naics_393:spatial_100m:88.977m
site_00693,Arizona Land Consulting Co.,FracTracker,1,1,FracTracker,,FracTracker:frac_row_34,Proposed,False,True,AZ,Maricopa,Tonopah,33.49648,-112.775,True,Point,,Arizona Land Consulting Co.,,,1500,single_source_curated,
site_00694,Data center,FracTracker,1,1,FracTracker,,FracTracker:frac_row_340,Proposed,False,True,MA,Middlesex,Everett,42.39638,-71.05932,True,Point,,Data center,,,,single_source_curated,
site_00695,Markely Data Center,FracTracker,1,1,FracTracker,,FracTracker:frac_row_341,Expanding,False,True,MA,Middlesex,Lowell,42.6302,-71.304825,True,Point,,Markely Data Center,352000.0,,,single_source_curated,
site_00696,Medford,FracTracker|NAICS,2,2,FracTracker,,FracTracker:frac_row_342,Operating,True,False,MA,Middlesex,Medford,42.40601,-71.0752,True,Point,,EXPEDIENT|Medford,40000.0,,3.2,multi_source,FracTracker:frac_row_342<->NAICS:naics_461:spatial_100m:71.219m
site_00697,Servistar Data Center,FracTracker,1,1,FracTracker,,FracTracker:frac_row_343,Proposed,False,True,MA,Hampden,Westfield,42.15831,-72.74108,True,Point,,Servistar Data Center,2700000.0,,300,single_source_curated,
site_00698,Expedient Tidepoint,FracTracker|PNNL,2,2,PNNL,point,PNNL:point_11168593094,Operating,True,False,MD,Baltimore city,Baltimore,39.2746554,-76.5916709,True,Point,Expedient,Expedient Tidepoint|Tidepoint,23000.0,,1.5,multi_source,FracTracker:frac_row_344<->PNNL:point_11168593094:spatial_100m:69.809m
site_00699,Mag Partners Data Centers,FracTracker,1,1,FracTracker,,FracTracker:frac_row_345,Proposed,False,True,MD,Baltimore,Baltimore Peninsula/ Port Covington,39.26509,-76.6127,True,Point,,Mag Partners Data Centers,,,,single_source_curated,
site_00700,Quantum Frederick,FracTracker,1,1,FracTracker,,FracTracker:frac_row_346,Proposed,False,True,MD,Frederick,Frederick,39.3343,-77.4679,True,Point,,Quantum Frederick,1100000.0,,"264-2,400",single_source_curated,
site_00701,Brightseat Tech Park Data Center,FracTracker,1,1,FracTracker,,FracTracker:frac_row_347,Suspended,False,True,MD,Prince George's,Hyattsville,38.91977,-76.8565,True,Point,,Brightseat Tech Park Data Center,4100000.0,,820,single_source_curated,
site_00702,TeraWulf probable Data Center,FracTracker,1,1,FracTracker,,FracTracker:frac_row_348,Proposed,False,True,MD,Charles,Newburg,38.365482,-76.96935,True,Point,TeraWulf,TeraWulf probable Data Center,,,"500-1,000",single_source_curated,
site_00703,Expedient Owings Mills,FracTracker|PNNL,2,2,PNNL,point,PNNL:point_11167641842,Operating,True,False,MD,Baltimore County,Owings Mills,39.4273178,-76.8115503,True,Point,Expedient,BWI1|Expedient Owings Mills,22000.0,,0.8,multi_source,FracTracker:frac_row_349<->PNNL:point_11167641842:spatial_100m:27.684m
site_00704,Project Blue (version 1),FracTracker,1,1,FracTracker,,FracTracker:frac_row_35,Cancelled,False,True,AZ,Pima,Tucson,32.05091,-110.783,True,Point,Beale Infrastructure,Project Blue (version 1),,,,single_source_curated,
site_00705,Lincoln Rackhouse Maryland,FracTracker|PNNL,2,2,PNNL,building,PNNL:building_00093210344,Operating,True,False,MD,Montgomery County,Silver Spring,39.05856287562289,-76.9643217094945,True,Polygon,Lincoln Rackhouse,Lincoln Rackhouse Maryland|Prosperity Drive Data Center,214000.0,,5-100,multi_source,FracTracker:frac_row_350<->PNNL:building_00093210344:spatial_100m:7.368m
site_00706,Security Land and Development LLC Data Center,FracTracker,1,1,FracTracker,,FracTracker:frac_row_351,Proposed,False,True,MD,Baltimore,Woodlawn,39.319317,-76.74747,True,Point,,Security Land and Development LLC Data Center,,,150,single_source_curated,
site_00707,Tier III AI Data Center,FracTracker,1,1,FracTracker,,FracTracker:frac_row_352,Cancelled,False,True,ME,Androscoggin,Lewiston,44.094273,-70.21859,True,Point,MillCompute LLC,Tier III AI Data Center,85000.0,,,single_source_curated,
site_00708,Data center at former Maine Yankee nuclear power plant,FracTracker,1,1,FracTracker,,FracTracker:frac_row_353,Proposed,False,True,ME,Lincoln,Wicasset,43.95572,-69.69428,True,Point,,Data center at former Maine Yankee nuclear power plant,,,,single_source_curated,
site_00709,Solstice Data Center,FracTracker,1,1,FracTracker,,FracTracker:frac_row_354,Suspended,False,True,MI,Wayne,Allen Park,42.268654,-83.208176,True,Point,Solstice,Solstice Data Center,45400.0,,26,single_source_curated,
site_00710,Thor Equities Data Center,FracTracker,1,1,FracTracker,,FracTracker:frac_row_355,Proposed,False,True,MI,Washtenaw,Augusta Township,42.091705,-83.63743,True,Point,,Thor Equities Data Center,,,,single_source_curated,
site_00711,US Signal Data Center,FracTracker|PNNL,2,2,PNNL,building,PNNL:building_00773848531,Expanding,True,True,MI,Wayne County,Belleville,42.23532661902879,-83.44414059814616,True,Polygon,US Signal,US Signal Data Center,87100.0,,1.5,multi_source,FracTracker:frac_row_356<->PNNL:building_00773848531:spatial_100m:5.002m
site_00712,Switch Pyramid Data Center,FracTracker,1,1,FracTracker,,FracTracker:frac_row_357,Approved/Permitted/Under construction,False,True,MI,Kent,Caledonia,42.852547,-85.560104,True,Point,Switch,Switch Pyramid Data Center,1800000.0,,320,single_source_curated,
site_00713,"Hyperscale Data, Inc.",FracTracker,1,1,FracTracker,,FracTracker:frac_row_358,Operating,True,False,MI,Cass,Dowagiac,41.992455,-86.098976,True,Point,,"Hyperscale Data, Inc.",617000.0,,30-340,single_source_curated,
site_00714,Cloverleaf Infrastructure Data Center,FracTracker,1,1,FracTracker,,FracTracker:frac_row_359,Suspended,False,True,MI,Monroe,Dundee,41.997276,-83.66742,True,Point,,Cloverleaf Infrastructure Data Center,,,,single_source_curated,
site_00715,Data center: Davis-Monthan Air Force Base,FracTracker,1,1,FracTracker,,FracTracker:frac_row_36,Proposed,False,True,AZ,Pima,Tucson,32.164318,-110.86484,True,Point,,Data center: Davis-Monthan Air Force Base,,,,single_source_curated,
site_00716,Southfield Data Center,FracTracker,1,1,FracTracker,,FracTracker:frac_row_360,Proposed,False,True,MI,Oakland,Farmington Hills,42.488056,-83.31892,True,Point,Metrobloks,Southfield Data Center,110000.0,,100,single_source_curated,
site_00717,Howell Data Center,FracTracker,1,1,FracTracker,,FracTracker:frac_row_361,Cancelled,False,True,MI,Livingston,Fowlerville,42.655422,-84.02875,True,Point,Santec Consulting,Howell Data Center,,,,single_source_curated,
site_00718,Microsoft Data Center,FracTracker,1,1,FracTracker,,FracTracker:frac_row_362,Proposed,False,True,MI,Kent,Grand Rapids,42.85125,-85.54604,True,Point,Microsoft,Microsoft Data Center,,,,single_source_curated,
site_00719,Kalamazoo County Data Center,FracTracker,1,1,FracTracker,,FracTracker:frac_row_363,Suspended,False,True,MI,Kalamazoo,Kalamazoo,42.243793,-85.51012,True,Point,,Kalamazoo County Data Center,,,,single_source_curated,
site_00720,Rocklocker LLC,FracTracker,1,1,FracTracker,,FracTracker:frac_row_364,Cancelled,False,True,MI,Kalkaska,Kalkaska Township,44.728703,-85.21632,True,Point,,Rocklocker LLC,,,1000,single_source_curated,
site_00721,Deep Green Data Center,FracTracker,1,1,FracTracker,,FracTracker:frac_row_365,Cancelled,False,True,MI,Ingham,Lansing,42.731003,-84.545654,True,Point,Deep Green,Deep Green Data Center,25000.0,,24,single_source_curated,
site_00722,Lowell Covenant Business Park Data Center 4714-4400 Bancroft Ave SE,FracTracker,1,1,FracTracker,,FracTracker:frac_row_366,Suspended,False,True,MI,Kent,Lowell,42.880783,-85.376175,True,Point,Franklin Partners,Lowell Covenant Business Park Data Center 4714-4400 Bancroft Ave SE,,,,single_source_curated,
site_00723,Lower Peninsula Data Center,FracTracker,1,1,FracTracker,,FracTracker:frac_row_367,Proposed,False,True,MI,Isabella,Lower Peninsula,43.66056,-84.6665,True,Point,,Lower Peninsula Data Center,,,1000,single_source_curated,
site_00724,Alterra Development Corporation Data Center,FracTracker,1,1,FracTracker,,FracTracker:frac_row_368,Proposed,False,True,MI,Calhoun,Marshall,42.239025,-84.955826,True,Point,Alterra Development,Alterra Development Corporation Data Center,,,,single_source_curated,
site_00725,"Project Flex, Lyon Township Data Center",FracTracker,1,1,FracTracker,,FracTracker:frac_row_369,Approved/Permitted/Under construction,False,True,MI,Oakland,New Hudson,42.50185,-83.61119,True,Point,Verrus,"Project Flex, Lyon Township Data Center",1800000.0,,200-525,single_source_curated,
site_00726,"Aligned: PHX-13, PHX-12, PHX-14. PHX-07",FracTracker,1,1,FracTracker,,FracTracker:frac_row_37,Approved/Permitted/Under construction,False,True,AZ,Maricopa,Waddell,33.56351,-112.388,True,Point,Aligned Data Centers,"Aligned: PHX-13, PHX-12, PHX-14. PHX-07",1000000.0,,,single_source_curated,
site_00727,Related Digital/The Barn,FracTracker,1,1,FracTracker,,FracTracker:frac_row_370,Approved/Permitted/Under construction,False,True,MI,Washtenaw,Saline,42.112755,-83.88956,True,Point,Related Digital,Related Digital/The Barn,2200000.0,,1400,single_source_curated,
site_00728,Panattoni Project Cannoli,FracTracker,1,1,FracTracker,,FracTracker:frac_row_371,Proposed,False,True,MI,Wayne,Van Buren Township,42.22704,-83.43421,True,Point,Google,Panattoni Project Cannoli,800000.0,,1000,single_source_curated,
site_00729,Washington Township Data Center,FracTracker,1,1,FracTracker,,FracTracker:frac_row_372,Proposed,False,True,MI,Macomb,Washington Township,42.80183,-82.99235,True,Point,Prologis,Washington Township Data Center,,,,single_source_curated,
site_00730,University of Michigan Los Alamos Data Center,FracTracker,1,1,FracTracker,,FracTracker:frac_row_373,Proposed,False,True,MI,Washtenaw,Ypsilanti,42.20446,-83.5551,True,Point,Los Alamos National Laboratory,University of Michigan Los Alamos Data Center,,,,single_source_curated,
site_00731,Amazon,FracTracker,1,1,FracTracker,,FracTracker:frac_row_374,Suspended,False,True,MN,Sherburne,Becker,45.38527,-93.8805,True,Point,Amazon,Amazon,,,,single_source_curated,
site_00732,TRACT Data Center,FracTracker,1,1,FracTracker,,FracTracker:frac_row_375,Proposed,False,True,MN,Dakota,Cannon Falls,44.53196,-92.9268,True,Point,,TRACT Data Center,1750000.0,,,single_source_curated,
site_00733,Cielo Digital Infrastructure,FracTracker,1,1,FracTracker,,FracTracker:frac_row_376,Proposed,False,True,MN,Chisago,Chisago,45.3618,-92.9186,True,Point,,Cielo Digital Infrastructure,,,300,single_source_curated,
site_00734,MSP1 Data Center,FracTracker,1,1,FracTracker,,FracTracker:frac_row_377,Approved/Permitted/Under construction,False,True,MN,Dakota,Eagan,44.82953,-93.1176,True,Point,,MSP1 Data Center,,,12,single_source_curated,
site_00735,TRACT Data Center,FracTracker,1,1,FracTracker,,FracTracker:frac_row_378,Proposed,False,True,MN,Dakota,Farmington,44.62754,-93.1229,True,Point,,TRACT Data Center,2600000.0,,,single_source_curated,
site_00736,Project Loon,FracTracker,1,1,FracTracker,,FracTracker:frac_row_379,Suspended,False,True,MN,St. Louis,Hermantown,46.77741,-92.28186,True,Point,Google,Project Loon,1800000.0,,,single_source_curated,
site_00737,"Takanock Data Center ""Project Baccara""",FracTracker,1,1,FracTracker,,FracTracker:frac_row_38,Proposed,False,True,AZ,Maricopa,Waddell,33.56755,-112.37177,True,Point,DigitalBridge,"Takanock Data Center ""Project Baccara""",2000000.0,,700,single_source_curated,
site_00738,US Internet Data Center,FracTracker,1,1,FracTracker,,FracTracker:frac_row_380,Proposed,False,True,MN,Hennepin,Minneapolis,45.02485,-93.3328,True,Point,,US Internet Data Center,4000.0,,,single_source_curated,
site_00739,Geronimo Power Data Center,FracTracker,1,1,FracTracker,,FracTracker:frac_row_381,Suspended,False,True,MN,Nobles,Reading,43.711044,-95.6839,True,Point,,Geronimo Power Data Center,,,400-500,single_source_curated,
site_00740,Project Skyway,FracTracker,1,1,FracTracker,,FracTracker:frac_row_382,Proposed,False,True,MN,Goodhue,Pine Island,44.22483,-92.6442,True,Point,"Ryan Companies US, Inc.",Project Skyway,3000000.0,,1200-1600,single_source_curated,
site_00741,Columbia Data Center,FracTracker,1,1,FracTracker,,FracTracker:frac_row_383,Proposed,False,True,MO,Boone,Columbia,38.989983,-92.2809,True,Point,,Columbia Data Center,,,,single_source_curated,
site_00742,Nebius Data Center,FracTracker,1,1,FracTracker,,FracTracker:frac_row_384,Proposed,False,True,MO,Jackson,Independence,39.073467,-94.332855,True,Point,Patmos,Nebius Data Center,2500000.0,,880,single_source_curated,
site_00743,Wildwood Ranch Data Center,FracTracker,1,1,FracTracker,,FracTracker:frac_row_385,Approved/Permitted/Under construction,False,True,MO,Jasper,Joplin,37.06882,-94.60008,True,Point,,Wildwood Ranch Data Center,,,200,single_source_curated,
site_00744,Cielo Digital Infrastructure,FracTracker,1,1,FracTracker,,FracTracker:frac_row_386,Proposed,False,True,MO,Jackson,Kansas City,39.01764,-94.5668,True,Point,,Cielo Digital Infrastructure,,,500,single_source_curated,
site_00745,Google Data Center (Project Micah),FracTracker,1,1,FracTracker,,FracTracker:frac_row_387,Approved/Permitted/Under construction,False,True,MO,Clay,Kansas City,39.31801,-94.5773,True,Point,Google,Google Data Center (Project Micah),1560000.0,,700,single_source_curated,
site_00746,Meta Kansas City Data Center,FracTracker|PNNL,2,4,PNNL,campus,PNNL:campus_01126774147,Operating,True,False,MO,Clay County,Kansas City,39.32235240495545,-94.59555838490552,True,MultiPolygon,Meta,Meta Data Center|Meta Data Center (KCM)|Meta Kansas City Data Center,1000000.0,13516765.0,,multi_source,FracTracker:frac_row_388<->PNNL:building_01184066765:name_supported_500m:360.123m ; FracTracker:frac_row_388<->PNNL:campus_01126774147:strong_name_supported_1km:551.654m
site_00747,Project Kestrel (Port KC),FracTracker,1,1,FracTracker,,FracTracker:frac_row_389,Proposed,False,True,MO,Platte,Kansas City,39.35368,-94.6967,True,Point,,Project Kestrel (Port KC),1800000.0,,,single_source_curated,
site_00748,Guadalupe Quarry Redevelopment Project Data Center,FracTracker,1,1,FracTracker,,FracTracker:frac_row_39,Proposed,False,True,CA,San Mateo,Brisbane,37.68586,-122.416,True,Point,,Guadalupe Quarry Redevelopment Project Data Center,180000.0,,,single_source_curated,
site_00749,Amazon Project Green,FracTracker,1,1,FracTracker,,FracTracker:frac_row_390,Proposed,False,True,MO,Montgomery,New Florence,38.905663,-91.41777,True,Point,NorthPoint Development,Amazon Project Green,3740000.0,,,single_source_curated,
site_00750,Google Project Spade,FracTracker,1,1,FracTracker,,FracTracker:frac_row_391,Proposed,False,True,MO,Montgomery,New Florence,38.8889,-91.440025,True,Point,Related Digital,Google Project Spade,3242760.0,,1200,single_source_curated,
site_00751,Diode Ventures Project Harper,FracTracker,1,1,FracTracker,,FracTracker:frac_row_392,Cancelled,False,True,MO,Cass,Peculiar,38.74797,-94.4821,True,Point,Diode Ventures,Diode Ventures Project Harper,300000.0,,,single_source_curated,
site_00752,Data center,FracTracker,1,1,FracTracker,,FracTracker:frac_row_393,Proposed,False,True,MO,St. Charles,St Charles,38.82242,-90.5378,True,Point,,Data center,,,,single_source_curated,
site_00753,Project Cumulus,FracTracker,1,1,FracTracker,,FracTracker:frac_row_394,Proposed,False,True,MO,St. Charles,St Charles,38.81535,-90.5454,True,Point,,Project Cumulus,1500000.0,,,single_source_curated,
site_00754,Netrality Data Centers,FracTracker|PNNL,2,5,PNNL,building,PNNL:building_00042323063,Operating,True,False,MO,St. Louis city,St. Louis,38.62926158352849,-90.197174834978,True,Polygon,,Netrality Data Centers|Netrality Data Centers St. Louis - 210 North Tucker|Netrality Data Centers St. Louis - 900 Walnut|TierPoint|TierPoint - St Louis Data Center,23093.0,,,multi_source,FracTracker:frac_row_395<->PNNL:building_00042323063:spatial_100m:16.254m ; FracTracker:frac_row_395<->PNNL:building_00253682978:spatial_100m:87.616m ; FracTracker:frac_row_396<->PNNL:building_00042323063:name_supported_500m:447.379m ; FracTracker:frac_row_398<->PNNL:building_00042323063:spatial_100m:88.834m ; FracTracker:frac_row_398<->PNNL:building_00253682978:spatial_100m:13.785m
site_00755,Tierpoint Data Center,FracTracker,1,1,FracTracker,,FracTracker:frac_row_397,Proposed,False,True,MO,St Charles County,St. Louis,38.63161,-90.2377,True,Point,,Tierpoint Data Center,,,,single_source_curated,
site_00756,AVAIO Digital,FracTracker,1,1,FracTracker,,FracTracker:frac_row_399,Approved/Permitted/Under construction,False,True,MS,Rankin,Brandon,32.26581,-90.015,True,Point,,AVAIO Digital,,,116,single_source_curated,
site_00757,DC Blox,FracTracker,1,1,FracTracker,,FracTracker:frac_row_4,Operating,True,False,AL,Madison,Huntsville,34.71003,-86.693,True,Point,,DC Blox,,,,single_source_curated,
site_00758,Data center: Edwards Air Force Base (7 sites),FracTracker,1,1,FracTracker,,FracTracker:frac_row_40,Proposed,False,True,CA,Kern,Edwards,34.912052,-117.93109,True,Point,,Data center: Edwards Air Force Base (7 sites),,,,single_source_curated,
site_00759,Amazon Canton Data Center,FracTracker|PNNL,2,2,PNNL,campus,PNNL:campus_01459880367,Operating,True,False,MS,Madison County,Canton,32.597993067055405,-90.0918524305196,True,MultiPolygon,Amazon,Amazon Canton Data Center|Amazon Madison Mega Site,,16581378.0,341-819,multi_source,FracTracker:frac_row_400<->PNNL:campus_01459880367:strong_name_supported_1km:500.927m
site_00760,Project Atlas,FracTracker,1,1,FracTracker,,FracTracker:frac_row_401,Proposed,False,True,MS,Madison,Madison,32.49415,-90.1675,True,Point,Amazon,Project Atlas,,,"1,000+",single_source_curated,
site_00761,Amazon Ridgeland,FracTracker,1,1,FracTracker,,FracTracker:frac_row_402,Approved/Permitted/Under construction,False,True,MS,Madison,Ridgeland,32.41277,-90.190216,True,Point,Amazon,Amazon Ridgeland,,,1000,single_source_curated,
site_00762,Project Steamboat,FracTracker,1,1,FracTracker,,FracTracker:frac_row_403,Proposed,False,True,MS,Warren,Vicksburg,32.256226,-90.9371,True,Point,Amazon,Project Steamboat,,,,single_source_curated,
site_00763,Butte Data Center,FracTracker,1,1,FracTracker,,FracTracker:frac_row_404,Proposed,False,True,MT,Silver Bow,Butte,45.997078,-112.666306,True,Point,Sabey Data Centers,Butte Data Center,1000000.0,,50-250,single_source_curated,
site_00764,TAC Data Centers: Project Cardinal,FracTracker,1,1,FracTracker,,FracTracker:frac_row_405,Proposed,False,True,MT,Cascade,Great Falls,47.52962,-111.179,True,Point,,TAC Data Centers: Project Cardinal,2000000.0,,500-600,single_source_curated,
site_00765,Quantica Data Center,FracTracker,1,1,FracTracker,,FracTracker:frac_row_406,Proposed,False,True,MT,Yellowstone,Yellowstone County,46.04485,-108.273,True,Point,,Quantica Data Center,,,"500-1,000",single_source_curated,
site_00766,DartPoints Data Center,FracTracker,1,1,FracTracker,,FracTracker:frac_row_407,Operating,True,False,NC,Buncombe,Asheville,35.48821,-82.5582,True,Point,,DartPoints Data Center,23000.0,,,single_source_curated,
site_00767,Digital Reality,FracTracker,1,1,FracTracker,,FracTracker:frac_row_408,Proposed,False,True,NC,Mecklenburg,Charlotte,35.255707,-80.99796,True,Point,,Digital Reality,3000000.0,,400,single_source_curated,
site_00768,CLT10 Data Center,FracTracker,1,1,FracTracker,,FracTracker:frac_row_409,Operating,True,False,NC,Mecklenburg,Charlotte,35.2219,-80.8356,True,Point,,CLT10 Data Center,29200.0,,2,single_source_curated,
site_00769,Imperial Data Center Project,FracTracker,1,1,FracTracker,,FracTracker:frac_row_41,Approved/Permitted/Under construction,False,True,CA,Imperial,Imperial,32.81923,-115.56083,True,Point,"Imperial Valley Computer Manufacturing, LLC",Imperial Data Center Project,950000.0,,330,single_source_curated,
site_00770,Project Agate/ Lyle Creek Data Center (Microsoft),FracTracker,1,1,FracTracker,,FracTracker:frac_row_410,Proposed,False,True,NC,Catawba,Conover,35.73274,-81.2088,True,Point,Microsoft,Project Agate/ Lyle Creek Data Center (Microsoft),,,,single_source_curated,
site_00771,Facebook Forest City Data Center,FracTracker|PNNL,2,5,PNNL,campus,PNNL:campus_00883809862,Operating,True,False,NC,Rutherford County,Forest City,35.315698382784056,-81.82474729583835,True,MultiPolygon,Meta,Facebook Forest City Data Center|Meta Forest City datacenter,241126.0,4849510.0,,multi_source,FracTracker:frac_row_411<->PNNL:building_00460089167:name_supported_500m:354.834m ; FracTracker:frac_row_411<->PNNL:building_00460089168:name_supported_500m:161.568m ; FracTracker:frac_row_411<->PNNL:building_00883809860:spatial_100m:26.408m ; FracTracker:frac_row_411<->PNNL:campus_00883809862:spatial_100m:76.492m
site_00772,Fort Bragg Data Center,FracTracker,1,1,FracTracker,,FracTracker:frac_row_412,Proposed,False,True,NC,Cumberland and Harnett,Fort Bragg,35.155334,-79.022064,True,Point,,Fort Bragg Data Center,,,,single_source_curated,
site_00773,DC Blox: High Point,FracTracker,1,1,FracTracker,,FracTracker:frac_row_413,Proposed,False,True,NC,Guilford,Greensboro,36.05276,-79.9516,True,Point,,DC Blox: High Point,54000.0,,10,single_source_curated,
site_00774,T5 Charlotte Campus,FracTracker|PNNL,2,2,PNNL,campus,PNNL:campus_00715098032,Operating,True,False,NC,Cleveland County,Kings Mountain,35.25044990396285,-81.3950094307914,True,MultiPolygon,,T5 Charlotte Campus|T5 Data Center,,379990.0,,multi_source,FracTracker:frac_row_414<->PNNL:campus_00715098032:name_supported_500m:209.857m
site_00775,Google Data Center,FracTracker|PNNL,2,2,PNNL,campus,PNNL:campus_00009474864,Operating,True,False,NC,Caldwell County,Lenoir,35.89473769568106,-81.54651452543965,True,MultiPolygon,Google,Google Data Center,,3407194.0,,multi_source,FracTracker:frac_row_415<->PNNL:campus_00009474864:name_supported_500m:183.8m
site_00776,WhiteFiber Inc (division of Bit Digital),FracTracker,1,1,FracTracker,,FracTracker:frac_row_416,Proposed,False,True,NC,Rockingham,Madison,36.40271,-79.9882,True,Point,,WhiteFiber Inc (division of Bit Digital),,,99-200,single_source_curated,
site_00777,Apple - Maiden Data Center,FracTracker|PNNL,2,3,PNNL,campus,PNNL:campus_00014593270,Operating,True,False,NC,Catawba County,Maiden,35.588771360781784,-81.26180877040838,True,MultiPolygon,,Apple - Maiden Data Center|Apple Data Center,207083.0,5431080.0,,multi_source,FracTracker:frac_row_417<->PNNL:building_00652034566:spatial_100m:72.956m ; FracTracker:frac_row_417<->PNNL:campus_00014593270:name_supported_500m:267.646m
site_00778,Project Yoga/ Boyd Farms Data Center (Microsoft),FracTracker,1,1,FracTracker,,FracTracker:frac_row_418,Proposed,False,True,NC,Catawba,Maiden,35.58554,-81.2315,True,Point,Microsoft,Project Yoga/ Boyd Farms Data Center (Microsoft),,,,single_source_curated,
site_00779,Project Accelerate,FracTracker,1,1,FracTracker,,FracTracker:frac_row_419,Cancelled,False,True,NC,Mecklenburg,Matthews,35.10738,-80.71056,True,Point,,Project Accelerate,,,,single_source_curated,
site_00780,AWS Gilroy,FracTracker,1,1,FracTracker,,FracTracker:frac_row_42,Approved/Permitted/Under construction,False,True,CA,Santa Clara,Gilroy,37.018684,-121.56053,True,Point,Amazon,AWS Gilroy,438500.0,,49-98,single_source_curated,
site_00781,Tract Data Center,FracTracker,1,1,FracTracker,,FracTracker:frac_row_420,Cancelled,False,True,NC,Iredell,Mooresville,35.51575,-80.7532,True,Point,,Tract Data Center,1500000.0,,,single_source_curated,
site_00782,Project Pine (Microsoft),FracTracker,1,1,FracTracker,,FracTracker:frac_row_421,Proposed,False,True,NC,Catawba,near Pringle,35.71945,-81.2758,True,Point,Microsoft,Project Pine (Microsoft),,,,single_source_curated,
site_00783,New Hill Digital Campus,FracTracker,1,1,FracTracker,,FracTracker:frac_row_422,Proposed,False,True,NC,Wake,New Hill,35.66446,-78.9558,True,Point,,New Hill Digital Campus,,,,single_source_curated,
site_00784,Project Rockforge? (Microsoft),FracTracker,1,1,FracTracker,,FracTracker:frac_row_423,Proposed,False,True,NC,Catawba,Newton,35.62656,-81.3118,True,Point,Microsoft,Project Rockforge? (Microsoft),,,,single_source_curated,
site_00785,Newton Data Center,FracTracker,1,1,FracTracker,,FracTracker:frac_row_424,Proposed,False,True,NC,Catawba,Newton,35.60278,-81.3073,True,Point,Microsoft,Newton Data Center,,,,single_source_curated,
site_00786,American Tower Edge Data Center,FracTracker,1,1,FracTracker,,FracTracker:frac_row_425,Proposed,False,True,NC,Wake,Raleigh,35.78814,-78.7265,True,Point,,American Tower Edge Data Center,,,4,single_source_curated,
site_00787,Apple Reserch Triangle Park Data Center,FracTracker,1,1,FracTracker,,FracTracker:frac_row_426,Suspended,False,True,NC,Wake,Research Triangle Park,35.850254,-78.87698,True,Point,Apple,Apple Reserch Triangle Park Data Center,,,,single_source_curated,
site_00788,Deep River Data AI Data Center,FracTracker,1,1,FracTracker,,FracTracker:frac_row_427,Proposed,False,True,NC,Lee,Sanford,35.53914,-79.25537,True,Point,Deep River Data,Deep River Data AI Data Center,,,,single_source_curated,
site_00789,Compass Data Center,FracTracker,1,1,FracTracker,,FracTracker:frac_row_428,Approved/Permitted/Under construction,False,True,NC,Iredell,Statesville,35.77436,-80.9749,True,Point,,Compass Data Center,1340000.0,,,single_source_curated,
site_00790,Aurum Capital Ventures,FracTracker,1,1,FracTracker,,FracTracker:frac_row_429,Proposed,False,True,ND,Burleigh,Bismark,46.81102,-100.721,True,Point,,Aurum Capital Ventures,,,,single_source_curated,
site_00791,Buena Vista Biomass Power site Data Center,FracTracker,1,1,FracTracker,,FracTracker:frac_row_43,Proposed,False,True,CA,Amador,Ione,38.277733,-120.91554,True,Point,,Buena Vista Biomass Power site Data Center,,,41,single_source_curated,
site_00792,Applied Digital / Ellendale Data Center,FracTracker|PNNL,2,2,PNNL,campus,PNNL:campus_01422191450,Operating,True,False,ND,Dickey County,Ellendale,46.013549459536904,-98.57244091744637,True,MultiPolygon,Applied Digital,Applied Digital / Ellendale Data Center|Applied Digital: Polaris Forge 1,,2706037.0,"400-1,000",multi_source,FracTracker:frac_row_430<->PNNL:campus_01422191450:name_supported_500m:171.963m
site_00793,Applied Digital: Polaris Forge 2,FracTracker,1,1,FracTracker,,FracTracker:frac_row_431,Approved/Permitted/Under construction,False,True,ND,Cass,Harwood,46.97181,-96.8542,True,Point,,Applied Digital: Polaris Forge 2,,,280,single_source_curated,
site_00794,CoreWeave/ Applied Digital,FracTracker|NAICS,2,2,FracTracker,,FracTracker:frac_row_432,Operating,True,False,ND,Stutsman,Jamestown,47.02708,-98.6796,True,Point,,APLD JAMESTOWN DATACENTER|CoreWeave/ Applied Digital,,,100,multi_source,FracTracker:frac_row_432<->NAICS:naics_543:spatial_100m:37.051m
site_00795,"""Project Fighting Pike"" Data Center",FracTracker,1,1,FracTracker,,FracTracker:frac_row_433,Operating,True,False,ND,Williams,Williston,48.221992,-103.62824,True,Point,Critical Data House,"""Project Fighting Pike"" Data Center",3500000.0,,455,single_source_curated,
site_00796,Atlas Power,FracTracker,1,1,FracTracker,,FracTracker:frac_row_434,Operating,True,False,ND,Williams,Williston,48.1455,-103.77432,True,Point,,Atlas Power,,,240-700,single_source_curated,
site_00797,"TierPoint Omaha, NE – Bellevue Data Center",FracTracker,1,1,FracTracker,,FracTracker:frac_row_435,Operating,True,False,NE,Sarpy,Bellevue,41.17724,-95.9248,True,Point,,"TierPoint Omaha, NE – Bellevue Data Center",,,,single_source_curated,
site_00798,Yahoo,FracTracker|PNNL,2,2,PNNL,building,PNNL:building_01235150788,Operating,True,False,NE,Sarpy County,La Vista,41.180499991010024,-96.08489874916177,True,Polygon,Yahoo,H5 Data Center|Yahoo,234500.0,,17,multi_source,FracTracker:frac_row_436<->PNNL:building_01235150788:spatial_100m:41.976m
site_00799,Google Data Center,FracTracker,1,1,FracTracker,,FracTracker:frac_row_437,Approved/Permitted/Under construction,False,True,NE,Lancaster,Lincoln,40.82278,-96.7574,True,Point,Google,Google Data Center,2000000.0,,,single_source_curated,
site_00800,Lincoln Data Centers,FracTracker,1,1,FracTracker,,FracTracker:frac_row_438,Operating,True,False,NE,Lancaster,Lincoln,40.81206,-96.7024,True,Point,,Lincoln Data Centers,,,,single_source_curated,
site_00801,Omaha Data Center,FracTracker,1,1,FracTracker,,FracTracker:frac_row_439,Operating,True,False,NE,Douglas,Omaha,41.344105,-96.09118,True,Point,,Omaha Data Center,,,198-474,single_source_curated,
site_00802,ECL,FracTracker,1,1,FracTracker,,FracTracker:frac_row_44,Operating,True,False,CA,Santa Clara,Mountain View,37.39589,-122.047,True,Point,,ECL,,,,single_source_curated,
site_00803,TierPoint Midlands Data Center,FracTracker,1,1,FracTracker,,FracTracker:frac_row_440,Operating,True,False,NE,Sarpy,Papillion,41.13467,-96.0391,True,Point,,TierPoint Midlands Data Center,,,,single_source_curated,
site_00804,Sarpy Meta Data Center,FracTracker|PNNL,2,8,PNNL,campus,PNNL:campus_00714941629,Operating,True,False,NE,Sarpy County,Springfield,41.121753730397295,-96.14372146857282,True,MultiPolygon,Meta,Meta Data Center|Meta Sarpy Data center|Sarpy Meta Data Center,666382.0,5922319.0,,multi_source,FracTracker:frac_row_441<->PNNL:building_00844394339:strong_name_supported_1km:708.542m ; FracTracker:frac_row_441<->PNNL:building_00844394340:name_supported_500m:427.429m ; FracTracker:frac_row_441<->PNNL:building_01253282101:name_supported_500m:338.258m ; FracTracker:frac_row_441<->PNNL:building_01253282102:strong_name_supported_1km:584.928m ; FracTracker:frac_row_441<->PNNL:campus_00714941629:strong_name_supported_1km:504.54m ; FracTracker:frac_row_441<->PNNL:campus_00795853621:strong_name_supported_1km:900.205m ; FracTracker:frac_row_441<->PNNL:campus_01038780426:name_supported_500m:374.568m
site_00805,Comcast Data Center,FracTracker,1,1,FracTracker,,FracTracker:frac_row_442,Proposed,False,True,NJ,Hunterdon,Clinton,40.63284,-74.9191,True,Point,,Comcast Data Center,2170.0,,,single_source_curated,
site_00806,Data center: Joint Base McGuire-Dix-Lakehurst (2 sites),FracTracker,1,1,FracTracker,,FracTracker:frac_row_443,Proposed,False,True,NJ,Burlington,Fort Dix,40.01661,-74.608765,True,Point,,Data center: Joint Base McGuire-Dix-Lakehurst (2 sites),,,,single_source_curated,
site_00807,DataVerge,FracTracker,1,1,FracTracker,,FracTracker:frac_row_444,Operating,True,False,NJ,Hudson,Jersey City,40.726536,-74.03348,True,Point,DataVerge,DataVerge,,,,single_source_curated,
site_00808,Comcast Data Center,FracTracker,1,1,FracTracker,,FracTracker:frac_row_445,Proposed,False,True,NJ,Burlington,Moorestown,39.98939,-74.8896,True,Point,,Comcast Data Center,,,,single_source_curated,
site_00809,BT Radianz: 492 River Road,FracTracker|PNNL,2,2,PNNL,building,PNNL:building_00452116337,Operating,True,False,NJ,Essex County,Nutley,40.82145355154189,-74.13418574563293,True,Polygon,bt,BT Radianz: 492 River Road|GI Partners Data Center,130000.0,,,multi_source,FracTracker:frac_row_446<->PNNL:building_00452116337:spatial_100m:6.433m
site_00810,Prism Capital Partners Data Center,FracTracker,1,1,FracTracker,,FracTracker:frac_row_447,Proposed,False,True,NJ,Essex,Nutley,40.8294,-74.1536,True,Point,,Prism Capital Partners Data Center,,,,single_source_curated,
site_00811,Nebius Data Center,FracTracker,1,1,FracTracker,,FracTracker:frac_row_448,Approved/Permitted/Under construction,False,True,NJ,Cumberland,Vineland,39.43012,-75.0131,True,Point,,Nebius Data Center,2600000.0,,"300-2,000",single_source_curated,
site_00812,NJFX,FracTracker,1,1,FracTracker,,FracTracker:frac_row_449,Operating,True,False,NJ,Monmouth,Wall,40.161446,-74.05334,True,Point,,NJFX,64800.0,,10,single_source_curated,
site_00813,Edgeconnex Data Center,FracTracker|PNNL,2,2,PNNL,building,PNNL:building_00933393863,Operating,True,False,CA,Sacramento County,Rancho Cordoba,38.59229735741739,-121.27743720748433,True,Polygon,EdgeConneX,Edgeconnex Data Center|Sacramento EdgeConneX Edge Data Center (EDC) (SAC01),28500.0,,2-3,multi_source,FracTracker:frac_row_45<->PNNL:building_00933393863:spatial_100m:37.75m
site_00814,123 Central,FracTracker|PNNL,2,2,PNNL,point,PNNL:point_09808044840,Operating,True,False,NM,Bernalillo County,Albuquerque,35.0844494,-106.6489853,True,Point,bigbyte.cc,123 Central|bigbyte.cc Corp. Data Center,,,,multi_source,FracTracker:frac_row_450<->PNNL:point_09808044840:spatial_100m:8.011m
site_00815,Centersquare Albuquerque Data Center,FracTracker,1,1,FracTracker,,FracTracker:frac_row_451,Operating,True,False,NM,Bernalillo,Albuquerque,35.0862,-106.652,True,Point,,Centersquare Albuquerque Data Center,,,,single_source_curated,
site_00816,505 Marquette,FracTracker|PNNL,2,2,PNNL,point,PNNL:point_09808044830,Operating,True,False,NM,Bernalillo County,Albuquerque,35.0886289,-106.6526456,True,Point,,505 Marquette|H5 Data Center,,,,multi_source,FracTracker:frac_row_452<->PNNL:point_09808044830:spatial_100m:58.741m
site_00817,Hobbs Data Center,FracTracker,1,1,FracTracker,,FracTracker:frac_row_453,Operating,True,False,NM,Lea,Hobbs,32.70361,-103.137,True,Point,,Hobbs Data Center,43000.0,,,single_source_curated,
site_00818,Aerospace Data Facility Southwest,FracTracker,1,1,FracTracker,,FracTracker:frac_row_454,Operating,True,False,NM,Doña Ana,Las Cruces,32.49551,-106.614,True,Point,,Aerospace Data Facility Southwest,,,,single_source_curated,
site_00819,New Era Energy & Digital Data Center,FracTracker,1,1,FracTracker,,FracTracker:frac_row_455,Proposed,False,True,NM,Lea County,Lea County,32.882626,-103.42699,True,Point,,New Era Energy & Digital Data Center,,,7000,single_source_curated,
site_00820,Zenith Volts Data Center,FracTracker,1,1,FracTracker,,FracTracker:frac_row_456,Proposed,False,True,NM,Chaves,Roswell,33.38971,-104.536,True,Point,,Zenith Volts Data Center,,,1240,single_source_curated,
site_00821,Project Jupiter,FracTracker,1,1,FracTracker,,FracTracker:frac_row_457,Approved/Permitted/Under construction,False,True,NM,Doña Ana County,Santa Teresa,31.81646,-106.678,True,Point,Oracle/ Open AI,Project Jupiter,3000000.0,,700,single_source_curated,
site_00822,Novva Data Center,FracTracker,1,1,FracTracker,,FracTracker:frac_row_458,Operating,True,False,NV,Clark,Las Vegas,36.2705,-115.048,True,Point,,Novva Data Center,275000.0,,100,single_source_curated,
site_00823,Novva Data Center (site 2),FracTracker,1,1,FracTracker,,FracTracker:frac_row_459,Proposed,False,True,NV,Clark,Las Vegas,36.33975,-114.943,True,Point,,Novva Data Center (site 2),,,,single_source_curated,
site_00824,Equinix SV1,FracTracker|NAICS|PNNL,3,6,PNNL,building,PNNL:building_00035491576,Approved/Permitted/Under construction,True,True,CA,Santa Clara County,San Jose,37.241586803667886,-121.7833201255276,True,Polygon,Equinix,EQUINIX INC SVS|EQUINIX LLC|Equinix|Equinix SV1|Equinix SV10|Equinix SV5,150000.0,,40,multi_source,FracTracker:frac_row_46<->PNNL:building_00035491576:strong_name_supported_1km:968.293m ; FracTracker:frac_row_46<->PNNL:building_00161126131:strong_name_supported_1km:996.649m ; FracTracker:frac_row_46<->PNNL:building_00600806974:strong_name_supported_1km:965.199m ; NAICS:naics_206<->PNNL:building_00035491576:spatial_100m:16.975m ; NAICS:naics_316<->PNNL:building_00161126131:spatial_100m:70.236m
site_00825,Switch Data Center,FracTracker,1,1,FracTracker,,FracTracker:frac_row_460,Proposed,False,True,NV,Clark,Las Vegas,36.219105,-115.3135,True,Point,,Switch Data Center,,,,single_source_curated,
site_00826,Switch Las Vegas 12,FracTracker|PNNL,2,9,PNNL,campus,PNNL:campus_01314355599,Operating,True,False,NV,Clark County,Las Vegas,36.05813028989026,-115.21038851286191,True,MultiPolygon,Switch,Switch Edge 1|Switch Las Vegas 11|Switch Las Vegas 12|Switch Las Vegas 7|Switch Las Vegas 8|Switch Las Vegas 9|Switch Las Vegas CORE campus|Switch12,3500000.0,484037.0,495,multi_source,FracTracker:frac_row_461<->PNNL:building_00172739950:name_supported_500m:203.495m ; FracTracker:frac_row_461<->PNNL:building_00172739953:name_supported_500m:153.546m ; FracTracker:frac_row_461<->PNNL:building_00585998677:name_supported_500m:347.242m ; FracTracker:frac_row_461<->PNNL:building_00585998678:strong_name_supported_1km:860.482m ; FracTracker:frac_row_461<->PNNL:building_00617194689:strong_name_supported_1km:533.204m ; FracTracker:frac_row_461<->PNNL:building_01017048670:name_supported_500m:204.755m ; FracTracker:frac_row_461<->PNNL:building_01263819877:strong_name_supported_1km:921.937m ; FracTracker:frac_row_461<->PNNL:campus_01314355599:name_supported_500m:277.931m
site_00827,Jet.AI,FracTracker,1,1,FracTracker,,FracTracker:frac_row_462,Proposed,False,True,NV,Clark,Moapa,36.688816,-114.62739,True,Point,,Jet.AI,,,50,single_source_curated,
site_00828,Centra,FracTracker,1,1,FracTracker,,FracTracker:frac_row_463,Approved/Permitted/Under construction,False,True,NV,Washoe,Reno,39.525772,-119.82659,True,Point,,Centra,,,12,single_source_curated,
site_00829,Lumen Technologies mini Data Center,FracTracker,1,1,FracTracker,,FracTracker:frac_row_464,Operating,True,False,NV,Washoe,Reno,39.52402,-119.827,True,Point,,Lumen Technologies mini Data Center,,,2,single_source_curated,
site_00830,Oppidan Data Center,FracTracker,1,1,FracTracker,,FracTracker:frac_row_465,Approved/Permitted/Under construction,False,True,NV,Washoe,Reno,39.61418,-119.877,True,Point,,Oppidan Data Center,,,8,single_source_curated,
site_00831,Webb Data Center,FracTracker,1,1,FracTracker,,FracTracker:frac_row_466,Approved/Permitted/Under construction,False,True,NV,Washoe,Reno,39.61473,-119.879,True,Point,,Webb Data Center,82000.0,,28,single_source_curated,
site_00832,Tract Data Center,FracTracker,1,1,FracTracker,,FracTracker:frac_row_467,Proposed,False,True,NV,Lyon County,Silver Springs,39.42805,-119.232,True,Point,,Tract Data Center,,,1600,single_source_curated,
site_00833,Tract Data Center,FracTracker,1,1,FracTracker,,FracTracker:frac_row_468,Proposed,False,True,NV,Storey County,Silver Springs,39.47083,-119.40618,True,Point,,Tract Data Center,,,1200,single_source_curated,
site_00834,Apple Data Center,FracTracker,1,1,FracTracker,,FracTracker:frac_row_469,Operating,True,False,NV,Washoe,Sparks,39.56298,-119.551,True,Point,,Apple Data Center,,,,single_source_curated,
site_00835,LBA Realty Data Center,FracTracker,1,1,FracTracker,,FracTracker:frac_row_47,Proposed,False,True,CA,Santa Clara,San Jose,37.381,-121.935,True,Point,,LBA Realty Data Center,415000.0,,,single_source_curated,
site_00836,Tract Data Center,FracTracker,1,1,FracTracker,,FracTracker:frac_row_470,Proposed,False,True,NV,Storey County,Sparks,39.53511,-119.497,True,Point,,Tract Data Center,,,810,single_source_curated,
site_00837,NV11–NV14 Data Center Campus,FracTracker,1,1,FracTracker,,FracTracker:frac_row_471,Proposed,False,True,NV,Storey,Sparks,39.55287,-119.474,True,Point,,NV11–NV14 Data Center Campus,1000000.0,,224,single_source_curated,
site_00838,STAMP Data Center,FracTracker,1,1,FracTracker,,FracTracker:frac_row_472,Proposed,False,True,NY,Genesee County,Alabama,43.08677,-78.3978,True,Point,Genesee County Economic Development Corporation (GCEDC),STAMP Data Center,2200000.0,,500,single_source_curated,
site_00839,Lake Mariner Data Center (includes bitcoin),FracTracker,1,1,FracTracker,,FracTracker:frac_row_473,Operating,True,False,NY,Niagara,Barker,43.35908,-78.6068,True,Point,TeraWulf,Lake Mariner Data Center (includes bitcoin),,,500,single_source_curated,
site_00840,Dataverge,FracTracker|PNNL,2,2,PNNL,point,PNNL:point_12766117170,Operating,True,False,NY,Kings County,Brooklyn,40.6576957,-74.0048163,True,Point,DataVerge|Dataverge,DataVerge/ Industry City Data Center|Dataverge,50000.0,,10,multi_source,FracTracker:frac_row_474<->PNNL:point_12766117170:spatial_100m:14.554m
site_00841,Holtec Decommissioning International (HDI),FracTracker,1,1,FracTracker,,FracTracker:frac_row_475,Proposed,False,True,NY,Westchester,Buchanan,41.265106,-73.9493,True,Point,,Holtec Decommissioning International (HDI),,,200,single_source_curated,
site_00842,Tesla Dojo Supercomputer,FracTracker,1,1,FracTracker,,FracTracker:frac_row_476,Cancelled,False,True,NY,Erie,Buffalo,42.86061,-78.84132,True,Point,,Tesla Dojo Supercomputer,,,,single_source_curated,
site_00843,Greenidge Generation Yates County facility,FracTracker,1,1,FracTracker,,FracTracker:frac_row_477,Operating,True,False,NY,Yates,Dresden,42.67687,-76.94491,True,Point,,Greenidge Generation Yates County facility,,,55,single_source_curated,
site_00844,Cayuga Operating Data Center,FracTracker,1,1,FracTracker,,FracTracker:frac_row_478,Proposed,False,True,NY,Tompkins County,Lansing,42.60211,-76.635,True,Point,TeraWulf,Cayuga Operating Data Center,500000.0,,100-400,single_source_curated,
site_00845,H5 Data Center (2 Data Centers),FracTracker,1,1,FracTracker,,FracTracker:frac_row_479,Operating,True,False,NY,Niagara,Lockport,43.169827,-78.74797,True,Point,,H5 Data Center (2 Data Centers),409200.0,,44,single_source_curated,
site_00846,Prologis,FracTracker,1,1,FracTracker,,FracTracker:frac_row_48,Proposed,False,True,CA,Santa Clara,San Jose,37.423885,-121.94313,True,Point,Prologis,Prologis,1684000.0,,396,single_source_curated,
site_00847,"Ranalli Super DC, LLC Data Center",FracTracker,1,1,FracTracker,,FracTracker:frac_row_480,Proposed,False,True,NY,Onondaga,Lysander,43.18687,-76.35703,True,Point,,"Ranalli Super DC, LLC Data Center",,,300,single_source_curated,
site_00848,Former Sears store potential Data Center conversion,FracTracker,1,1,FracTracker,,FracTracker:frac_row_481,Proposed,False,True,NY,St. Lawrence,Massena,44.948536,-74.84243,True,Point,,Former Sears store potential Data Center conversion,,,,single_source_curated,
site_00849,North Country Data Center,FracTracker,1,1,FracTracker,,FracTracker:frac_row_482,Proposed,False,True,NY,St. Lawrence,Massena,44.961773,-74.8913,True,Point,,North Country Data Center,,,176,single_source_curated,
site_00850,St Lawrence Data and Agricultural Center,FracTracker,1,1,FracTracker,,FracTracker:frac_row_483,Proposed,False,True,NY,St. Lawrence,Massena,44.954838,-74.84906,True,Point,Petawatt Holdings,St Lawrence Data and Agricultural Center,,,200,single_source_curated,
site_00851,LGA1,FracTracker,1,1,FracTracker,,FracTracker:frac_row_484,Operating,True,False,NY,New York,New York,40.717728,-74.00832,True,Point,DataBank,LGA1,23940.0,,0.74,single_source_curated,
site_00852,LGA2,FracTracker,1,1,FracTracker,,FracTracker:frac_row_485,Operating,True,False,NY,New York,New York,40.740993,-74.00215,True,Point,DataBank,LGA2,,,0.68,single_source_curated,
site_00853,Oxford Quantum Circuits (OQC),FracTracker,1,1,FracTracker,,FracTracker:frac_row_486,Operating,True,False,NY,New York,New York,40.74102,-74.0021,True,Point,,Oxford Quantum Circuits (OQC),,,,single_source_curated,
site_00854,Telehouse: Chelsea,FracTracker,1,1,FracTracker,,FracTracker:frac_row_487,Operating,True,False,NY,New York,New York,40.743084,-74.007866,True,Point,,Telehouse: Chelsea,63500.0,,4,single_source_curated,
site_00855,9Lives (Globe Digital Holdings),FracTracker,1,1,FracTracker,,FracTracker:frac_row_488,Proposed,False,True,NY,Erie,Niagara Falls,43.12389,-79.04118,True,Point,,9Lives (Globe Digital Holdings),,,600,single_source_curated,
site_00856,BlockFusion aka North East Data Center LLC,FracTracker|NAICS,2,2,FracTracker,,FracTracker:frac_row_489,Operating,True,False,NY,Niagara,Niagara Falls,43.083187,-79.00317,True,Point,,BlockFusion aka North East Data Center LLC|NORTH EAST DATA LLC,,,50+,multi_source,FracTracker:frac_row_489<->NAICS:naics_547:spatial_100m:36.985m
site_00857,Niagara Digital Campus,FracTracker,1,1,FracTracker,,FracTracker:frac_row_490,Proposed,False,True,NY,Niagara,Niagara Falls,43.084515,-79.05135,True,Point,,Niagara Digital Campus,600000.0,,140,single_source_curated,
site_00858,North Tonawanda Data Center,FracTracker,1,1,FracTracker,,FracTracker:frac_row_491,Operating,True,False,NY,Niagara,North Tonawanda,43.06086,-78.85376,True,Point,,North Tonawanda Data Center,,,46,single_source_curated,
site_00859,Oneonta Data Center,FracTracker,1,1,FracTracker,,FracTracker:frac_row_492,Suspended,False,True,NY,Otsego,Oneonta,42.45303,-75.1168,True,Point,,Oneonta Data Center,,,,single_source_curated,
site_00860,Bloomberg Data Center,FracTracker|PNNL,2,2,PNNL,building,PNNL:building_01238955720,Operating,True,False,NY,Rockland County,Orangeburg,41.0362703541861,-73.98749369632571,True,Polygon,Bloomberg,Bloomberg Data Center|Bloomberg-RDC 8/ Sentinel NY-1,130000.0,,7,multi_source,FracTracker:frac_row_493<->PNNL:building_01238955720:name_supported_500m:109.005m
site_00861,Databank LGA3,FracTracker|PNNL,2,2,PNNL,building,PNNL:building_01383913490,Operating,True,False,NY,Rockland County,Orangeburg,41.0399432449328,-73.98965093105873,True,Polygon,Databank,DataBank LGA3 and LGA4|Databank LGA3,220000.0,,40,multi_source,FracTracker:frac_row_494<->PNNL:building_01383913490:spatial_100m:22.767m
site_00862,fifteenfortyseven CSR ORNY1,FracTracker|PNNL,2,2,PNNL,building,PNNL:building_01238955733,Operating,True,False,NY,Rockland County,Orangeburg,41.034484503180394,-73.97576449873921,True,Polygon,fifteenfortyseven Critical Systems Realty,Orangeburg Data Center|fifteenfortyseven CSR ORNY1,232000.0,,24,multi_source,FracTracker:frac_row_495<->PNNL:building_01238955733:spatial_100m:3.432m
site_00863,Telehouse Teleport,FracTracker|PNNL,2,2,PNNL,building,PNNL:building_00247428943,Operating,True,False,NY,Richmond County,Staten Island,40.606985209666014,-74.17488651961352,True,Polygon,Telehouse,Telehouse Teleport|Telehouse: Teleport,162000.0,,10,multi_source,FracTracker:frac_row_496<->PNNL:building_00247428943:spatial_100m:16.7m
site_00864,Riverview Innovation & Technology Campus,FracTracker,1,1,FracTracker,,FracTracker:frac_row_497,Proposed,False,True,NY,Erie,Tonawanda,42.978775,-78.93396,True,Point,,Riverview Innovation & Technology Campus,500000.0,,600,single_source_curated,
site_00865,Brookhaven Logistics Center,FracTracker,1,1,FracTracker,,FracTracker:frac_row_498,Proposed,False,True,NY,Suffolk,Yaphank,40.82991,-72.94618,True,Point,,Brookhaven Logistics Center,,,176?,single_source_curated,
site_00866,Project Triton,FracTracker,1,1,FracTracker,,FracTracker:frac_row_499,Proposed,False,True,OH,Summit,Barberton,41.014168,-81.6502,True,Point,,Project Triton,485000.0,,,single_source_curated,
site_00867,Meta Huntsville Data Center,FracTracker|PNNL,2,5,PNNL,campus,PNNL:campus_00018518989,Operating,True,False,AL,Madison County,Huntsville,34.844244678024516,-86.62831680386925,True,MultiPolygon,Meta,Meta Data Center|Meta Huntsville Data Center|Meta Huntsville Data center,578342.0,14435561.0,,multi_source,FracTracker:frac_row_5<->PNNL:building_01160814413:strong_name_supported_1km:783.501m ; FracTracker:frac_row_5<->PNNL:building_01160814415:name_supported_500m:289.058m ; FracTracker:frac_row_5<->PNNL:building_01160814416:spatial_100m:64.554m ; FracTracker:frac_row_5<->PNNL:campus_00018518989:name_supported_500m:416.202m
site_00868,Meta Bowling Green Data Center,FracTracker,1,1,FracTracker,,FracTracker:frac_row_500,Approved/Permitted/Under construction,False,True,OH,Wood,Bowling Green,41.45447,-83.6489,True,Point,Meta,Meta Bowling Green Data Center,715000.0,,514,single_source_curated,
site_00869,DartPoints Data Center,FracTracker,1,1,FracTracker,,FracTracker:frac_row_501,Approved/Permitted/Under construction,False,True,OH,Hamilton,Cincinnati,39.09831,-84.5179,True,Point,,DartPoints Data Center,15000.0,,,single_source_curated,
site_00870,H5 Data Center,FracTracker,1,1,FracTracker,,FracTracker:frac_row_502,Operating,True,False,OH,Hamilton,Cincinnati,39.10586,-84.5366,True,Point,,H5 Data Center,107000.0,,2-6,single_source_curated,
site_00871,CLE1,FracTracker,1,1,FracTracker,,FracTracker:frac_row_503,Operating,True,False,OH,Cuyahoga,Cleveland,41.42835,-81.574,True,Point,,CLE1,66800.0,,4.7,single_source_curated,
site_00872,CLE2,FracTracker,1,1,FracTracker,,FracTracker:frac_row_504,Operating,True,False,OH,Cuyahoga,Cleveland,41.42939,-81.5739,True,Point,,CLE2,24850.0,,2,single_source_curated,
site_00873,Microsoft Licking County Data Center,FracTracker,1,1,FracTracker,,FracTracker:frac_row_505,Cancelled,False,True,OH,Franklin,Columbus,39.96418,-83.0171,True,Point,Microsoft,Microsoft Licking County Data Center,,,,single_source_curated,
site_00874,COL 1 (Cologix),FracTracker|PNNL,2,5,PNNL,building,PNNL:building_00551387747,Operating,True,False,OH,Franklin County,Columbus,40.115717015784234,-83.00256546104873,True,Polygon,,COL 1 (Cologix)|COL 2 (Cologix)|COL 3 (Cologix),44000.0,,18+|30,multi_source,FracTracker:frac_row_506<->PNNL:building_00551387747:spatial_100m:23.405m ; FracTracker:frac_row_506<->PNNL:building_01462886682:spatial_100m:81.21m ; FracTracker:frac_row_507<->PNNL:building_00551387747:spatial_100m:12.795m ; FracTracker:frac_row_507<->PNNL:building_01462886682:spatial_100m:80.371m ; FracTracker:frac_row_508<->PNNL:building_00551387747:spatial_100m:26.926m ; FracTracker:frac_row_508<->PNNL:building_01462886682:spatial_100m:63.586m
site_00875,COL 4 (Cologix),FracTracker,1,1,FracTracker,,FracTracker:frac_row_509,Operating,True,False,OH,Franklin,Columbus,40.11852,-82.9993,True,Point,,COL 4 (Cologix),256000.0,,33,single_source_curated,
site_00876,"Google Lockbourne, OH",FracTracker|PNNL,2,3,PNNL,campus,PNNL:campus_01281982556,Operating,True,False,OH,Franklin County,Columbus,39.848752677367955,-82.99616096097107,True,MultiPolygon,Google,"Columbus Data Center|Google|Google Lockbourne, OH",289874.0,11463730.0,,multi_source,FracTracker:frac_row_510<->PNNL:building_01252196814:name_supported_500m:216.929m ; FracTracker:frac_row_510<->PNNL:campus_01281982556:name_supported_500m:423.073m
site_00877,Microsoft Columbus Data Center,FracTracker,1,1,FracTracker,,FracTracker:frac_row_511,Suspended,False,True,OH,Franklin,Columbus,39.96418,-83.0171,True,Point,Microsoft,Microsoft Columbus Data Center,,,,single_source_curated,
site_00878,Aligned Data Center,FracTracker,1,1,FracTracker,,FracTracker:frac_row_512,Proposed,False,True,OH,Coshocton,Conesville,40.18911,-81.8728,True,Point,,Aligned Data Center,,,,single_source_curated,
site_00879,CMH2,FracTracker,1,1,FracTracker,,FracTracker:frac_row_513,Operating,True,False,OH,Franklin,Dublin,40.09205,-83.1436,True,Point,,CMH2,29208.0,,4.8,single_source_curated,
site_00880,DartPoints Data Center,FracTracker,1,1,FracTracker,,FracTracker:frac_row_514,Operating,True,False,OH,Franklin,Dublin,40.09327,-83.1337,True,Point,,DartPoints Data Center,40000.0,,,single_source_curated,
site_00881,PRSM Data Center,FracTracker,1,1,FracTracker,,FracTracker:frac_row_515,Proposed,False,True,OH,Preble,Eaton,39.8307,-84.7197,True,Point,,PRSM Data Center,,,,single_source_curated,
site_00882,Franklin Furnace Data Center,FracTracker,1,1,FracTracker,,FracTracker:frac_row_516,Proposed,False,True,OH,Scioto,Franklin Furnace,38.59737,-82.84261,True,Point,Google,Franklin Furnace Data Center,500000.0,,,single_source_curated,
site_00883,Amazon Sunbury Data Center,FracTracker,1,1,FracTracker,,FracTracker:frac_row_517,Approved/Permitted/Under construction,False,True,OH,Delaware,Galena,40.21813,-82.8478,True,Point,,Amazon Sunbury Data Center,450000.0,,,single_source_curated,
site_00884,Logistix Data Center,FracTracker,1,1,FracTracker,,FracTracker:frac_row_518,Proposed,False,True,OH,Butler,Hamilton,39.38385,-84.56061,True,Point,Logistix Property Group,Logistix Data Center,320.0,,200,single_source_curated,
site_00885,Amazon AWS: Hilliard Data Center,FracTracker|PNNL,2,7,PNNL,campus,PNNL:campus_00460067225,Operating,True,False,OH,Franklin County,Hilliard,40.059902191478876,-83.13425799033122,True,MultiPolygon,Amazon|Amazon Web Services|Amazon Web Services us-east-2 datacenter,Amazon AWS: Hilliard Data Center|Amazon Hilliard Data Center|Amazon Web Services,161809.0,2578490.0,,multi_source,FracTracker:frac_row_519<->PNNL:building_00673532692:name_supported_500m:155.346m ; FracTracker:frac_row_519<->PNNL:building_00874506250:name_supported_500m:257.134m ; FracTracker:frac_row_519<->PNNL:building_00975484796:name_supported_500m:346.076m ; FracTracker:frac_row_519<->PNNL:building_00975484797:name_supported_500m:460.245m ; FracTracker:frac_row_519<->PNNL:building_00975484798:name_supported_500m:229.712m ; FracTracker:frac_row_519<->PNNL:campus_00460067225:name_supported_500m:281.239m
site_00886,Ravel Data Center,FracTracker,1,1,FracTracker,,FracTracker:frac_row_520,Proposed,False,True,OH,Lawrence,Ironton,38.56767,-82.782684,True,Point,Strata,Ravel Data Center,,,,single_source_curated,
site_00887,Amazon Jeffersonville Data Center,FracTracker,1,1,FracTracker,,FracTracker:frac_row_521,Proposed,False,True,OH,Fayette,Jeffersonville,39.62815,-83.57187,True,Point,Amazon,Amazon Jeffersonville Data Center,,,1184,single_source_curated,
site_00888,Amazon Web Services,FracTracker|PNNL,2,7,PNNL,building,PNNL:building_01252196802,Proposed,True,True,OH,Licking County,Johnstown,40.09344044223075,-82.7321598268788,True,Polygon,Amazon|Amazon Web Services,Amazon Web Services|Johnstown Data Center (Harrison Rd),170000.0,,,multi_source,FracTracker:frac_row_522<->PNNL:building_01252196802:name_supported_500m:484.242m ; FracTracker:frac_row_522<->PNNL:building_01252196803:strong_name_supported_1km:664.541m ; FracTracker:frac_row_522<->PNNL:building_01252196804:strong_name_supported_1km:786.056m ; FracTracker:frac_row_522<->PNNL:building_01386016629:strong_name_supported_1km:565.853m ; FracTracker:frac_row_522<->PNNL:building_01386016630:strong_name_supported_1km:705.075m ; FracTracker:frac_row_522<->PNNL:building_01386016631:strong_name_supported_1km:704.125m
site_00889,Amazon Web Services Datacenter Complex,FracTracker|PNNL,2,11,PNNL,campus,PNNL:campus_00460067220,Proposed,True,True,OH,Licking County,Johnstown,40.09388273554784,-82.75171093377944,True,MultiPolygon,Amazon|Amazon Web Services,Amazon New Albany: Jug and Beach Road|Amazon Web Services|Amazon Web Services  CMH50|Amazon Web Services  CMH53|Amazon Web Services  CMH59|Amazon Web Services CMH56|Amazon Web Services CMH62|Amazon Web Services Datacenter Complex|Johnstown Data Center (Beech Rd NW)|Johnstown Data Center (Beech Rd),459000.0,1106310.0,,multi_source,FracTracker:frac_row_523<->PNNL:building_00562775657:spatial_100m:47.308m ; FracTracker:frac_row_523<->PNNL:building_01020374277:spatial_100m:66.668m ; FracTracker:frac_row_523<->PNNL:building_01020374278:name_supported_500m:266.174m ; FracTracker:frac_row_523<->PNNL:building_01020374279:name_supported_500m:330.862m ; FracTracker:frac_row_523<->PNNL:building_01252196801:name_supported_500m:346.461m ; FracTracker:frac_row_523<->PNNL:building_01386016627:strong_name_supported_1km:927.072m ; FracTracker:frac_row_523<->PNNL:building_01386016628:strong_name_supported_1km:871.43m ; FracTracker:frac_row_523<->PNNL:campus_00460067220:spatial_100m:45.111m ; FracTracker:frac_row_523<->PNNL:campus_01281982572:strong_name_supported_1km:544.971m ; FracTracker:frac_row_524<->PNNL:building_00562775657:name_supported_500m:380.809m ; FracTracker:frac_row_524<->PNNL:building_01020374277:name_supported_500m:482.292m ; FracTracker:frac_row_524<->PNNL:building_01020374278:name_supported_500m:167.043m ; FracTracker:frac_row_524<->PNNL:building_01020374279:strong_name_supported_1km:638.491m ; FracTracker:frac_row_524<->PNNL:building_01252196801:strong_name_supported_1km:712.167m ; FracTracker:frac_row_524<->PNNL:building_01386016627:strong_name_supported_1km:594.708m ; FracTracker:frac_row_524<->PNNL:building_01386016628:name_supported_500m:494.555m ; FracTracker:frac_row_524<->PNNL:campus_00460067220:name_supported_500m:447.21m ; FracTracker:frac_row_524<->PNNL:campus_01281982572:name_supported_500m:218.737m
site_00890,Johnstown Data Center (Beech Rd.),FracTracker,1,1,FracTracker,,FracTracker:frac_row_525,Proposed,False,True,OH,Licking,Johnstown,40.11718,-82.7506,True,Point,,Johnstown Data Center (Beech Rd.),,,,single_source_curated,
site_00891,CyrusOne COL-1,FracTracker,1,1,FracTracker,,FracTracker:frac_row_526,Approved/Permitted/Under construction,False,True,OH,Licking,Johnstown,40.09545,-82.7181,True,Point,,CyrusOne COL-1,,,,single_source_curated,
site_00892,EdgeConneX New Albany Data Center,FracTracker,1,1,FracTracker,,FracTracker:frac_row_527,Approved/Permitted/Under construction,False,True,OH,Licking,Johnstown,40.08851,-82.7583,True,Point,EdgeConneX,EdgeConneX New Albany Data Center,1225000.0,,120-766,single_source_curated,
site_00893,Karis Critical Data Center,FracTracker,1,1,FracTracker,,FracTracker:frac_row_528,Proposed,False,True,OH,Licking,Johnstown,40.12115,-82.7517,True,Point,,Karis Critical Data Center,211000.0,,36,single_source_curated,
site_00894,Google,FracTracker|PNNL,2,2,PNNL,building,PNNL:building_01252196824,Proposed,True,True,OH,Fairfield County,Lancaster,39.724010166114695,-82.69112739236837,True,Polygon,Google,Google|Lancaster Data Center,289253.0,,,multi_source,FracTracker:frac_row_529<->PNNL:building_01252196824:strong_name_supported_1km:798.917m
site_00895,CMH3,FracTracker,1,1,FracTracker,,FracTracker:frac_row_530,Operating,True,False,OH,Delaware,Lewis Center,40.15455,-83.0143,True,Point,,CMH3,102000.0,,7,single_source_curated,
site_00896,COL 5 (Cologix),FracTracker,1,1,FracTracker,,FracTracker:frac_row_531,Proposed,False,True,OH,Delaware,Lewis Center,40.19086,-83.0113,True,Point,,COL 5 (Cologix),60000.0,,25,single_source_curated,
site_00897,Bistrozzi LLC Data Center,FracTracker,1,1,FracTracker,,FracTracker:frac_row_532,Proposed,False,True,OH,Allen,Lima,40.7965,-84.121,True,Point,,Bistrozzi LLC Data Center,,,,single_source_curated,
site_00898,Project Cosmos,FracTracker,1,1,FracTracker,,FracTracker:frac_row_533,Proposed,False,True,OH,Union,Marysville,40.2203,-83.3259,True,Point,Amazon,Project Cosmos,,,,single_source_curated,
site_00899,Vantage Data Center,FracTracker,1,1,FracTracker,,FracTracker:frac_row_534,Proposed,False,True,OH,Fairfield,Millersport,39.89945,-82.5619,True,Point,Vantage,Vantage Data Center,,,800,single_source_curated,
site_00900,Google Data Center,FracTracker|PNNL,2,11,PNNL,campus,PNNL:campus_00844391357,Approved/Permitted/Under construction,True,True,OH,Franklin County,New Albany,40.05820687502756,-82.76621082766692,True,MultiPolygon,Google,Google Data Center|Google NBY-1|Google NBY-2|Google NBY-3|Google NBY-4|Google NBY-5|Google NBY-6|Google NBY-7|Google New Albany Data Center,145177.0,22688090.0,543-679,multi_source,FracTracker:frac_row_535<->PNNL:building_00844391358:name_supported_500m:392.141m ; FracTracker:frac_row_535<->PNNL:building_01222007663:name_supported_500m:255.004m ; FracTracker:frac_row_535<->PNNL:building_01252196811:name_supported_500m:144.749m ; FracTracker:frac_row_535<->PNNL:building_01252196812:name_supported_500m:425.644m ; FracTracker:frac_row_535<->PNNL:building_01386016632:name_supported_500m:474.129m ; FracTracker:frac_row_535<->PNNL:building_01386016633:name_supported_500m:490.146m ; FracTracker:frac_row_535<->PNNL:building_01427613543:strong_name_supported_1km:529.45m ; FracTracker:frac_row_535<->PNNL:campus_00844391357:spatial_100m:62.518m
site_00901,Meta New Albany Data Center,FracTracker|NAICS|PNNL,3,6,PNNL,building,PNNL:building_00671301768,Operating,True,False,OH,Licking County,New Albany,40.06840826479164,-82.7503408359755,True,Polygon,Meta,Meta|Meta New Albany Data Center|New Albany Meta Data Center/Prometheus|SIDECAT LLC (0145000554),27878400.0,,"691-1,400",multi_source,FracTracker:frac_row_536<->NAICS:naics_451:spatial_100m:71.318m ; FracTracker:frac_row_536<->PNNL:building_00671301768:spatial_100m:36.542m ; FracTracker:frac_row_536<->PNNL:building_00802160675:name_supported_500m:404.184m ; FracTracker:frac_row_536<->PNNL:building_01252196813:strong_name_supported_1km:937.561m ; FracTracker:frac_row_536<->PNNL:building_01386016635:strong_name_supported_1km:864.602m ; NAICS:naics_451<->PNNL:building_00671301768:spatial_100m:96.444m
site_00902,Oregon Data Center,FracTracker,1,1,FracTracker,,FracTracker:frac_row_537,Proposed,False,True,OH,Lucas,Oregon,41.66384,-83.4237,True,Point,,Oregon Data Center,,,,single_source_curated,
site_00903,J5 LLC (dba Shaytura LLC) Data Center,FracTracker,1,1,FracTracker,,FracTracker:frac_row_538,Proposed,False,True,OH,Miami,Piqua,40.10546,-84.259926,True,Point,Cleanview,J5 LLC (dba Shaytura LLC) Data Center,700000.0,,,single_source_curated,
site_00904,Aligned NEO-01,FracTracker|PNNL,2,2,PNNL,building,PNNL:building_00383796776,Proposed,True,True,OH,Erie County,Sandusky,41.4324305009821,-82.71902751224367,True,Polygon,Aligned Data Centers,Aligned NEO-01,633484.0,,,multi_source,FracTracker:frac_row_539<->PNNL:building_00383796776:name_supported_500m:226.23m
site_00905,EdgeCore Silicon Valley,FracTracker|PNNL,2,2,PNNL,building,PNNL:building_01460847458,Operating,True,False,CA,Santa Clara County,Santa Clara,37.38371826652648,-121.96538823847324,True,Polygon,EdgeCore,EdgeCore Data Center|EdgeCore Silicon Valley,540000.0,,72,multi_source,FracTracker:frac_row_54<->PNNL:building_01460847458:spatial_100m:55.701m
site_00906,Amazon Project Galaxy,FracTracker,1,1,FracTracker,,FracTracker:frac_row_540,Proposed,False,True,OH,Shelby,Sidney,40.26942,-84.19626,True,Point,Amazon,Amazon Project Galaxy,,,,single_source_curated,
site_00907,Project Mila,FracTracker,1,1,FracTracker,,FracTracker:frac_row_541,Proposed,False,True,OH,Butler,Trenton,39.455215,-84.45998,True,Point,Prologis,Project Mila,1000000.0,,240,single_source_curated,
site_00908,CMH1,FracTracker,1,1,FracTracker,,FracTracker:frac_row_542,Operating,True,False,OH,Franklin,Upper Arlington,40.05789,-83.0785,True,Point,,CMH1,21591.0,,1.6,single_source_curated,
site_00909,Stargate Data Center,FracTracker,1,1,FracTracker,,FracTracker:frac_row_543,Proposed,False,True,OH,Trumbull,Warren,41.15324,-80.8803,True,Point,Bristolville 25 Developer LLC,Stargate Data Center,,,1500,single_source_curated,
site_00910,Wilmington Data Center,FracTracker,1,1,FracTracker,,FracTracker:frac_row_544,Suspended,False,True,OH,Clinton,Wilmington,39.42304,-83.845474,True,Point,Amazon,Wilmington Data Center,,,400-600,single_source_curated,
site_00911,Project Anthem,FracTracker,1,1,FracTracker,,FracTracker:frac_row_545,Approved/Permitted/Under construction,False,True,OK,Wagoner,Cartoosa,36.14817,-95.7338,True,Point,,Project Anthem,,,,single_source_curated,
site_00912,Project Mustang,FracTracker,1,1,FracTracker,,FracTracker:frac_row_546,Proposed,False,True,OK,Rogers,Claremore,36.343464,-95.60581,True,Point,,Project Mustang,,,,single_source_curated,
site_00913,Google Pryor Data Center,FracTracker,1,1,FracTracker,,FracTracker:frac_row_547,Operating,True,False,OK,Mayes,Lusta,36.240967,-95.33059,True,Point,Google,Google Pryor Data Center,,,195-584,single_source_curated,
site_00914,Luther Data Center,FracTracker,1,1,FracTracker,,FracTracker:frac_row_548,Proposed,False,True,OK,Oklahoma,Luther,35.684746,-97.21583,True,Point,,Luther Data Center,,,,single_source_curated,
site_00915,Cerebras Systems Data Center,FracTracker,1,1,FracTracker,,FracTracker:frac_row_549,Operating,True,False,OK,Oklahoma,Oklahoma City,35.53575,-97.5223,True,Point,,Cerebras Systems Data Center,82000.0,,10,single_source_curated,
site_00916,SV Colo,FracTracker|PNNL,2,2,PNNL,building,PNNL:building_00224174031,Operating,True,False,CA,Santa Clara County,Santa Clara,37.36431021578032,-121.9587992678193,True,Polygon,SV Colo,SV Colo|Santa Clara EdgeConneX Edge Data Center (EDC) - SVC01,19800.0,,,multi_source,FracTracker:frac_row_55<->PNNL:building_00224174031:spatial_100m:17.61m
site_00917,Valor C3 Data Center,FracTracker,1,1,FracTracker,,FracTracker:frac_row_550,Operating,True,False,OK,Oklahoma,Oklahoma City,35.42508,-97.5998,True,Point,,Valor C3 Data Center,,,,single_source_curated,
site_00918,Project Atlas,FracTracker,1,1,FracTracker,,FracTracker:frac_row_551,Cancelled,False,True,OK,Wagoner,Porter,35.89665,-95.60666,True,Point,Beale Infrastructure,Project Atlas,,,,single_source_curated,
site_00919,Project Spring,FracTracker,1,1,FracTracker,,FracTracker:frac_row_552,Approved/Permitted/Under construction,False,True,OK,Osage,Sand Springs,36.24621,-96.10994,True,Point,,Project Spring,565000.0,,,single_source_curated,
site_00920,"Beale Infrastructure ""Project Clydesdale""",FracTracker,1,1,FracTracker,,FracTracker:frac_row_553,Approved/Permitted/Under construction,False,True,OK,Tulsa,Sperry,36.26513,-95.9034,True,Point,,"Beale Infrastructure ""Project Clydesdale""",,,,single_source_curated,
site_00921,Cherokee Data Center,FracTracker|NAICS|PNNL,3,3,PNNL,building,PNNL:building_00195664350,Operating,True,False,OK,Tulsa County,Tulsa,36.262546063389934,-95.91003132519961,True,Polygon,,Cherokee Data Center|DXC TECHNOLOGY SERVICES LLC / CHEROKEE DATA CENTER,414827.0,,,multi_source,FracTracker:frac_row_554<->NAICS:naics_46:name_supported_500m:303.946m ; FracTracker:frac_row_554<->PNNL:building_00195664350:spatial_100m:38.72m ; NAICS:naics_46<->PNNL:building_00195664350:name_supported_500m:314.572m
site_00922,Tierpoint Data Center,FracTracker,1,1,FracTracker,,FracTracker:frac_row_555,Operating,True,False,OK,Tulsa,Tulsa,36.09664,-95.8402,True,Point,,Tierpoint Data Center,16000.0,,,single_source_curated,
site_00923,Arlington Data Center,FracTracker,1,1,FracTracker,,FracTracker:frac_row_556,Proposed,False,True,OR,Gilliam,Arlington,45.72153,-120.189,True,Point,Amazon,Arlington Data Center,,,,single_source_curated,
site_00924,Roundhouse Data Center,FracTracker,1,1,FracTracker,,FracTracker:frac_row_557,Cancelled,False,True,OR,Hood River,Cascade Locks,45.67192,-121.886,True,Point,,Roundhouse Data Center,,,,single_source_curated,
site_00925,Crane Data Centers,FracTracker,1,1,FracTracker,,FracTracker:frac_row_558,Approved/Permitted/Under construction,False,True,OR,Washington,Forest Grove,45.51303,-123.05,True,Point,,Crane Data Centers,357500.0,,,single_source_curated,
site_00926,Amazon Data Center,FracTracker,1,1,FracTracker,,FracTracker:frac_row_559,Proposed,False,True,OR,Morrow,Heppner,45.604702,-119.573364,True,Point,Amazon,Amazon Data Center,,,"1,200",single_source_curated,
site_00927,Nautilus Data Technology,FracTracker,1,1,FracTracker,,FracTracker:frac_row_56,Operating,True,False,CA,San Joaquin,Stockton,37.96411,-121.369,True,Point,,Nautilus Data Technology,,,,single_source_curated,
site_00928,Flexential Hillsboro 1,FracTracker,1,1,FracTracker,,FracTracker:frac_row_560,Operating,True,False,OR,Washington,Hillsboro,45.55948,-122.938,True,Point,,Flexential Hillsboro 1,120000.0,,12,single_source_curated,
site_00929,Flexential Portland - Hillsboro 3,FracTracker|PNNL,2,2,PNNL,building,PNNL:building_00918873142,Operating,True,False,OR,Washington County,Hillsboro,45.559469442156384,-122.93824742619341,True,Polygon,Flexential,Flexential Hillsboro 3|Flexential Portland - Hillsboro 3,337274.0,,12–20,multi_source,FracTracker:frac_row_562<->PNNL:building_00918873142:spatial_100m:19.321m
site_00930,Flexential Portland - Hillsboro 4,FracTracker|PNNL,2,3,PNNL,building,PNNL:building_00860433344,Operating,True,False,OR,Washington County,Hillsboro,45.55520512998273,-122.93988400686503,True,Polygon,Flexential,Flexential Hillsboro 4|Flexential Portland - Hillsboro 4|Flexential Portland - Hillsboro 4 Expansion,97536.0,,12–20,multi_source,FracTracker:frac_row_563<->PNNL:building_00860433344:spatial_100m:73.419m ; FracTracker:frac_row_563<->PNNL:building_01080170579:name_supported_500m:163.053m
site_00931,Flexential Portland - Hillsboro 5,FracTracker|PNNL,2,2,PNNL,building,PNNL:building_01080170580,Operating,True,False,OR,Washington County,Hillsboro,45.55642410414443,-122.93929618708306,True,Polygon,Flexential,Flexential Hillsboro 5|Flexential Portland - Hillsboro 5,358000.0,,36,multi_source,FracTracker:frac_row_564<->PNNL:building_01080170580:spatial_100m:25.022m
site_00932,Flexential,FracTracker|PNNL,2,3,PNNL,building,PNNL:building_00328703598,Operating|Proposed,True,True,OR,Washington County,Hillsboro,45.5498209002179,-122.8908514025637,True,Polygon,Flexential,Flexential|Flexential Hillsboro 2|Flexential Hillsboro 6,350000.0,,12–20|27,multi_source,FracTracker:frac_row_561<->PNNL:building_00328703598:spatial_100m:13.916m ; FracTracker:frac_row_565<->PNNL:building_00328703598:name_supported_500m:170.307m
site_00933,"Portland Edge Data Center (EDC) campus (POR01, POR02, & POR03)",FracTracker,1,1,FracTracker,,FracTracker:frac_row_566,Operating,True,False,OR,Washington,Hillsboro,45.55167,-122.915,True,Point,,"Portland Edge Data Center (EDC) campus (POR01, POR02, & POR03)",35550.0,,9+,single_source_curated,
site_00934,Apple Prineville Datacenter,FracTracker|NAICS|PNNL,3,4,PNNL,campus,PNNL:campus_00019993392,Operating,True,False,OR,Crook County,Prineville,44.28455821302781,-120.86588333153831,True,MultiPolygon,Apple,Apple Data Center|Apple Prineville Datacenter|PRINEVILLE DATA CENTER,9228.0,15637431.0,,multi_source,FracTracker:frac_row_567<->NAICS:naics_473:spatial_100m:93.562m ; FracTracker:frac_row_567<->PNNL:building_00397914434:name_supported_500m:133.04m ; FracTracker:frac_row_567<->PNNL:campus_00019993392:strong_name_supported_1km:912.908m
site_00935,Meta Prineville Datacenter,FracTracker|PNNL,2,3,PNNL,campus,PNNL:campus_00019988712,Operating,True,False,OR,Crook County,Prineville,44.29844323079028,-120.88638228128598,True,MultiPolygon,Meta,Meta Data Center|Meta Prineville Datacenter,3200000.0,17379079.0,,multi_source,FracTracker:frac_row_568<->PNNL:building_00321385147:spatial_100m:29.192m ; FracTracker:frac_row_568<->PNNL:campus_00019988712:name_supported_500m:321.032m
site_00936,Google Data Center The Dalles Oregon,FracTracker|PNNL,2,3,PNNL,campus,PNNL:campus_00231769626,Proposed,True,True,OR,Wasco County,The Dalles,45.63204799165709,-121.20130223060461,True,MultiPolygon,Google,Google|Google Data Center The Dalles Oregon|Google Taylor Lake Data Center,,1487396.0,,multi_source,FracTracker:frac_row_569<->PNNL:campus_00231769626:name_supported_500m:161.667m ; FracTracker:frac_row_569<->PNNL:campus_00700431553:strong_name_supported_1km:623.158m
site_00937,Cerebras Systems Data Center,FracTracker,1,1,FracTracker,,FracTracker:frac_row_57,Operating,True,False,CA,Santa Clara,Sunnyvale,37.38112,-121.993,True,Point,,Cerebras Systems Data Center,,,,single_source_curated,
site_00938,AWS Data Center,FracTracker,1,1,FracTracker,,FracTracker:frac_row_570,Proposed,False,True,PA,Schuylkill,McAdoo/ Kline Twp,40.86813,-76.024254,True,Point,Amazon,AWS Data Center,2500000.0,,,single_source_curated,
site_00939,Aliquippa Data Center Campus,FracTracker,1,1,FracTracker,,FracTracker:frac_row_571,Approved/Permitted/Under construction,False,True,PA,Beaver,Aliquippa,40.630177,-80.23629,True,Point,Five 9s Digital,Aliquippa Data Center Campus,250000.0,,496,single_source_curated,
site_00940,Shippingport Bruce Mansfield Data Center/Project Phoenix,FracTracker,1,1,FracTracker,,FracTracker:frac_row_572,Approved/Permitted/Under construction,False,True,PA,Beaver,Shippingport,40.63213,-80.4145,True,Point,Aligned Data Centers,Shippingport Bruce Mansfield Data Center/Project Phoenix,,,3600,single_source_curated,
site_00941,Atlas Industrial Data Center,FracTracker,1,1,FracTracker,,FracTracker:frac_row_573,Proposed,False,True,PA,Lehigh,Allentown,40.643616,-75.53651,True,Point,,Atlas Industrial Data Center,1500000.0,,,single_source_curated,
site_00942,Data Centric LLC Data Center,FracTracker,1,1,FracTracker,,FracTracker:frac_row_574,Suspended,False,True,PA,Union,Allenwood,41.13256,-76.9053,True,Point,,Data Centric LLC Data Center,,,,single_source_curated,
site_00943,Project Gravity Data Center,FracTracker,1,1,FracTracker,,FracTracker:frac_row_575,Proposed,False,True,PA,Lackawanna,Archbald,41.52497,-75.561554,True,Point,Archbald 25 Developer LLC,Project Gravity Data Center,1600000.0,,,single_source_curated,
site_00944,Wildcat Ridge Data Center,FracTracker,1,1,FracTracker,,FracTracker:frac_row_576,Suspended,False,True,PA,Lackawanna,Archbald,41.50318,-75.58995,True,Point,,Wildcat Ridge Data Center,17200000.0,,,single_source_curated,
site_00945,Nautilus crypto mine,FracTracker,1,1,FracTracker,,FracTracker:frac_row_577,Operating,True,False,PA,Luzerne,Berwick,41.08303,-76.1527,True,Point,,Nautilus crypto mine,,,50,single_source_curated,
site_00946,Salem Township Amazon Data Center,FracTracker,1,1,FracTracker,,FracTracker:frac_row_578,Proposed,False,True,PA,Luzerne,Wapwallopen,41.109283,-76.14361,True,Point,Amazon,Salem Township Amazon Data Center,,,960,single_source_curated,
site_00947,Digital Data Center,FracTracker,1,1,FracTracker,,FracTracker:frac_row_58,Proposed,False,True,CA,Los Angeles,Vernon,34.00368,-118.229675,True,Point,California Digital Realty,Digital Data Center,253200.0,,32,single_source_curated,
site_00948,Tierpoint Bethlehem Data Center,FracTracker|NAICS,2,4,FracTracker,,FracTracker:frac_row_579,Operating,True,False,PA,Northampton,Bethlehem,40.67062,-75.37491,True,Point,Tierpoint,TIERPOINT LLC/BETHLEHEM 2 DATA CTR|TIERPOINT PENNSYLVANIA TWO LLC|Tierpoint Bethlehem Data Center|Tierpoint Lehigh Valley (LVQ) Data Center,25000.0,,,multi_source,FracTracker:frac_row_579<->NAICS:naics_281:strong_name_supported_1km:657.518m ; FracTracker:frac_row_579<->NAICS:naics_497:name_supported_500m:187.628m ; FracTracker:frac_row_580<->NAICS:naics_281:name_supported_500m:115.745m ; FracTracker:frac_row_580<->NAICS:naics_497:strong_name_supported_1km:544.903m
site_00949,Blakely Data Center,FracTracker,1,1,FracTracker,,FracTracker:frac_row_581,Cancelled,False,True,PA,Lackawanna,Blakely,41.48713,-75.59684,True,Point,,Blakely Data Center,1200000.0,,1500,single_source_curated,
site_00950,Iron Mountain (WPA-1),FracTracker,1,1,FracTracker,,FracTracker:frac_row_582,Operating,True,False,PA,Beaver,Boyers,41.09156,-79.913376,True,Point,,Iron Mountain (WPA-1),330000.0,,15.5,single_source_curated,
site_00951,Allentown-TekPark,FracTracker|PNNL,2,2,PNNL,building,PNNL:building_00777196805,Operating,True,False,PA,Lehigh County,Breinigsville,40.54423619107065,-75.65431290741553,True,Polygon,Tierpoint,Allentown-TekPark|Tierpoint Allentown TekPark Data Center,122000.0,,,multi_source,FracTracker:frac_row_583<->PNNL:building_00777196805:name_supported_500m:392.22m
site_00952,PAX-1 Data Center,FracTracker,1,1,FracTracker,,FracTracker:frac_row_584,Approved/Permitted/Under construction,False,True,PA,Cumberland,Carlisle,40.2481,-77.1092,True,Point,PowerHouse Data Centers / Pennsylvania Data Center Partners,PAX-1 Data Center,5000000.0,,1350-1800,single_source_curated,
site_00953,Project Gold Data Center,FracTracker,1,1,FracTracker,,FracTracker:frac_row_585,Proposed,False,True,PA,Lackawanna,Clifton Twship,41.24829,-75.5166,True,Point,,Project Gold Data Center,9400000.0,,1500,single_source_curated,
site_00954,Flexential Philadelphia - Collegeville,FracTracker|PNNL,2,2,PNNL,building,PNNL:building_01178609569,Operating,True,False,PA,Montgomery County,Collegeville,40.15222044689243,-75.47762899857408,True,Polygon,Flexential,Flexential Collegeville Data Center|Flexential Philadelphia - Collegeville,203703.0,,7.2,multi_source,FracTracker:frac_row_586<->PNNL:building_01178609569:spatial_100m:65.48m
site_00955,Plymouth Township Data Center,FracTracker,1,1,FracTracker,,FracTracker:frac_row_587,Cancelled,False,True,PA,Montgomery,Conshohocken (Plymouth Township),40.087204,-75.31887,True,Point,,Plymouth Township Data Center,2000000.0,,,single_source_curated,
site_00956,Energy Capital Partners,FracTracker,1,1,FracTracker,,FracTracker:frac_row_588,Proposed,False,True,PA,York,Delta,39.75768,-76.2754,True,Point,Calpine (Energy Capital Parners),Energy Capital Partners,,,828,single_source_curated,
site_00957,viLogics Ebensburg,FracTracker,1,1,FracTracker,,FracTracker:frac_row_589,Operating,True,False,PA,Cambria,Ebensburg,40.45876,-78.758766,True,Point,viLogics,viLogics Ebensburg,15000.0,,3,single_source_curated,
site_00958,DEN1,FracTracker,1,1,FracTracker,,FracTracker:frac_row_59,Operating,True,False,CO,Arapahoe,Centennial,39.58275,-104.841,True,Point,,DEN1,32000.0,,2,single_source_curated,
site_00959,Archbald Data Center,FracTracker,1,1,FracTracker,,FracTracker:frac_row_590,Proposed,False,True,PA,Lackawanna,Eynon,41.51232,-75.5583,True,Point,PDC Realty LLC,Archbald Data Center,620000.0,,,single_source_curated,
site_00960,Fairview Crossroads Data Center,FracTracker,1,1,FracTracker,,FracTracker:frac_row_591,Proposed,False,True,PA,York,Fairview Township,40.206436,-76.871,True,Point,Fairview Crossroads LLC,Fairview Crossroads Data Center,750000.0,,,single_source_curated,
site_00961,Ark Pittsburgh Data Center,FracTracker,1,1,FracTracker,,FracTracker:frac_row_592,Operating,True,False,PA,Armstrong,Freeport,40.752384,-79.63733,True,Point,Ark Data Centers,Ark Pittsburgh Data Center,11200.0,,1.5,single_source_curated,
site_00962,CloudHQ Berks 61 Hyperscale Campus,FracTracker,1,1,FracTracker,,FracTracker:frac_row_593,Proposed,False,True,PA,Berks,Hamburg,40.57368,-76.01037,True,Point,CloudHQ,CloudHQ Berks 61 Hyperscale Campus,,,,single_source_curated,
site_00963,Harrisburg Data Center,FracTracker,1,1,FracTracker,,FracTracker:frac_row_594,Proposed,False,True,PA,Dauphin,Harrisburg,40.22755,-76.8093,True,Point,"Provident Realty (Harrisburg I, LLC)",Harrisburg Data Center,,,,single_source_curated,
site_00964,Project Hazelnut,FracTracker,1,1,FracTracker,,FracTracker:frac_row_595,Cancelled,False,True,PA,Luzerne,Hazelton,40.9272,-76.0426,True,Point,NorthPoint Development,Project Hazelnut,,,,single_source_curated,
site_00965,Homer City Energy Campus,FracTracker,1,1,FracTracker,,FracTracker:frac_row_596,Approved/Permitted/Under construction,False,True,PA,Indiana,Homer City,40.51395,-79.1967,True,Point,Homer City Redevelopment (with Kiewit as contractor/partner),Homer City Energy Campus,,,4500,single_source_curated,
site_00966,Breaker Street Associates LLC (aka Catalyst Commercial Dev?) Data Center,FracTracker,1,1,FracTracker,,FracTracker:frac_row_597,Proposed,False,True,PA,Lackawanna,Jessup,41.47588,-75.5564,True,Point,Breaker Street Associates LLC,Breaker Street Associates LLC (aka Catalyst Commercial Dev?) Data Center,1100000.0,,600,single_source_curated,
site_00967,Catalyst Commercial Development LLC,FracTracker,1,1,FracTracker,,FracTracker:frac_row_598,Proposed,False,True,PA,Lackawanna,Jessup,41.46812,-75.5516,True,Point,,Catalyst Commercial Development LLC,487000.0,,,single_source_curated,
site_00968,Jim Thorpe Data Center,FracTracker,1,1,FracTracker,,FracTracker:frac_row_599,Proposed,False,True,PA,Carbon,Jim Thorpe,40.895737,-75.68105,True,Point,,Jim Thorpe Data Center,,,,single_source_curated,
site_00969,Meta Data Center,FracTracker,1,1,FracTracker,,FracTracker:frac_row_6,Approved/Permitted/Under construction,False,True,AL,Montgomery,Montgomery,32.27604,-86.3287,True,Point,Meta,Meta Data Center,715000.0,,100-200,single_source_curated,
site_00970,Data center,FracTracker,1,1,FracTracker,,FracTracker:frac_row_60,Operating,True,False,CO,El Paso,Colorado Springs,38.99734,-104.792,True,Point,Flexential,Data center,14613.0,,3,single_source_curated,
site_00971,Bitfarm Scrubgrass,FracTracker,1,1,FracTracker,,FracTracker:frac_row_600,Operating,True,False,PA,Venango,Kennerdell,41.26942,-79.81057,True,Point,,Bitfarm Scrubgrass,,,63,single_source_curated,
site_00972,DāStor: 3400 Horizon Drive,FracTracker|PNNL,2,2,PNNL,point,PNNL:point_13409186015,Operating,True,False,PA,Montgomery County,King of Prussia,40.0879189,-75.3397205,True,Point,DaSTOR,DaSTOR (King of Prussia) Data Center|DāStor: 3400 Horizon Drive,22000.0,,4,multi_source,FracTracker:frac_row_601<->PNNL:point_13409186015:spatial_100m:51.252m
site_00973,CoreWeave Lancaster 1,FracTracker,1,1,FracTracker,,FracTracker:frac_row_602,Proposed,False,True,PA,Lancaster,Lancaster,40.0485,-76.2598,True,Point,Chirisa Technology Parks and Machine Investment Group,CoreWeave Lancaster 1,450000.0,,100-300,single_source_curated,
site_00974,CoreWeave Lancaster 2,FracTracker,1,1,FracTracker,,FracTracker:frac_row_603,Proposed,False,True,PA,Lancaster,Lancaster,40.05947,-76.33,True,Point,Chirisa Technology Parks and Machine Investment Group,CoreWeave Lancaster 2,825000.0,,100-300,single_source_curated,
site_00975,Lumen: Lancaster 1 Data Center,FracTracker,1,1,FracTracker,,FracTracker:frac_row_604,Operating,True,False,PA,Lancaster,Lancaster,40.049385,-76.25195,True,Point,Lumen,Lumen: Lancaster 1 Data Center,5000.0,,,single_source_curated,
site_00976,Northern Data/ Ardent Data Center,FracTracker,1,1,FracTracker,,FracTracker:frac_row_605,Operating,True,False,PA,Allegheny,McKees Rock,40.43956,-80.1421,True,Point,Northern Data,Northern Data/ Ardent Data Center,41000.0,,20,single_source_curated,
site_00977,Robena Mine Data Center,FracTracker,1,1,FracTracker,,FracTracker:frac_row_606,Approved/Permitted/Under construction,False,True,PA,Greene,Monongahela Township,39.83526,-79.942505,True,Point,Essential Utilities/ International Electric Power of Pittsburgh,Robena Mine Data Center,,,910,single_source_curated,
site_00978,Amazon Falls Township Data Center,FracTracker,1,1,FracTracker,,FracTracker:frac_row_607,Proposed,False,True,PA,Bucks,Morrisville,40.15494,-74.744415,True,Point,Amazon,Amazon Falls Township Data Center,,,,single_source_curated,
site_00979,Dorrance Township Data Center,FracTracker,1,1,FracTracker,,FracTracker:frac_row_608,Proposed,False,True,PA,Luzerne,Mountain Top,41.080692,-75.95785,True,Point,"Brewster Land Company, LLC",Dorrance Township Data Center,918000.0,,,single_source_curated,
site_00980,Bitfarm Bitcoin Panther Creek,FracTracker,1,1,FracTracker,,FracTracker:frac_row_609,Operating,True,False,PA,Carbon,Nesquehoning,40.8556,-75.8781,True,Point,BitFarms/T5,Bitfarm Bitcoin Panther Creek,,,60-80,single_source_curated,
site_00981,Insurance Exchange Building,FracTracker|NAICS|PNNL,3,3,PNNL,building,PNNL:building_00089784186,Operating,True,False,CO,Denver County,Denver,39.74557178496544,-104.99569107454519,True,Polygon,CoreSite,CORESITE - DE1|CoreSite DE1 Data Center|Insurance Exchange Building,152000.0,,,multi_source,FracTracker:frac_row_61<->NAICS:naics_399:spatial_100m:21.904m ; FracTracker:frac_row_61<->PNNL:building_00089784186:spatial_100m:12.047m ; NAICS:naics_399<->PNNL:building_00089784186:spatial_100m:33.846m
site_00982,Bitfarms AI,FracTracker,1,1,FracTracker,,FracTracker:frac_row_610,Proposed,False,True,PA,Carbon,Nesquehoning,40.85592,-75.87033,True,Point,Bitfarms,Bitfarms AI,1260000.0,,,single_source_curated,
site_00983,KRNL Data Center,FracTracker,1,1,FracTracker,,FracTracker:frac_row_611,Proposed,False,True,PA,Schuylkill,New Castle Twp,40.7742,-76.235,True,Point,,KRNL Data Center,850000.0,,,single_source_curated,
site_00984,Upper Burrell Data Center/TECfusions Keystone Connect,FracTracker,1,1,FracTracker,,FracTracker:frac_row_612,Expanding,False,True,PA,Westmoreland,New Kensington (Upper Burrell),40.5489,-79.6466,True,Point,TECfusions,Upper Burrell Data Center/TECfusions Keystone Connect,,,"12-3,000",single_source_curated,
site_00985,TierPoint Valley Forge,FracTracker|PNNL,2,2,PNNL,building,PNNL:building_01109881281,Operating,True,False,PA,Montgomery County,Norristown,40.12187904293604,-75.42087693876488,True,Polygon,TierPoint|Tierpoint,TierPoint Valley Forge|Tierpoint Valley Forge Data Center,137000.0,,,multi_source,FracTracker:frac_row_613<->PNNL:building_01109881281:spatial_100m:47.168m
site_00986,365 Data Centers Philadelphia (Downtown) Data Center,FracTracker,1,1,FracTracker,,FracTracker:frac_row_614,Operating,True,False,PA,Philadelphia,Philadelphia,39.962574,-75.16374,True,Point,365 Data Centers,365 Data Centers Philadelphia (Downtown) Data Center,135100.0,,10,single_source_curated,
site_00987,H5 Philadelphia Data Center,FracTracker,1,1,FracTracker,,FracTracker:frac_row_615,Operating,True,False,PA,Philadelphia,Philadelphia,39.96254,-75.16369,True,Point,H5 Data Centers,H5 Philadelphia Data Center,72000.0,,,single_source_curated,
site_00988,Lumen Philadelphia 2,FracTracker,1,1,FracTracker,,FracTracker:frac_row_617,Operating,True,False,PA,Philadelphia,Philadelphia,39.951508,-75.15258,True,Point,Lumen,Lumen Philadelphia 2,,,,single_source_curated,
site_00989,Lumen Philadelphia 3,FracTracker,1,1,FracTracker,,FracTracker:frac_row_618,Operating,True,False,PA,Philadelphia,Philadelphia,39.95495,-75.1846,True,Point,Lumen,Lumen Philadelphia 3,,,,single_source_curated,
site_00990,Lumen Philadelphia 4,FracTracker,1,1,FracTracker,,FracTracker:frac_row_619,Operating,True,False,PA,Philadelphia,Philadelphia,39.95055,-75.18009,True,Point,Lumen,Lumen Philadelphia 4,,,,single_source_curated,
site_00991,Pearl Plaza Office Building,FracTracker|PNNL,2,2,PNNL,building,PNNL:building_00052958203,Operating,True,False,CO,Denver County,Denver,39.74523035286353,-104.97933224935198,True,Polygon,CoreSite,CoreSite DE2 Data Center|Pearl Plaza Office Building,5100.0,,,multi_source,FracTracker:frac_row_62<->PNNL:building_00052958203:spatial_100m:27.145m
site_00992,Terminal Commerce Building,FracTracker|PNNL,2,4,PNNL,building,PNNL:building_00334264478,Operating,True,False,PA,Philadelphia County,Philadelphia,39.959809526359834,-75.16083249176855,True,Polygon,Equinix|Lumen|Netrality,Lumen Philadelphia 1|Netrality Philadelphia (Downtown) Data Center|Philadelphia IBX Data Center (PH1)|Terminal Commerce Building,119659.0,,,multi_source,FracTracker:frac_row_616<->PNNL:building_00334264478:spatial_100m:11.83m ; FracTracker:frac_row_620<->PNNL:building_00334264478:spatial_100m:68.869m ; FracTracker:frac_row_621<->PNNL:building_00334264478:spatial_100m:61.337m
site_00993,Philadelphia Vanguard Data Center,FracTracker|NAICS,2,2,FracTracker,,FracTracker:frac_row_622,Operating,True,False,PA,Philadelphia,Philadelphia,40.116432,-75.00086,True,Point,The Vanguard Group,Philadelphia Vanguard Data Center|VANGUARD GROUP INC/PHILADELPHIA,121000.0,,,multi_source,FracTracker:frac_row_622<->NAICS:naics_397:name_supported_500m:488.479m
site_00994,Tierpoint Philadelphia Navy Yard Data Center,FracTracker,1,1,FracTracker,,FracTracker:frac_row_623,Operating,True,False,PA,Philadelphia,Philadelphia,39.892517,-75.166374,True,Point,Tierpoint,Tierpoint Philadelphia Navy Yard Data Center,25000.0,,,single_source_curated,
site_00995,365 Data Centers Philadelphia (University City) Data Center,FracTracker,1,1,FracTracker,,FracTracker:frac_row_624,Operating,True,False,PA,Philadelphia,Philadephia,39.956966,-75.19623,True,Point,365 Data Centers,365 Data Centers Philadelphia (University City) Data Center,20500.0,,,single_source_curated,
site_00996,Ascent Data,FracTracker,1,1,FracTracker,,FracTracker:frac_row_625,Operating,True,False,PA,Allegheny,Pittsburgh,40.49623,-79.866455,True,Point,,Ascent Data,,,,single_source_curated,
site_00997,Consolidated Communications Pittsburgh (Evergreen) Data Center,FracTracker,1,1,FracTracker,,FracTracker:frac_row_626,Operating,True,False,PA,Allegheny,Pittsburgh,40.5186,-80.0152,True,Point,,Consolidated Communications Pittsburgh (Evergreen) Data Center,65000.0,,4,single_source_curated,
site_00998,DataBank Downtown Pittsburgh Campus (PIT1),FracTracker,1,1,FracTracker,,FracTracker:frac_row_627,Operating,True,False,PA,Allegheny,Pittsburgh,40.451286,-80.00508,True,Point,DataBank,DataBank Downtown Pittsburgh Campus (PIT1),30760.0,,1.9,single_source_curated,
site_00999,DataBank Pittsburgh PIT2,FracTracker|NAICS|PNNL,3,3,PNNL,building,PNNL:building_00168129695,Operating,True,False,PA,Allegheny County,Pittsburgh,40.4513685262094,-80.1901183810463,True,Polygon,DataBank,DataBank Pittsburgh PIT2|DataBank Summit Park Campus (PIT2)|PNC BANK NATL ASSOC/PGH DATA CTR,47100.0,,5,multi_source,FracTracker:frac_row_628<->NAICS:naics_434:spatial_100m:95.707m ; FracTracker:frac_row_628<->PNNL:building_00168129695:spatial_100m:8.107m ; NAICS:naics_434<->PNNL:building_00168129695:spatial_100m:98.572m
site_01000,Expedient Pittsburgh South,FracTracker|PNNL,2,2,PNNL,building,PNNL:building_00537807168,Operating,True,False,PA,Allegheny County,Pittsburgh,40.42737727783291,-80.04253151075422,True,Polygon,Expedient,Expedient PIT1|Expedient Pittsburgh South,26000.0,,1.8,multi_source,FracTracker:frac_row_629<->PNNL:building_00537807168:spatial_100m:8.567m
site_01001,CoreSite DE3 Data Center,FracTracker,1,1,FracTracker,,FracTracker:frac_row_63,Approved/Permitted/Under construction,False,True,CO,Denver,Elyria-Swansea (Denver),39.785824,-104.962845,True,Point,CoreSite,CoreSite DE3 Data Center,180000.0,,75,single_source_curated,
site_01002,Expedient PIT2,FracTracker,1,1,FracTracker,,FracTracker:frac_row_630,Operating,True,False,PA,Allegheny,Pittsburgh,40.45128,-80.0056,True,Point,Expedient,Expedient PIT2,50700.0,,4.2,single_source_curated,
site_01003,H5 Pittsburgh,FracTracker,1,1,FracTracker,,FracTracker:frac_row_631,Operating,True,False,PA,Allegheny,Pittsburgh,40.451946,-79.980896,True,Point,H5 Data Centers,H5 Pittsburgh,30000.0,,,single_source_curated,
site_01004,Lumen: Pittsburgh Data Center 1,FracTracker,1,1,FracTracker,,FracTracker:frac_row_632,Operating,True,False,PA,Allegheny,Pittsburgh,40.45482,-79.98007,True,Point,Lumen,Lumen: Pittsburgh Data Center 1,3661.0,,,single_source_curated,
site_01005,Lumen: Pittsurgh Data Center 2,FracTracker,1,1,FracTracker,,FracTracker:frac_row_633,Operating,True,False,PA,Allegheny,Pittsburgh,40.430367,-79.95969,True,Point,Lumen,Lumen: Pittsurgh Data Center 2,30966.0,,,single_source_curated,
site_01006,Pottstown Data Center,FracTracker,1,1,FracTracker,,FracTracker:frac_row_634,Proposed,False,True,PA,Chester,Pottstown,40.21353,-75.596565,True,Point,,Pottstown Data Center,2250000.0,,,single_source_curated,
site_01007,Project Laurel,FracTracker,1,1,FracTracker,,FracTracker:frac_row_635,Proposed,False,True,PA,Montgomery,Pottstown,40.234047,-75.5769,True,Point,MCD 7 LLC,Project Laurel,1400000.0,,750,single_source_curated,
site_01008,Ransom Township Data Center,FracTracker,1,1,FracTracker,,FracTracker:frac_row_636,Suspended,False,True,PA,Lackawanna,Ransom Twp,41.44154,-75.704315,True,Point,,Ransom Township Data Center,,,,single_source_curated,
site_01009,DaSTOR (Reading) Data Center,FracTracker,1,1,FracTracker,,FracTracker:frac_row_637,Operating,True,False,PA,Berks,Reading,40.380787,-75.98114,True,Point,DaSTOR,DaSTOR (Reading) Data Center,110000.0,,6,single_source_curated,
site_01010,Direct LTx Cloud Data Center,FracTracker,1,1,FracTracker,,FracTracker:frac_row_638,Operating,True,False,PA,Berks,Reading,40.381546,-75.98202,True,Point,Directlink Technologies,Direct LTx Cloud Data Center,110000.0,,6,single_source_curated,
site_01011,Omega Systems Reading Data Center,FracTracker,1,1,FracTracker,,FracTracker:frac_row_639,Operating,True,False,PA,Berks,Reading,40.34144,-76.00547,True,Point,Omega,Omega Systems Reading Data Center,,,,single_source_curated,
site_01012,Cielo Digital Infrastructure,FracTracker,1,1,FracTracker,,FracTracker:frac_row_64,Proposed,False,True,CO,Weld,Hudson,40.09549,-104.609,True,Point,,Cielo Digital Infrastructure,,,750,single_source_curated,
site_01013,Bitfarm Bitcoin mine,FracTracker,1,1,FracTracker,,FracTracker:frac_row_640,Operating,True,False,PA,Mercer,Sharon,41.234673,-80.493576,True,Point,,Bitfarm Bitcoin mine,,,30-110,single_source_curated,
site_01014,Zediker Station Data Center,FracTracker,1,1,FracTracker,,FracTracker:frac_row_641,Proposed,False,True,PA,Washington,South Strabane Township,40.17106,-80.16807,True,Point,CNX Resources/Jones Lang LaSalle (JLL),Zediker Station Data Center,,,500-700,single_source_curated,
site_01015,Pennhurst Data Center,FracTracker,1,1,FracTracker,,FracTracker:frac_row_642,Proposed,False,True,PA,Chester,Spring City (East Vincent Township),40.194553,-75.56007,True,Point,Pennhurst Holdings LLC,Pennhurst Data Center,1300000.0,,,single_source_curated,
site_01016,Springdale Data Center,FracTracker,1,1,FracTracker,,FracTracker:frac_row_643,Proposed,False,True,PA,Allegheny,Springdale,40.53866,-79.7906,True,Point,Allegheny DC Property Co,Springdale Data Center,,,180,single_source_curated,
site_01017,Centre WISP SCDC1,FracTracker,1,1,FracTracker,,FracTracker:frac_row_644,Operating,True,False,PA,Centre,State College,40.785908,-77.90064,True,Point,"Centre WISP Venture Company, LLC",Centre WISP SCDC1,,,,single_source_curated,
site_01018,McKees Rocks Rock Point Industrial Site Data Center,FracTracker,1,1,FracTracker,,FracTracker:frac_row_645,Proposed,False,True,PA,Allegheny,Stowe Township,40.480453,-80.06048,True,Point,SunCap Property Group,McKees Rocks Rock Point Industrial Site Data Center,,,,single_source_curated,
site_01019,LBT Investment Group LLC Data Center,FracTracker,1,1,FracTracker,,FracTracker:frac_row_646,Proposed,False,True,PA,Luzerne,Sugarloaf,40.97039,-76.0435,True,Point,,LBT Investment Group LLC Data Center,1200000.0,,,single_source_curated,
site_01020,Tarentum (Rockpointe) Data Center,FracTracker,1,1,FracTracker,,FracTracker:frac_row_647,Operating,True,False,PA,Allegheny,Tarentum,40.60163,-79.8196,True,Point,,Tarentum (Rockpointe) Data Center,,,,single_source_curated,
site_01021,Upper Macungie Data Center,FracTracker,1,1,FracTracker,,FracTracker:frac_row_648,Proposed,False,True,PA,Lehigh,Upper Macungie,40.55624,-75.59831,True,Point,,Upper Macungie Data Center,2600000.0,,,single_source_curated,
site_01022,Wampum Data Center,FracTracker,1,1,FracTracker,,FracTracker:frac_row_649,Proposed,False,True,PA,Beaver,Wampum,40.851284,-80.34748,True,Point,,Wampum Data Center,,,,single_source_curated,
site_01023,Atlas Capital Group,FracTracker,1,1,FracTracker,,FracTracker:frac_row_65,Proposed,False,True,CT,Hartford,Bloomfield,41.88474,-72.7435,True,Point,,Atlas Capital Group,1000000.0,,,single_source_curated,
site_01024,Montour County Amazon Data Center,FracTracker,1,1,FracTracker,,FracTracker:frac_row_650,Suspended,False,True,PA,Montour,Washingtonville,41.071083,-76.67566,True,Point,Talen Energy,Montour County Amazon Data Center,,,,single_source_curated,
site_01025,Comcast West Chester Data Center,FracTracker,1,1,FracTracker,,FracTracker:frac_row_651,Operating,True,False,PA,Chester,West Chester,39.9987,-75.5737,True,Point,Comcast,Comcast West Chester Data Center,,,,single_source_curated,
site_01026,Wyalusing Data Center,FracTracker,1,1,FracTracker,,FracTracker:frac_row_652,Proposed,False,True,PA,Bradford,Wyalusing,41.653572,-76.23531,True,Point,New Fortress Energy,Wyalusing Data Center,,,248,single_source_curated,
site_01027,Contegix Wyomissing Data Center,FracTracker,1,1,FracTracker,,FracTracker:frac_row_653,Operating,True,False,PA,Berks,Wyomissing,40.354046,-75.98731,True,Point,Contegix,Contegix Wyomissing Data Center,14780.0,,2,single_source_curated,
site_01028,Fairview Crossroads LLC Data Center,FracTracker,1,1,FracTracker,,FracTracker:frac_row_654,Proposed,False,True,PA,York,York,40.00698,-76.7439,True,Point,,Fairview Crossroads LLC Data Center,750000.0,,,single_source_curated,
site_01029,Terra Nexus Ventures Data Center,FracTracker,1,1,FracTracker,,FracTracker:frac_row_655,Proposed,False,True,SC,Kershaw,Camden,34.29839,-80.534,True,Point,,Terra Nexus Ventures Data Center,,,,single_source_curated,
site_01030,Cielo Digital Infrastructure,FracTracker,1,1,FracTracker,,FracTracker:frac_row_656,Proposed,False,True,SC,Cherokee,Gaffney,35.07913,-81.5961,True,Point,,Cielo Digital Infrastructure,1600000.0,,300,single_source_curated,
site_01031,Meta Data Center,FracTracker,1,1,FracTracker,,FracTracker:frac_row_657,Approved/Permitted/Under construction,False,True,SC,Aiken,Graniteville,33.62525,-81.83863,True,Point,Meta,Meta Data Center,715000.0,,100,single_source_curated,
site_01032,DC Blox,FracTracker,1,1,FracTracker,,FracTracker:frac_row_658,Operating,True,False,SC,Greenville,Greenville,34.8071,-82.3455,True,Point,,DC Blox,,,,single_source_curated,
site_01033,Project Spero,FracTracker,1,1,FracTracker,,FracTracker:frac_row_659,Cancelled,False,True,SC,Spartanburg,Moore,34.85631,-82.00952,True,Point,TigerDC,Project Spero,,,100-500,single_source_curated,
site_01034,GotSpace Data Center,FracTracker,1,1,FracTracker,,FracTracker:frac_row_66,Proposed,False,True,CT,New London,Bozrah,41.5586,-72.1706,True,Point,,GotSpace Data Center,980000.0,,,single_source_curated,
site_01035,DC Blox: Camp Hall,FracTracker,1,1,FracTracker,,FracTracker:frac_row_660,Proposed,False,True,SC,Berkeley,Ridgeville,33.13228,-80.2672,True,Point,,DC Blox: Camp Hall,200000.0,,45,single_source_curated,
site_01036,York 1 Data Center,FracTracker,1,1,FracTracker,,FracTracker:frac_row_661,Operating,True,False,SC,York,Rock Hill,35.03438,-81.1071,True,Point,,York 1 Data Center,,,,single_source_curated,
site_01037,Walterboro Data Center,FracTracker,1,1,FracTracker,,FracTracker:frac_row_662,Proposed,False,True,SC,Colleton,Walterboro,32.84068,-80.60291,True,Point,Eagle Rock Partners,Walterboro Data Center,,,"1,000",single_source_curated,
site_01038,Gemini Data Center SD LLC,FracTracker,1,1,FracTracker,,FracTracker:frac_row_663,Proposed,False,True,SD,Minnehaha,Sioux Falls,43.59399,-96.64092,True,Point,,Gemini Data Center SD LLC,,,500,single_source_curated,
site_01039,Applied Digital Data Center,FracTracker,1,1,FracTracker,,FracTracker:frac_row_664,Suspended,False,True,SD,Deuel,Toronto,44.583656,-96.56283,True,Point,Applied Digital,Applied Digital Data Center,1800000.0,,430,single_source_curated,
site_01040,DC Blox,FracTracker,1,1,FracTracker,,FracTracker:frac_row_665,Operating,True,False,TN,Hamilton,Chattanooga,35.03158,-85.2973,True,Point,,DC Blox,,,,single_source_curated,
site_01041,Urban Story Ventures Data Center,FracTracker,1,1,FracTracker,,FracTracker:frac_row_666,Proposed,False,True,TN,Hamilton,Chattanooga,35.049557,-85.30803,True,Point,,Urban Story Ventures Data Center,,,,single_source_curated,
site_01042,Cielo Digital Infrastructure,FracTracker,1,1,FracTracker,,FracTracker:frac_row_667,Proposed,False,True,TN,Montgomery,Clarksville,36.57269,-87.3423,True,Point,,Cielo Digital Infrastructure,,,350,single_source_curated,
site_01043,Google Montgomery Data Center,FracTracker|PNNL,2,6,PNNL,campus,PNNL:campus_00708931343,Operating,True,False,TN,Montgomery County,Clarksville,36.628576033072235,-87.2600112195247,True,MultiPolygon,Google|Google LLC,Google|Google Montgomery Data Center|SPC3A|SPC4A,169736.0,26612163.0,,multi_source,FracTracker:frac_row_668<->PNNL:building_00844389014:name_supported_500m:433.354m ; FracTracker:frac_row_668<->PNNL:building_01103333136:name_supported_500m:468.467m ; FracTracker:frac_row_668<->PNNL:building_01103333137:name_supported_500m:484.575m ; FracTracker:frac_row_668<->PNNL:building_01470261550:strong_name_supported_1km:594.734m ; FracTracker:frac_row_668<->PNNL:campus_00708931343:strong_name_supported_1km:894.646m
site_01044,Gallatin Data Center,FracTracker|PNNL,2,5,PNNL,campus,PNNL:campus_01213758201,Operating,True,False,TN,Sumner County,Gallatin,36.408653770477216,-86.37031411803846,True,MultiPolygon,Meta,Gallatin Data Center|Meta Gallatin Data Center,1900000.0,17045005.0,,multi_source,FracTracker:frac_row_669<->PNNL:building_01294595615:name_supported_500m:312.855m ; FracTracker:frac_row_669<->PNNL:building_01312795639:strong_name_supported_1km:584.329m ; FracTracker:frac_row_669<->PNNL:building_01312795640:strong_name_supported_1km:686.916m ; FracTracker:frac_row_669<->PNNL:campus_01213758201:name_supported_500m:246.901m
site_01045,NE Edge Data Center,FracTracker,1,1,FracTracker,,FracTracker:frac_row_67,Proposed,False,True,CT,New London,Waterford,41.31387,-72.1673,True,Point,,NE Edge Data Center,1500000.0,,1500,single_source_curated,
site_01046,Data center: Arnold Air Force Base (2 sites),FracTracker,1,1,FracTracker,,FracTracker:frac_row_670,Proposed,False,True,TN,Coffee,Manchester,35.37539,-86.07293,True,Point,,Data center: Arnold Air Force Base (2 sites),,,,single_source_curated,
site_01047,MEM1,FracTracker,1,1,FracTracker,,FracTracker:frac_row_671,Operating,True,False,TN,Shelby,Memphis,35.0631,-89.7861,True,Point,,MEM1,35000.0,,1.5,single_source_curated,
site_01048,xAI Macrohardrr,FracTracker|PNNL,2,4,PNNL,building,PNNL:building_01077131079,Expanding|Proposed,True,True,MS,DeSoto County,Memphis,34.99348804291279,-90.03416995691286,True,Polygon,xAI,xAI Colossus 2|xAI Macrohard Colossus 2|xAI Macrohardrr|xAI data center,1000000.0,,1400,multi_source,FracTracker:frac_row_1439<->PNNL:building_01077131079:spatial_100m:80.726m ; FracTracker:frac_row_1439<->PNNL:building_01386926534:strong_name_supported_1km:575.383m ; FracTracker:frac_row_672<->PNNL:building_01077131079:strong_name_supported_1km:519.528m ; FracTracker:frac_row_672<->PNNL:building_01386926534:spatial_100m:20.975m
site_01049,xAI Colossus,FracTracker|PNNL,2,2,PNNL,building,PNNL:building_01381264361,Operating,True,False,TN,Shelby County,Memphis,35.05996022239821,-90.15645222216364,True,Polygon,xAI,xAI Colossus|xAI Colossus 1,776966.0,,498,multi_source,FracTracker:frac_row_673<->PNNL:building_01381264361:spatial_100m:27.069m
site_01050,Google Abernathy Data Center,FracTracker,1,1,FracTracker,,FracTracker:frac_row_674,Proposed,False,True,TX,Hale,Abernathy,33.8333,-101.85482,True,Point,Fluidstack/TeraWulf,Google Abernathy Data Center,,,168-240+,single_source_curated,
site_01051,Frontier: Vantage Data Center,FracTracker,1,1,FracTracker,,FracTracker:frac_row_675,Approved/Permitted/Under construction,False,True,TX,Shackelford,Abilene,32.55212,-99.5651,True,Point,,Frontier: Vantage Data Center,3700000.0,,1400,single_source_curated,
site_01052,Open AI/ SoftBank Stargate Data Center (Lancium Clean Campus),FracTracker,1,1,FracTracker,,FracTracker:frac_row_676,Operating,True,False,TX,Taylor,Abilene,32.50204,-99.7907,True,Point,Open AI,Open AI/ SoftBank Stargate Data Center (Lancium Clean Campus),4000000.0,,1200,single_source_curated,
site_01053,Helios (Galaxy Digital),FracTracker,1,1,FracTracker,,FracTracker:frac_row_677,Expanding,False,True,TX,Dickens,Afton,33.77858,-100.86909,True,Point,,Helios (Galaxy Digital),,,800,single_source_curated,
site_01054,ALLEN DATA CENTER ZX026E,FracTracker|PNNL,2,2,PNNL,building,PNNL:building_00254773884,Operating,True,False,TX,Collin County,Allen,33.09599431363361,-96.68156543918735,True,Polygon,,ALLEN DATA CENTER ZX026E,121665.0,,,multi_source,FracTracker:frac_row_678<->PNNL:building_00254773884:spatial_100m:3.582m
site_01055,EXPERIAN DATA CENTER ALLEN,FracTracker,1,1,FracTracker,,FracTracker:frac_row_679,Operating,True,False,TX,Collin,Allen,33.08641,-96.6802,True,Point,,EXPERIAN DATA CENTER ALLEN,,,,single_source_curated,
site_01056,Starwood Digital Ventures,FracTracker,1,1,FracTracker,,FracTracker:frac_row_68,Suspended,False,True,DE,New Castle,New Castle,39.60745,-75.6397,True,Point,,Starwood Digital Ventures,6000000.0,,1200,single_source_curated,
site_01057,AIG DATA CENTER,FracTracker,1,1,FracTracker,,FracTracker:frac_row_680,Operating,True,False,TX,Potter,AMARILLO,35.18739,-101.812,True,Point,,AIG DATA CENTER,,,,single_source_curated,
site_01058,Hypergrid / Fermi America AI Data Center,FracTracker,1,1,FracTracker,,FracTracker:frac_row_681,Proposed,False,True,TX,Carson,Amarillo,35.28762,-101.554,True,Point,Fermi America and Texas Tech,Hypergrid / Fermi America AI Data Center,18000000.0,,"11,000",single_source_curated,
site_01059,AUSTIN DATA CENTER AUS-02,FracTracker,1,1,FracTracker,,FracTracker:frac_row_682,Operating,True,False,TX,Travis,Austin,30.1991,-97.7134,True,Point,,AUSTIN DATA CENTER AUS-02,,,,single_source_curated,
site_01060,Giga Texas Datacenter,FracTracker,1,1,FracTracker,,FracTracker:frac_row_683,Operating,True,False,TX,Travis,Austin,30.22492,-97.6196,True,Point,,Giga Texas Datacenter,,,,single_source_curated,
site_01061,ORACLE-AUSTIN DATA CENTER,FracTracker,1,1,FracTracker,,FracTracker:frac_row_684,Operating,True,False,TX,Travis,Austin,30.38364,-97.6863,True,Point,,ORACLE-AUSTIN DATA CENTER,,,,single_source_curated,
site_01062,CleanSpark Data Center,FracTracker,1,1,FracTracker,,FracTracker:frac_row_685,Proposed,False,True,TX,Austin,Austin County,29.884085,-96.219376,True,Point,CleanSpark,CleanSpark Data Center,,,285,single_source_curated,
site_01063,EdgeConneX  AUS02,FracTracker,1,1,FracTracker,,FracTracker:frac_row_686,Proposed,False,True,TX,Bastrop,Bastrop,30.141737,-97.56553,True,Point,,EdgeConneX  AUS02,578000.0,,,single_source_curated,
site_01064,EdgeConneX potential Data Center,FracTracker,1,1,FracTracker,,FracTracker:frac_row_687,Proposed,False,True,TX,Bastrop,Bastrop,30.003628,-97.432915,True,Point,EdgeConneX,EdgeConneX potential Data Center,,,,single_source_curated,
site_01065,CleanSpark Data Center,FracTracker,1,1,FracTracker,,FracTracker:frac_row_688,Proposed,False,True,TX,Brazoria,Brazoria County,29.182318,-95.47511,True,Point,CleanSpark,CleanSpark Data Center,,,300-600,single_source_curated,
site_01066,"Open AI/ SoftBank ""Freebird""",FracTracker,1,1,FracTracker,,FracTracker:frac_row_689,Proposed,False,True,TX,Milam,Burlington,31.00507,-97.0179,True,Point,,"Open AI/ SoftBank ""Freebird""",548950.0,,1500,single_source_curated,
site_01067,Data center,FracTracker,1,1,FracTracker,,FracTracker:frac_row_69,Approved/Permitted/Under construction,False,True,FL,Polk,Fort Meade,27.79178,-81.8185,True,Point,,Data center,4400000.0,,,single_source_curated,
site_01068,Microsoft Corporation Data Center (SAT 89-90),FracTracker,1,1,FracTracker,,FracTracker:frac_row_690,Proposed,False,True,TX,Medina,Castroville,29.35138,-98.9406,True,Point,Microsoft,Microsoft Corporation Data Center (SAT 89-90),489400.0,,,single_source_curated,
site_01069,EdgeConnex,FracTracker,1,1,FracTracker,,FracTracker:frac_row_691,Proposed,False,True,TX,Bastrop,Cedar Creek,30.14096,-97.5668,True,Point,,EdgeConnex,578000.0,,,single_source_curated,
site_01070,Childress Data Center (Horizon 1),FracTracker,1,1,FracTracker,,FracTracker:frac_row_692,Operating,True,False,TX,Childress,Childress,34.383278,-100.056885,True,Point,IREN,Childress Data Center (Horizon 1),,,750,single_source_curated,
site_01071,Lancium Childress,FracTracker,1,1,FracTracker,,FracTracker:frac_row_693,Proposed,False,True,TX,Childress,Childress,34.37564,-100.053,True,Point,,Lancium Childress,,,,single_source_curated,
site_01072,Goodnight Campus,FracTracker,1,1,FracTracker,,FracTracker:frac_row_694,Approved/Permitted/Under construction,False,True,TX,Armstrong,Claude,35.018444,-101.311516,True,Point,Crusoe,Goodnight Campus,3400000.0,,1030,single_source_curated,
site_01073,Project Aggie (PPM Data LLC),FracTracker,1,1,FracTracker,,FracTracker:frac_row_695,Suspended,False,True,TX,Brazos,College Station City,30.56981,-96.2592,True,Point,,Project Aggie (PPM Data LLC),,,600,single_source_curated,
site_01074,Fluidstack,FracTracker,1,1,FracTracker,,FracTracker:frac_row_696,Operating,True,False,TX,Mitchell,Colorado City,32.396473,-100.91535,True,Point,,Fluidstack,,,300,single_source_curated,
site_01075,Riot Platforms,FracTracker,1,1,FracTracker,,FracTracker:frac_row_697,Operating,True,False,TX,Navarro,Corsicana,31.963621,-96.521034,True,Point,,Riot Platforms,,,400-1000,single_source_curated,
site_01076,Fort Hood data base,FracTracker,1,1,FracTracker,,FracTracker:frac_row_698,Proposed,False,True,TX,Coryell,Coryell,31.155802,-97.80226,True,Point,,Fort Hood data base,,,,single_source_curated,
site_01077,Centersquare Dallas/Fort Worth Data Center,FracTracker,1,1,FracTracker,,FracTracker:frac_row_699,Operating,True,False,TX,Dallas,Dallas,32.91178,-96.8711,True,Point,,Centersquare Dallas/Fort Worth Data Center,,,,single_source_curated,
site_01078,Clarksville Data Center,FracTracker,1,1,FracTracker,,FracTracker:frac_row_7,Proposed,False,True,AR,Johnson,Clarksville,35.454384,-93.44725,True,Point,Serverfarm,Clarksville Data Center,2160000.0,,,single_source_curated,
site_01079,"Sentinel Grove Technology Park/ ""Project Jarvis""",FracTracker,1,1,FracTracker,,FracTracker:frac_row_70,Suspended,False,True,FL,St Lucie,Fort Pierce,27.45444,-80.55799,True,Point,,"Sentinel Grove Technology Park/ ""Project Jarvis""",15000000.0,,1000,single_source_curated,
site_01080,Equinix Infomart,FracTracker|PNNL,2,3,PNNL,building,PNNL:building_00028544618,Operating,True,False,TX,Dallas County,Dallas,32.800943222986994,-96.81951054637986,True,Polygon,Equinix|Flexential,Cologix Dallas Data Centers|Equinix Infomart|Flexential Dallas - Downtown Dallas,239835.0,,,multi_source,FracTracker:frac_row_700<->PNNL:building_00028544618:spatial_100m:31.549m ; FracTracker:frac_row_700<->PNNL:point_12112238944:spatial_100m:92.436m
site_01081,Equinix Data Center,FracTracker,1,1,FracTracker,,FracTracker:frac_row_701,Operating,True,False,TX,Dallas,Dallas,32.78737,-96.7944,True,Point,,Equinix Data Center,,,,single_source_curated,
site_01082,Equinix: DA12-1 and DA12-2,FracTracker,1,1,FracTracker,,FracTracker:frac_row_702,Proposed,False,True,TX,Dallas,Dallas,32.821037,-96.85867,True,Point,Equinix,Equinix: DA12-1 and DA12-2,600000.0,,,single_source_curated,
site_01083,Flexential Dallas - Richardson,FracTracker|PNNL,2,2,PNNL,building,PNNL:building_00548184239,Operating,True,False,TX,Collin County,Dallas,32.99481331799373,-96.7525015956488,True,Polygon,Flexential,Flexential Dallas - Richardson|Flexential Dallas - Richardson Data Center,100807.0,,3.75,multi_source,FracTracker:frac_row_703<->PNNL:building_00548184239:spatial_100m:9.867m
site_01084,KYNDRYL DALLAS DATA CENTER,FracTracker,1,1,FracTracker,,FracTracker:frac_row_704,Operating,True,False,TX,Dallas,Dallas,32.76849,-96.7941,True,Point,,KYNDRYL DALLAS DATA CENTER,,,,single_source_curated,
site_01085,Prime DFW01-01,FracTracker|PNNL,2,3,PNNL,building,PNNL:building_00465032380,Operating,True,False,TX,Dallas County,Dallas,32.83796688361756,-96.87839306215342,True,Polygon,Prime,Dallas Data Center|Prime DFW01-01,96475.0,,12,multi_source,FracTracker:frac_row_705<->PNNL:building_00465032380:spatial_100m:54.982m ; FracTracker:frac_row_705<->PNNL:building_01461896928:spatial_100m:98.979m
site_01086,Stemmons Corridor data campus,FracTracker,1,1,FracTracker,,FracTracker:frac_row_706,Proposed,False,True,TX,Dallas,Dallas,32.805115,-96.83142,True,Point,CleanArc,Stemmons Corridor data campus,,,70-245,single_source_curated,
site_01087,TierPoint Dallas Data Center,FracTracker|PNNL,2,2,PNNL,building,PNNL:building_00465042594,Operating,True,False,TX,Dallas County,Dallas,32.807972677629614,-96.85735461854576,True,Polygon,TierPoint,TierPoint - Dallas Data Center|TierPoint Dallas Data Center,71358.0,,,multi_source,FracTracker:frac_row_707<->PNNL:building_00465042594:spatial_100m:50.863m
site_01088,Denton Data Center (Core Scientific),FracTracker,1,1,FracTracker,,FracTracker:frac_row_708,Operating,True,False,TX,Denton,Denton,33.21948,-97.2129,True,Point,,Denton Data Center (Core Scientific),423831.0,,391,single_source_curated,
site_01089,Texas Critical Data Centers,FracTracker,1,1,FracTracker,,FracTracker:frac_row_709,Proposed,False,True,TX,Ector,Ector County,31.89517,-102.556,True,Point,,Texas Critical Data Centers,,,"250-1,000",single_source_curated,
site_01090,Cielo Digital Infrastructure,FracTracker,1,1,FracTracker,,FracTracker:frac_row_71,Proposed,False,True,FL,Polk,Haines City,28.17875,-81.6457,True,Point,,Cielo Digital Infrastructure,,,300,single_source_curated,
site_01091,Cawley Partners,FracTracker,1,1,FracTracker,,FracTracker:frac_row_710,Proposed,False,True,TX,Ellis,Ferris,32.53902,-96.6347,True,Point,,Cawley Partners,,,,single_source_curated,
site_01092,Fort Bliss Data Center,FracTracker,1,1,FracTracker,,FracTracker:frac_row_711,Proposed,False,True,TX,El Paso,Fort Bliss,31.82617,-106.4042,True,Point,,Fort Bliss Data Center,,,,single_source_curated,
site_01093,Project Horizon,FracTracker,1,1,FracTracker,,FracTracker:frac_row_712,Proposed,False,True,TX,Pecos,Fort Stockton,30.421732,-102.509315,True,Point,Poolside,Project Horizon,,,2000,single_source_curated,
site_01094,Black Mountain Data Center,FracTracker,1,1,FracTracker,,FracTracker:frac_row_713,Proposed,False,True,TX,Tarrant,Fort Worth,32.64334,-97.25621,True,Point,,Black Mountain Data Center,,,,single_source_curated,
site_01095,Cyxtera Dallas-Fort Worth Data Center,FracTracker|PNNL,2,2,PNNL,building,PNNL:building_00025706343,Operating,True,False,TX,Tarrant County,Fort Worth,32.83271789571454,-97.0410416432689,True,Polygon,Cyxtera,Centersquare Dallas/Fort Worth Data Center|Cyxtera Dallas-Fort Worth Data Center,309104.0,,,multi_source,FracTracker:frac_row_714<->PNNL:building_00025706343:spatial_100m:66.438m
site_01096,CyrusOne/Eolian Data Center,FracTracker,1,1,FracTracker,,FracTracker:frac_row_715,Approved/Permitted/Under construction,False,True,TX,Tarrant,Fort Worth,32.90195,-97.39384,True,Point,CyrusOne,CyrusOne/Eolian Data Center,1900000.0,,70?,single_source_curated,
site_01097,Facebook Fort Worth Datacenter,FracTracker|PNNL,2,4,PNNL,building,PNNL:building_00500820007,Operating,True,False,TX,Tarrant County,Fort Worth,32.98378403788744,-97.25934313221771,True,Polygon,Meta,Facebook Fort Worth Datacenter|Meta Data Center,2500000.0,,,multi_source,FracTracker:frac_row_716<->PNNL:building_00500820007:name_supported_500m:275.933m ; FracTracker:frac_row_716<->PNNL:building_00673145182:strong_name_supported_1km:643.331m ; FracTracker:frac_row_716<->PNNL:building_00815057182:strong_name_supported_1km:716.576m
site_01098,QTS Data Center,FracTracker|PNNL,2,2,PNNL,building,PNNL:building_00507673437,Operating,True,False,TX,Tarrant County,Fort Worth,32.98885535912591,-97.25920173475927,True,Polygon,Quality Technology Services,QTS Data Center|QTS- Fort Worth-Dallas,277996.0,,,multi_source,FracTracker:frac_row_717<->PNNL:building_00507673437:name_supported_500m:280.047m
site_01099,NTT Global Data Centers Americas - Dallas TX1,FracTracker,1,1,FracTracker,,FracTracker:frac_row_718,Operating,True,False,TX,Dallas,Garland,32.98221,-96.6574,True,Point,,NTT Global Data Centers Americas - Dallas TX1,,,,single_source_curated,
site_01100,GEORGETOWN DATA CENTER,FracTracker,1,1,FracTracker,,FracTracker:frac_row_719,Operating,True,False,TX,Williamson,GEORGETOWN,30.60149,-97.6773,True,Point,,GEORGETOWN DATA CENTER,,,,single_source_curated,
site_01101,Project Tango,FracTracker,1,1,FracTracker,,FracTracker:frac_row_72,Approved/Permitted/Under construction,False,True,FL,Palm Beach,Loxahatchee,26.694838,-80.37178,True,Point,,Project Tango,3700000.0,,,single_source_curated,
site_01102,MARA Data Center,FracTracker|PNNL,2,2,PNNL,campus,PNNL:campus_01301559332,Operating,True,False,TX,Hood County,Granbury,32.34174517429652,-97.73122803004239,True,MultiPolygon,Marathon Digital Holdings|Marathon Digital Holdings (MARA),MARA Bitcoin Mining Data Center|MARA Data Center,,1768886.0,,multi_source,FracTracker:frac_row_720<->PNNL:campus_01301559332:spatial_100m:38.637m
site_01103,"Serverfarm Data Center (CTX 1, CTX 2)",FracTracker,1,1,FracTracker,,FracTracker:frac_row_721,Expanding,False,True,TX,Harris,Houston,29.996,-95.5633,True,Point,,"Serverfarm Data Center (CTX 1, CTX 2)",500000.0,,40-100,single_source_curated,
site_01104,CyrusOne LLC - Houston West III Data Center,FracTracker,1,1,FracTracker,,FracTracker:frac_row_722,Operating,True,False,TX,Harris,Houston,29.84402,-95.5609,True,Point,,CyrusOne LLC - Houston West III Data Center,,,,single_source_curated,
site_01105,ENERGY CONTROL & DATA CENTER,FracTracker,1,1,FracTracker,,FracTracker:frac_row_723,Operating,True,False,TX,Harris,HOUSTON,29.94515,-95.5388,True,Point,,ENERGY CONTROL & DATA CENTER,,,,single_source_curated,
site_01106,Nexus Data Center,FracTracker,1,1,FracTracker,,FracTracker:frac_row_724,Proposed,False,True,TX,Hill,Hubbard,31.825197,-96.75136,True,Point,,Nexus Data Center,,,600,single_source_curated,
site_01107,Colovore: Project Raptor,FracTracker,1,1,FracTracker,,FracTracker:frac_row_725,Proposed,False,True,TX,Williamson,Hutto,30.54322,-97.57,True,Point,,Colovore: Project Raptor,180000.0,,,single_source_curated,
site_01108,Skybox Hutto PowerCampus Data Center,FracTracker,1,1,FracTracker,,FracTracker:frac_row_726,Approved/Permitted/Under construction,False,True,TX,Williamson,Hutto,30.53681,-97.5178,True,Point,,Skybox Hutto PowerCampus Data Center,,,,single_source_curated,
site_01109,QTS Irving - Dallas Data Center Campus,FracTracker|PNNL,2,2,PNNL,building,PNNL:building_00526806006,Operating,True,False,TX,Dallas County,Irving,32.89728320232041,-96.98278763369082,True,Polygon,Quality Technology Services,QTS Irving - Dallas Data Center Campus|QTS-Irving,306213.0,,147,multi_source,FracTracker:frac_row_727<->PNNL:building_00526806006:spatial_100m:46.977m
site_01110,Jarrell Data Center,FracTracker,1,1,FracTracker,,FracTracker:frac_row_728,Proposed,False,True,TX,Williamson,Jarrell,30.81534,-97.6328,True,Point,Mesones,Jarrell Data Center,,,200,single_source_curated,
site_01111,Skybox Houston One,FracTracker|PNNL,2,2,PNNL,campus,PNNL:campus_00714776107,Operating,True,False,TX,Harris County,Katy,29.80286842346413,-95.75545033077461,True,MultiPolygon,Element Critical|Skybox,Houston One Data Center|Skybox Houston One,118248.0,344540.0,26,multi_source,FracTracker:frac_row_729<->PNNL:campus_00714776107:spatial_100m:43.221m
site_01112,HostDime Data Center,FracTracker,1,1,FracTracker,,FracTracker:frac_row_73,Proposed,False,True,FL,Orange,Maitland,28.6146,-81.3857,True,Point,,HostDime Data Center,100000.0,,,single_source_curated,
site_01113,Lacy Lakeview Data Center,FracTracker,1,1,FracTracker,,FracTracker:frac_row_730,Approved/Permitted/Under construction,False,True,TX,McLennan,Lacy Lakeview,31.66293,-97.110344,True,Point,InfraKey Capital,Lacy Lakeview Data Center,,,1000,single_source_curated,
site_01114,Digital Bridge Data Center,FracTracker,1,1,FracTracker,,FracTracker:frac_row_731,Proposed,False,True,TX,Dallas,Lancaster,32.57545,-96.6995,True,Point,,Digital Bridge Data Center,,,550,single_source_curated,
site_01115,PowerCampus Dallas by Lancaster Data Center Campus LP,FracTracker,1,1,FracTracker,,FracTracker:frac_row_732,Operating,True,False,TX,Dallas,Lancaster,32.56777,-96.7739,True,Point,,PowerCampus Dallas by Lancaster Data Center Campus LP,,,300,single_source_curated,
site_01116,Project Labrador (WHL Dallas 45 LLC),FracTracker,1,1,FracTracker,,FracTracker:frac_row_733,Proposed,False,True,TX,Dallas,Lancaster,32.59966,-96.7302,True,Point,,Project Labrador (WHL Dallas 45 LLC),1040000.0,,,single_source_curated,
site_01117,Project Oranger (WHL Dallas 45 LLC),FracTracker,1,1,FracTracker,,FracTracker:frac_row_734,Proposed,False,True,TX,Dallas,Lancaster,32.57294,-96.6993,True,Point,,Project Oranger (WHL Dallas 45 LLC),1500000.0,,252,single_source_curated,
site_01118,Digital Realty Data Center,FracTracker,1,1,FracTracker,,FracTracker:frac_row_735,Operating,True,False,TX,Denton,Lewisville,32.9994,-96.9996,True,Point,,Digital Realty Data Center,,,,single_source_curated,
site_01119,Tract Data Centers,FracTracker,1,1,FracTracker,,FracTracker:frac_row_736,Proposed,False,True,TX,Caldwell,Lockhart,29.91816,-97.7668,True,Point,,Tract Data Centers,,,360-1600,single_source_curated,
site_01120,Texas Solarworks LLC,FracTracker,1,1,FracTracker,,FracTracker:frac_row_737,Proposed,False,True,TX,Lubbock,Lubbock,33.62028,-101.7919,True,Point,,Texas Solarworks LLC,,,,single_source_curated,
site_01121,Data Center THM1A,FracTracker,1,1,FracTracker,,FracTracker:frac_row_738,Proposed,False,True,TX,Haskell,Lueders,32.98045,-99.5673,True,Point,,Data Center THM1A,280000.0,,,single_source_curated,
site_01122,Matagorda County Data Centers,FracTracker,1,1,FracTracker,,FracTracker:frac_row_739,Proposed,False,True,TX,Matagorda,Matagora County,28.74159,-95.9322,True,Point,,Matagorda County Data Centers,,,20,single_source_curated,
site_01123,Iron Mountain Data Center,FracTracker,1,1,FracTracker,,FracTracker:frac_row_74,Approved/Permitted/Under construction,False,True,FL,Miami-Dade,Miami,25.88661,-80.2539,True,Point,,Iron Mountain Data Center,150000.0,,16,single_source_curated,
site_01124,1547 Data Center: MCTX1,FracTracker,1,1,FracTracker,,FracTracker:frac_row_740,Operating,True,False,TX,Hidalgo,McAllen,26.20193,-98.2316,True,Point,,1547 Data Center: MCTX1,24000.0,,1.5-5,single_source_curated,
site_01125,Experian McKinney Data Center,FracTracker|PNNL,2,2,PNNL,building,PNNL:building_00549418041,Operating,True,False,TX,Collin County,MCKINNEY,33.17179580069162,-96.72550500041572,True,Polygon,,EXPERIAN DATA CENTER MCKINNEY|Experian McKinney Data Center,76624.0,,,multi_source,FracTracker:frac_row_741<->PNNL:building_00549418041:spatial_100m:29.503m
site_01126,FO Permian Partners and HiVolt Energy Data Center,FracTracker,1,1,FracTracker,,FracTracker:frac_row_742,Proposed,False,True,TX,Midland,Midland County,31.76912,-101.898,True,Point,,FO Permian Partners and HiVolt Energy Data Center,,,,single_source_curated,
site_01127,MIlan County Data Center,FracTracker,1,1,FracTracker,,FracTracker:frac_row_744,Proposed,False,True,TX,Milam,Milam County,30.99355,-97.0035,True,Point,Google,MIlan County Data Center,,,,single_source_curated,
site_01128,Cielo Digital Infrastructure,FracTracker,1,1,FracTracker,,FracTracker:frac_row_745,Proposed,False,True,TX,Travis,Mustang Ridge,30.05179,-97.6772,True,Point,,Cielo Digital Infrastructure,,,500,single_source_curated,
site_01129,Project Gladys (Soluna),FracTracker,1,1,FracTracker,,FracTracker:frac_row_746,Approved/Permitted/Under construction,False,True,TX,Nueces,near Bishop?,27.58049,-97.6401,True,Point,,Project Gladys (Soluna),,,150,single_source_curated,
site_01130,Project Fei (Soluna),FracTracker,1,1,FracTracker,,FracTracker:frac_row_747,Approved/Permitted/Under construction,False,True,TX,Childress,near Childress,34.37431,-100.094,True,Point,,Project Fei (Soluna),,,100,single_source_curated,
site_01131,Project Hedy (Soluna),FracTracker,1,1,FracTracker,,FracTracker:frac_row_748,Approved/Permitted/Under construction,False,True,TX,Willacy,near Lyford,26.32319,-97.585,True,Point,,Project Hedy (Soluna),,,120,single_source_curated,
site_01132,Project Ellen (Soluna),FracTracker,1,1,FracTracker,,FracTracker:frac_row_749,Approved/Permitted/Under construction,False,True,TX,Cameron,near Rio Hondo,26.2517,-97.4894,True,Point,,Project Ellen (Soluna),,,100,single_source_curated,
site_01133,Dixon Data Center/Project Sassy,FracTracker,1,1,FracTracker,,FracTracker:frac_row_75,Proposed,False,True,GA,Floyd,Adairsville,34.37998,-85.034,True,Point,Atlas Development,Dixon Data Center/Project Sassy,2000000.0,,200,single_source_curated,
site_01134,Project Rosa (Soluna),FracTracker,1,1,FracTracker,,FracTracker:frac_row_750,Approved/Permitted/Under construction,False,True,TX,Cameron,near Santa Rosa,26.2419,-97.8223,True,Point,,Project Rosa (Soluna),,,187,single_source_curated,
site_01135,Project Dorothy 1A and 1B (Soluna),FracTracker,1,1,FracTracker,,FracTracker:frac_row_751,Operating,True,False,TX,Briscoe,near Silverton,34.41811,-101.315,True,Point,,Project Dorothy 1A and 1B (Soluna),,,50,single_source_curated,
site_01136,Project Dorothy 2 (Soluna),FracTracker,1,1,FracTracker,,FracTracker:frac_row_752,Approved/Permitted/Under construction,False,True,TX,Briscoe,near Silverton,34.41811,-101.315,True,Point,,Project Dorothy 2 (Soluna),,,48,single_source_curated,
site_01137,CloudBurst Data Center,FracTracker,1,1,FracTracker,,FracTracker:frac_row_753,Proposed,False,True,TX,Hays,New Braunfels,29.76201,-97.9909,True,Point,,CloudBurst Data Center,,,1200,single_source_curated,
site_01138,APR Energy Data Center,FracTracker,1,1,FracTracker,,FracTracker:frac_row_754,Proposed,False,True,TX,Gray,Pampa,35.54431,-101.004,True,Point,,APR Energy Data Center,,,,single_source_curated,
site_01139,Project Annie (Soluna),FracTracker,1,1,FracTracker,,FracTracker:frac_row_755,Approved/Permitted/Under construction,False,True,TX,Lamar,Paris,33.65263,-95.6048,True,Point,,Project Annie (Soluna),,,75,single_source_curated,
site_01140,GW Ranch (Pacifico Energy),FracTracker,1,1,FracTracker,,FracTracker:frac_row_756,Proposed,False,True,TX,Pecos,Pecos County,31.147247,-102.89146,True,Point,,GW Ranch (Pacifico Energy),,,"5,000",single_source_curated,
site_01141,Skybox - Austin 2,FracTracker,1,1,FracTracker,,FracTracker:frac_row_757,Approved/Permitted/Under construction,False,True,TX,Travis,Pflugerville,30.48241,-97.6246,True,Point,,Skybox - Austin 2,,,,single_source_curated,
site_01142,Aligned DFW1 and DFW2,FracTracker,1,1,FracTracker,,FracTracker:frac_row_758,Proposed,False,True,TX,Collin,Plano,33.00918,-96.6745,True,Point,,Aligned DFW1 and DFW2,285000.0,,36+,single_source_curated,
site_01143,CoreWeave Plano,FracTracker,1,1,FracTracker,,FracTracker:frac_row_759,Operating,True,False,TX,Collin,Plano,33.01469,-96.7651,True,Point,,CoreWeave Plano,454421.0,,30,single_source_curated,
site_01144,Project Springbank,FracTracker,1,1,FracTracker,,FracTracker:frac_row_76,Cancelled,False,True,GA,Bartow,Adairsville,34.30926,-84.9633,True,Point,Atlas Development,Project Springbank,2270000.0,,78,single_source_curated,
site_01145,DataBank Plano Data Center,FracTracker|PNNL,2,2,PNNL,campus,PNNL:campus_00714120969,Operating,True,False,TX,Collin County,Plano,33.08756902002124,-96.81513069944252,True,MultiPolygon,,DataBank Data Centers - Legacy Park Plano|DataBank Plano Data Center,,375691.0,,multi_source,FracTracker:frac_row_760<->PNNL:campus_00714120969:name_supported_500m:116.527m
site_01146,DFW-04 Data Center,FracTracker,1,1,FracTracker,,FracTracker:frac_row_761,Operating,True,False,TX,Collin,Plano,33.00439,-96.6502,True,Point,,DFW-04 Data Center,425500.0,,,single_source_curated,
site_01147,Equinix DA7 Data Center,FracTracker,1,1,FracTracker,,FracTracker:frac_row_762,Operating,True,False,TX,Collin,Plano,33.06499,-96.8109,True,Point,,Equinix DA7 Data Center,37910.0,,,single_source_curated,
site_01148,Evocative DAL6,FracTracker,1,1,FracTracker,,FracTracker:frac_row_763,Operating,True,False,TX,Collin,Plano,33.01578,-96.7688,True,Point,,Evocative DAL6,111000.0,,12,single_source_curated,
site_01149,Skybox Atlantic Station,FracTracker,1,1,FracTracker,,FracTracker:frac_row_764,Operating,True,False,TX,Collin,Plano,33.00508,-96.7421,True,Point,,Skybox Atlantic Station,,,100,single_source_curated,
site_01150,Pyote Data Center,FracTracker,1,1,FracTracker,,FracTracker:frac_row_765,Operating,True,False,TX,Ward,Pyote,31.52544,-103.117,True,Point,,Pyote Data Center,,,300,single_source_curated,
site_01151,Red Oak Data Center Campus,FracTracker,1,1,FracTracker,,FracTracker:frac_row_766,Approved/Permitted/Under construction,False,True,TX,Ellis,Red Oak,32.54188,-96.7998,True,Point,,Red Oak Data Center Campus,981000.0,,350,single_source_curated,
site_01152,Databank: DFW11 and DFW12,FracTracker,1,1,FracTracker,,FracTracker:frac_row_767,Proposed,False,True,TX,Ellis,Red Oak,32.53531,-96.7339,True,Point,,Databank: DFW11 and DFW12,950000.0,,480,single_source_curated,
site_01153,1210 Integrity Drive (DFW18),FracTracker,1,1,FracTracker,,FracTracker:frac_row_769,Proposed,False,True,TX,Dallas,Richardson,32.96639,-96.7138,True,Point,,1210 Integrity Drive (DFW18),,,100,single_source_curated,
site_01154,Alpharetta GA1,FracTracker,1,1,FracTracker,,FracTracker:frac_row_77,Operating,True,False,GA,Fulton,Alpharetta,34.063183,-84.272896,True,Point,365 Data Centers,Alpharetta GA1,77300.0,,4,single_source_curated,
site_01155,Digital Realty Dallas DFW16,FracTracker|PNNL,2,2,PNNL,building,PNNL:building_00597876798,Operating,True,False,TX,Dallas County,Richardson,32.96607650613046,-96.71558720321119,True,Polygon,Digital Realty,1232 Alma Road Data Center|Digital Realty Dallas DFW16,105726.0,,6.7,multi_source,FracTracker:frac_row_770<->PNNL:building_00597876798:spatial_100m:31.702m
site_01156,365 Data Centers - Richardson,FracTracker,1,1,FracTracker,,FracTracker:frac_row_771,Operating,True,False,TX,Dallas,Richardson,32.97615,-96.7073,True,Point,,365 Data Centers - Richardson,75100.0,,6.2,single_source_curated,
site_01157,Digital Realty Dallas DFW28,FracTracker|PNNL,2,2,PNNL,building,PNNL:building_00597876724,Operating,True,False,TX,Dallas County,Richardson,32.96724066068804,-96.7133081589403,True,Polygon,Digital Realty,850 E. Collins Boulevard (DFW28)|Digital Realty Dallas DFW28,121000.0,,6.8,multi_source,FracTracker:frac_row_772<->PNNL:building_00597876724:spatial_100m:26.46m
site_01158,Richardson Data Center,FracTracker,1,1,FracTracker,,FracTracker:frac_row_773,Operating,True,False,TX,Dallas,Richardson,32.98529,-96.6969,True,Point,,Richardson Data Center,130000.0,,24,single_source_curated,
site_01159,CITIGROUP TECHNOLOGY INC,FracTracker|PNNL,2,2,PNNL,building,PNNL:building_00507673418,Operating,True,False,TX,Denton County,ROANOKE,33.00638147848431,-97.24529013457189,True,Polygon,,CITIGROUP TECHNOLOGY INC|CORNERSTONE SOUTHWEST DATA CENTER,242536.0,,,multi_source,FracTracker:frac_row_774<->PNNL:building_00507673418:spatial_100m:89.543m
site_01160,Advanced Micro Devices Data Center,FracTracker,1,1,FracTracker,,FracTracker:frac_row_775,Expanding,False,True,TX,Milam,Rockdale,30.56359,-97.08498,True,Point,Riot,Advanced Micro Devices Data Center,,,25-200,single_source_curated,
site_01161,Sabey Data Center,FracTracker,1,1,FracTracker,,FracTracker:frac_row_776,Operating,True,False,TX,Williamson,Round Rock,30.48796,-97.6468,True,Point,,Sabey Data Center,,,,single_source_curated,
site_01162,Skybox Data Center,FracTracker,1,1,FracTracker,,FracTracker:frac_row_777,Proposed,False,True,TX,Tom Green,San Angelo,31.52764,-100.33235,True,Point,,Skybox Data Center,1488000.0,,,single_source_curated,
site_01163,AWS Rockfish,FracTracker,1,1,FracTracker,,FracTracker:frac_row_778,Approved/Permitted/Under construction,False,True,TX,Bexar,San Antonio,29.3019,-98.3888,True,Point,,AWS Rockfish,109600.0,,,single_source_curated,
site_01164,AWS Rockfish,FracTracker,1,1,FracTracker,,FracTracker:frac_row_779,Approved/Permitted/Under construction,False,True,TX,Bexar,San Antonio,29.45094,-98.6388,True,Point,,AWS Rockfish,109600.0,,,single_source_curated,
site_01165,AT&T Data Center,FracTracker,1,1,FracTracker,,FracTracker:frac_row_78,Operating,True,False,GA,Fulton,Alpharetta,34.086502,-84.27612,True,Point,,AT&T Data Center,88110.0,,11,single_source_curated,
site_01166,AWS Rockfish,FracTracker,1,1,FracTracker,,FracTracker:frac_row_780,Approved/Permitted/Under construction,False,True,TX,Bexar,San Antonio,29.42085,-98.7818,True,Point,,AWS Rockfish,109600.0,,,single_source_curated,
site_01167,CITICORP DATA SYSTEMS,FracTracker,1,1,FracTracker,,FracTracker:frac_row_782,Operating,True,False,TX,Bexar,San Antonio,29.41341,-98.7773,True,Point,,CITICORP DATA SYSTEMS,,,,single_source_curated,
site_01168,CyrusOne San Antonio I,FracTracker|PNNL,2,2,PNNL,building,PNNL:building_00509611432,Operating,True,False,TX,Bexar County,San Antonio,29.46655501468974,-98.68811007066918,True,Polygon,CyrusOne,CyrusOne Data Center|CyrusOne San Antonio I,102327.0,,,multi_source,FracTracker:frac_row_783<->PNNL:building_00509611432:spatial_100m:57.858m
site_01169,H5 Data Centers San Antonio,FracTracker|PNNL,2,2,PNNL,building,PNNL:building_00102129663,Operating,True,False,TX,Bexar County,San Antonio,29.429371203549056,-98.4869063933119,True,Polygon,H5 Data Centers,H5 Data Center|H5 Data Centers San Antonio,20898.0,,,multi_source,FracTracker:frac_row_784<->PNNL:building_00102129663:spatial_100m:10.371m
site_01170,Lowe's Data Center,FracTracker|PNNL,2,2,PNNL,building,PNNL:building_00509611423,Operating,True,False,TX,Bexar County,San Antonio,29.472846040284345,-98.68954665082217,True,Polygon,Lowe's,LOWES DATA CENTER|Lowe's Data Center,55066.0,,,multi_source,FracTracker:frac_row_785<->PNNL:building_00509611423:spatial_100m:70.222m
site_01171,SAT 80-82 Data Center Campus,FracTracker,1,1,FracTracker,,FracTracker:frac_row_786,Proposed,False,True,TX,Medina,San Antonio,29.43363,-98.8263,True,Point,Microsoft,SAT 80-82 Data Center Campus,,,,single_source_curated,
site_01172,Microsoft Data Center,FracTracker,1,1,FracTracker,,FracTracker:frac_row_787,Proposed,False,True,TX,Bexar,San Antonio,29.46696,-98.7134,True,Point,Microsoft,Microsoft Data Center,390000.0,,,single_source_curated,
site_01173,Microsoft Data Center: SAT14,FracTracker,1,1,FracTracker,,FracTracker:frac_row_788,Proposed,False,True,TX,Bexar,San Antonio,29.47118,-98.6785,True,Point,Microsoft,Microsoft Data Center: SAT14,350000.0,,,single_source_curated,
site_01174,Microsoft Data Center: SAT15,FracTracker,1,1,FracTracker,,FracTracker:frac_row_789,Proposed,False,True,TX,Bexar,San Antonio,29.46977,-98.7015,True,Point,Microsoft,Microsoft Data Center: SAT15,245000.0,,,single_source_curated,
site_01175,Ascent - Atlanta Data Center,FracTracker|PNNL,2,2,PNNL,campus,PNNL:campus_00635022480,Operating,True,False,GA,Fulton County,Alpharetta,34.05713671179483,-84.27302456443608,True,MultiPolygon,Ascent|Lincoln Rackhouse,ATL2|Ascent - Atlanta Data Center,185000.0,595317.0,12,multi_source,FracTracker:frac_row_79<->PNNL:campus_00635022480:spatial_100m:2.394m
site_01176,Microsoft TRP3 (SAT46),FracTracker|PNNL,2,4,PNNL,building,PNNL:building_01010260675,Operating,True,False,TX,Medina County,San Antonio,29.412976988788397,-98.80637444993899,True,Polygon,Microsoft,Microsoft|Microsoft Data Center: SAT46|Microsoft TRP3 (SAT46),1000000.0,,,multi_source,FracTracker:frac_row_790<->PNNL:building_01010260675:name_supported_500m:366.434m ; FracTracker:frac_row_790<->PNNL:building_01010260676:name_supported_500m:173.949m ; FracTracker:frac_row_790<->PNNL:building_01010260677:name_supported_500m:230.551m
site_01177,Microsoft,FracTracker|PNNL,2,6,PNNL,building,PNNL:building_00364289073,Operating,True,False,TX,Bexar County,San Antonio,29.478216376231007,-98.69072125219773,True,Polygon,Microsoft,Chevron Data Center (closed)|MICROSOFT SAN ANTONIO DATA CENTER|Microsoft|Microsoft San Antonio,258191.0,,,multi_source,FracTracker:frac_row_781<->PNNL:building_00364289077:spatial_100m:72.795m ; FracTracker:frac_row_791<->PNNL:building_00364289073:name_supported_500m:222.284m ; FracTracker:frac_row_791<->PNNL:building_00364289074:name_supported_500m:170.115m ; FracTracker:frac_row_791<->PNNL:building_00364289077:name_supported_500m:452.279m ; FracTracker:frac_row_792<->PNNL:building_00364289073:name_supported_500m:222.284m ; FracTracker:frac_row_792<->PNNL:building_00364289074:name_supported_500m:170.115m ; FracTracker:frac_row_792<->PNNL:building_00364289077:name_supported_500m:452.279m
site_01178,NSA Texas Cryptology Center,FracTracker,1,1,FracTracker,,FracTracker:frac_row_793,Approved/Permitted/Under construction,False,True,TX,Bexar,San Antonio,29.44724,-98.6421,True,Point,,NSA Texas Cryptology Center,,,,single_source_curated,
site_01179,QTS San Antonio II,FracTracker|PNNL,2,2,PNNL,building,PNNL:building_01081973944,Operating,True,False,TX,Bexar County,San Antonio,29.4491563911304,-98.65314490826424,True,Polygon,Quality Technology Services,QTS San Antonio|QTS San Antonio II,140321.0,,,multi_source,FracTracker:frac_row_794<->PNNL:building_01081973944:name_supported_500m:225.781m
site_01180,Stream San Antonio II,FracTracker|PNNL,2,2,PNNL,building,PNNL:building_00509611437,Operating,True,False,TX,Bexar County,San Antonio,29.472016548814928,-98.67173678230641,True,Polygon,,Stream Data Center|Stream San Antonio II,71324.0,,,multi_source,FracTracker:frac_row_795<->PNNL:building_00509611437:spatial_100m:30.377m
site_01181,TX11: Vantage Data Center,FracTracker,1,1,FracTracker,,FracTracker:frac_row_796,Proposed,False,True,TX,Bexar,San Antonio,29.4181,-98.7897,True,Point,,TX11: Vantage Data Center,242667.0,,32,single_source_curated,
site_01182,TX12: Vantage Data Center,FracTracker,1,1,FracTracker,,FracTracker:frac_row_797,Proposed,False,True,TX,Medina,San Antonio,29.42026,-98.8087,True,Point,,TX12: Vantage Data Center,432800.0,,96,single_source_curated,
site_01183,TX21: Vantage Data Center,FracTracker,1,1,FracTracker,,FracTracker:frac_row_798,Proposed,False,True,TX,Bexar,San Antonio,29.47603,-98.6976,True,Point,,TX21: Vantage Data Center,360000.0,,,single_source_curated,
site_01184,TX22: Vantage Data Center,FracTracker,1,1,FracTracker,,FracTracker:frac_row_799,Proposed,False,True,TX,Bexar,San Antonio,29.479109,-98.697105,True,Point,,TX22: Vantage Data Center,214525.0,,,single_source_curated,
site_01185,Data center,FracTracker,1,1,FracTracker,,FracTracker:frac_row_8,Operating,True,False,AR,Boone,Harrison,36.21472,-93.0786,True,Point,Windstream,Data center,34623.0,,,single_source_curated,
site_01186,Flexential Atlanta - Alpharetta Data Center,FracTracker|PNNL,2,2,PNNL,building,PNNL:building_00039083797,Operating,True,False,GA,Fulton County,Alpharetta,34.08700522087238,-84.25175214535511,True,Polygon,Flexential,Atlanta-Alpharetta|Flexential Atlanta - Alpharetta Data Center,139474.0,,6,multi_source,FracTracker:frac_row_80<->PNNL:building_00039083797:spatial_100m:3.687m
site_01187,Highlander SM One LLC,FracTracker,1,1,FracTracker,,FracTracker:frac_row_800,Suspended,False,True,TX,Hays,San Marcos,29.79031,-97.9952,True,Point,,Highlander SM One LLC,,,,single_source_curated,
site_01188,Project Kati 1 and 2(Soluna),FracTracker,1,1,FracTracker,,FracTracker:frac_row_801,Approved/Permitted/Under construction,False,True,TX,Willacy,Santa Monica,26.37778,-97.5874,True,Point,,Project Kati 1 and 2(Soluna),,,166,single_source_curated,
site_01189,Oppidan Data Center,FracTracker,1,1,FracTracker,,FracTracker:frac_row_802,Proposed,False,True,TX,El Paso,Socorro,31.67769,-106.289,True,Point,,Oppidan Data Center,61555.0,,5,single_source_curated,
site_01190,Sugar Land Data center,FracTracker,1,1,FracTracker,,FracTracker:frac_row_803,Operating,True,False,TX,Fort Bend,Sugar Land,29.62003,-95.6306,True,Point,,Sugar Land Data center,38370.0,,,single_source_curated,
site_01191,MSB Global Services Matrix Data Center,FracTracker,1,1,FracTracker,,FracTracker:frac_row_804,Proposed,False,True,TX,Hopkins,Sulphur Springs,33.08515,-95.546,True,Point,,MSB Global Services Matrix Data Center,,,3000,single_source_curated,
site_01192,Sweetwater 1 and 2,FracTracker,1,1,FracTracker,,FracTracker:frac_row_805,Proposed,False,True,TX,Fisher,Sweetwater,32.533386,-100.409615,True,Point,IREN,Sweetwater 1 and 2,,,2000,single_source_curated,
site_01193,Meta Data Center,FracTracker,1,1,FracTracker,,FracTracker:frac_row_806,Approved/Permitted/Under construction,False,True,TX,Bell,Temple,31.13252,-97.3644,True,Point,Meta,Meta Data Center,900000.0,,152,single_source_curated,
site_01194,Polmer Data Center,FracTracker,1,1,FracTracker,,FracTracker:frac_row_807,Approved/Permitted/Under construction,False,True,TX,Bell,Temple,31.13391,-97.3723,True,Point,,Polmer Data Center,,,,single_source_curated,
site_01195,Rowan Digital Infrastructure Data Center,FracTracker,1,1,FracTracker,,FracTracker:frac_row_808,Approved/Permitted/Under construction,False,True,TX,Bell,Temple,31.06445,-97.2875,True,Point,,Rowan Digital Infrastructure Data Center,,,300,single_source_curated,
site_01196,Rowan Digital Infrastructure Data Center,FracTracker,1,1,FracTracker,,FracTracker:frac_row_809,Approved/Permitted/Under construction,False,True,TX,Bell,Temple,31.05745,-97.2979,True,Point,,Rowan Digital Infrastructure Data Center,,,300,single_source_curated,
site_01197,Data center(s),FracTracker,1,1,FracTracker,,FracTracker:frac_row_81,Proposed,False,True,GA,Columbia,Appling,33.49546,-82.337,True,Point,,Data center(s),8000000.0,,,single_source_curated,
site_01198,Texarkana Data center,FracTracker,1,1,FracTracker,,FracTracker:frac_row_810,Operating,True,False,TX,Bowie,Texarkana,33.4248,-94.044,True,Point,,Texarkana Data center,67500.0,,,single_source_curated,
site_01199,Huge Data Center development,FracTracker,1,1,FracTracker,,FracTracker:frac_row_811,Proposed,False,True,TX,Carson,"Texas panhandle, location unknown",35.48043,-101.622,True,Point,,Huge Data Center development,,,,single_source_curated,
site_01200,Venus Data Center,FracTracker,1,1,FracTracker,,FracTracker:frac_row_812,Proposed,False,True,TX,Ellis,Venus,32.43176,-97.0869,True,Point,,Venus Data Center,,,,single_source_curated,
site_01201,Midlothian 1 Data Center,FracTracker,1,1,FracTracker,,FracTracker:frac_row_813,Proposed,False,True,TX,Ellis,Venus,32.4049,-97.0522,True,Point,,Midlothian 1 Data Center,,,,single_source_curated,
site_01202,Midlothian 2 Data Center,FracTracker,1,1,FracTracker,,FracTracker:frac_row_814,Proposed,False,True,TX,Ellis,Venus,32.3897,-97.05,True,Point,,Midlothian 2 Data Center,,,,single_source_curated,
site_01203,Midlothian 3 Data Center,FracTracker,1,1,FracTracker,,FracTracker:frac_row_815,Proposed,False,True,TX,Ellis,Venus,32.3862,-97.064,True,Point,,Midlothian 3 Data Center,,,,single_source_curated,
site_01204,Midlothian 4 Data Center,FracTracker,1,1,FracTracker,,FracTracker:frac_row_816,Proposed,False,True,TX,Ellis,Venus,32.3862,-97.064,True,Point,,Midlothian 4 Data Center,,,,single_source_curated,
site_01205,Midlothian 5 Data Center,FracTracker,1,1,FracTracker,,FracTracker:frac_row_817,Proposed,False,True,TX,Ellis,Venus,32.3757,-97.0817,True,Point,,Midlothian 5 Data Center,,,,single_source_curated,
site_01206,Midlothian 6 Data Center,FracTracker,1,1,FracTracker,,FracTracker:frac_row_818,Proposed,False,True,TX,Johnson,Venus,32.3797,-97.0997,True,Point,,Midlothian 6 Data Center,,,,single_source_curated,
site_01207,Rowdy Data Center,FracTracker,1,1,FracTracker,,FracTracker:frac_row_819,Operating,True,False,TX,Wilbarger,Vernon,34.08236,-99.1772,True,Point,,Rowdy Data Center,,,60-400,single_source_curated,
site_01208,White Oak Technology Park,FracTracker,1,1,FracTracker,,FracTracker:frac_row_82,Proposed,False,True,GA,Columbia,Appling,33.51421,-82.34112,True,Point,Trammell Crow Company,White Oak Technology Park,8076687.0,,,single_source_curated,
site_01209,Crusoe/ Blue Energy Data Center,FracTracker,1,1,FracTracker,,FracTracker:frac_row_820,Proposed,False,True,TX,Victoria,Victoria,28.689142,-96.96172,True,Point,Crusoe,Crusoe/ Blue Energy Data Center,,,1500,single_source_curated,
site_01210,DFW-10 Data Center,FracTracker,1,1,FracTracker,,FracTracker:frac_row_821,Proposed,False,True,TX,Bosque,Whitney,31.85679,-97.3625,True,Point,,DFW-10 Data Center,,,190,single_source_curated,
site_01211,Willis Data Center (Comcast),FracTracker,1,1,FracTracker,,FracTracker:frac_row_822,Proposed,False,True,TX,Montgomery,Willis,30.43083,-95.4817,True,Point,,Willis Data Center (Comcast),5200.0,,,single_source_curated,
site_01212,BluSky AI,FracTracker,1,1,FracTracker,,FracTracker:frac_row_823,Proposed,False,True,UT,Millard,Delta,39.50757,-112.601,True,Point,,BluSky AI,,,50,single_source_curated,
site_01213,"Fibernet MercuryDelta, LLC",FracTracker,1,1,FracTracker,,FracTracker:frac_row_824,Proposed,False,True,UT,Millard,Delta,39.28873,-112.465,True,Point,,"Fibernet MercuryDelta, LLC",20000000.0,,4000,single_source_curated,
site_01214,"Joule Capital Partners, LLC Data Center",FracTracker,1,1,FracTracker,,FracTracker:frac_row_825,Proposed,False,True,UT,Millard,Delta,39.19891,-112.36232,True,Point,,"Joule Capital Partners, LLC Data Center",,,,single_source_curated,
site_01215,Dugway Proving Ground Data Center,FracTracker,1,1,FracTracker,,FracTracker:frac_row_826,Proposed,False,True,UT,Tooele,Dugway,40.218567,-112.74486,True,Point,,Dugway Proving Ground Data Center,,,,single_source_curated,
site_01216,SLC Data Center Campus,FracTracker,1,1,FracTracker,,FracTracker:frac_row_827,Expanding,False,True,UT,Salt Lake,West Jordan,40.58617,-111.97,True,Point,,SLC Data Center Campus,,,200,single_source_curated,
site_01217,Allegro North Campus,FracTracker,1,1,FracTracker,,FracTracker:frac_row_829,Proposed,False,True,VA,Loudoun,ALDIE,38.95632,-77.54516,True,Point,,Allegro North Campus,1260000.0,,,single_source_curated,
site_01218,Athens Studio Data Center,FracTracker,1,1,FracTracker,,FracTracker:frac_row_83,Proposed,False,True,GA,Clarke,Athens,33.970966,-83.31563,True,Point,,Athens Studio Data Center,185000.0,,,single_source_curated,
site_01219,ALLEGRO SOUTH CAMPUS,FracTracker|PNNL,2,2,PNNL,building,PNNL:building_01319637945,Operating,True,False,VA,Loudoun County,ALDIE,38.94986181026408,-77.5495090011084,True,Polygon,YONDR JK 2 LLC,ALLEGRO SOUTH CAMPUS,335638.0,,,multi_source,FracTracker:frac_row_830<->PNNL:building_01319637945:spatial_100m:31.746m
site_01220,Plaza 500,FracTracker,1,1,FracTracker,,FracTracker:frac_row_831,Proposed,False,True,VA,Fairfax,Alexandria,38.802273,-77.142525,True,Point,,Plaza 500,461444.0,,,single_source_curated,
site_01221,Avaio Digital Partners,FracTracker,1,1,FracTracker,,FracTracker:frac_row_832,Proposed,False,True,VA,Appomattox,Appomattox,37.355537,-78.82243,True,Point,Avaio Digital,Avaio Digital Partners,250000.0,,300,single_source_curated,
site_01222,19508 Freedom Trail Road,FracTracker,1,1,FracTracker,,FracTracker:frac_row_833,Proposed,False,True,VA,Loudoun,Ashburn,39.076466,-77.49912,True,Point,JK Land Holdings,19508 Freedom Trail Road,1100000.0,,,single_source_curated,
site_01223,Amazon Web Services,FracTracker|PNNL,2,2,PNNL,building,PNNL:building_01088203907,Operating,True,False,VA,Loudoun County,Ashburn,39.01588594875254,-77.45314511765301,True,Polygon,Amazon Web Services|BEAUMEADE DC BUILDING LLC,21310 BEAUMEADE CIR|Amazon Web Services,190250.0,,,multi_source,FracTracker:frac_row_834<->PNNL:building_01088203907:spatial_100m:23.077m
site_01224,21673 BEAUMEADE CIRCLE LLC,FracTracker,1,1,FracTracker,,FracTracker:frac_row_836,Expanding,False,True,VA,Loudoun,Ashburn,39.019413,-77.45795,True,Point,Cologix,21673 BEAUMEADE CIRCLE LLC,544207.0,,,single_source_curated,
site_01225,21745 BEAUMEADE CIR,FracTracker|PNNL,2,2,PNNL,building,PNNL:building_01188715510,Operating,True,False,VA,Loudoun County,Ashburn,39.01794777387917,-77.45947386528228,True,Polygon,21673 BEAUMEADE CIRCLE LLC,21745 BEAUMEADE CIR,455793.0,,,multi_source,FracTracker:frac_row_837<->PNNL:building_01188715510:spatial_100m:80.229m
site_01226,Atlanta ATL13,FracTracker|PNNL,2,7,PNNL,point,PNNL:point_08109664813,Operating|Proposed,True,True,GA,Fulton County,Atlanta,33.7555186,-84.3914814,True,Point,CoreSite|Corespace|Digital Realty|FOGO Solutions,10 Forsyth St NW|Atlanta|Atlanta AT1|Atlanta ATL13|CoreSite AT1|FOGO Atlanta,300000.0,,10|3|45|5,multi_source,FracTracker:frac_row_118<->PNNL:point_08109664813:spatial_100m:10.092m ; FracTracker:frac_row_118<->PNNL:point_12331366645:spatial_100m:67.529m ; FracTracker:frac_row_84<->PNNL:point_08109664813:spatial_100m:49.138m ; FracTracker:frac_row_90<->PNNL:point_08109664813:spatial_100m:10.092m ; FracTracker:frac_row_90<->PNNL:point_12331366645:spatial_100m:67.529m ; FracTracker:frac_row_91<->PNNL:point_12331366645:spatial_100m:17.79m ; FracTracker:frac_row_93<->PNNL:point_08109664813:spatial_100m:10.092m
site_01227,44490 CHILUM PL,FracTracker,1,1,FracTracker,,FracTracker:frac_row_842,Operating,True,False,VA,Loudoun,Ashburn,39.02134,-77.4583,True,Point,BLUE SLING ACC 2 LLC,44490 CHILUM PL,87560.0,,,single_source_curated,
site_01228,ACC11 Digital Realty,FracTracker,1,1,FracTracker,,FracTracker:frac_row_846,Expanding,False,True,VA,Loudoun,Ashburn,39.014893,-77.46363,True,Point,Digital Realty,ACC11 Digital Realty,395829.0,,,single_source_curated,
site_01229,470 Exchange,FracTracker,1,1,FracTracker,,FracTracker:frac_row_85,Operating,True,False,GA,Fulton,Atlanta,33.83952,-84.37284,True,Point,Facility Gateway Corporation,470 Exchange,17000.0,,3,single_source_curated,
site_01230,AID1 DataBank,FracTracker,1,1,FracTracker,,FracTracker:frac_row_850,Proposed,False,True,VA,Loudoun,Ashburn,39.015617,-77.48247,True,Point,GI TC ASHBURN LLC,AID1 DataBank,355330.0,,70,single_source_curated,
site_01231,Aligned Ashburn,FracTracker|PNNL,2,5,PNNL,building,PNNL:building_00793622740,Operating,True,False,VA,Loudoun County,Ashburn,39.01362014126083,-77.47057790756796,True,Polygon,Aligned|Aligned Data Centers,21821 UUNET DR|ALIGNED DATA CENTER IAD01|ALIGNED ENERGY DATA CENTERS ASHBURN|Aligned Ashburn|Aligned IAD02,438460.0,,,multi_source,FracTracker:frac_row_838<->PNNL:building_00793622740:strong_name_supported_1km:533.573m ; FracTracker:frac_row_838<->PNNL:building_01088241977:spatial_100m:25.362m ; FracTracker:frac_row_851<->PNNL:building_00793622740:spatial_100m:62.968m ; FracTracker:frac_row_852<->PNNL:building_00793622740:name_supported_500m:210.294m ; FracTracker:frac_row_852<->PNNL:building_01088241977:name_supported_500m:366.946m
site_01232,ASH1-BRODERICK DC2,FracTracker,1,1,FracTracker,,FracTracker:frac_row_853,Proposed,False,True,VA,Loudoun,Ashburn,38.99814,-77.44936,True,Point,,ASH1-BRODERICK DC2,189890.0,,,single_source_curated,
site_01233,Centersquare Ashburn IAD4 Data Center,FracTracker|PNNL,2,25,PNNL,campus,PNNL:campus_01317915930,Operating|Proposed,True,True,VA,Loudoun County,Ashburn,39.02194771328794,-77.45319381679391,True,MultiPolygon,Centersquare|Equinix|MONTEREY DC ASSETS LLC,21455 Beaumeade Circle|44470 Chilum Place|44790 PERFORMANCE CIR|Ashburn Data Center|Centersquare Ashburn IAD4 Data Center|Centersquare IAD4-A|Centersquare IAD4-B|EQUINIX ASHBURN EAST|EQUINIX DC21|Equinix|Equinix Ashburn DC1|Equinix Ashburn DC10|Equinix Ashburn DC11|Equinix Ashburn DC12|Equinix Ashburn DC15|Equinix Ashburn DC16|Equinix Ashburn DC2|Equinix Ashburn DC21|Equinix Ashburn DC3|Equinix Ashburn DC4|Equinix Ashburn DC5|Equinix Ashburn DC6|Equinix Data Center|Filigree Ct Campus|MONTEREY DC ASSETS,265000.0,287687.0,,multi_source,FracTracker:frac_row_835<->PNNL:building_00234722029:strong_name_supported_1km:777.042m ; FracTracker:frac_row_835<->PNNL:building_00298127059:strong_name_supported_1km:798.625m ; FracTracker:frac_row_835<->PNNL:building_00298127361:strong_name_supported_1km:890.899m ; FracTracker:frac_row_835<->PNNL:building_00298127420:strong_name_supported_1km:651.148m ; FracTracker:frac_row_835<->PNNL:building_00796933516:name_supported_500m:167.319m ; FracTracker:frac_row_835<->PNNL:building_01309123033:strong_name_supported_1km:719.902m ; FracTracker:frac_row_835<->PNNL:building_01309123034:strong_name_supported_1km:962.758m ; FracTracker:frac_row_835<->PNNL:point_13154826377:name_supported_500m:271.506m ; FracTracker:frac_row_841<->PNNL:building_00234722029:strong_name_supported_1km:676.299m ; FracTracker:frac_row_841<->PNNL:building_00298127059:strong_name_supported_1km:751.403m ; FracTracker:frac_row_841<->PNNL:building_00298127361:strong_name_supported_1km:697.647m ; FracTracker:frac_row_841<->PNNL:building_00298127420:strong_name_supported_1km:846.635m ; FracTracker:frac_row_841<->PNNL:building_00298242260:name_supported_500m:103.159m ; FracTracker:frac_row_841<->PNNL:building_00460050155:strong_name_supported_1km:862.0m ; FracTracker:frac_row_841<->PNNL:building_00793888408:strong_name_supported_1km:959.878m ; FracTracker:frac_row_841<->PNNL:building_01123249721:strong_name_supported_1km:814.659m ; FracTracker:frac_row_841<->PNNL:building_01309123033:strong_name_supported_1km:802.638m ; FracTracker:frac_row_841<->PNNL:building_01309123034:strong_name_supported_1km:651.473m ; FracTracker:frac_row_845<->PNNL:building_00298242260:strong_name_supported_1km:825.029m ; FracTracker:frac_row_845<->PNNL:building_00460050155:name_supported_500m:291.166m ; FracTracker:frac_row_845<->PNNL:building_00596690175:name_supported_500m:116.893m ; FracTracker:frac_row_845<->PNNL:building_00793888408:name_supported_500m:132.208m ; FracTracker:frac_row_845<->PNNL:building_01123249721:name_supported_500m:144.25m ; FracTracker:frac_row_855<->PNNL:building_00460050155:strong_name_supported_1km:920.117m ; FracTracker:frac_row_855<->PNNL:building_00596690175:strong_name_supported_1km:656.025m ; FracTracker:frac_row_855<->PNNL:building_00793888408:strong_name_supported_1km:725.994m ; FracTracker:frac_row_855<->PNNL:building_01123249721:strong_name_supported_1km:765.986m ; FracTracker:frac_row_855<->PNNL:campus_01317915930:strong_name_supported_1km:959.825m ; FracTracker:frac_row_872<->PNNL:building_00234722029:strong_name_supported_1km:522.275m ; FracTracker:frac_row_872<->PNNL:building_00298127059:strong_name_supported_1km:577.138m ; FracTracker:frac_row_872<->PNNL:building_00298127361:strong_name_supported_1km:667.923m ; FracTracker:frac_row_872<->PNNL:building_00298127420:name_supported_500m:430.975m ; FracTracker:frac_row_872<->PNNL:building_00460050155:strong_name_supported_1km:832.785m ; FracTracker:frac_row_872<->PNNL:building_00796933516:name_supported_500m:230.205m ; FracTracker:frac_row_872<->PNNL:building_01309123033:strong_name_supported_1km:500.032m ; FracTracker:frac_row_872<->PNNL:building_01309123034:strong_name_supported_1km:736.498m ; FracTracker:frac_row_872<->PNNL:point_13154826377:spatial_100m:17.046m ; FracTracker:frac_row_873<->PNNL:building_00234722029:strong_name_supported_1km:820.9m ; FracTracker:frac_row_873<->PNNL:building_00298127059:strong_name_supported_1km:973.329m ; FracTracker:frac_row_873<->PNNL:building_00298127420:strong_name_supported_1km:932.178m ; FracTracker:frac_row_873<->PNNL:building_00298242260:strong_name_supported_1km:731.719m ; FracTracker:frac_row_873<->PNNL:building_00460050155:spatial_100m:39.526m ; FracTracker:frac_row_873<->PNNL:building_00460175666:spatial_100m:95.236m ; FracTracker:frac_row_873<->PNNL:building_00596690175:name_supported_500m:260.181m ; FracTracker:frac_row_873<->PNNL:building_00793888408:name_supported_500m:189.58m ; FracTracker:frac_row_873<->PNNL:building_01123249721:name_supported_500m:335.636m ; FracTracker:frac_row_873<->PNNL:building_01309123033:strong_name_supported_1km:952.236m ; FracTracker:frac_row_873<->PNNL:point_13154826377:strong_name_supported_1km:857.717m ; FracTracker:frac_row_874<->PNNL:building_00796933516:spatial_100m:22.103m ; FracTracker:frac_row_874<->PNNL:point_13154826377:name_supported_500m:232.86m ; FracTracker:frac_row_875<->PNNL:building_00234722029:name_supported_500m:102.276m ; FracTracker:frac_row_875<->PNNL:building_00298127059:spatial_100m:50.18m ; FracTracker:frac_row_875<->PNNL:building_00298127361:name_supported_500m:117.871m ; FracTracker:frac_row_875<->PNNL:building_00298127420:name_supported_500m:138.971m ; FracTracker:frac_row_875<->PNNL:building_00298242260:strong_name_supported_1km:683.896m ; FracTracker:frac_row_875<->PNNL:building_00460050155:strong_name_supported_1km:922.099m ; FracTracker:frac_row_875<->PNNL:building_00796933516:strong_name_supported_1km:642.639m ; FracTracker:frac_row_875<->PNNL:building_01309123033:spatial_100m:79.288m ; FracTracker:frac_row_875<->PNNL:building_01309123034:name_supported_500m:182.633m ; FracTracker:frac_row_875<->PNNL:point_13154826377:strong_name_supported_1km:571.066m ; FracTracker:frac_row_885<->PNNL:building_00300163074:spatial_100m:35.303m ; FracTracker:frac_row_885<->PNNL:building_00460175666:spatial_100m:52.109m ; FracTracker:frac_row_885<->PNNL:campus_01317915930:spatial_100m:8.275m
site_01234,Amazon Web Services Datacenter Complex,FracTracker|PNNL,2,3,PNNL,campus,PNNL:campus_00460053028,Operating,True,False,VA,Loudoun County,Ashburn,39.0265748165722,-77.45106545332197,True,MultiPolygon,Amazon Web Services|BCORE COPT DC-15 LLC,Amazon IAD79|Amazon Web Services Datacenter Complex|BCORE COPT DC-15,446732.0,1088049.0,,multi_source,FracTracker:frac_row_856<->PNNL:building_00463571876:spatial_100m:24.414m ; FracTracker:frac_row_856<->PNNL:campus_00460053028:spatial_100m:21.103m
site_01235,BEAUMEADE LC PHASE III LLC,FracTracker,1,1,FracTracker,,FracTracker:frac_row_857,Operating,True,False,VA,Loudoun,Ashburn,39.03638,-77.44979,True,Point,BEAUMEADE LC PHASE III LLC,BEAUMEADE LC PHASE III LLC,147600.0,,,single_source_curated,
site_01236,Belmont Innovation Campus,FracTracker,1,1,FracTracker,,FracTracker:frac_row_858,Proposed,False,True,VA,Loudoun,Ashburn,39.072826,-77.50972,True,Point,LOUDOUN GC LLC,Belmont Innovation Campus,1300000.0,,,single_source_curated,
site_01237,American Tower EDC Atlanta,FracTracker,1,1,FracTracker,,FracTracker:frac_row_86,Operating,True,False,GA,Fulton,Atlanta,33.68953,-84.51075,True,Point,American Tower Corporation,American Tower EDC Atlanta,360.0,,1,single_source_curated,
site_01238,Brambleton Business Campus Data Center,FracTracker,1,1,FracTracker,,FracTracker:frac_row_860,Proposed,False,True,VA,Loudoun,ASHBURN,38.95391,-77.51837,True,Point,,Brambleton Business Campus Data Center,936191.0,,,single_source_curated,
site_01239,BRAMBLETON SHREVEPORT SOUTH DATA CENTER,FracTracker,1,1,FracTracker,,FracTracker:frac_row_861,Proposed,False,True,VA,Loudoun,Ashburn,38.95967,-77.52909,True,Point,,BRAMBLETON SHREVEPORT SOUTH DATA CENTER,1317531.0,,,single_source_curated,
site_01240,CYRUSONE BROADLANDS DATA CENTER,FracTracker,1,1,FracTracker,,FracTracker:frac_row_863,Proposed,False,True,VA,Loudoun,Ashburn,39.033375,-77.521706,True,Point,,CYRUSONE BROADLANDS DATA CENTER,784600.0,,,single_source_curated,
site_01241,DARAB VENTURES SIX,FracTracker,1,1,FracTracker,,FracTracker:frac_row_864,Proposed,False,True,VA,Loudoun,Ashburn,39.005962,-77.47724,True,Point,,DARAB VENTURES SIX,1538288.0,,,single_source_curated,
site_01242,DBT-DATA ASHBURN HOLDING I,FracTracker,1,1,FracTracker,,FracTracker:frac_row_865,Operating,True,False,VA,Loudoun,Ashburn,39.0249,-77.45765,True,Point,NTT GLOBAL DATA CENTERS AMERICAS INC,DBT-DATA ASHBURN HOLDING I,123200.0,,,single_source_curated,
site_01243,Amazon Web Services,FracTracker|PNNL,2,4,PNNL,campus,PNNL:campus_00460053030,Operating,True,False,VA,Loudoun County,Ashburn,39.02886985735719,-77.4586618970949,True,MultiPolygon,Amazon Web Services|DC 8 9 10 DE LLC,Amazon IAD50|Amazon IAD60|Amazon Web Services|DC 8 9 10 DE,429711.0,1022344.0,,multi_source,FracTracker:frac_row_866<->PNNL:building_00556599694:spatial_100m:82.809m ; FracTracker:frac_row_866<->PNNL:building_00556599695:spatial_100m:70.197m ; FracTracker:frac_row_866<->PNNL:campus_00460053030:spatial_100m:34.763m
site_01244,AT&T Southern Bell Telephone Company Building,FracTracker,1,1,FracTracker,,FracTracker:frac_row_87,Operating,True,False,GA,Fulton,Atlanta,33.7558,-84.3857,True,Point,AT&T,AT&T Southern Bell Telephone Company Building,,,,single_source_curated,
site_01245,Equinix DC13,FracTracker|PNNL,2,2,PNNL,building,PNNL:building_00300969250,Operating,True,False,VA,Loudoun County,Ashburn,39.01253746084648,-77.47539286797381,True,Polygon,Equinix,EQUINEX DC13|Equinix DC13,108300.0,,,multi_source,FracTracker:frac_row_871<->PNNL:building_00300969250:spatial_100m:9.007m
site_01246,H5 Data Centers Ashburn,FracTracker|PNNL,2,2,PNNL,building,PNNL:building_00234722720,Operating,True,False,VA,Loudoun County,Ashburn,39.01367498906444,-77.45171989501627,True,Polygon,H5,H5 Data Center|H5 Data Centers Ashburn,228816.0,,42,multi_source,FracTracker:frac_row_876<->PNNL:building_00234722720:spatial_100m:30.376m
site_01247,Digital Loudoun Plaza,FracTracker|PNNL,2,18,PNNL,campus,PNNL:campus_01020953454,Operating,True,False,VA,Loudoun County,Ashburn,39.0046791526227,-77.48497952310191,True,MultiPolygon,Amazon Web Services|DIGITAL LOUDOUN II LLC|Digital Realty|GI TC DEVIN SHAFRON LLC,43831 DEVIN SHAFRON DR|AWS Building E|Amazon Web Services Building C|DIGITAL-GCEAR1 ASHBURN|Digital Loudoun Plaza|Digital Realty Building A|Digital Realty Northern Virginia IAD12|Digital Realty Northern Virginia IAD14|Digital Realty Northern Virginia IAD24|Digital Realty Northern Virginia IAD35|Digital Realty Northern Virginia IAD36|Digital Realty Northern Virginia IAD37|Digital Realty Northern Virginia IAD38|IAD Digital Loudoun Plaza|IAD12|IAD14|IAD24,117000.0,686547.0,,multi_source,FracTracker:frac_row_840<->PNNL:building_00300969614:name_supported_500m:166.524m ; FracTracker:frac_row_840<->PNNL:building_00300969615:spatial_100m:11.129m ; FracTracker:frac_row_840<->PNNL:building_00300969616:name_supported_500m:187.264m ; FracTracker:frac_row_840<->PNNL:building_00300969617:name_supported_500m:290.903m ; FracTracker:frac_row_840<->PNNL:building_00300969619:name_supported_500m:198.33m ; FracTracker:frac_row_840<->PNNL:building_00597970806:strong_name_supported_1km:530.473m ; FracTracker:frac_row_840<->PNNL:building_00597970809:name_supported_500m:475.167m ; FracTracker:frac_row_840<->PNNL:building_00597970811:strong_name_supported_1km:692.79m ; FracTracker:frac_row_840<->PNNL:building_00597970813:strong_name_supported_1km:722.248m ; FracTracker:frac_row_840<->PNNL:campus_01020953454:name_supported_500m:224.798m ; FracTracker:frac_row_840<->PNNL:campus_01020953461:name_supported_500m:340.406m ; FracTracker:frac_row_869<->PNNL:building_00300969617:spatial_100m:12.172m ; FracTracker:frac_row_878<->PNNL:building_00300969614:strong_name_supported_1km:733.291m ; FracTracker:frac_row_878<->PNNL:building_00300969616:name_supported_500m:380.004m ; FracTracker:frac_row_878<->PNNL:building_00300969617:name_supported_500m:320.13m ; FracTracker:frac_row_878<->PNNL:building_00300969619:strong_name_supported_1km:588.53m ; FracTracker:frac_row_878<->PNNL:building_00597970806:spatial_100m:82.06m ; FracTracker:frac_row_878<->PNNL:building_00597970809:name_supported_500m:124.878m ; FracTracker:frac_row_878<->PNNL:building_00597970811:name_supported_500m:133.453m ; FracTracker:frac_row_878<->PNNL:building_00597970813:name_supported_500m:175.822m ; FracTracker:frac_row_878<->PNNL:campus_01020953454:strong_name_supported_1km:657.427m ; FracTracker:frac_row_878<->PNNL:campus_01020953461:name_supported_500m:227.493m ; FracTracker:frac_row_881<->PNNL:building_00300969616:spatial_100m:4.737m ; FracTracker:frac_row_881<->PNNL:building_00300969617:name_supported_500m:145.562m ; FracTracker:frac_row_881<->PNNL:campus_01020953454:name_supported_500m:333.953m ; FracTracker:frac_row_881<->PNNL:campus_01020953461:name_supported_500m:151.395m ; FracTracker:frac_row_882<->PNNL:building_00300969614:spatial_100m:10.976m ; FracTracker:frac_row_882<->PNNL:building_00300969617:name_supported_500m:454.983m ; FracTracker:frac_row_882<->PNNL:campus_01020953454:name_supported_500m:246.283m ; FracTracker:frac_row_882<->PNNL:campus_01020953461:strong_name_supported_1km:513.938m ; FracTracker:frac_row_883<->PNNL:building_00300969617:name_supported_500m:335.48m ; FracTracker:frac_row_883<->PNNL:building_00300969619:spatial_100m:66.971m ; FracTracker:frac_row_883<->PNNL:building_00460175672:spatial_100m:70.458m ; FracTracker:frac_row_883<->PNNL:campus_01020953454:spatial_100m:2.297m ; FracTracker:frac_row_883<->PNNL:campus_01020953461:name_supported_500m:440.501m
site_01248,Digital Realty ACC4,FracTracker|NAICS|PNNL,3,21,PNNL,building,PNNL:building_00298126010,Expanding|Operating|Proposed,True,True,VA,Loudoun County,Ashburn,39.017901791124075,-77.46254912313509,True,Polygon,ALSHAIN VENTURES LLC|BLUE SLING ACC 10 LLC|BLUE SLING ACC 9 LLC|DIGITAL LOUDOUN 3 LLC|Digital Realty|FOX PROPERTIES LLC|QUILL EQUITY LLC,"44520 HASTINGS DR|ACC4 Digital Realty|ACC5 ACC6 Digital Realty|ACC7 Digital Realty|BLUE SLING ACC 9|DIGITAL REALTY ACC10|DUPONT FABROS TECH - ASHBURN CORP CTR|Digital Filigree|Digital Realty ACC10|Digital Realty ACC3|Digital Realty ACC4|Digital Realty ACC5|Digital Realty ACC6|Digital Realty ACC7|Digital Realty ACC9|Digital Realty IAD41 (Building P)|Digital Realty IAD42|Digital Realty Northern Virginia IAD39|Digital Realty Northern Virginia IAD40|IAD 41, IAD 42, BLDG P|IAD Round Table Campus Digital Realty",148717.0,,,multi_source,FracTracker:frac_row_843<->NAICS:naics_190:spatial_100m:99.422m ; FracTracker:frac_row_843<->PNNL:building_00298242335:spatial_100m:4.135m ; FracTracker:frac_row_847<->PNNL:building_00298126010:spatial_100m:10.623m ; FracTracker:frac_row_848<->PNNL:building_00300162674:spatial_100m:74.396m ; FracTracker:frac_row_848<->PNNL:building_00300162675:spatial_100m:42.289m ; FracTracker:frac_row_849<->PNNL:building_00649319778:spatial_100m:2.786m ; FracTracker:frac_row_859<->PNNL:building_00649365764:spatial_100m:22.588m ; FracTracker:frac_row_867<->PNNL:building_00298126010:strong_name_supported_1km:708.289m ; FracTracker:frac_row_867<->PNNL:building_00298242335:strong_name_supported_1km:760.88m ; FracTracker:frac_row_867<->PNNL:building_00300162674:strong_name_supported_1km:920.301m ; FracTracker:frac_row_867<->PNNL:building_00649319778:strong_name_supported_1km:902.259m ; FracTracker:frac_row_867<->PNNL:building_00649365764:strong_name_supported_1km:957.055m ; FracTracker:frac_row_867<->PNNL:building_00701923204:strong_name_supported_1km:790.395m ; FracTracker:frac_row_867<->PNNL:building_00793087858:strong_name_supported_1km:581.48m ; FracTracker:frac_row_868<->PNNL:building_00701923204:spatial_100m:76.036m ; FracTracker:frac_row_877<->PNNL:building_00793087858:spatial_100m:38.07m ; FracTracker:frac_row_877<->PNNL:building_01025002889:strong_name_supported_1km:789.13m ; FracTracker:frac_row_879<->PNNL:building_00649365764:strong_name_supported_1km:995.073m ; FracTracker:frac_row_879<->PNNL:building_00701923202:spatial_100m:93.075m ; FracTracker:frac_row_879<->PNNL:building_00701923203:name_supported_500m:172.944m ; FracTracker:frac_row_879<->PNNL:building_00701923204:strong_name_supported_1km:683.418m ; FracTracker:frac_row_879<->PNNL:building_00793087858:strong_name_supported_1km:721.434m ; NAICS:naics_190<->PNNL:building_00298242335:spatial_100m:99.86m
site_01249,ATL1,FracTracker,1,1,FracTracker,,FracTracker:frac_row_88,Operating,True,False,GA,DeKalb,Atlanta,33.926537,-84.32673,True,Point,Lincoln Rackhouse,ATL1,77322.0,,15,single_source_curated,
site_01250,DataBank Ashburn IAD3,FracTracker|PNNL,2,2,PNNL,building,PNNL:building_01188691869,Operating,True,False,VA,Loudoun County,Ashburn,39.017878446923135,-77.48182767102682,True,Polygon,Databank|ZCOLO LLC,DataBank Ashburn IAD3|IAD3 DataBank,286800.0,,,multi_source,FracTracker:frac_row_884<->PNNL:building_01188691869:spatial_100m:13.549m
site_01251,NTT Ashburn VA3 Data Center,FracTracker|PNNL,2,6,PNNL,building,PNNL:building_00649365751,Expanding,True,True,VA,Loudoun County,Ashburn,39.017182329202555,-77.47037644027546,True,Polygon,NTT|NTT GLOBAL DATA CENTERS VA LLC,NTT Ashburn VA3 Data Center|NTT Ashburn VA4 Data Center|NTT Ashburn VA5 Data Center|NTT Ashburn VA7 Data Center|NTT Ashburn VA8 Data Centre|NTT Global Data Centers,1376853.0,,32,multi_source,FracTracker:frac_row_886<->PNNL:building_00649365751:name_supported_500m:241.559m ; FracTracker:frac_row_886<->PNNL:building_00793888429:spatial_100m:28.501m ; FracTracker:frac_row_886<->PNNL:building_00793888430:name_supported_500m:193.863m ; FracTracker:frac_row_886<->PNNL:building_01188691868:name_supported_500m:321.575m ; FracTracker:frac_row_886<->PNNL:point_13154826378:name_supported_500m:252.916m
site_01252,PowerHouse ABX-1,FracTracker|PNNL,2,2,PNNL,building,PNNL:building_01188715508,Operating,True,False,VA,Loudoun County,Ashburn,39.01957792722464,-77.45046549748376,True,Polygon,AREP BEAUMEADE LLC|PowerHouse,PowerHouse ABX-1|PowerHouse/AREP ABX-1,259194.0,,,multi_source,FracTracker:frac_row_887<->PNNL:building_01188715508:spatial_100m:2.115m
site_01253,QTS Ashburn-Shellhorn,FracTracker|PNNL,2,5,PNNL,campus,PNNL:campus_01343769701,Operating,True,False,VA,Loudoun County,Ashburn,38.998536773549944,-77.47494238152574,True,MultiPolygon,QTS Data Centers|Quality Technology Services,ASH3 DC2|QTS Ashburn-Shellhorn|QTS Ashburn-Shellhorn DC1|QTS Ashburn-Shellhorn DC2|QTS DATA CENTER ASH3-DC1,302180.0,829536.0,,multi_source,FracTracker:frac_row_854<->PNNL:building_01188680247:spatial_100m:14.324m ; FracTracker:frac_row_854<->PNNL:campus_01343769701:spatial_100m:65.948m ; FracTracker:frac_row_888<->PNNL:building_01003348567:spatial_100m:9.255m ; FracTracker:frac_row_888<->PNNL:campus_01343769701:spatial_100m:72.738m
site_01254,NTT Ashburn VA1 Data Center,FracTracker|NAICS|PNNL,3,3,PNNL,building,PNNL:building_00300163083,Operating,True,False,VA,Loudoun County,Ashburn,39.02276445956019,-77.45486923381064,True,Polygon,NTT|RAGINGWIRE DATA CENTERS INC,NTT Ashburn VA1 Data Center|RAGING WIRE VA1|VA1 DATA CENTER,109300.0,,,multi_source,FracTracker:frac_row_889<->NAICS:naics_171:name_supported_500m:120.222m ; FracTracker:frac_row_889<->PNNL:building_00300163083:spatial_100m:11.708m ; NAICS:naics_171<->PNNL:building_00300163083:name_supported_500m:126.161m
site_01255,ATL2 Colo Data Center,FracTracker,1,1,FracTracker,,FracTracker:frac_row_89,Operating,True,False,GA,Fulton,Atlanta,33.761627,-84.39127,True,Point,Hivelocity,ATL2 Colo Data Center,,,3,single_source_curated,
site_01256,Sabey Intergate.Ashburn (Building A),FracTracker|PNNL,2,4,PNNL,building,PNNL:building_00793888427,Approved/Permitted/Under construction|Operating,True,True,VA,Loudoun County,Ashburn,39.01449812159213,-77.4799880049684,True,Polygon,INTERGATE ASHBURN I LLC|Sabey Data Centers,Red Rum Dr Campus Sabey Data Centers|Sabey Data Center|Sabey Intergate.Ashburn (Building A),400232.0,,85,multi_source,FracTracker:frac_row_890<->PNNL:building_00708916484:spatial_100m:81.876m ; FracTracker:frac_row_890<->PNNL:building_00793888427:name_supported_500m:133.441m ; FracTracker:frac_row_891<->PNNL:building_00793888427:name_supported_500m:183.243m
site_01257,SDC ASHBURN I,FracTracker,1,1,FracTracker,,FracTracker:frac_row_892,Expanding,False,True,VA,Loudoun,Ashburn,38.99621,-77.47164,True,Point,SDC ASHBURN ALPHA I LLC,SDC ASHBURN I,531592.0,,,single_source_curated,
site_01258,STACK NVA04,FracTracker|PNNL,2,2,PNNL,building,PNNL:building_01344901568,Operating,True,False,VA,Loudoun County,Ashburn,38.99911305239166,-77.46086691565762,True,Polygon,STACK INFRASTRUCTURE,STACK NVA04,371211.0,,,multi_source,FracTracker:frac_row_893<->PNNL:building_01344901568:spatial_100m:9.127m
site_01259,STACK NVA04,FracTracker|PNNL,2,2,PNNL,building,PNNL:building_01344901567,Operating,True,False,VA,Loudoun County,Ashburn,39.00044576934913,-77.46077416535871,True,Polygon,STACK INFRASTRUCTURE,STACK NVA04,371941.0,,,multi_source,FracTracker:frac_row_894<->PNNL:building_01344901567:spatial_100m:52.677m
site_01260,STACK NVA04,FracTracker,1,1,FracTracker,,FracTracker:frac_row_895,Expanding,False,True,VA,Loudoun,Ashburn,39.002777,-77.46116,True,Point,STACK INFRASTRUCTURE,STACK NVA04,371941.0,,,single_source_curated,
site_01261,Tech Park at Brambleton,FracTracker,1,1,FracTracker,,FracTracker:frac_row_896,Proposed,False,True,VA,Loudoun,Ashburn,38.956566,-77.53436,True,Point,BlackChamber Group,Tech Park at Brambleton,1700000.0,,,single_source_curated,
site_01262,TELOS DATA CENTER,FracTracker,1,1,FracTracker,,FracTracker:frac_row_897,Proposed,False,True,VA,Loudoun,Ashburn,39.067024,-77.47857,True,Point,,TELOS DATA CENTER,180000.0,,,single_source_curated,
site_01263,Vantage VA 3,FracTracker,1,1,FracTracker,,FracTracker:frac_row_898,Proposed,False,True,VA,Loudoun,Ashburn,39.079758,-77.506546,True,Point,VANTAGE DATA CENTERS VA3 LLC/Jeff Tench,Vantage VA 3,2329165.0,,,single_source_curated,
site_01264,Vantage VA 3,FracTracker,1,1,FracTracker,,FracTracker:frac_row_899,Expanding,False,True,VA,Loudoun,Ashburn,39.077393,-77.506165,True,Point,VANTAGE DATA CENTERS VA3 LLC/Jeff Tench,Vantage VA 3,385398.0,,,single_source_curated,
site_01265,Avaio Digital Leo,FracTracker,1,1,FracTracker,,FracTracker:frac_row_9,Proposed,False,True,AR,Pulaski,Little Rock,34.618,-92.26808,True,Point,Avaio Digital,Avaio Digital Leo,,,"150-1,000",single_source_curated,
site_01266,VISA Data Center,FracTracker|PNNL,2,2,PNNL,building,PNNL:building_00380282154,Operating,True,False,VA,Loudoun County,Ashburn,39.04872822028961,-77.4454155025337,True,Polygon,VISA USA INC,VISA Data Center|VISA USA INC,365855.0,,,multi_source,FracTracker:frac_row_900<->PNNL:building_00380282154:spatial_100m:55.043m
site_01267,CloudHQ Ashburn Campus,FracTracker|PNNL,2,10,PNNL,campus,PNNL:campus_01343774537,Operating|Proposed,True,True,VA,Loudoun County,Ashburn,39.01071824022996,-77.46211284959409,True,MultiPolygon,CloudHQ|KAVEH VENTURES LLC|LOHRASP VENTURES LLC,44621 WAXPOOL RD|CLOUD HQ LC3|CloudHQ Ashburn Campus|CloudHQ LC1|CloudHQ LC2|CloudHQ LC3|DULLES BERRY LC4|Loudoun County Pkwy Data Center|Zebra East,983994.0,1553192.0,144,multi_source,FracTracker:frac_row_839<->PNNL:building_00794147654:spatial_100m:14.709m ; FracTracker:frac_row_839<->PNNL:building_00794147655:name_supported_500m:195.888m ; FracTracker:frac_row_839<->PNNL:building_01443187163:name_supported_500m:240.157m ; FracTracker:frac_row_839<->PNNL:campus_01343774537:spatial_100m:94.049m ; FracTracker:frac_row_844<->PNNL:building_00794147655:spatial_100m:57.336m ; FracTracker:frac_row_862<->PNNL:building_01443187163:spatial_100m:68.502m ; FracTracker:frac_row_870<->PNNL:building_01381994242:spatial_100m:30.661m ; FracTracker:frac_row_901<->PNNL:building_00794147654:strong_name_supported_1km:941.89m ; FracTracker:frac_row_901<->PNNL:building_01381994242:name_supported_500m:304.677m
site_01268,Hanover-Ashland Data Center,FracTracker,1,1,FracTracker,,FracTracker:frac_row_902,Proposed,False,True,VA,Hanover,Ashland,37.75563,-77.449936,True,Point,Tradeport Ashland Land LLC,Hanover-Ashland Data Center,,,,single_source_curated,
site_01269,Ironhorse East Ashland,FracTracker,1,1,FracTracker,,FracTracker:frac_row_903,Proposed,False,True,VA,Hanover,Ashland,37.759018,-77.4508,True,Point,"Harris and Douglass Properties, LLC",Ironhorse East Ashland,3300000.0,,,single_source_curated,
site_01270,Pixel Factory,FracTracker,1,1,FracTracker,,FracTracker:frac_row_904,Operating,True,False,VA,Hanover,Ashland,37.69901,-77.43627,True,Point,PIXEL FACTORY DEVELOPMENT LLC,Pixel Factory,6000.0,,,single_source_curated,
site_01271,Tract Technology Campus,FracTracker,1,1,FracTracker,,FracTracker:frac_row_905,Proposed,False,True,VA,Hanover,Ashland,37.786198,-77.4404,True,Point,VALCO HANOVER COUNTY,Tract Technology Campus,11000000.0,,2400,single_source_curated,
site_01272,Brush Mountain Blacksburg,FracTracker,1,1,FracTracker,,FracTracker:frac_row_906,Operating,True,False,VA,Montgomery,Blacksburg,37.203728,-80.4118,True,Point,BRUSH MOUNTAIN DATA CENTER LLC,Brush Mountain Blacksburg,1886.0,,,single_source_curated,
site_01273,Microsoft Azure,FracTracker,1,1,FracTracker,,FracTracker:frac_row_907,Expanding,False,True,VA,Mecklenburg,Boydton,36.69652,-78.36116,True,Point,Microsoft,Microsoft Azure,1625704.0,,,single_source_curated,
site_01274,Microsoft Boydton Data Center,FracTracker|NAICS|PNNL,3,3,PNNL,campus,PNNL:campus_00675108684,Operating,True,False,VA,Mecklenburg County,Boydton,36.685373308018725,-78.37655327186563,True,MultiPolygon,Microsoft,MICROSOFT CORPORATION - EAST COAST DATA CENTER|Microsoft Boydton Data Center|Microsoft Data Center,,11273954.0,,multi_source,FracTracker:frac_row_908<->NAICS:naics_155:name_supported_500m:323.125m ; FracTracker:frac_row_908<->PNNL:campus_00675108684:strong_name_supported_1km:782.613m
site_01275,Microsoft Ridge Road Campus,FracTracker,1,1,FracTracker,,FracTracker:frac_row_909,Proposed,False,True,VA,Mecklenburg,Boydton,36.69182,-78.3648,True,Point,Microsoft,Microsoft Ridge Road Campus,,,,single_source_curated,
site_01276,Bristow Campus,FracTracker,1,1,FracTracker,,FracTracker:frac_row_910,Proposed,False,True,VA,Prince William,Bristow,38.73797,-77.54125,True,Point,,Bristow Campus,540000.0,,,single_source_curated,
site_01277,Delvin Technology Park,FracTracker,1,1,FracTracker,,FracTracker:frac_row_911,Proposed,False,True,VA,Prince William,Bristow,38.767223,-77.57575,True,Point,"STANLEY MARTIN HOMES, LLC",Delvin Technology Park,3530000.0,,,single_source_curated,
site_01278,Gainsville Tech Park,FracTracker,1,1,FracTracker,,FracTracker:frac_row_912,Proposed,False,True,VA,Prince William,Bristow,38.780186,-77.568985,True,Point,Microsoft,Gainsville Tech Park,2982000.0,,,single_source_curated,
site_01279,Hunter Property,FracTracker,1,1,FracTracker,,FracTracker:frac_row_913,Proposed,False,True,VA,Prince William,Bristow,38.773407,-77.59043,True,Point,LHR GAINESVILLE LLC,Hunter Property,3650157.0,,,single_source_curated,
site_01280,MICROSOFT CORPORATION,FracTracker,1,1,FracTracker,,FracTracker:frac_row_914,Proposed,False,True,VA,Prince William,Bristow,38.784103,-77.567726,True,Point,Microsoft,MICROSOFT CORPORATION,200000.0,,,single_source_curated,
site_01281,Google,FracTracker|PNNL,2,2,PNNL,building,PNNL:building_01252196815,Operating,True,False,VA,Prince William County,Bristow,38.776122951150654,-77.58252358239119,True,Polygon,"Google|NOVA MANGO FARMS LLC
 C/O CORPORATION SERVICE COMPANY","Google|NOVA MANGO FARMS LLC
 C/O CORPORATION SERVICE COMPANY",578290.0,,,multi_source,FracTracker:frac_row_915<->PNNL:building_01252196815:spatial_100m:76.231m
site_01282,PROJECT INDUSTRY,FracTracker,1,1,FracTracker,,FracTracker:frac_row_916,Proposed,False,True,VA,Prince William,Bristow,38.781742,-77.579185,True,Point,,PROJECT INDUSTRY,1838000.0,,,single_source_curated,
site_01283,SES AMERICOM INC,FracTracker,1,1,FracTracker,,FracTracker:frac_row_917,Operating,True,False,VA,Prince William,Bristow,38.78381,-77.57232,True,Point,SES AMERICOM INC,SES AMERICOM INC,20534.0,,,single_source_curated,
site_01284,Sharpless Enterprises LLC,FracTracker,1,1,FracTracker,,FracTracker:frac_row_918,Proposed,False,True,VA,Prince William,Bristow,38.786884,-77.57505,True,Point,Sharpless Enterprises LLC,Sharpless Enterprises LLC,2400000.0,,,single_source_curated,
site_01285,SI NVA17 LLC,FracTracker,1,1,FracTracker,,FracTracker:frac_row_919,Proposed,False,True,VA,Prince William,Bristow,38.734524,-77.54742,True,Point,STACK INFRASTRUCTURE,SI NVA17 LLC,637282.0,,,single_source_curated,
site_01286,Digital Realty Data Center,FracTracker|PNNL,2,2,PNNL,building,PNNL:building_00278560778,Operating,True,False,GA,Fulton County,Atlanta,33.65703230386123,-84.41520253319351,True,Polygon,Digital Realty,Atlanta ATL12|Digital Realty Data Center,334400.0,,,multi_source,FracTracker:frac_row_92<->PNNL:building_00278560778:spatial_100m:16.007m
site_01287,Bull Church Data Center,FracTracker,1,1,FracTracker,,FracTracker:frac_row_921,Proposed,False,True,VA,Caroline,,38.009125,-77.49331,True,Point,,Bull Church Data Center,792000.0,,,single_source_curated,
site_01288,Compton Property SUP,FracTracker,1,1,FracTracker,,FracTracker:frac_row_922,Proposed,False,True,VA,Prince William,Bull run,38.775803,-77.51027,True,Point,Amazon,Compton Property SUP,1062000.0,,,single_source_curated,
site_01289,Catlett Data Center Park,FracTracker,1,1,FracTracker,,FracTracker:frac_row_923,Proposed,False,True,VA,Fauquier,Catlett,38.661777,-77.63222,True,Point,Catlett Station II LLC,Catlett Data Center Park,1400000.0,,,single_source_curated,
site_01290,Headwaters Site Development LLC,FracTracker,1,1,FracTracker,,FracTracker:frac_row_924,Suspended,False,True,VA,Fauquier,Catlett,38.66282,-77.6317,True,Point,,Headwaters Site Development LLC,,,,single_source_curated,
site_01291,Warrenton Amazon Data Center,FracTracker,1,1,FracTracker,,FracTracker:frac_row_925,Approved/Permitted/Under construction,False,True,VA,Fauquier,Catlett,38.729473,-77.78753,True,Point,Amazon,Warrenton Amazon Data Center,220000.0,,,single_source_curated,
site_01292,LEE ROAD PROPERTY,FracTracker,1,1,FracTracker,,FracTracker:frac_row_927,Operating,True,False,VA,Fairfax,Chantilly,38.890537,-77.453674,True,Point,LEE ROAD PROPERTY LLC,LEE ROAD PROPERTY,20118.0,,,single_source_curated,
site_01293,"PARKSTONE TECH PARK, LLC",FracTracker,1,1,FracTracker,,FracTracker:frac_row_928,Proposed,False,True,VA,Fairfax,Chantilly,38.87255,-77.46563,True,Point,"PARKSTONE TECH PARK, LLC","PARKSTONE TECH PARK, LLC",500000.0,,,single_source_curated,
site_01294,PDCREF 2 Chantilly,FracTracker,1,1,FracTracker,,FracTracker:frac_row_929,Proposed,False,True,VA,Fairfax,Chantilly,38.903057,-77.46525,True,Point,PDCREF 2 CHANTILLY LLC,PDCREF 2 Chantilly,402000.0,,,single_source_curated,
site_01295,Penzance Development Data Center,FracTracker,1,1,FracTracker,,FracTracker:frac_row_930,Approved/Permitted/Under construction,False,True,VA,Fairfax,Chantilly,38.90522,-77.4554,True,Point,,Penzance Development Data Center,402000.0,,,single_source_curated,
site_01296,TFG INDEPENDENCE CENTER I PROPERTY,FracTracker,1,1,FracTracker,,FracTracker:frac_row_931,Operating,True,False,VA,Fairfax,Chantilly,38.880272,-77.462234,True,Point,TFG INDEPENDENCE CENTER I PROPERTY LLC,TFG INDEPENDENCE CENTER I PROPERTY,293514.0,,,single_source_curated,
site_01297,Amazon IAD-9,FracTracker|PNNL,2,8,PNNL,building,PNNL:building_00258343744,Expanding|Operating,True,True,VA,Fairfax County,Chantilly,38.89965169321406,-77.453440411722,True,Polygon,Amazon|Amazon Web Services,AWS Westfax A|AWS Westfax B|Amazon IAD-1|Amazon IAD-9|Amazon IAD22|Amazon Web Services|Amazon Web Services Mallory,440870.0,,,multi_source,FracTracker:frac_row_926<->PNNL:building_00258343744:strong_name_supported_1km:592.017m ; FracTracker:frac_row_926<->PNNL:building_00258343748:strong_name_supported_1km:795.09m ; FracTracker:frac_row_926<->PNNL:building_00258343749:strong_name_supported_1km:792.409m ; FracTracker:frac_row_926<->PNNL:building_01252196797:name_supported_500m:131.965m ; FracTracker:frac_row_926<->PNNL:building_01252196798:spatial_100m:82.222m ; FracTracker:frac_row_933<->PNNL:building_00258343744:name_supported_500m:193.228m ; FracTracker:frac_row_933<->PNNL:building_00258343748:spatial_100m:93.017m ; FracTracker:frac_row_933<->PNNL:building_00258343749:spatial_100m:14.966m ; FracTracker:frac_row_933<->PNNL:building_01252196797:strong_name_supported_1km:725.088m ; FracTracker:frac_row_933<->PNNL:building_01252196798:strong_name_supported_1km:770.374m ; FracTracker:frac_row_934<->PNNL:building_00258343744:spatial_100m:6.579m ; FracTracker:frac_row_934<->PNNL:building_00258343748:name_supported_500m:237.322m ; FracTracker:frac_row_934<->PNNL:building_00258343749:name_supported_500m:201.856m ; FracTracker:frac_row_934<->PNNL:building_01252196797:strong_name_supported_1km:539.155m ; FracTracker:frac_row_934<->PNNL:building_01252196798:strong_name_supported_1km:598.616m
site_01298,Digital Realty,FracTracker|PNNL,2,3,PNNL,building,PNNL:building_00251716328,Operating,True,False,VA,Fairfax County,Chantily,38.910132702732945,-77.47258021616551,True,Polygon,CHANTILLY TECHNOLOGY PARTNERS LLC|Digital Realty,CHANTILLY TECHNOLOGY PARTNERS|Digital Realty,145409.0,,,multi_source,FracTracker:frac_row_935<->PNNL:building_00251716328:spatial_100m:12.039m ; FracTracker:frac_row_935<->PNNL:building_00258519959:spatial_100m:72.97m
site_01299,Diode Ventures Data Center,FracTracker,1,1,FracTracker,,FracTracker:frac_row_936,Cancelled,False,True,VA,Charles City,Charles City,37.46036,-77.1559,True,Point,,Diode Ventures Data Center,,,,single_source_curated,
site_01300,LYH03 Bailey – Microsoft,FracTracker,1,1,FracTracker,,FracTracker:frac_row_937,Proposed,False,True,VA,Mecklenburg,Chase City,36.780624,-78.467834,True,Point,Microsoft,LYH03 Bailey – Microsoft,,,,single_source_curated,
site_01301,Pittsylvania County Data Center,FracTracker,1,1,FracTracker,,FracTracker:frac_row_938,Cancelled,False,True,VA,Pittsylvania,Chatham,36.84796,-79.370255,True,Point,Balico LLC,Pittsylvania County Data Center,4752000.0,,3500,single_source_curated,
site_01302,CoreWeave,FracTracker,1,1,FracTracker,,FracTracker:frac_row_939,Proposed,False,True,VA,Chesterfield,Chester,37.36344,-77.3273,True,Point,,CoreWeave,,,,single_source_curated,
site_01303,Atlanta ATL14,FracTracker,1,1,FracTracker,,FracTracker:frac_row_94,Operating,True,False,GA,Fulton,Atlanta,33.76157,-84.3915,True,Point,Digital Realty,Atlanta ATL14,33000.0,,4,single_source_curated,
site_01304,Digital Fortress: Richmond,FracTracker,1,1,FracTracker,,FracTracker:frac_row_940,Operating,True,False,VA,Chesterfield,Chester,37.36048,-77.32741,True,Point,CHIRISA RICHMOND LLC,Digital Fortress: Richmond,242042.0,,25,single_source_curated,
site_01305,Project Peanut,FracTracker,1,1,FracTracker,,FracTracker:frac_row_941,Proposed,False,True,VA,Chesterfield,Chester,37.34457,-77.30399,True,Point,,Project Peanut,,,,single_source_curated,
site_01306,Chesterfield Google Data Center,FracTracker,1,1,FracTracker,,FracTracker:frac_row_942,Proposed,False,True,VA,Chesterfield,Chester,37.34593,-77.3102,True,Point,Google,Chesterfield Google Data Center,856000.0,,200,single_source_curated,
site_01307,Tract Data Center,FracTracker,1,1,FracTracker,,FracTracker:frac_row_943,Suspended,False,True,VA,Chesterfield,Chester,37.29442,-77.453,True,Point,,Tract Data Center,,,,single_source_curated,
site_01308,Virginia Information Technologies Agency,FracTracker|NAICS,2,2,FracTracker,,FracTracker:frac_row_944,Operating,True,False,VA,Chesterfield,Chester,37.360416,-77.33178,True,Point,SLK GLOBAL SOLUTIONS AMERICA,VIRGINIA INFORMATION TECHNOLOGIES AGENCY|Virginia Information Technologies Agency,192195.0,,,multi_source,FracTracker:frac_row_944<->NAICS:naics_82:name_supported_500m:202.583m
site_01309,Clarksville Data Center Campus,FracTracker,1,1,FracTracker,,FracTracker:frac_row_945,Proposed,False,True,VA,Mecklenburg,Clarksville,36.63564,-78.5181,True,Point,Microsoft,Clarksville Data Center Campus,,,,single_source_curated,
site_01310,Cielo Digital Infrastructure,FracTracker,1,1,FracTracker,,FracTracker:frac_row_946,Proposed,False,True,VA,Culpeper,Culpeper,38.466785,-77.96353,True,Point,Cielo Digital Infrastructure,Cielo Digital Infrastructure,1400000.0,,,single_source_curated,
site_01311,CloudHQ,FracTracker,1,1,FracTracker,,FracTracker:frac_row_947,Proposed,False,True,VA,Culpeper,Culpeper,38.46164,-77.977615,True,Point,CloudHQ,CloudHQ,2100000.0,,,single_source_curated,
site_01312,Copper Ridge,FracTracker,1,1,FracTracker,,FracTracker:frac_row_948,Proposed,False,True,VA,Culpeper,Culpeper,38.465294,-77.98739,True,Point,,Copper Ridge,2200000.0,,,single_source_curated,
site_01313,Culpeper Technology Campus,FracTracker,1,1,FracTracker,,FracTracker:frac_row_949,Proposed,False,True,VA,Culpeper,Culpeper,38.46024,-77.98773,True,Point,,Culpeper Technology Campus,2100000.0,,,single_source_curated,
site_01314,DataBank,FracTracker,1,1,FracTracker,,FracTracker:frac_row_950,Proposed,False,True,VA,Culpeper,Culpeper,38.44996,-77.97819,True,Point,,DataBank,1299804.0,,,single_source_curated,
site_01315,Culpeper Data Center,FracTracker,1,1,FracTracker,,FracTracker:frac_row_951,Proposed,False,True,VA,Culpeper,Culpeper,38.47151,-77.9693,True,Point,,Culpeper Data Center,1400000.0,,215-432,single_source_curated,
site_01316,Equinix CU2,FracTracker|PNNL,2,2,PNNL,campus,PNNL:campus_00450078003,Operating,True,False,VA,Culpeper County,Culpeper,38.454936889103365,-77.97818714607277,True,MultiPolygon,Equinix,Equinix CU2|Equinix Data Center,370000.0,1299936.0,,multi_source,FracTracker:frac_row_952<->PNNL:campus_00450078003:spatial_100m:12.304m
site_01317,Keyser Farm,FracTracker,1,1,FracTracker,,FracTracker:frac_row_953,Proposed,False,True,VA,Culpeper,Culpeper,38.46971,-77.973755,True,Point,,Keyser Farm,1506582.0,,,single_source_curated,
site_01318,SWIFT,FracTracker,1,1,FracTracker,,FracTracker:frac_row_954,Operating,True,False,VA,Culpeper,Culpeper,38.45554,-77.98348,True,Point,,SWIFT,90000.0,,,single_source_curated,
site_01319,XX Tech Park,FracTracker,1,1,FracTracker,,FracTracker:frac_row_955,Proposed,False,True,VA,Culpeper,Culpeper,38.49927,-77.8971,True,Point,,XX Tech Park,4638704.0,,,single_source_curated,
site_01320,Greenfield,FracTracker,1,1,FracTracker,,FracTracker:frac_row_956,Proposed,False,True,VA,Botetourt,DALEVILLE,37.441696,-79.9127,True,Point,,Greenfield,,,,single_source_curated,
site_01321,Duffield Premier Data Center Site,FracTracker,1,1,FracTracker,,FracTracker:frac_row_957,Operating,True,False,VA,Scott,Duffield,36.712566,-82.802505,True,Point,ONEPARTNER LLC,Duffield Premier Data Center Site,9200.0,,,single_source_curated,
site_01322,Scott County Regional Business & Technology Park,FracTracker,1,1,FracTracker,,FracTracker:frac_row_958,Proposed,False,True,VA,Scott,Duffield,36.715855,-82.80459,True,Point,SCOTT COUNTY INDUSTRIAL DEV.,Scott County Regional Business & Technology Park,,,,single_source_curated,
site_01323,DIGITAL LOUDOUN IV,FracTracker,1,1,FracTracker,,FracTracker:frac_row_959,Operating,True,False,VA,Loudoun,Dulles,39.005142,-77.451195,True,Point,DIGITAL LOUDOUN IV LLC,DIGITAL LOUDOUN IV,800702.0,,,single_source_curated,
site_01324,Amazon Fadeley III,FracTracker|NAICS|PNNL,3,10,PNNL,campus,PNNL:campus_00714622340,Operating,True,False,VA,Loudoun County,Dulles,38.94833223285257,-77.5215991553083,True,MultiPolygon,Amazon|Amazon Web Services,"AMAZON DATA SERVICES, INC. IAD-62/68/81/83/93/609/614|Amazon Fadeley III|Amazon IAD62|Amazon IAD68|Amazon IAD81|Amazon IAD83|Amazon Web Services|Fadeley Campus",695321.0,1654964.0,,multi_source,FracTracker:frac_row_960<->NAICS:naics_337:name_supported_500m:408.423m ; FracTracker:frac_row_960<->PNNL:building_00545396372:name_supported_500m:143.799m ; FracTracker:frac_row_960<->PNNL:building_00693381106:spatial_100m:54.482m ; FracTracker:frac_row_960<->PNNL:building_00693381107:spatial_100m:70.658m ; FracTracker:frac_row_960<->PNNL:building_00990537813:name_supported_500m:179.837m ; FracTracker:frac_row_960<->PNNL:building_00990537821:name_supported_500m:277.617m ; FracTracker:frac_row_960<->PNNL:building_01222134968:name_supported_500m:181.458m ; FracTracker:frac_row_960<->PNNL:building_01280340212:name_supported_500m:208.64m ; FracTracker:frac_row_960<->PNNL:campus_00714622340:spatial_100m:70.658m
site_01325,Farah-Naples Data Center,FracTracker,1,1,FracTracker,,FracTracker:frac_row_961,Proposed,False,True,VA,Loudoun,Dulles,38.95731,-77.51306,True,Point,,Farah-Naples Data Center,100000.0,,,single_source_curated,
site_01326,Northwoods Property,FracTracker,1,1,FracTracker,,FracTracker:frac_row_963,Expanding,False,True,VA,Loudoun,Dulles,38.980717,-77.49382,True,Point,Amazon,Northwoods Property,263340.0,,,single_source_curated,
site_01327,SENTINEL ASHBURN II,FracTracker|PNNL,2,2,PNNL,building,PNNL:building_00701924664,Operating,True,False,VA,Loudoun County,Dulles,39.00065496674865,-77.43982021083254,True,Polygon,GI Partners|GI TC LOUDOUN LLC,SENTINEL ASHBURN II,234100.0,,,multi_source,FracTracker:frac_row_964<->PNNL:building_00701924664:spatial_100m:6.751m
site_01328,WHEELER SURVEY COMPANY,FracTracker,1,1,FracTracker,,FracTracker:frac_row_966,Expanding,False,True,VA,Loudoun,Dulles,38.942364,-77.52864,True,Point,WHEELER SURVEY COMPANY LLC,WHEELER SURVEY COMPANY,538565.0,,,single_source_curated,
site_01329,Mid-Atlantic Advanced Manufacturing Center,FracTracker,1,1,FracTracker,,FracTracker:frac_row_967,Proposed,False,True,VA,Greensville,Emporia,36.736736,-77.514694,True,Point,Arup Americas Inc,Mid-Atlantic Advanced Manufacturing Center,,,,single_source_curated,
site_01330,BIT HOLDINGS FIFTY-FOUR,FracTracker,1,1,FracTracker,,FracTracker:frac_row_968,Operating,True,False,VA,Fairfax,Fairfax,38.860844,-77.39341,True,Point,BIT HOLDINGS FIFTY-FOUR INC,BIT HOLDINGS FIFTY-FOUR,338364.0,,,single_source_curated,
site_01331,COPT STONECROFT,FracTracker,1,1,FracTracker,,FracTracker:frac_row_969,Operating,True,False,VA,Fairfax,Fairfax,38.876263,-77.46178,True,Point,COPT STONECROFT LLC,COPT STONECROFT,320330.0,,,single_source_curated,
site_01332,Data center,FracTracker,1,1,FracTracker,,FracTracker:frac_row_970,Proposed,False,True,VA,Prince William,Falls Church,38.846428,-77.36562,True,Point,"Black Chamber Partners, LLC",Data center,,,,single_source_curated,
site_01333,Northrop Grumman Systems Corporation,FracTracker|NAICS,2,2,FracTracker,,FracTracker:frac_row_971,Operating,True,False,VA,Fairfax,Falls Church,38.92188,-77.20684,True,Point,NORTHROP GRUMMAN SYSTEMS CORP,NORTHROP GRUMMAN SYSTEMS CORPORATION|Northrop Grumman Systems Corporation,602257.0,,,multi_source,FracTracker:frac_row_971<->NAICS:naics_157:name_supported_500m:141.098m
site_01334,Northrop Grummon Systems Corporation,FracTracker|NAICS,2,2,FracTracker,,FracTracker:frac_row_972,Operating,True,False,VA,Fairfax,Falls Church,38.867813,-77.21562,True,Point,NORTHROP GRUMMAN SYSTEMS CORP,NORTHROP GRUMMAN SYSTEMS CORP|Northrop Grummon Systems Corporation,358898.0,,,multi_source,FracTracker:frac_row_972<->NAICS:naics_166:spatial_100m:68.013m
site_01335,Heartland Innovative Technology (HIT) Park,FracTracker,1,1,FracTracker,,FracTracker:frac_row_973,Proposed,False,True,VA,Prince Edward,Farmville,37.288517,-78.35012,True,Point,Prince Edward County Industrial Development Authority,Heartland Innovative Technology (HIT) Park,1300000.0,,,single_source_curated,
site_01336,Amazon Data Services,FracTracker,1,1,FracTracker,,FracTracker:frac_row_974,Proposed,False,True,VA,Spotsylvania,Fredericksburg,38.19853,-77.475,True,Point,Amazon,Amazon Data Services,,,,single_source_curated,
site_01337,Amazon Data Services: Carter's Store Tech Campus,FracTracker,1,1,FracTracker,,FracTracker:frac_row_975,Proposed,False,True,VA,Spotsylvania,Fredericksburg,38.191605,-77.47005,True,Point,Amazon,Amazon Data Services: Carter's Store Tech Campus,2600000.0,,,single_source_curated,
site_01338,Amazon Data Services: Cosner Tech Campus,FracTracker,1,1,FracTracker,,FracTracker:frac_row_976,Proposed,False,True,VA,Spotsylvania,Fredericksburg,38.198624,-77.47505,True,Point,Amazon,Amazon Data Services: Cosner Tech Campus,1900000.0,,,single_source_curated,
site_01339,Blaisdell Property Data Center,FracTracker,1,1,FracTracker,,FracTracker:frac_row_977,Proposed,False,True,VA,Spotsylvania,Fredericksburg,38.33172,-77.48733,True,Point,,Blaisdell Property Data Center,1480000.0,,,single_source_curated,
site_01340,Carter's Store Tech Campus,FracTracker,1,1,FracTracker,,FracTracker:frac_row_978,Proposed,False,True,VA,Spotsylvania,Fredericksburg,38.18951,-77.45481,True,Point,Amazon,Carter's Store Tech Campus,2600000.0,,,single_source_curated,
site_01341,Cosner Tech Campus,FracTracker,1,1,FracTracker,,FracTracker:frac_row_979,Proposed,False,True,VA,Spotsylvania,Fredericksburg,38.209717,-77.48423,True,Point,Amazon,Cosner Tech Campus,1900000.0,,,single_source_curated,
site_01342,QTS Atlanta Data Center 1,FracTracker|PNNL,2,7,PNNL,building,PNNL:building_00269847438,Operating,True,False,GA,Fulton County,Atlanta,33.7776811736858,-84.42109985598158,True,Polygon,QTS Data Centers|Quality Technology Services,Atlanta Metro DC1|Atlanta Metro DC2|Atlanta Metro DC3|Atlanta Metro DC4|QTS|QTS Atlanta Data Center 1|QTS Atlanta Data Center 2,990000.0,,0-275|70|74,multi_source,FracTracker:frac_row_1373<->PNNL:building_00269847438:name_supported_500m:193.431m ; FracTracker:frac_row_1373<->PNNL:building_01007825570:name_supported_500m:223.095m ; FracTracker:frac_row_95<->PNNL:building_00269847438:name_supported_500m:194.102m ; FracTracker:frac_row_95<->PNNL:building_01007825570:name_supported_500m:223.618m ; FracTracker:frac_row_96<->PNNL:building_00269847438:name_supported_500m:196.527m ; FracTracker:frac_row_96<->PNNL:building_01007825570:name_supported_500m:115.66m ; FracTracker:frac_row_97<->PNNL:building_00269847438:name_supported_500m:415.326m ; FracTracker:frac_row_97<->PNNL:building_01007825570:name_supported_500m:495.781m ; FracTracker:frac_row_98<->PNNL:building_00269847438:strong_name_supported_1km:776.544m ; FracTracker:frac_row_98<->PNNL:building_01007825570:strong_name_supported_1km:831.06m
site_01343,Cranes Corner Data Center,FracTracker,1,1,FracTracker,,FracTracker:frac_row_980,Proposed,False,True,VA,Spotsylvania,Fredericksburg,38.371296,-77.45144,True,Point,,Cranes Corner Data Center,900000.0,,,single_source_curated,
site_01344,Enon Road Technologies,FracTracker,1,1,FracTracker,,FracTracker:frac_row_981,Proposed,False,True,VA,Spotsylvania,Fredericksburg,38.36789,-77.47358,True,Point,,Enon Road Technologies,2000000.0,,,single_source_curated,
site_01345,Forest Lane Data Center,FracTracker,1,1,FracTracker,,FracTracker:frac_row_982,Proposed,False,True,VA,Spotsylvania,Fredericksburg,38.26742,-77.3867,True,Point,,Forest Lane Data Center,7068000.0,,,single_source_curated,
site_01346,George Washington Village Data Center,FracTracker,1,1,FracTracker,,FracTracker:frac_row_983,Proposed,False,True,VA,Spotsylvania,Fredericksburg,38.40892,-77.44693,True,Point,,George Washington Village Data Center,7900000.0,,,single_source_curated,
site_01347,Hunter's Ridge South,FracTracker,1,1,FracTracker,,FracTracker:frac_row_984,Proposed,False,True,VA,Spotsylvania,Fredericksburg,38.12168,-77.504196,True,Point,"AREP SOF III HRS LLC C/O AMERICAN REAL ESTATE PARTNERS, LLC",Hunter's Ridge South,2549131.0,,,single_source_curated,
site_01348,Hunters Ridge LLC Data Center,FracTracker,1,1,FracTracker,,FracTracker:frac_row_985,Proposed,False,True,VA,Spotsylvania,Fredericksburg,38.22135,-77.47741,True,Point,,Hunters Ridge LLC Data Center,300000.0,,,single_source_curated,
site_01349,Hunters Ridge South Data Center (Amazon Data Services),FracTracker,1,1,FracTracker,,FracTracker:frac_row_986,Approved/Permitted/Under construction,False,True,VA,Spotsylvania,Fredericksburg,38.21137,-77.4848,True,Point,Amazon,Hunters Ridge South Data Center (Amazon Data Services),2200000.0,,,single_source_curated,
site_01350,NEON AT CELEBRATE VIRGINIA SOUTH,FracTracker,1,1,FracTracker,,FracTracker:frac_row_987,Proposed,False,True,VA,Spotsylvania,Fredericksburg,38.318707,-77.51735,True,Point,STACK INFRASTRUCTURE,NEON AT CELEBRATE VIRGINIA SOUTH,,,,single_source_curated,
site_01351,Oasis Data Center,FracTracker,1,1,FracTracker,,FracTracker:frac_row_988,Approved/Permitted/Under construction,False,True,VA,Spotsylvania,Fredericksburg,38.30967,-77.1084,True,Point,,Oasis Data Center,6800000.0,,1200,single_source_curated,
site_01352,Penzance Development Data Center,FracTracker,1,1,FracTracker,,FracTracker:frac_row_989,Suspended,False,True,VA,Spotsylvania,Fredericksburg,38.29463,-77.5023,True,Point,,Penzance Development Data Center,2100000.0,,,single_source_curated,
site_01353,ATLDC 55 Marietta,FracTracker,1,1,FracTracker,,FracTracker:frac_row_99,Operating,True,False,GA,Fulton,Atlanta,33.75585,-84.39107,True,Point,ATLDC,ATLDC 55 Marietta,9000.0,,,single_source_curated,
site_01354,PowerHouse95,FracTracker,1,1,FracTracker,,FracTracker:frac_row_990,Expanding,False,True,VA,Spotsylvania,Fredericksburg,38.222046,-77.4771,True,Point,,PowerHouse95,3500000.0,,150,single_source_curated,
site_01355,Sisson North,FracTracker,1,1,FracTracker,,FracTracker:frac_row_991,Proposed,False,True,VA,Spotsylvania,Fredericksburg,38.25873,-77.38705,True,Point,,Sisson North,1140000.0,,,single_source_curated,
site_01356,Stack Infrastructure Data Center,FracTracker,1,1,FracTracker,,FracTracker:frac_row_992,Proposed,False,True,VA,Spotsylvania,Fredericksburg,38.31828,-77.5166,True,Point,,Stack Infrastructure Data Center,,,,single_source_curated,
site_01357,Summit Crossing (Amazon),FracTracker,1,1,FracTracker,,FracTracker:frac_row_993,Approved/Permitted/Under construction,False,True,VA,Spotsylvania,Fredericksburg,38.19338,-77.43845,True,Point,Amazon,Summit Crossing (Amazon),2100000.0,,,single_source_curated,
site_01358,Summit Crossing Tech Campus,FracTracker,1,1,FracTracker,,FracTracker:frac_row_994,Proposed,False,True,VA,Spotsylvania,Fredericksburg,38.188473,-77.44053,True,Point,,Summit Crossing Tech Campus,2100000.0,,,single_source_curated,
site_01359,Summit Technology Park,FracTracker,1,1,FracTracker,,FracTracker:frac_row_995,Proposed,False,True,VA,Spotsylvania,Fredericksburg,38.19514,-77.43207,True,Point,,Summit Technology Park,2200000.0,,,single_source_curated,
site_01360,Vantage Data Center,FracTracker,1,1,FracTracker,,FracTracker:frac_row_996,Operating,True,False,VA,Spotsylvania,Fredericksburg,38.39153,-77.46516,True,Point,,Vantage Data Center,,,,single_source_curated,
site_01361,Amazon Web Services,FracTracker|PNNL,2,3,PNNL,building,PNNL:building_00667573133,Operating,True,False,VA,Prince William County,Gainesville,38.779381509444576,-77.54172453948773,True,Polygon,Amazon IAD75|Amazon IAD85|COPT DC 19 LLC,Amazon Web Services|COPT DC 19 LLC,719742.0,,,multi_source,FracTracker:frac_row_997<->PNNL:building_00667573133:spatial_100m:65.183m ; FracTracker:frac_row_997<->PNNL:building_00996723589:spatial_100m:36.914m
site_01362,Gainesville Crossing Data Campus,FracTracker,1,1,FracTracker,,FracTracker:frac_row_998,Expanding,False,True,VA,Prince William,Gainesville,38.801327,-77.5803,True,Point,CORSCALE,Gainesville Crossing Data Campus,1817777.0,,306,single_source_curated,
site_01363,Gainsville East,FracTracker,1,1,FracTracker,,FracTracker:frac_row_999,Proposed,False,True,VA,Prince William,Gainesville,38.790676,-77.587975,True,Point,Amazon,Gainsville East,2200000.0,,,single_source_curated,
site_01364,GILLIG LLC,NAICS,1,1,NAICS,,NAICS:naics_1,Operating/inferred,True,False,,,,37.63191,-122.11972,True,Point,,GILLIG LLC,,,,single_source_registry,
site_01365,GE INFORMATION SYSTEMS,NAICS,1,1,NAICS,,NAICS:naics_10,Operating/inferred,True,False,,,,39.11457,-77.2347,True,Point,,GE INFORMATION SYSTEMS,,,,single_source_registry,
site_01366,CTI Biopharma,NAICS|PNNL,2,2,PNNL,building,PNNL:building_00223783259,Operating/inferred,True,False,WA,King County,,47.6177878057982,-122.35669303335187,True,Polygon,,CTI Biopharma|ISILON,20600.0,,,multi_source,NAICS:naics_100<->PNNL:building_00223783259:spatial_100m:34.821m
site_01367,NJ-1 DATA CENTER,NAICS,1,1,NAICS,,NAICS:naics_101,Operating/inferred,True,False,,,,40.55566,-74.48618,True,Point,,NJ-1 DATA CENTER,,,,single_source_registry,
site_01368,365 DATA CENTERS,NAICS,1,1,NAICS,,NAICS:naics_102,Operating/inferred,True,False,,,,40.8277,-74.04973,True,Point,,365 DATA CENTERS,,,,single_source_registry,
site_01369,TETRA LLC,NAICS,1,1,NAICS,,NAICS:naics_103,Operating/inferred,True,False,,,,41.21979,-95.86573,True,Point,,TETRA LLC,,,,single_source_registry,
site_01370,EQUINIX,NAICS,1,1,NAICS,,NAICS:naics_104,Operating/inferred,True,False,,,,40.77791,-74.06695,True,Point,,EQUINIX,,,,single_source_registry,
site_01371,HEB WH200,NAICS|PNNL,2,2,PNNL,building,PNNL:building_01310628998,Operating/inferred,True,False,TX,Bexar County,,29.580141455082334,-98.54132736832202,True,Polygon,HEB,HEB WH200,36241.0,,,multi_source,NAICS:naics_105<->PNNL:building_01310628998:name_supported_500m:108.471m
site_01372,INNOVATION 2201 LLC / UPPER MERION TWP,NAICS,1,1,NAICS,,NAICS:naics_106,Operating/inferred,True,False,,,,40.08439,-75.33872,True,Point,,INNOVATION 2201 LLC / UPPER MERION TWP,,,,single_source_registry,
site_01373,COUNTRYWIDE SITE DEVELOPMENT,NAICS,1,1,NAICS,,NAICS:naics_107,Operating/inferred,True,False,,,,33.0106,-96.76667,True,Point,,COUNTRYWIDE SITE DEVELOPMENT,,,,single_source_registry,
site_01374,CORNERSTONE SOUTHWEST DATA CENTER,NAICS,1,1,NAICS,,NAICS:naics_108,Operating/inferred,True,False,,,,33.0079,-97.24497,True,Point,,CORNERSTONE SOUTHWEST DATA CENTER,,,,single_source_registry,
site_01375,MICROSOFT,NAICS,1,1,NAICS,,NAICS:naics_109,Operating/inferred,True,False,,,,29.47897,-98.69541,True,Point,,MICROSOFT,,,,single_source_registry,
site_01376,SENTARA HEALTHCARE,NAICS,1,1,NAICS,,NAICS:naics_11,Operating/inferred,True,False,,,,36.86775,-76.13272,True,Point,,SENTARA HEALTHCARE,,,,single_source_registry,
site_01377,RACKSPACE HOSTING,NAICS,1,1,NAICS,,NAICS:naics_110,Operating/inferred,True,False,,,,32.93054,-97.10471,True,Point,,RACKSPACE HOSTING,,,,single_source_registry,
site_01378,EMERSON GLOBAL DATA CENTER,NAICS,1,1,NAICS,,NAICS:naics_111,Operating/inferred,True,False,,,,42.028327,-92.89345,True,Point,,EMERSON GLOBAL DATA CENTER,,,,single_source_registry,
site_01379,DataBank McLean IAD2,FracTracker|NAICS|PNNL,3,3,PNNL,building,PNNL:building_00239147724,Operating,True,False,VA,Fairfax County,Tysons,38.919905150298106,-77.21358499990595,True,Polygon,DataBank|ELIAS DC ASSETS LLC,"DataBank McLean IAD2|ELIAS DC ASSETS|ZAYO GROUP, LLC",69089.0,,,multi_source,FracTracker:frac_row_1263<->NAICS:naics_112:spatial_100m:66.246m ; FracTracker:frac_row_1263<->PNNL:building_00239147724:spatial_100m:12.318m ; NAICS:naics_112<->PNNL:building_00239147724:spatial_100m:54.225m
site_01380,S&P GLOBAL INC,NAICS,1,1,NAICS,,NAICS:naics_113,Operating/inferred,True,False,,,,40.28057,-74.55383,True,Point,,S&P GLOBAL INC,,,,single_source_registry,
site_01381,MIRROR PLUS TECHNOLOGIES,NAICS,1,1,NAICS,,NAICS:naics_114,Operating/inferred,True,False,,,,37.47772,-121.9453,True,Point,,MIRROR PLUS TECHNOLOGIES,,,,single_source_registry,
site_01382,"WEBEX COMMUNICATIONS, INC",NAICS,1,1,NAICS,,NAICS:naics_115,Operating/inferred,True,False,,,,37.38992,-122.05476,True,Point,,"WEBEX COMMUNICATIONS, INC",,,,single_source_registry,
site_01383,AMERICAN EXPRESS IPC FACILITY,NAICS,1,1,NAICS,,NAICS:naics_116,Operating/inferred,True,False,,,,33.6653,-112.12935,True,Point,,AMERICAN EXPRESS IPC FACILITY,,,,single_source_registry,
site_01384,GOOGLE LLC,NAICS,1,1,NAICS,,NAICS:naics_118,Operating/inferred,True,False,,,,37.42307,-122.08421,True,Point,,GOOGLE LLC,,,,single_source_registry,
site_01385,LEVEL 3 COMMUNICATIONS INC,NAICS,1,1,NAICS,,NAICS:naics_119,Operating/inferred,True,False,,,,37.83492,-122.28719,True,Point,,LEVEL 3 COMMUNICATIONS INC,,,,single_source_registry,
site_01386,TECFUSIONS CLARKSVILLE LLC,NAICS,1,1,NAICS,,NAICS:naics_12,Operating/inferred,True,False,,,,36.60181,-78.54992,True,Point,,TECFUSIONS CLARKSVILLE LLC,,,,single_source_registry,
site_01387,SAVVIS COMMUNICATIONS CORPORATION DBA CENTURYLINK,NAICS,1,1,NAICS,,NAICS:naics_120,Operating/inferred,True,False,,,,37.3987,-121.97954,True,Point,,SAVVIS COMMUNICATIONS CORPORATION DBA CENTURYLINK,,,,single_source_registry,
site_01388,CBS INC,NAICS,1,1,NAICS,,NAICS:naics_121,Operating/inferred,True,False,,,,37.78615,-122.39745,True,Point,,CBS INC,,,,single_source_registry,
site_01389,Equinix Santa Clara SV2,NAICS|PNNL,2,2,PNNL,building,PNNL:building_00037947314,Operating/inferred,True,False,CA,Santa Clara County,,37.378433690080165,-121.95499188020412,True,Polygon,Equinix,EQUINIX LLC|Equinix Santa Clara SV2,81106.0,,,multi_source,NAICS:naics_122<->PNNL:building_00037947314:spatial_100m:83.802m
site_01390,THE NORTHERN TRUST CO,NAICS,1,1,NAICS,,NAICS:naics_123,Operating/inferred,True,False,,,,41.942103,-89.032942,True,Point,,THE NORTHERN TRUST CO,,,,single_source_registry,
site_01391,ALLSTATE DATA CENTER,NAICS,1,1,NAICS,,NAICS:naics_124,Operating/inferred,True,False,,,,41.943852,-89.033127,True,Point,,ALLSTATE DATA CENTER,,,,single_source_registry,
site_01392,GTECH CORPORATION,NAICS,1,1,NAICS,,NAICS:naics_126,Operating/inferred,True,False,,,,38.33473,-81.62308,True,Point,,GTECH CORPORATION,,,,single_source_registry,
site_01393,UNITED HEALTH GROUP NEXT TECHNOLOGY CENTER,NAICS,1,1,NAICS,,NAICS:naics_127,Operating/inferred,True,False,,,,45.30454,-93.62611,True,Point,,UNITED HEALTH GROUP NEXT TECHNOLOGY CENTER,,,,single_source_registry,
site_01394,FEDERAL EXPRESS - CO TECH,NAICS,1,1,NAICS,,NAICS:naics_128,Operating/inferred,True,False,,,,39.0249,-104.81824,True,Point,,FEDERAL EXPRESS - CO TECH,,,,single_source_registry,
site_01395,MEDIASCOPE INC,NAICS,1,1,NAICS,,NAICS:naics_129,Operating/inferred,True,False,,,,44.046996,-91.613328,True,Point,,MEDIASCOPE INC,,,,single_source_registry,
site_01396,FIRST HEALTH SERVICES CORPORATION,NAICS,1,1,NAICS,,NAICS:naics_13,Operating/inferred,True,False,,,,37.65488,-77.57832,True,Point,,FIRST HEALTH SERVICES CORPORATION,,,,single_source_registry,
site_01397,FAIRVIEW DATA CENTER,NAICS,1,1,NAICS,,NAICS:naics_130,Operating/inferred,True,False,,,,44.99295,-93.22671,True,Point,,FAIRVIEW DATA CENTER,,,,single_source_registry,
site_01398,GTECH CORPORATION,NAICS,1,1,NAICS,,NAICS:naics_131,Operating/inferred,True,False,,,,38.41625,-81.4949,True,Point,,GTECH CORPORATION,,,,single_source_registry,
site_01399,MORGAN STANLEY DATA CENTER,NAICS,1,1,NAICS,,NAICS:naics_132,Operating/inferred,True,False,,,,40.54151,-74.54293,True,Point,,MORGAN STANLEY DATA CENTER,,,,single_source_registry,
site_01400,Rackspace Somerset NYC1,NAICS|PNNL,2,2,PNNL,building,PNNL:building_00998933381,Operating/inferred,True,False,NJ,Somerset County,,40.54452566835303,-74.53775798797324,True,Polygon,,DATAPIPE|Rackspace Somerset NYC1,18407.0,,,multi_source,NAICS:naics_133<->PNNL:building_00998933381:spatial_100m:87.023m
site_01401,SP 600 WINTER OWNER LLC,NAICS,1,1,NAICS,,NAICS:naics_134,Operating/inferred,True,False,,,,42.39762,-71.26805,True,Point,,SP 600 WINTER OWNER LLC,,,,single_source_registry,
site_01402,WAL-MART STORES EAST INC,NAICS,1,1,NAICS,,NAICS:naics_135,Operating/inferred,True,False,,,,36.49936,-94.26555,True,Point,,WAL-MART STORES EAST INC,,,,single_source_registry,
site_01403,QWEST CORP - ENGLEWOOD CYBER CENTER,NAICS,1,1,NAICS,,NAICS:naics_136,Operating/inferred,True,False,,,,39.5608,-104.83264,True,Point,,QWEST CORP - ENGLEWOOD CYBER CENTER,,,,single_source_registry,
site_01404,JP MORGAN CHASE - MORGAN CHRISTIANA CENT,NAICS,1,1,NAICS,,NAICS:naics_137,Operating/inferred,True,False,,,,39.6974,-75.65133,True,Point,,JP MORGAN CHASE - MORGAN CHRISTIANA CENT,,,,single_source_registry,
site_01405,"AUTOMATIC DATA PROCESSING, INC.",NAICS,1,1,NAICS,,NAICS:naics_138,Operating/inferred,True,False,,,,42.78233,-71.24933,True,Point,,"AUTOMATIC DATA PROCESSING, INC.",,,,single_source_registry,
site_01406,Oso Grande,NAICS|PNNL,2,2,PNNL,point,PNNL:point_06625492701,Operating/inferred,True,False,NM,Bernalillo County,,35.0925015,-106.6536712,True,Point,Oso Grande,OSO GRANDE TECHNOLOGY|Oso Grande,,,,multi_source,NAICS:naics_139<->PNNL:point_06625492701:name_supported_500m:103.212m
site_01407,MYALL LLC/PCO,NAICS,1,1,NAICS,,NAICS:naics_140,Operating/inferred,True,False,,,,36.206389,-95.245778,True,Point,,MYALL LLC/PCO,,,,single_source_registry,
site_01408,ANTHEM CDC 3,NAICS,1,1,NAICS,,NAICS:naics_141,Operating/inferred,True,False,,,,38.46082,-78.85467,True,Point,,ANTHEM CDC 3,,,,single_source_registry,
site_01409,IBM DULLES STATION WEST,NAICS,1,1,NAICS,,NAICS:naics_142,Operating/inferred,True,False,,,,38.95887,-77.41595,True,Point,,IBM DULLES STATION WEST,,,,single_source_registry,
site_01410,MAGURO MNK,NAICS,1,1,NAICS,,NAICS:naics_143,Operating/inferred,True,False,,,,33.07239,-80.03884,True,Point,,MAGURO MNK,,,,single_source_registry,
site_01411,NORTHROP GRUMMAN SERVICES CORPORATION - FAIRLAKES,NAICS,1,1,NAICS,,NAICS:naics_144,Operating/inferred,True,False,,,,38.85916,-77.39273,True,Point,,NORTHROP GRUMMAN SERVICES CORPORATION - FAIRLAKES,,,,single_source_registry,
site_01412,115 2ND AVENUE LLC,NAICS,1,1,NAICS,,NAICS:naics_145,Operating/inferred,True,False,,,,42.39374,-71.2646,True,Point,,115 2ND AVENUE LLC,,,,single_source_registry,
site_01413,NAVISITE,NAICS,1,1,NAICS,,NAICS:naics_146,Operating/inferred,True,False,,,,42.69406,-71.21197,True,Point,,NAVISITE,,,,single_source_registry,
site_01414,CLEARBLUE TECHNOLOGIES/OAKBROOK INC,NAICS,1,1,NAICS,,NAICS:naics_148,Operating/inferred,True,False,,,,41.844915,-87.941348,True,Point,,CLEARBLUE TECHNOLOGIES/OAKBROOK INC,,,,single_source_registry,
site_01415,SUNGARD AVAILABILITY SERVICES LIMITED PA,NAICS,1,1,NAICS,,NAICS:naics_149,Operating/inferred,True,False,,,,38.96319,-77.38093,True,Point,,SUNGARD AVAILABILITY SERVICES LIMITED PA,,,,single_source_registry,
site_01416,HEWLETT PACKARD CORP,NAICS,1,1,NAICS,,NAICS:naics_15,Operating/inferred,True,False,,,,42.62265,-71.18326,True,Point,,HEWLETT PACKARD CORP,,,,single_source_registry,
site_01417,FOVEONICS IMAGING TECHNOLOGIES INC @ EATONTOWN IND PK,NAICS,1,1,NAICS,,NAICS:naics_150,Operating/inferred,True,False,,,,40.27613,-74.04657,True,Point,,FOVEONICS IMAGING TECHNOLOGIES INC @ EATONTOWN IND PK,,,,single_source_registry,
site_01418,UNITED HEALTHCARE SERVICES INC - DATA CENTER,NAICS,1,1,NAICS,,NAICS:naics_151,Operating/inferred,True,False,,,,44.8072,-93.63547,True,Point,,UNITED HEALTHCARE SERVICES INC - DATA CENTER,,,,single_source_registry,
site_01419,LNH INC DBA HOSTING.COM - 650 PENCADER,NAICS,1,1,NAICS,,NAICS:naics_152,Operating/inferred,True,False,,,,39.61185,-75.76325,True,Point,,LNH INC DBA HOSTING.COM - 650 PENCADER,,,,single_source_registry,
site_01420,"NASA SHARED SERVICE CENTER, NCCIPS",NAICS,1,1,NAICS,,NAICS:naics_153,Operating/inferred,True,False,,,,30.299398,-89.474332,True,Point,,"NASA SHARED SERVICE CENTER, NCCIPS",,,,single_source_registry,
site_01421,CUSTOM PROCESSING SERVICES LLC,NAICS,1,1,NAICS,,NAICS:naics_154,Operating/inferred,True,False,,,,40.40671,-75.51066,True,Point,,CUSTOM PROCESSING SERVICES LLC,,,,single_source_registry,
site_01422,DXC TECHNOLOGY SERVICES LLC / DXC TECHNOLOGY SERVICES LLC,NAICS,1,1,NAICS,,NAICS:naics_156,Operating/inferred,True,False,,,,36.20604,-95.86881,True,Point,,DXC TECHNOLOGY SERVICES LLC / DXC TECHNOLOGY SERVICES LLC,,,,single_source_registry,
site_01423,"IO PHOENIX ONE, LLC",NAICS,1,1,NAICS,,NAICS:naics_158,Operating/inferred,True,False,,,,33.29795,-112.09741,True,Point,,"IO PHOENIX ONE, LLC",,,,single_source_registry,
site_01424,Credit Suisse: Clifton Data Center,NAICS|PNNL,2,2,PNNL,building,PNNL:building_00818790301,Operating/inferred,True,False,NJ,Passaic County,,40.83344999607061,-74.1402186895567,True,Polygon,,CLIFTON DATA CENTER|Credit Suisse: Clifton Data Center,140278.0,,,multi_source,NAICS:naics_159<->PNNL:building_00818790301:spatial_100m:98.447m
site_01425,EQUINIX LLC - VDC I LLC,NAICS,1,1,NAICS,,NAICS:naics_16,Operating/inferred,True,False,,,,39.56056,-104.85887,True,Point,,EQUINIX LLC - VDC I LLC,,,,single_source_registry,
site_01426,ADP,NAICS,1,1,NAICS,,NAICS:naics_161,Operating/inferred,True,False,,,,42.035285,-87.979625,True,Point,,ADP,,,,single_source_registry,
site_01427,Amazon IAD12,FracTracker|NAICS|PNNL,3,3,PNNL,building,PNNL:building_00299929061,Operating,True,False,VA,Loudoun County,Sterling,38.98872330810434,-77.44767141862896,True,Polygon,Amazon Web Services|FR SUMMIT LLC,"AMAZON DATA SERVICES, INC. IAD-12 IAD-15 IAD-16 IAD-76 (73860)|Amazon IAD12|FR SUMMIT AWS",149200.0,,,multi_source,FracTracker:frac_row_1214<->NAICS:naics_162:spatial_100m:63.961m ; FracTracker:frac_row_1214<->PNNL:building_00299929061:spatial_100m:2.367m ; NAICS:naics_162<->PNNL:building_00299929061:spatial_100m:61.657m
site_01428,MICROSOFT CORPORATION - ALLUVIUM DATA CENTER,NAICS,1,1,NAICS,,NAICS:naics_163,Operating/inferred,True,False,,,,41.53848,-93.82678,True,Point,,MICROSOFT CORPORATION - ALLUVIUM DATA CENTER,,,,single_source_registry,
site_01429,PWCSA NEABSCO - OPERATIONS SUPPORT FACILITY BUILDING,NAICS,1,1,NAICS,,NAICS:naics_164,Operating/inferred,True,False,,,,38.60632,-77.2844,True,Point,,PWCSA NEABSCO - OPERATIONS SUPPORT FACILITY BUILDING,,,,single_source_registry,
site_01430,AUTOMATIC DATA PROCESSING INC,NAICS,1,1,NAICS,,NAICS:naics_165,Operating/inferred,True,False,,,,40.817529,-74.303086,True,Point,,AUTOMATIC DATA PROCESSING INC,,,,single_source_registry,
site_01431,"INTERGATE - ASHBURN, LLC",NAICS,1,1,NAICS,,NAICS:naics_167,Operating/inferred,True,False,,,,39.01548,-77.47663,True,Point,,"INTERGATE - ASHBURN, LLC",,,,single_source_registry,
site_01432,"TETRA, LLC",NAICS,1,1,NAICS,,NAICS:naics_168,Operating/inferred,True,False,,,,41.219756,-95.86385,True,Point,,"TETRA, LLC",,,,single_source_registry,
site_01433,HEWLETT PACKARD COMPANY,NAICS,1,1,NAICS,,NAICS:naics_169,Operating/inferred,True,False,,,,41.51944,-93.66385,True,Point,,HEWLETT PACKARD COMPANY,,,,single_source_registry,
site_01434,AT&T,NAICS,1,1,NAICS,,NAICS:naics_17,Operating/inferred,True,False,,,,37.785224,-122.397143,True,Point,,AT&T,,,,single_source_registry,
site_01435,"ANDALE, INC.",NAICS,1,1,NAICS,,NAICS:naics_170,Operating/inferred,True,False,,,,35.31556,-81.82162,True,Point,,"ANDALE, INC.",,,,single_source_registry,
site_01436,INTERNAP NETWORK SERVICES,NAICS,1,1,NAICS,,NAICS:naics_172,Operating/inferred,True,False,,,,42.37797,-71.0809,True,Point,,INTERNAP NETWORK SERVICES,,,,single_source_registry,
site_01437,WALMART NORTH DATA CENTER #8678,NAICS,1,1,NAICS,,NAICS:naics_173,Operating/inferred,True,False,,,,36.49936,-94.26555,True,Point,,WALMART NORTH DATA CENTER #8678,,,,single_source_registry,
site_01438,"MYALL, LLC",NAICS,1,1,NAICS,,NAICS:naics_174,Operating/inferred,True,False,,,,36.24255,-95.32657,True,Point,,"MYALL, LLC",,,,single_source_registry,
site_01439,INOVA HEALTH CARE SYSTEMS - IT OPERATIONS,NAICS,1,1,NAICS,,NAICS:naics_175,Operating/inferred,True,False,,,,39.02543,-77.41752,True,Point,,INOVA HEALTH CARE SYSTEMS - IT OPERATIONS,,,,single_source_registry,
site_01440,AEROPOSTALE INC,NAICS,1,1,NAICS,,NAICS:naics_176,Operating/inferred,True,False,,,,40.80319,-74.0973,True,Point,,AEROPOSTALE INC,,,,single_source_registry,
site_01441,1623 Farnam,NAICS|PNNL,2,2,PNNL,building,PNNL:building_00818167571,Operating/inferred,True,False,NE,Douglas County,,41.25729103361583,-95.93784939082518,True,Polygon,News-Press & Gazette Company,1623 Farnam|NEBRASKA COLOCATION CENTER,35689.0,,,multi_source,NAICS:naics_177<->PNNL:building_00818167571:spatial_100m:44.565m
site_01442,"QUALITY INVESTMENT PROPERTIES METRO, LLC",NAICS,1,1,NAICS,,NAICS:naics_179,Operating/inferred,True,False,,,,33.7756,-84.419966,True,Point,,"QUALITY INVESTMENT PROPERTIES METRO, LLC",,,,single_source_registry,
site_01443,DEERE & CO,NAICS,1,1,NAICS,,NAICS:naics_18,Operating/inferred,True,False,,,,41.509421,-90.510085,True,Point,,DEERE & CO,,,,single_source_registry,
site_01444,CONAGRA FOODS INC DATA CENTER,NAICS,1,1,NAICS,,NAICS:naics_180,Operating/inferred,True,False,,,,41.33767,-96.02484,True,Point,,CONAGRA FOODS INC DATA CENTER,,,,single_source_registry,
site_01445,LIGHTEDGE DATA CENTER,NAICS,1,1,NAICS,,NAICS:naics_181,Operating/inferred,True,False,,,,41.15944,-96.02598,True,Point,,LIGHTEDGE DATA CENTER,,,,single_source_registry,
site_01446,PINNACLE BANK DATA CENTER,NAICS,1,1,NAICS,,NAICS:naics_182,Operating/inferred,True,False,,,,41.1473,-96.2357,True,Point,,PINNACLE BANK DATA CENTER,,,,single_source_registry,
site_01447,"BELLSOUTH TELECOMMUNICATIONS, LLC DBA AT&T NORTH CAROLINA",NAICS,1,1,NAICS,,NAICS:naics_183,Operating/inferred,True,False,,,,35.25424,-81.3851,True,Point,,"BELLSOUTH TELECOMMUNICATIONS, LLC DBA AT&T NORTH CAROLINA",,,,single_source_registry,
site_01448,"SICULUS, INC.",NAICS,1,1,NAICS,,NAICS:naics_184,Operating/inferred,True,False,,,,41.637378,-93.50317,True,Point,,"SICULUS, INC.",,,,single_source_registry,
site_01449,GABLE CORPORATION,NAICS,1,1,NAICS,,NAICS:naics_185,Operating/inferred,True,False,,,,41.16753,-95.79376,True,Point,,GABLE CORPORATION,,,,single_source_registry,
site_01450,CHIRISA RICHMOND LLC,NAICS,1,1,NAICS,,NAICS:naics_186,Operating/inferred,True,False,,,,37.36206,-77.32561,True,Point,,CHIRISA RICHMOND LLC,,,,single_source_registry,
site_01451,SAVVIS NJ4,NAICS,1,1,NAICS,,NAICS:naics_187,Operating/inferred,True,False,,,,40.55339,-74.46069,True,Point,,SAVVIS NJ4,,,,single_source_registry,
site_01452,Csquare SFO2,NAICS|PNNL,2,2,PNNL,building,PNNL:building_00054119665,Operating/inferred,True,False,CA,Santa Clara County,,37.39757919675742,-121.98086935105141,True,Polygon,Csquare,Csquare SFO2|SAVVIS COMMUNICATIONS CORPORATION DBA CENTURYLINK,146098.0,,,multi_source,NAICS:naics_188<->PNNL:building_00054119665:spatial_100m:9.939m
site_01453,RNM PROPERTIES,NAICS,1,1,NAICS,,NAICS:naics_189,Operating/inferred,True,False,,,,37.52115,-122.25901,True,Point,,RNM PROPERTIES,,,,single_source_registry,
site_01454,"PROSPERITY DRIVE DATA CENTER, LLC",NAICS,1,1,NAICS,,NAICS:naics_19,Operating/inferred,True,False,,,,39.05949,-76.96499,True,Point,,"PROSPERITY DRIVE DATA CENTER, LLC",,,,single_source_registry,
site_01455,Microsoft,NAICS|PNNL,2,2,PNNL,building,PNNL:building_00224998784,Operating/inferred,True,False,CA,Santa Clara County,,37.3620662092011,-121.94643635591544,True,Polygon,Microsoft,MICROSOFT CORPORATION|Microsoft,166655.0,,,multi_source,NAICS:naics_191<->PNNL:building_00224998784:spatial_100m:10.089m
site_01456,SIDUS GROUP - DENVER DATA CENTER,NAICS,1,1,NAICS,,NAICS:naics_192,Operating/inferred,True,False,,,,39.69966,-104.9875,True,Point,,SIDUS GROUP - DENVER DATA CENTER,,,,single_source_registry,
site_01457,LEVEL 3 COMMUNICATIONS,NAICS,1,1,NAICS,,NAICS:naics_193,Operating/inferred,True,False,,,,37.566267,-121.983487,True,Point,,LEVEL 3 COMMUNICATIONS,,,,single_source_registry,
site_01458,CoreSite SV2,NAICS|PNNL,2,2,PNNL,building,PNNL:building_00299388896,Operating/inferred,True,False,CA,Santa Clara County,,37.40568310648504,-121.91624119521207,True,Polygon,"CoreSite Real Estate 1656 McCarthy, L.P.",CORESITE|CoreSite SV2,89939.0,,,multi_source,NAICS:naics_194<->PNNL:building_00299388896:spatial_100m:14.052m
site_01459,Equinix SV4,NAICS|PNNL,2,2,PNNL,building,PNNL:building_00099813512,Operating/inferred,True,False,CA,Santa Clara County,,37.41456431406775,-122.01457953832227,True,Polygon,Equinix,EQUINIX LLC|Equinix SV4,122369.0,,,multi_source,NAICS:naics_195<->PNNL:building_00099813512:spatial_100m:17.654m
site_01460,AT&T CORPORATION,NAICS,1,1,NAICS,,NAICS:naics_197,Operating/inferred,True,False,,,,37.480277,-122.200454,True,Point,,AT&T CORPORATION,,,,single_source_registry,
site_01461,SLATER LAND-MILESTONE TECHNOLOGIES,NAICS,1,1,NAICS,,NAICS:naics_198,Operating/inferred,True,False,,,,39.79914,-121.85041,True,Point,,SLATER LAND-MILESTONE TECHNOLOGIES,,,,single_source_registry,
site_01462,SLATERLAND-SUNGARD BI-TECH,NAICS,1,1,NAICS,,NAICS:naics_199,Operating/inferred,True,False,,,,39.712612,-121.879304,True,Point,,SLATERLAND-SUNGARD BI-TECH,,,,single_source_registry,
site_01463,ADP OF WASHINGTON,NAICS,1,1,NAICS,,NAICS:naics_2,Operating/inferred,True,False,,,,39.048437,-77.119684,True,Point,,ADP OF WASHINGTON,,,,single_source_registry,
site_01464,NATIONAL CAR RENTAL - MINNEAPOLIS,NAICS,1,1,NAICS,,NAICS:naics_20,Operating/inferred,True,False,,,,44.86288,-93.32892,True,Point,,NATIONAL CAR RENTAL - MINNEAPOLIS,,,,single_source_registry,
site_01465,SLATER LAND-SUNGARD BI-TECH,NAICS,1,1,NAICS,,NAICS:naics_200,Operating/inferred,True,False,,,,39.7991,-121.85249,True,Point,,SLATER LAND-SUNGARD BI-TECH,,,,single_source_registry,
site_01466,LEVEL 3 COMMUNICATIONS LLC,NAICS,1,1,NAICS,,NAICS:naics_201,Operating/inferred,True,False,,,,38.0198,-121.93396,True,Point,,LEVEL 3 COMMUNICATIONS LLC,,,,single_source_registry,
site_01467,SLATER LAND DIGITAL PATH,NAICS,1,1,NAICS,,NAICS:naics_202,Operating/inferred,True,False,,,,39.79945,-121.85174,True,Point,,SLATER LAND DIGITAL PATH,,,,single_source_registry,
site_01468,"365 JACK LONDON SQUARE, LLC",NAICS,1,1,NAICS,,NAICS:naics_204,Operating/inferred,True,False,,,,37.79903,-122.28282,True,Point,,"365 JACK LONDON SQUARE, LLC",,,,single_source_registry,
site_01469,Kaiser Data Center,NAICS|PNNL,2,2,PNNL,building,PNNL:building_00464371693,Operating/inferred,True,False,CA,Napa County,,38.254085135435545,-122.2730981200017,True,Polygon,,KAISER PERMANENTE|Kaiser Data Center,162791.0,,,multi_source,NAICS:naics_205<->PNNL:building_00464371693:spatial_100m:22.3m
site_01470,"AOL,INC",NAICS,1,1,NAICS,,NAICS:naics_207,Operating/inferred,True,False,,,,37.39921,-122.0519,True,Point,,"AOL,INC",,,,single_source_registry,
site_01471,MISSION WEST PROPERTIES,NAICS,1,1,NAICS,,NAICS:naics_208,Operating/inferred,True,False,,,,37.37694,-121.96433,True,Point,,MISSION WEST PROPERTIES,,,,single_source_registry,
site_01472,Equinix SV6,NAICS|PNNL,2,2,PNNL,building,PNNL:building_00390287635,Operating/inferred,True,False,CA,Santa Clara County,,37.39960173949957,-122.01456250837072,True,Polygon,Equinix,Equinix SV6|SWITCH AND DATA CA ELEVEN LLC,21678.0,,,multi_source,NAICS:naics_209<->PNNL:building_00390287635:spatial_100m:6.114m
site_01473,1001 3RD AVENUE S,NAICS,1,1,NAICS,,NAICS:naics_21,Operating/inferred,True,False,,,,44.939727,-93.109047,True,Point,,1001 3RD AVENUE S,,,,single_source_registry,
site_01474,TERREMARK NORTH AMERICA INC,NAICS,1,1,NAICS,,NAICS:naics_210,Operating/inferred,True,False,,,,37.68842,-121.88986,True,Point,,TERREMARK NORTH AMERICA INC,,,,single_source_registry,
site_01475,STANFORD ITSS DATA CENTER,NAICS,1,1,NAICS,,NAICS:naics_211,Operating/inferred,True,False,,,,37.48665,-122.20437,True,Point,,STANFORD ITSS DATA CENTER,,,,single_source_registry,
site_01476,FANNIE MAE UTC DATA CENTER,NAICS,1,1,NAICS,,NAICS:naics_212,Operating/inferred,True,False,,,,39.322162,-77.351997,True,Point,,FANNIE MAE UTC DATA CENTER,,,,single_source_registry,
site_01477,VERIZON BUSINESS,NAICS,1,1,NAICS,,NAICS:naics_213,Operating/inferred,True,False,,,,37.40009,-121.89529,True,Point,,VERIZON BUSINESS,,,,single_source_registry,
site_01478,LEVEL 3 COMMUNICATIONS LLC,NAICS,1,1,NAICS,,NAICS:naics_214,Operating/inferred,True,False,,,,37.72305,-122.39799,True,Point,,LEVEL 3 COMMUNICATIONS LLC,,,,single_source_registry,
site_01479,Fidelity,NAICS|PNNL,2,2,PNNL,building,PNNL:building_00421273622,Operating/inferred,True,False,NE,Sarpy County,,41.16546905416773,-96.08338762268534,True,Polygon,Fidelity,FIDELITY INVESTMENTS DATA CTR|Fidelity,40714.0,,,multi_source,NAICS:naics_215<->PNNL:building_00421273622:name_supported_500m:441.028m
site_01480,"JP MORGAN CHASE BANK- 501 BEAR CHRISTIANA RD, BEAR",NAICS,1,1,NAICS,,NAICS:naics_216,Operating/inferred,True,False,,,,39.64683,-75.65682,True,Point,,"JP MORGAN CHASE BANK- 501 BEAR CHRISTIANA RD, BEAR",,,,single_source_registry,
site_01481,LNH INC DBA HOSTING.COM - 350 PENCADER,NAICS,1,1,NAICS,,NAICS:naics_217,Operating/inferred,True,False,,,,39.61196,-75.76136,True,Point,,LNH INC DBA HOSTING.COM - 350 PENCADER,,,,single_source_registry,
site_01482,HOSTMYSITE.COM 1,NAICS,1,1,NAICS,,NAICS:naics_218,Operating/inferred,True,False,,,,39.61185,-75.76325,True,Point,,HOSTMYSITE.COM 1,,,,single_source_registry,
site_01483,"HEWLETT-PACKARD ENTERPRISE SERVICES, LLC",NAICS,1,1,NAICS,,NAICS:naics_219,Operating/inferred,True,False,,,,42.65227,-83.21662,True,Point,,"HEWLETT-PACKARD ENTERPRISE SERVICES, LLC",,,,single_source_registry,
site_01484,FIS GLOBAL,NAICS,1,1,NAICS,,NAICS:naics_22,Operating/inferred,True,False,,,,44.9146,-93.40307,True,Point,,FIS GLOBAL,,,,single_source_registry,
site_01485,"HEWLETT-PACKARD ENTERPRISE SERVICES, LLC",NAICS,1,1,NAICS,,NAICS:naics_220,Operating/inferred,True,False,,,,42.65307,-83.21358,True,Point,,"HEWLETT-PACKARD ENTERPRISE SERVICES, LLC",,,,single_source_registry,
site_01486,LOCKHEED MARTIN PROPERTIES,NAICS,1,1,NAICS,,NAICS:naics_221,Operating/inferred,True,False,,,,39.832493,-105.003339,True,Point,,LOCKHEED MARTIN PROPERTIES,,,,single_source_registry,
site_01487,CYRUSONE,NAICS,1,1,NAICS,,NAICS:naics_222,Operating/inferred,True,False,,,,39.38989,-84.21517,True,Point,,CYRUSONE,,,,single_source_registry,
site_01488,Digital Realty Phoenix PHX15,NAICS|PNNL,2,2,PNNL,building,PNNL:building_00300952513,Operating/inferred,True,False,AZ,Maricopa County,,33.27497378533701,-111.88662619785597,True,Polygon,Digital Realty,"DIGITAL REALTY TRUST CHANDLER, LLC|Digital Realty Phoenix PHX15",294678.0,,,multi_source,NAICS:naics_223<->PNNL:building_00300952513:name_supported_500m:238.187m
site_01489,THE WORLD BANK,NAICS,1,1,NAICS,,NAICS:naics_224,Operating/inferred,True,False,,,,38.90598,-77.47037,True,Point,,THE WORLD BANK,,,,single_source_registry,
site_01490,HEALTH AND HOSPITAL CORPORATION,NAICS,1,1,NAICS,,NAICS:naics_225,Operating/inferred,True,False,,,,39.82656,-86.11675,True,Point,,HEALTH AND HOSPITAL CORPORATION,,,,single_source_registry,
site_01491,DATA BASED INTERNATION SYS/LOWER PROVIDENCE,NAICS,1,1,NAICS,,NAICS:naics_226,Operating/inferred,True,False,,,,40.12181,-75.41944,True,Point,,DATA BASED INTERNATION SYS/LOWER PROVIDENCE,,,,single_source_registry,
site_01492,SMITHSONIAN INSTITUTION,NAICS,1,1,NAICS,,NAICS:naics_227,Operating/inferred,True,False,,,,38.96195,-77.37208,True,Point,,SMITHSONIAN INSTITUTION,,,,single_source_registry,
site_01493,NTT Silicon Valley data center campus,NAICS|PNNL,2,3,PNNL,campus,PNNL:campus_01344376232,Operating/inferred,True,False,CA,Santa Clara County,,37.36897448736602,-121.95536447297926,True,MultiPolygon,NTT,"EDGECONNEX SILICON VALLEY HOLDINGS, LLC|NTT Silicon Valley SV1 Data Center|NTT Silicon Valley data center campus",38759.0,143246.0,,multi_source,NAICS:naics_229<->PNNL:building_00888253616:name_supported_500m:477.855m ; NAICS:naics_229<->PNNL:campus_01344376232:name_supported_500m:469.085m
site_01494,HID GLOBAL EDEN PRAIRIE,NAICS,1,1,NAICS,,NAICS:naics_23,Operating/inferred,True,False,,,,44.88405,-93.4088,True,Point,,HID GLOBAL EDEN PRAIRIE,,,,single_source_registry,
site_01495,SAVVIS COMMUNICATIONS - SC5,NAICS,1,1,NAICS,,NAICS:naics_231,Operating/inferred,True,False,,,,37.37036,-121.96989,True,Point,,SAVVIS COMMUNICATIONS - SC5,,,,single_source_registry,
site_01496,DRT LAX12,NAICS|PNNL,2,2,PNNL,building,PNNL:building_00424945852,Operating/inferred,True,False,CA,Los Angeles County,,33.9156488974591,-118.38463005026091,True,Polygon,Digital Realty,DIGITAL 2260 EAST EL SEGUNDO LLC|DRT LAX12,113310.0,,,multi_source,NAICS:naics_232<->PNNL:building_00424945852:spatial_100m:7.195m
site_01497,SANTA CLARA STADIUM TECHCENTER,NAICS,1,1,NAICS,,NAICS:naics_233,Operating/inferred,True,False,,,,37.41286,-121.97849,True,Point,,SANTA CLARA STADIUM TECHCENTER,,,,single_source_registry,
site_01498,"ISTREET SOLUTIONS, LLC DATA CENTER",NAICS,1,1,NAICS,,NAICS:naics_234,Operating/inferred,True,False,,,,38.587053,-121.528154,True,Point,,"ISTREET SOLUTIONS, LLC DATA CENTER",,,,single_source_registry,
site_01499,CYXTERA COMMUNICATIONS  LLC SC4-5,NAICS,1,1,NAICS,,NAICS:naics_235,Operating/inferred,True,False,,,,37.37032,-121.9698,True,Point,,CYXTERA COMMUNICATIONS  LLC SC4-5,,,,single_source_registry,
site_01500,THOMSON REUTERS,NAICS,1,1,NAICS,,NAICS:naics_238,Operating/inferred,True,False,,,,40.820406,-74.135973,True,Point,,THOMSON REUTERS,,,,single_source_registry,
site_01501,CDS GLOBAL INC,NAICS,1,1,NAICS,,NAICS:naics_239,Operating/inferred,True,False,,,,41.59705,-93.75442,True,Point,,CDS GLOBAL INC,,,,single_source_registry,
site_01502,CERIDIAN CORP,NAICS,1,1,NAICS,,NAICS:naics_24,Operating/inferred,True,False,,,,44.85475,-93.22613,True,Point,,CERIDIAN CORP,,,,single_source_registry,
site_01503,HP ENTERPRISE SVC LLC/CAMP HILL,NAICS,1,1,NAICS,,NAICS:naics_241,Operating/inferred,True,False,,,,40.25978,-76.92042,True,Point,,HP ENTERPRISE SVC LLC/CAMP HILL,,,,single_source_registry,
site_01504,"AMAZON DATA SERVICES, INC. IAD 50 IAD 60 IAD-71 IAD-78 IAD-79 IAD-80 (74049)",NAICS,1,1,NAICS,,NAICS:naics_242,Operating/inferred,True,False,,,,39.02697,-77.4591,True,Point,,"AMAZON DATA SERVICES, INC. IAD 50 IAD 60 IAD-71 IAD-78 IAD-79 IAD-80 (74049)",,,,single_source_registry,
site_01505,THE TRAVELERS INDEMNITY CO,NAICS,1,1,NAICS,,NAICS:naics_243,Operating/inferred,True,False,,,,41.13253,-96.144987,True,Point,,THE TRAVELERS INDEMNITY CO,,,,single_source_registry,
site_01506,ALTEREDSCALE,NAICS,1,1,NAICS,,NAICS:naics_244,Operating/inferred,True,False,,,,41.87156,-87.643103,True,Point,,ALTEREDSCALE,,,,single_source_registry,
site_01507,"SECURED NETWORK SERVICES, INC.",NAICS,1,1,NAICS,,NAICS:naics_245,Operating/inferred,True,False,,,,44.29236,-71.79977,True,Point,,"SECURED NETWORK SERVICES, INC.",,,,single_source_registry,
site_01508,CYRUSONE INC,NAICS,1,1,NAICS,,NAICS:naics_247,Operating/inferred,True,False,,,,40.90922,-74.235,True,Point,,CYRUSONE INC,,,,single_source_registry,
site_01509,Equinix,NAICS|PNNL,2,3,PNNL,campus,PNNL:campus_00714139864,Operating/inferred,True,False,NJ,Hudson County,,40.77506789883385,-74.0686769901749,True,MultiPolygon,Equinix,EQUINIX NY6 BUSINESS SUITES|Equinix|Equinix Secaucus NY6,70938.0,535110.0,,multi_source,NAICS:naics_248<->PNNL:building_00714139865:name_supported_500m:143.092m ; NAICS:naics_248<->PNNL:campus_00714139864:name_supported_500m:313.609m
site_01510,ATRIXWARE,NAICS,1,1,NAICS,,NAICS:naics_249,Operating/inferred,True,False,,,,39.80765,-75.09198,True,Point,,ATRIXWARE,,,,single_source_registry,
site_01511,ICON INTERNATIONAL  INC,NAICS,1,1,NAICS,,NAICS:naics_25,Operating/inferred,True,False,,,,41.59939,-71.43365,True,Point,,ICON INTERNATIONAL  INC,,,,single_source_registry,
site_01512,OMEGA COMPUTER SERVICES,NAICS,1,1,NAICS,,NAICS:naics_250,Operating/inferred,True,False,,,,42.294537,-85.582178,True,Point,,OMEGA COMPUTER SERVICES,,,,single_source_registry,
site_01513,SWITCH & DATA CA TWO LLC,NAICS,1,1,NAICS,,NAICS:naics_251,Operating/inferred,True,False,,,,37.33844,-121.91016,True,Point,,SWITCH & DATA CA TWO LLC,,,,single_source_registry,
site_01514,BEAUMONT INFORMATION TECHNOLOGY CENTER,NAICS,1,1,NAICS,,NAICS:naics_252,Operating/inferred,True,False,,,,42.54722,-83.12056,True,Point,,BEAUMONT INFORMATION TECHNOLOGY CENTER,,,,single_source_registry,
site_01515,BRACKET GLOBAL LLC,NAICS,1,1,NAICS,,NAICS:naics_253,Operating/inferred,True,False,,,,37.78534,-122.39545,True,Point,,BRACKET GLOBAL LLC,,,,single_source_registry,
site_01516,San Jose Colocation Center,NAICS|PNNL,2,2,PNNL,point,PNNL:point_08897151054,Operating/inferred,True,False,CA,Santa Clara County,,37.3341181,-121.891646,True,Point,CoreSite,CORESITE|San Jose Colocation Center,,,,multi_source,NAICS:naics_254<->PNNL:point_08897151054:spatial_100m:36.735m
site_01517,"ISCS, INC",NAICS,1,1,NAICS,,NAICS:naics_255,Operating/inferred,True,False,,,,37.23288,-121.77867,True,Point,,"ISCS, INC",,,,single_source_registry,
site_01518,HOSTING COM,NAICS|PNNL,2,2,PNNL,point,PNNL:point_10780794741,Operating/inferred,True,False,CA,San Francisco County,,37.7796531,-122.3940005,True,Point,Ntirety,HOSTING COM,,,,multi_source,NAICS:naics_256<->PNNL:point_10780794741:spatial_100m:28.694m
site_01519,JAY PAUL COMPANY,NAICS,1,1,NAICS,,NAICS:naics_258,Operating/inferred,True,False,,,,37.40447,-122.03594,True,Point,,JAY PAUL COMPANY,,,,single_source_registry,
site_01520,YELLOW TRANSPORTATION INC,NAICS,1,1,NAICS,,NAICS:naics_26,Operating/inferred,True,False,,,,30.16486,-81.52425,True,Point,,YELLOW TRANSPORTATION INC,,,,single_source_registry,
site_01521,Equinix SV15,NAICS|PNNL,2,5,PNNL,building,PNNL:building_00205823968,Operating/inferred,True,False,CA,Santa Clara County,,37.3754951498238,-121.98840629999835,True,Polygon,Equinix,"Equinix SV15|Equinix SV16|Equinix SV17|TERREMARK NORTH AMERICA, INC|TERREMARK WORLDWIDE INC",38211.0,,,multi_source,NAICS:naics_259<->PNNL:building_00205823970:spatial_100m:52.512m ; NAICS:naics_259<->PNNL:building_00205823971:spatial_100m:6.594m ; NAICS:naics_260<->PNNL:building_00205823968:spatial_100m:65.188m ; NAICS:naics_260<->PNNL:building_00205823970:spatial_100m:15.685m ; NAICS:naics_260<->PNNL:building_00205823971:spatial_100m:51.742m
site_01522,Equinix San Jose SV3,NAICS|PNNL,2,2,PNNL,building,PNNL:building_00460076753,Operating/inferred,True,False,CA,Santa Clara County,,37.38826955704538,-121.88842909046676,True,Polygon,Equinix,EQUINIX LLC|Equinix San Jose SV3,109684.0,,,multi_source,NAICS:naics_261<->PNNL:building_00460076753:spatial_100m:1.988m
site_01523,GOOGLE LLC,NAICS,1,1,NAICS,,NAICS:naics_262,Operating/inferred,True,False,,,,37.39896,-122.05746,True,Point,,GOOGLE LLC,,,,single_source_registry,
site_01524,QTS Santa Clara 1,NAICS|PNNL,2,3,PNNL,building,PNNL:building_00054121151,Operating/inferred,True,False,CA,Santa Clara County,,37.39398377756207,-121.97830969442313,True,Polygon,Quality Technology Services,"QTS Santa Clara 1|QTS Santa Clara 2|QUALITY INVESTMENT PROPERTIES SANTA CLARA, LLC",32173.0,,,multi_source,NAICS:naics_263<->PNNL:building_00054121151:spatial_100m:3.55m ; NAICS:naics_263<->PNNL:building_00058708529:name_supported_500m:142.57m
site_01525,KAISER PERMANENTE WALNUT CREEK DATA CENTER,NAICS,1,1,NAICS,,NAICS:naics_265,Operating/inferred,True,False,,,,37.92597,-122.01818,True,Point,,KAISER PERMANENTE WALNUT CREEK DATA CENTER,,,,single_source_registry,
site_01526,Digital Realty Silicon Valley SJC34,NAICS|PNNL,2,2,PNNL,building,PNNL:building_00038305431,Operating/inferred,True,False,CA,Santa Clara County,,37.37238819523252,-121.97361948715526,True,Polygon,Digital Realty,"Digital Realty Silicon Valley SJC34|VANTAGE DATA CENTERS MANAGEMENT CO , LLC",129242.0,,,multi_source,NAICS:naics_266<->PNNL:building_00038305431:spatial_100m:24.926m
site_01527,Layer42 Santa Clara,FracTracker|NAICS|PNNL,3,33,PNNL,building,PNNL:building_00037947315,Approved/Permitted/Under construction|Operating|Proposed,True,True,CA,Santa Clara County,Santa Clara,37.378039948434136,-121.95415110304295,True,Polygon,Csquare|Digital Realty|Layer42|Lumen Technologies|Prime,"1100 SPACE PARK, LLC|1101 SPACE PARK PARTNERS  LLC|1201 COMSTOCK PARTNERS, LLC|1525 COMSTOCK  C/O DIGITAL REA|1525 COMSTOCK  C/O DIGITAL REALTY TRUST|3011 LAFAYETTE|COMSTOCK DATA CENTER|Colovore|Csquare SFO4|DIGITAL 1725 COMSTOCK, LLC|DIGITAL ALFRED  LLC|DIGITAL ALFRED, LLC|DIGITAL REALTY TRUST|Digital Realty SJC14|Digital Realty SJC37 Data Center|Digital Realty Silicon Valley SJC10|Digital Realty Silicon Valley SJC11|Digital Realty Silicon Valley SJC15|Digital Realty Silicon Valley SJC16|Digital Realty Silicon Valley SJC29|Digital Realty Silicon Valley SJC30|Digital Realty Silicon Valley SJC37|LEVEL 3 COMMUNICATIONS|Layer42 Santa Clara|Lumen Santa Clara|Prime SANTA CLARA DATA CENTER|Prime Santa Clara|Silicon Valley SJC31|TATA COMMUNICATIONS [AMERICA] INC|WAVE BROADBAND",24000.0,,100|9,multi_source,FracTracker:frac_row_49<->NAICS:naics_117:spatial_100m:50.181m ; FracTracker:frac_row_49<->NAICS:naics_230:spatial_100m:99.388m ; FracTracker:frac_row_49<->NAICS:naics_267:spatial_100m:14.079m ; FracTracker:frac_row_49<->NAICS:naics_521:spatial_100m:29.552m ; FracTracker:frac_row_49<->PNNL:building_00209073635:spatial_100m:88.374m ; FracTracker:frac_row_49<->PNNL:building_00209073645:spatial_100m:14.183m ; FracTracker:frac_row_50<->NAICS:naics_267:spatial_100m:81.899m ; FracTracker:frac_row_50<->NAICS:naics_521:spatial_100m:71.163m ; FracTracker:frac_row_50<->NAICS:naics_535:spatial_100m:89.806m ; FracTracker:frac_row_50<->PNNL:building_00209073635:spatial_100m:91.369m ; FracTracker:frac_row_50<->PNNL:building_00209073645:spatial_100m:75.165m ; FracTracker:frac_row_52<->NAICS:naics_236:name_supported_500m:268.048m ; FracTracker:frac_row_52<->NAICS:naics_257:name_supported_500m:110.915m ; FracTracker:frac_row_52<->NAICS:naics_524:name_supported_500m:135.275m ; FracTracker:frac_row_53<->NAICS:naics_257:strong_name_supported_1km:908.342m ; FracTracker:frac_row_53<->NAICS:naics_524:strong_name_supported_1km:848.491m ; FracTracker:frac_row_53<->PNNL:building_01314012931:spatial_100m:29.074m ; NAICS:naics_117<->PNNL:building_00209073641:spatial_100m:50.949m ; NAICS:naics_117<->PNNL:building_00209073645:spatial_100m:51.98m ; NAICS:naics_196<->PNNL:building_00209076412:spatial_100m:13.238m ; NAICS:naics_228<->PNNL:building_00209073636:spatial_100m:78.204m ; NAICS:naics_228<->PNNL:building_00209073649:spatial_100m:5.838m ; NAICS:naics_228<->PNNL:building_00209073659:spatial_100m:65.18m ; NAICS:naics_230<->PNNL:building_00209073636:spatial_100m:88.882m ; NAICS:naics_230<->PNNL:building_00209073641:spatial_100m:10.222m ; NAICS:naics_236<->PNNL:building_00209073641:name_supported_500m:424.249m ; NAICS:naics_236<->PNNL:building_00209073647:name_supported_500m:362.991m ; NAICS:naics_236<->PNNL:building_00209073649:name_supported_500m:350.319m ; NAICS:naics_236<->PNNL:building_00209073653:name_supported_500m:183.292m ; NAICS:naics_236<->PNNL:building_00209073657:spatial_100m:3.782m ; NAICS:naics_236<->PNNL:building_00209076412:strong_name_supported_1km:849.15m ; NAICS:naics_236<->PNNL:building_00209087373:strong_name_supported_1km:910.282m ; NAICS:naics_237<->PNNL:building_00209073647:spatial_100m:34.375m ; NAICS:naics_257<->PNNL:building_00209073641:name_supported_500m:248.003m ; NAICS:naics_257<->PNNL:building_00209073647:name_supported_500m:411.444m ; NAICS:naics_257<->PNNL:building_00209073649:name_supported_500m:166.08m ; NAICS:naics_257<->PNNL:building_00209073653:spatial_100m:10.285m ; NAICS:naics_257<->PNNL:building_00209073657:name_supported_500m:186.507m ; NAICS:naics_257<->PNNL:building_00209073659:spatial_100m:95.554m ; NAICS:naics_257<->PNNL:building_00209076412:strong_name_supported_1km:669.109m ; NAICS:naics_257<->PNNL:building_00209087373:strong_name_supported_1km:738.672m ; NAICS:naics_257<->PNNL:building_01314012931:strong_name_supported_1km:893.903m ; NAICS:naics_257<->PNNL:building_01344376231:spatial_100m:86.47m ; NAICS:naics_264<->PNNL:building_00209073636:spatial_100m:78.204m ; NAICS:naics_264<->PNNL:building_00209073649:spatial_100m:5.838m ; NAICS:naics_264<->PNNL:building_00209073659:spatial_100m:65.18m ; NAICS:naics_267<->PNNL:building_00209073641:spatial_100m:96.168m ; NAICS:naics_267<->PNNL:building_00209073645:spatial_100m:6.736m ; NAICS:naics_268<->PNNL:building_00209073657:spatial_100m:3.782m ; NAICS:naics_521<->PNNL:building_00209073645:spatial_100m:15.437m ; NAICS:naics_524<->PNNL:building_00209073641:name_supported_500m:233.104m ; NAICS:naics_524<->PNNL:building_00209073647:name_supported_500m:473.004m ; NAICS:naics_524<->PNNL:building_00209073649:name_supported_500m:131.268m ; NAICS:naics_524<->PNNL:building_00209073653:spatial_100m:57.383m ; NAICS:naics_524<->PNNL:building_00209073657:name_supported_500m:233.909m ; NAICS:naics_524<->PNNL:building_00209073659:spatial_100m:71.36m ; NAICS:naics_524<->PNNL:building_00209076412:strong_name_supported_1km:640.429m ; NAICS:naics_524<->PNNL:building_00209087373:strong_name_supported_1km:680.741m ; NAICS:naics_524<->PNNL:building_01314012931:strong_name_supported_1km:833.471m ; NAICS:naics_526<->PNNL:building_00209073647:spatial_100m:42.682m ; NAICS:naics_530<->PNNL:building_00209073641:spatial_100m:51.737m ; NAICS:naics_535<->PNNL:building_00037947315:spatial_100m:45.249m
site_01528,KAISER PERMANENTE,NAICS,1,1,NAICS,,NAICS:naics_269,Operating/inferred,True,False,,,,37.69941,-121.89402,True,Point,,KAISER PERMANENTE,,,,single_source_registry,
site_01529,PHOSPHATE ENGINEERING & CONSTRUCTION,NAICS,1,1,NAICS,,NAICS:naics_27,Operating/inferred,True,False,,,,27.996247,-82.005769,True,Point,,PHOSPHATE ENGINEERING & CONSTRUCTION,,,,single_source_registry,
site_01530,DIGITAL PATH,NAICS,1,1,NAICS,,NAICS:naics_270,Operating/inferred,True,False,,,,39.80038,-121.85562,True,Point,,DIGITAL PATH,,,,single_source_registry,
site_01531,USPS SAN MATEO INFORMATION TECHNOLOGY AND ACCT SVC,NAICS,1,1,NAICS,,NAICS:naics_271,Operating/inferred,True,False,,,,37.53841,-122.32506,True,Point,,USPS SAN MATEO INFORMATION TECHNOLOGY AND ACCT SVC,,,,single_source_registry,
site_01532,RagingWire CA1,NAICS|PNNL,2,2,PNNL,building,PNNL:building_00032560292,Operating/inferred,True,False,CA,Sacramento County,,38.65043183405982,-121.48918647250004,True,Polygon,NTT,RAGING WIRE DATA CENTER|RagingWire CA1,192302.0,,,multi_source,NAICS:naics_272<->PNNL:building_00032560292:spatial_100m:14.823m
site_01533,DIGITAL 720 2ND LLC,NAICS,1,1,NAICS,,NAICS:naics_273,Operating/inferred,True,False,,,,37.79903,-122.28282,True,Point,,DIGITAL 720 2ND LLC,,,,single_source_registry,
site_01534,REGULUS,NAICS,1,1,NAICS,,NAICS:naics_274,Operating/inferred,True,False,,,,38.25696,-122.27394,True,Point,,REGULUS,,,,single_source_registry,
site_01535,150 S. FIRST STREETNA LLC,NAICS|PNNL,2,3,PNNL,building,PNNL:building_00451413811,Operating/inferred,True,False,CA,Santa Clara County,,37.33363768871057,-121.88797542273252,True,Polygon,,150 S. FIRST STREETNA LLC|DATAPIPE INC,102004.0,,,multi_source,NAICS:naics_275<->PNNL:building_00451413811:spatial_100m:54.428m ; NAICS:naics_317<->PNNL:building_00451413811:spatial_100m:1.605m
site_01536,SAMSUNG DATA CENTER,NAICS,1,1,NAICS,,NAICS:naics_276,Operating/inferred,True,False,,,,37.40849,-121.94854,True,Point,,SAMSUNG DATA CENTER,,,,single_source_registry,
site_01537,OMAHA DATA CENTER,NAICS,1,1,NAICS,,NAICS:naics_277,Operating/inferred,True,False,,,,41.17787,-95.92689,True,Point,,OMAHA DATA CENTER,,,,single_source_registry,
site_01538,MIDLANDS DATA CENTER,NAICS,1,1,NAICS,,NAICS:naics_278,Operating/inferred,True,False,,,,41.13169,-96.04289,True,Point,,MIDLANDS DATA CENTER,,,,single_source_registry,
site_01539,TARGET TECHNOLOGY CENTER,NAICS,1,1,NAICS,,NAICS:naics_279,Operating/inferred,True,False,,,,45.30071,-93.62842,True,Point,,TARGET TECHNOLOGY CENTER,,,,single_source_registry,
site_01540,"PRECISION COMMUNICATION SERVICES, INC.",NAICS,1,1,NAICS,,NAICS:naics_28,Operating/inferred,True,False,,,,28.016391,-82.427088,True,Point,,"PRECISION COMMUNICATION SERVICES, INC.",,,,single_source_registry,
site_01541,CORESITE REAL ESTATE OR1 LLC,NAICS,1,1,NAICS,,NAICS:naics_282,Operating/inferred,True,False,,,,28.42807,-81.42271,True,Point,,CORESITE REAL ESTATE OR1 LLC,,,,single_source_registry,
site_01542,360 TCS LLC,NAICS,1,1,NAICS,,NAICS:naics_283,Operating/inferred,True,False,,,,41.845803,-88.007315,True,Point,,360 TCS LLC,,,,single_source_registry,
site_01543,US LIABILITY INS GROUP/WAYNE,NAICS,1,1,NAICS,,NAICS:naics_284,Operating/inferred,True,False,,,,40.078316,-75.399924,True,Point,,US LIABILITY INS GROUP/WAYNE,,,,single_source_registry,
site_01544,EMC CORP,NAICS,1,1,NAICS,,NAICS:naics_285,Operating/inferred,True,False,,,,47.627934,-122.132398,True,Point,,EMC CORP,,,,single_source_registry,
site_01545,APPLE MAIDEN DATA CENTER,NAICS,1,1,NAICS,,NAICS:naics_286,Operating/inferred,True,False,,,,35.58973,-81.25638,True,Point,,APPLE MAIDEN DATA CENTER,,,,single_source_registry,
site_01546,"GOOGLE, LLC",NAICS,1,1,NAICS,,NAICS:naics_288,Operating/inferred,True,False,,,,33.745861,-84.585606,True,Point,,"GOOGLE, LLC",,,,single_source_registry,
site_01547,RACKSPACE HOSTING,NAICS,1,1,NAICS,,NAICS:naics_289,Operating/inferred,True,False,,,,32.93054,-97.10471,True,Point,,RACKSPACE HOSTING,,,,single_source_registry,
site_01548,ASHLEY X-RAY SOLUTIONS,NAICS,1,1,NAICS,,NAICS:naics_29,Operating/inferred,True,False,,,,28.270566,-82.715333,True,Point,,ASHLEY X-RAY SOLUTIONS,,,,single_source_registry,
site_01549,AMERICAN REAL ESTATE PARTNERS (AREP),NAICS,1,1,NAICS,,NAICS:naics_290,Operating/inferred,True,False,,,,39.00543,-77.44346,True,Point,,AMERICAN REAL ESTATE PARTNERS (AREP),,,,single_source_registry,
site_01550,HCA IT&S,NAICS,1,1,NAICS,,NAICS:naics_291,Operating/inferred,True,False,,,,36.035835,-86.640513,True,Point,,HCA IT&S,,,,single_source_registry,
site_01551,CHANGE HEALTHCARE,NAICS,1,1,NAICS,,NAICS:naics_292,Operating/inferred,True,False,,,,36.11308,-86.64143,True,Point,,CHANGE HEALTHCARE,,,,single_source_registry,
site_01552,LMK_PHX,NAICS|PNNL,2,2,PNNL,campus,PNNL:campus_01052182309,Operating/inferred,True,False,AZ,Maricopa County,,33.49340636611736,-112.07061506346676,True,MultiPolygon,,LMK_PHX,,365629.0,,multi_source,NAICS:naics_293<->PNNL:campus_01052182309:spatial_100m:19.883m
site_01553,LightEdge SAN1,NAICS|PNNL,2,2,PNNL,building,PNNL:building_00031800424,Operating/inferred,True,False,CA,San Diego County,,32.827865524456854,-117.12993394622255,True,Polygon,,COMPUTER SCIENCES CORP DOMESTIC ENT|LightEdge SAN1,83576.0,,,multi_source,NAICS:naics_295<->PNNL:building_00031800424:spatial_100m:23.698m
site_01554,CHARTER COMMUNICATIONS,NAICS,1,1,NAICS,,NAICS:naics_296,Operating/inferred,True,False,,,,37.5,-120.877,True,Point,,CHARTER COMMUNICATIONS,,,,single_source_registry,
site_01555,EQUINIX LLC - EQUINIX LLC DE1,NAICS,1,1,NAICS,,NAICS:naics_297,Operating/inferred,True,False,,,,39.5878,-104.87631,True,Point,,EQUINIX LLC - EQUINIX LLC DE1,,,,single_source_registry,
site_01556,APPLE INC,NAICS,1,1,NAICS,,NAICS:naics_298,Operating/inferred,True,False,,,,37.50967,-122.00206,True,Point,,APPLE INC,,,,single_source_registry,
site_01557,FIREBALL GROUP LLC DATA CENTER,NAICS,1,1,NAICS,,NAICS:naics_299,Operating/inferred,True,False,,,,41.13272,-96.1395,True,Point,,FIREBALL GROUP LLC DATA CENTER,,,,single_source_registry,
site_01558,"GENERAL ELECTRIC, ROCKVILLE",NAICS,1,1,NAICS,,NAICS:naics_3,Operating/inferred,True,False,,,,39.08983,-77.15369,True,Point,,"GENERAL ELECTRIC, ROCKVILLE",,,,single_source_registry,
site_01559,SYNERGY RECYCLING OF CENTRAL FLORIDA LLC,NAICS,1,1,NAICS,,NAICS:naics_30,Operating/inferred,True,False,,,,28.078767,-81.660415,True,Point,,SYNERGY RECYCLING OF CENTRAL FLORIDA LLC,,,,single_source_registry,
site_01560,QTS Chicago,NAICS|PNNL,2,2,PNNL,building,PNNL:building_00209786637,Operating/inferred,True,False,IL,Cook County,,41.84218652884067,-87.66900814712955,True,Polygon,Quality Technology Services,QTS Chicago|QUALITY TECHNOLOGY SERVICES LLC,267112.0,,,multi_source,NAICS:naics_300<->PNNL:building_00209786637:name_supported_500m:294.612m
site_01561,XEROX STATE HEALTHCARENA LLC,NAICS,1,1,NAICS,,NAICS:naics_301,Operating/inferred,True,False,,,,38.58929,-121.5592,True,Point,,XEROX STATE HEALTHCARENA LLC,,,,single_source_registry,
site_01562,DATABANK IMX (WEST SACRAMENTONA CA),NAICS,1,1,NAICS,,NAICS:naics_302,Operating/inferred,True,False,,,,38.589855,-121.565771,True,Point,,DATABANK IMX (WEST SACRAMENTONA CA),,,,single_source_registry,
site_01563,VERINT,NAICS,1,1,NAICS,,NAICS:naics_303,Operating/inferred,True,False,,,,37.37017,-121.97305,True,Point,,VERINT,,,,single_source_registry,
site_01564,SUTTER HEALTH DATA CENTER,NAICS,1,1,NAICS,,NAICS:naics_304,Operating/inferred,True,False,,,,38.565499,-121.472857,True,Point,,SUTTER HEALTH DATA CENTER,,,,single_source_registry,
site_01565,AVAGO TECHNOLOGIES,NAICS,1,1,NAICS,,NAICS:naics_305,Operating/inferred,True,False,,,,37.38597,-121.90028,True,Point,,AVAGO TECHNOLOGIES,,,,single_source_registry,
site_01566,Digital Realty San Francisco SFO10,NAICS|PNNL,2,3,PNNL,building,PNNL:building_00289620443,Operating/inferred,True,False,CA,San Francisco County,,37.7236016950597,-122.39793596994734,True,Polygon,Digital Realty,"200 PAUL AVENUE LLC, C/O DIGITAL REALTY TRUST|200 PAULNA LLC|Digital Realty San Francisco SFO10",104867.0,,,multi_source,NAICS:naics_203<->PNNL:building_00289620443:spatial_100m:62.012m ; NAICS:naics_306<->PNNL:building_00289620443:spatial_100m:62.012m
site_01567,DRT LAX10,NAICS|PNNL,2,2,PNNL,building,PNNL:building_00428021796,Operating/inferred,True,False,CA,Los Angeles County,,34.04732574551566,-118.25751427697325,True,Polygon,,DRT LAX10|GIP 7TH STREETNA LLC,66979.0,,,multi_source,NAICS:naics_307<->PNNL:building_00428021796:spatial_100m:4.359m
site_01568,GOOGLE LLC,NAICS,1,1,NAICS,,NAICS:naics_308,Operating/inferred,True,False,,,,37.39921,-122.0519,True,Point,,GOOGLE LLC,,,,single_source_registry,
site_01569,GOOGLE LLC,NAICS,1,1,NAICS,,NAICS:naics_309,Operating/inferred,True,False,,,,37.405318,-122.033384,True,Point,,GOOGLE LLC,,,,single_source_registry,
site_01570,SOUTH FLORIDA TANK WASH INC,NAICS,1,1,NAICS,,NAICS:naics_31,Operating/inferred,True,False,,,,27.951768,-82.375791,True,Point,,SOUTH FLORIDA TANK WASH INC,,,,single_source_registry,
site_01571,KAISER WALNUT CREEK DATA CENTER,NAICS,1,1,NAICS,,NAICS:naics_310,Operating/inferred,True,False,,,,37.927829,-122.01993,True,Point,,KAISER WALNUT CREEK DATA CENTER,,,,single_source_registry,
site_01572,LUNARPAGES,NAICS,1,1,NAICS,,NAICS:naics_311,Operating/inferred,True,False,,,,33.90216,-118.36924,True,Point,,LUNARPAGES,,,,single_source_registry,
site_01573,GLOBAL GOLD CAMPNA LLC,NAICS,1,1,NAICS,,NAICS:naics_312,Operating/inferred,True,False,,,,38.59241,-121.27208,True,Point,,GLOBAL GOLD CAMPNA LLC,,,,single_source_registry,
site_01574,TRI COUNTIES BANK OPERATIONS CENTER,NAICS,1,1,NAICS,,NAICS:naics_313,Operating/inferred,True,False,,,,39.79774,-121.85088,True,Point,,TRI COUNTIES BANK OPERATIONS CENTER,,,,single_source_registry,
site_01575,RAYCOM DATA TECHNOLOGIES,NAICS,1,1,NAICS,,NAICS:naics_314,Operating/inferred,True,False,,,,33.93056,-118.40202,True,Point,,RAYCOM DATA TECHNOLOGIES,,,,single_source_registry,
site_01576,CHIPTON-ROSSNA INC.,NAICS,1,1,NAICS,,NAICS:naics_315,Operating/inferred,True,False,,,,33.77504,-118.14651,True,Point,,CHIPTON-ROSSNA INC.,,,,single_source_registry,
site_01577,KAISER 1850,NAICS,1,1,NAICS,,NAICS:naics_318,Operating/inferred,True,False,,,,33.85612,-117.5405,True,Point,,KAISER 1850,,,,single_source_registry,
site_01578,CyrusOne PHX1,NAICS|PNNL,2,3,PNNL,building,PNNL:building_00300959970,Operating/inferred,True,False,AZ,Maricopa County,,33.27085532906607,-111.88191152923802,True,Polygon,CyrusOne,CYRUSONE|CyrusOne PHX1|CyrusOne PHX5,137355.0,,,multi_source,NAICS:naics_319<->PNNL:building_00300959970:spatial_100m:48.875m ; NAICS:naics_319<->PNNL:building_00977653859:spatial_100m:92.348m
site_01579,LUFKIN PAPER MILL,NAICS,1,1,NAICS,,NAICS:naics_32,Operating/inferred,True,False,,,,31.36287,-94.679583,True,Point,,LUFKIN PAPER MILL,,,,single_source_registry,
site_01580,NJFX DATA CENTER,NAICS,1,1,NAICS,,NAICS:naics_320,Operating/inferred,True,False,,,,40.15993,-74.05319,True,Point,,NJFX DATA CENTER,,,,single_source_registry,
site_01581,"AMAZON DATA SERVICES, INC. IAD-73 IAD-74 IAD-602 IAD-193 IAD-194",NAICS,1,1,NAICS,,NAICS:naics_321,Operating/inferred,True,False,,,,38.7803,-77.55732,True,Point,,"AMAZON DATA SERVICES, INC. IAD-73 IAD-74 IAD-602 IAD-193 IAD-194",,,,single_source_registry,
site_01582,IONQINC,NAICS,1,1,NAICS,,NAICS:naics_323,Operating/inferred,True,False,,,,38.983484,-76.930771,True,Point,,IONQINC,,,,single_source_registry,
site_01583,KOFILE PRESERVATION,NAICS,1,1,NAICS,,NAICS:naics_324,Operating/inferred,True,False,,,,36.07405,-79.97069,True,Point,,KOFILE PRESERVATION,,,,single_source_registry,
site_01584,DATABANK HOLDINGS,NAICS,1,1,NAICS,,NAICS:naics_325,Operating/inferred,True,False,,,,44.86288,-93.32892,True,Point,,DATABANK HOLDINGS,,,,single_source_registry,
site_01585,SUPERCOMPUTER LLC,NAICS,1,1,NAICS,,NAICS:naics_326,Operating/inferred,True,False,,,,44.97459,-93.25103,True,Point,,SUPERCOMPUTER LLC,,,,single_source_registry,
site_01586,RW DATA INC,NAICS,1,1,NAICS,,NAICS:naics_327,Operating/inferred,True,False,,,,45.105257,-93.333844,True,Point,,RW DATA INC,,,,single_source_registry,
site_01587,VIKING MICROGRAPHICS,NAICS,1,1,NAICS,,NAICS:naics_328,Operating/inferred,True,False,,,,46.742969,-92.220296,True,Point,,VIKING MICROGRAPHICS,,,,single_source_registry,
site_01588,SUPERCOMPUTER LLC,NAICS,1,1,NAICS,,NAICS:naics_329,Operating/inferred,True,False,,,,44.97459,-93.25103,True,Point,,SUPERCOMPUTER LLC,,,,single_source_registry,
site_01589,"TR DRUM, LLC",NAICS,1,1,NAICS,,NAICS:naics_33,Operating/inferred,True,False,,,,28.027133,-82.065281,True,Point,,"TR DRUM, LLC",,,,single_source_registry,
site_01590,Flexential Allentown data center,NAICS|PNNL,2,2,PNNL,building,PNNL:building_00296374269,Operating/inferred,True,False,PA,Lehigh County,,40.635695315852814,-75.45757328328773,True,Polygon,Flexential,"Flexential Allentown data center|INETU, INC",48995.0,,,multi_source,NAICS:naics_330<->PNNL:building_00296374269:spatial_100m:82.016m
site_01591,SWITCH LTD.,NAICS,1,1,NAICS,,NAICS:naics_331,Operating/inferred,True,False,,,,36.05989,-115.20783,True,Point,,SWITCH LTD.,,,,single_source_registry,
site_01592,NTT Ashburn VA2 Data Center,NAICS|PNNL,2,2,PNNL,building,PNNL:building_00610977485,Operating/inferred,True,False,VA,Loudoun County,,39.025010324380084,-77.45763923535499,True,Polygon,NTT,NTT Ashburn VA2 Data Center|VA2 DATA CENTER,74197.0,,,multi_source,NAICS:naics_332<->PNNL:building_00610977485:name_supported_500m:119.253m
site_01593,CSL BEHRING DATA CTR/KING OF PRUSSIA,NAICS,1,1,NAICS,,NAICS:naics_333,Operating/inferred,True,False,,,,40.09509,-75.40933,True,Point,,CSL BEHRING DATA CTR/KING OF PRUSSIA,,,,single_source_registry,
site_01594,DP FACILITIES INC SOUTH LLC,NAICS,1,1,NAICS,,NAICS:naics_334,Operating/inferred,True,False,,,,36.974728,-82.523848,True,Point,,DP FACILITIES INC SOUTH LLC,,,,single_source_registry,
site_01595,ENSONO OMAHA DATA CENTER,NAICS,1,1,NAICS,,NAICS:naics_335,Operating/inferred,True,False,,,,41.269607,-96.095,True,Point,,ENSONO OMAHA DATA CENTER,,,,single_source_registry,
site_01596,VIAWEST INC - ENGLEWOOD DATA CENTER,NAICS,1,1,NAICS,,NAICS:naics_336,Operating/inferred,True,False,,,,39.55905,-104.83936,True,Point,,VIAWEST INC - ENGLEWOOD DATA CENTER,,,,single_source_registry,
site_01597,ASCENT LLC,NAICS,1,1,NAICS,,NAICS:naics_339,Operating/inferred,True,False,,,,41.916653,-87.913184,True,Point,,ASCENT LLC,,,,single_source_registry,
site_01598,CSC-A,NAICS,1,1,NAICS,,NAICS:naics_34,Operating/inferred,True,False,,,,35.15333,-106.5936,True,Point,,CSC-A,,,,single_source_registry,
site_01599,CLOUD HQ,NAICS,1,1,NAICS,,NAICS:naics_340,Operating/inferred,True,False,,,,38.719444,-77.49734,True,Point,,CLOUD HQ,,,,single_source_registry,
site_01600,CHANGE HEALTHCARE,NAICS,1,1,NAICS,,NAICS:naics_341,Operating/inferred,True,False,,,,36.11308,-86.64143,True,Point,,CHANGE HEALTHCARE,,,,single_source_registry,
site_01601,CMH052 (0125124016),NAICS,1,1,NAICS,,NAICS:naics_342,Operating/inferred,True,False,,,,40.063167,-83.132723,True,Point,,CMH052 (0125124016),,,,single_source_registry,
site_01602,ICDC LLC,NAICS,1,1,NAICS,,NAICS:naics_343,Operating/inferred,True,False,,,,37.763917,-122.40715,True,Point,,ICDC LLC,,,,single_source_registry,
site_01603,"BONAFIDE MANAGEMENT SYSTEMS, INC.",NAICS,1,1,NAICS,,NAICS:naics_344,Operating/inferred,True,False,,,,34.178363,-118.872928,True,Point,,"BONAFIDE MANAGEMENT SYSTEMS, INC.",,,,single_source_registry,
site_01604,SWITCH COMMUNICATIONS,NAICS,1,1,NAICS,,NAICS:naics_345,Operating/inferred,True,False,,,,36.05989,-115.20783,True,Point,,SWITCH COMMUNICATIONS,,,,single_source_registry,
site_01605,AVNET  INC,NAICS,1,1,NAICS,,NAICS:naics_346,Operating/inferred,True,False,,,,37.392197,-121.921893,True,Point,,AVNET  INC,,,,single_source_registry,
site_01606,365 DATA CENTERS,NAICS,1,1,NAICS,,NAICS:naics_347,Operating/inferred,True,False,,,,37.846385,-122.294366,True,Point,,365 DATA CENTERS,,,,single_source_registry,
site_01607,DATA DOMAIN,NAICS,1,1,NAICS,,NAICS:naics_348,Operating/inferred,True,False,,,,37.390755,-121.970075,True,Point,,DATA DOMAIN,,,,single_source_registry,
site_01608,EXELIXIS DATA CENTER,NAICS,1,1,NAICS,,NAICS:naics_349,Operating/inferred,True,False,,,,37.654015,-122.395748,True,Point,,EXELIXIS DATA CENTER,,,,single_source_registry,
site_01609,KYNDRYL INC - STERLING FOREST,NAICS,1,1,NAICS,,NAICS:naics_35,Operating/inferred,True,False,,,,41.164484,-74.259083,True,Point,,KYNDRYL INC - STERLING FOREST,,,,single_source_registry,
site_01610,REGIONS OPERATIONS CENTER,NAICS,1,1,NAICS,,NAICS:naics_350,Operating/inferred,True,False,,,,33.36539,-86.78153,True,Point,,REGIONS OPERATIONS CENTER,,,,single_source_registry,
site_01611,Amazon Web Services,NAICS|PNNL,2,2,PNNL,building,PNNL:building_00821081357,Operating/inferred,True,False,OH,Franklin County,,40.10257307151942,-83.1996986090437,True,Polygon,Amazon Web Services,Amazon Web Services|CMH051 (0125064021),151703.0,,,multi_source,NAICS:naics_351<->PNNL:building_00821081357:spatial_100m:87.561m
site_01612,CMH050 (0145000544),NAICS,1,1,NAICS,,NAICS:naics_352,Operating/inferred,True,False,,,,40.084989,-82.752167,True,Point,,CMH050 (0145000544),,,,single_source_registry,
site_01613,SCOUT DEVELOPMENT LLC,NAICS,1,1,NAICS,,NAICS:naics_354,Operating/inferred,True,False,,,,37.47658,-77.23286,True,Point,,SCOUT DEVELOPMENT LLC,,,,single_source_registry,
site_01614,Liquid Web,NAICS|PNNL,2,2,PNNL,building,PNNL:building_00544536822,Operating/inferred,True,False,MI,Eaton County,,42.687951324568324,-84.64299464110024,True,Polygon,,LIQUID WEB|Liquid Web,23079.0,,,multi_source,NAICS:naics_355<->PNNL:building_00544536822:spatial_100m:50.083m
site_01615,LIQUID WEB,NAICS,1,1,NAICS,,NAICS:naics_356,Operating/inferred,True,False,,,,42.70547,-84.66737,True,Point,,LIQUID WEB,,,,single_source_registry,
site_01616,LIQUID WEB,NAICS,1,1,NAICS,,NAICS:naics_357,Operating/inferred,True,False,,,,42.690643,-84.642389,True,Point,,LIQUID WEB,,,,single_source_registry,
site_01617,"AMAZON DATA SERVICES, INC. IAD-75 IAD-85 IAD-95 IAD-96",NAICS,1,1,NAICS,,NAICS:naics_358,Operating/inferred,True,False,,,,38.776822,-77.536673,True,Point,,"AMAZON DATA SERVICES, INC. IAD-75 IAD-85 IAD-95 IAD-96",,,,single_source_registry,
site_01618,CMH052,NAICS,1,1,NAICS,,NAICS:naics_359,Operating/inferred,True,False,,,,40.063167,-83.132723,True,Point,,CMH052,,,,single_source_registry,
site_01619,MIDSTATE MACHINE & FABRICATION COMPANY,NAICS,1,1,NAICS,,NAICS:naics_36,Operating/inferred,True,False,,,,28.016352,-81.904644,True,Point,,MIDSTATE MACHINE & FABRICATION COMPANY,,,,single_source_registry,
site_01620,"AMAZON DATA SERVICES, INC - LAX3",NAICS,1,1,NAICS,,NAICS:naics_360,Operating/inferred,True,False,,,,34.055504,-118.248839,True,Point,,"AMAZON DATA SERVICES, INC - LAX3",,,,single_source_registry,
site_01621,"AMAZON DATA SERVICES, INC - SFO50",NAICS,1,1,NAICS,,NAICS:naics_361,Operating/inferred,True,False,,,,37.417318,-121.920619,True,Point,,"AMAZON DATA SERVICES, INC - SFO50",,,,single_source_registry,
site_01622,"AMAZON DATA SERVICES, INC - SFO8",NAICS,1,1,NAICS,,NAICS:naics_362,Operating/inferred,True,False,,,,37.72307,-122.398592,True,Point,,"AMAZON DATA SERVICES, INC - SFO8",,,,single_source_registry,
site_01623,"AMAZON DATA SERVICES, INC - SFO20",NAICS,1,1,NAICS,,NAICS:naics_363,Operating/inferred,True,False,,,,37.376819,-121.970199,True,Point,,"AMAZON DATA SERVICES, INC - SFO20",,,,single_source_registry,
site_01624,"AMAZON DATA SERVICES, INC - SFO5",NAICS,1,1,NAICS,,NAICS:naics_364,Operating/inferred,True,False,,,,37.254015,-121.811866,True,Point,,"AMAZON DATA SERVICES, INC - SFO5",,,,single_source_registry,
site_01625,"AMAZON DATA SERVICES, INC - SFO4",NAICS,1,1,NAICS,,NAICS:naics_365,Operating/inferred,True,False,,,,37.439268,-122.151076,True,Point,,"AMAZON DATA SERVICES, INC - SFO4",,,,single_source_registry,
site_01626,CYRUSONE KINCORA,NAICS,1,1,NAICS,,NAICS:naics_367,Operating/inferred,True,False,,,,39.025917,-77.436317,True,Point,,CYRUSONE KINCORA,,,,single_source_registry,
site_01627,"MORNING HORNET, LLC",NAICS,1,1,NAICS,,NAICS:naics_368,Operating/inferred,True,False,,,,33.621379,-83.687039,True,Point,,"MORNING HORNET, LLC",,,,single_source_registry,
site_01628,"AMAZON DATA SERVICES, INC - LAX51",NAICS,1,1,NAICS,,NAICS:naics_369,Operating/inferred,True,False,,,,33.927016,-118.399588,True,Point,,"AMAZON DATA SERVICES, INC - LAX51",,,,single_source_registry,
site_01629,ST  LUKES NORTHLAND HOSPITAL-ST  LUKES NORTHLAND HOSPITAL,NAICS,1,1,NAICS,,NAICS:naics_37,Operating/inferred,True,False,,,,39.25003,-94.64872,True,Point,,ST  LUKES NORTHLAND HOSPITAL-ST  LUKES NORTHLAND HOSPITAL,,,,single_source_registry,
site_01630,"AMAZON DATA SERVICES, INC - LAX50",NAICS,1,1,NAICS,,NAICS:naics_370,Operating/inferred,True,False,,,,34.049751,-118.23807,True,Point,,"AMAZON DATA SERVICES, INC - LAX50",,,,single_source_registry,
site_01631,"AMAZON DATA SERVICES, INC - LAX52",NAICS,1,1,NAICS,,NAICS:naics_371,Operating/inferred,True,False,,,,33.916392,-118.397177,True,Point,,"AMAZON DATA SERVICES, INC - LAX52",,,,single_source_registry,
site_01632,"AMAZON DATA SERVICES, INC.",NAICS,1,1,NAICS,,NAICS:naics_372,Operating/inferred,True,False,,,,37.373085,-121.970011,True,Point,,"AMAZON DATA SERVICES, INC.",,,,single_source_registry,
site_01633,"AMAZON DATA SERVICES, INC - SFO53",NAICS,1,1,NAICS,,NAICS:naics_373,Operating/inferred,True,False,,,,37.377649,-121.973048,True,Point,,"AMAZON DATA SERVICES, INC - SFO53",,,,single_source_registry,
site_01634,"A100 US, LLC -SFO9",NAICS,1,1,NAICS,,NAICS:naics_374,Operating/inferred,True,False,,,,37.62557,-122.11234,True,Point,,"A100 US, LLC -SFO9",,,,single_source_registry,
site_01635,"AMAZON DATA SERVICES, INC - SFO11",NAICS,1,1,NAICS,,NAICS:naics_375,Operating/inferred,True,False,,,,37.625784,-122.112575,True,Point,,"AMAZON DATA SERVICES, INC - SFO11",,,,single_source_registry,
site_01636,RAYTHEON COI FLORIDA EXPANSION,NAICS,1,1,NAICS,,NAICS:naics_376,Operating/inferred,True,False,,,,28.05364,-80.58903,True,Point,,RAYTHEON COI FLORIDA EXPANSION,,,,single_source_registry,
site_01637,"LIQUID WEB, INC.",NAICS,1,1,NAICS,,NAICS:naics_377,Operating/inferred,True,False,,,,42.704266,-84.667409,True,Point,,"LIQUID WEB, INC.",,,,single_source_registry,
site_01638,CYXTERA DN2,NAICS,1,1,NAICS,,NAICS:naics_378,Operating/inferred,True,False,,,,39.55019,-105.03509,True,Point,,CYXTERA DN2,,,,single_source_registry,
site_01639,HEALTH DIALOG BEDFORD DATACENTER,NAICS,1,1,NAICS,,NAICS:naics_379,Operating/inferred,True,False,,,,42.956167,-71.482509,True,Point,,HEALTH DIALOG BEDFORD DATACENTER,,,,single_source_registry,
site_01640,DATA RECOGNITION CORP/SCANDOCS DIVISION,NAICS,1,1,NAICS,,NAICS:naics_38,Operating/inferred,True,False,,,,45.068772,-93.450487,True,Point,,DATA RECOGNITION CORP/SCANDOCS DIVISION,,,,single_source_registry,
site_01641,GLOBAL EWASTE SOLUTIONS,NAICS,1,1,NAICS,,NAICS:naics_380,Operating/inferred,True,False,,,,45.048737,-93.401168,True,Point,,GLOBAL EWASTE SOLUTIONS,,,,single_source_registry,
site_01642,FOXMAN LLC DBA FOXMAN - CLARKSVILLE DATA CENTER,NAICS,1,1,NAICS,,NAICS:naics_381,Operating/inferred,True,False,,,,36.62976,-87.2561,True,Point,,FOXMAN LLC DBA FOXMAN - CLARKSVILLE DATA CENTER,,,,single_source_registry,
site_01643,"SICULUS, INC",NAICS,1,1,NAICS,,NAICS:naics_382,Operating/inferred,True,False,,,,41.6654,-93.5105,True,Point,,"SICULUS, INC",,,,single_source_registry,
site_01644,CONGRUITY 360 LLC,NAICS,1,1,NAICS,,NAICS:naics_383,Operating/inferred,True,False,,,,41.70046,-71.14742,True,Point,,CONGRUITY 360 LLC,,,,single_source_registry,
site_01645,MICROSOFT CHEYENNE DATA CENTER,NAICS,1,1,NAICS,,NAICS:naics_384,Operating/inferred,True,False,,,,41.12561,-104.89644,True,Point,,MICROSOFT CHEYENNE DATA CENTER,,,,single_source_registry,
site_01646,Amazon IAD114,FracTracker|NAICS|PNNL,3,4,PNNL,building,PNNL:building_00701930929,Operating,True,False,VA,Loudoun County,Ashburn,39.03549407754049,-77.45069857065232,True,Polygon,Amazon Web Services|BEAUMEADE LC PHASE III LLC,"AMAZON DATA SERVICES, INC. IAD-114 IAD-115|Amazon IAD114|Amazon IAD115|IAD114",147600.0,,,multi_source,FracTracker:frac_row_880<->PNNL:building_00701930929:spatial_100m:25.362m ; NAICS:naics_385<->PNNL:building_00701930929:name_supported_500m:278.164m ; NAICS:naics_385<->PNNL:building_00701930930:name_supported_500m:167.239m
site_01647,CoreSite Reston Campus VA1,FracTracker|NAICS|PNNL,3,6,PNNL,building,PNNL:building_00079298926,Expanding|Operating,True,True,VA,Fairfax County,Reston,38.95058588448764,-77.36454759512179,True,Polygon,CoreSite|Coresite,CORESITE RESTON CAMPUS (74130)|CoreSite Reston Campus VA1|CoreSite Reston Campus VA2|CoreSite Reston VA3|Coresite 12100 SV & 12098 SV|SUNRISE TECHNOLOGY PARK,610643.0,,,multi_source,FracTracker:frac_row_1128<->NAICS:naics_386:name_supported_500m:200.755m ; FracTracker:frac_row_1128<->PNNL:building_00079298926:strong_name_supported_1km:659.203m ; FracTracker:frac_row_1128<->PNNL:building_00079818498:spatial_100m:57.182m ; FracTracker:frac_row_1128<->PNNL:building_01134104431:strong_name_supported_1km:741.488m ; FracTracker:frac_row_1132<->NAICS:naics_386:strong_name_supported_1km:779.788m ; FracTracker:frac_row_1132<->PNNL:building_00079298926:spatial_100m:32.196m ; FracTracker:frac_row_1132<->PNNL:building_00079818498:strong_name_supported_1km:689.37m ; FracTracker:frac_row_1132<->PNNL:building_01134104431:name_supported_500m:113.239m ; NAICS:naics_386<->PNNL:building_00079298926:strong_name_supported_1km:806.103m ; NAICS:naics_386<->PNNL:building_00079818498:name_supported_500m:151.502m ; NAICS:naics_386<->PNNL:building_01134104431:strong_name_supported_1km:873.939m
site_01648,INTERNAP CORP,NAICS,1,1,NAICS,,NAICS:naics_387,Operating/inferred,True,False,,,,42.37797,-71.0809,True,Point,,INTERNAP CORP,,,,single_source_registry,
site_01649,FirstLight Data Center,NAICS|PNNL,2,2,PNNL,point,PNNL:point_07171975407,Operating/inferred,True,False,ME,Cumberland County,,43.6578388,-70.2613785,True,Point,FirstLight,"CADC PORTLAND 340, LLC|FirstLight Data Center",,,,multi_source,NAICS:naics_388<->PNNL:point_07171975407:spatial_100m:18.165m
site_01650,WHEELER DATA CENTER,NAICS,1,1,NAICS,,NAICS:naics_389,Operating/inferred,True,False,,,,38.94904,-77.52616,True,Point,,WHEELER DATA CENTER,,,,single_source_registry,
site_01651,INNOVISE,NAICS,1,1,NAICS,,NAICS:naics_39,Operating/inferred,True,False,,,,45.07694,-93.08101,True,Point,,INNOVISE,,,,single_source_registry,
site_01652,PRY DATA STORAGE FACILITY,NAICS,1,1,NAICS,,NAICS:naics_390,Operating/inferred,True,False,,,,36.2398,-95.33297,True,Point,,PRY DATA STORAGE FACILITY,,,,single_source_registry,
site_01653,HEWLETT PACKARD ENTERPRISE,NAICS,1,1,NAICS,,NAICS:naics_391,Operating/inferred,True,False,,,,42.64928,-71.18357,True,Point,,HEWLETT PACKARD ENTERPRISE,,,,single_source_registry,
site_01654,GOOGLE LLC,NAICS,1,1,NAICS,,NAICS:naics_392,Operating/inferred,True,False,,,,37.408195,-122.026418,True,Point,,GOOGLE LLC,,,,single_source_registry,
site_01655,Markley Data Center,NAICS|PNNL,2,2,PNNL,building,PNNL:building_00214321737,Operating/inferred,True,False,MA,Middlesex County,,42.6302619946922,-71.30442370850213,True,Polygon,Markley Group,MARKLEY LOWELL|Markley Data Center,123665.0,,,multi_source,NAICS:naics_394<->PNNL:building_00214321737:spatial_100m:18.429m
site_01656,RagingWire CA2,NAICS|PNNL,2,2,PNNL,building,PNNL:building_00032560290,Operating/inferred,True,False,CA,Sacramento County,,38.6503995314376,-121.49194609960875,True,Polygon,NTT,RAGINGWIRE DATA CENTERS INC|RagingWire CA2,204702.0,,,multi_source,NAICS:naics_395<->PNNL:building_00032560290:spatial_100m:13.426m
site_01657,SQUARE INC,NAICS,1,1,NAICS,,NAICS:naics_396,Operating/inferred,True,False,,,,37.775232,-122.417523,True,Point,,SQUARE INC,,,,single_source_registry,
site_01658,R & R REALTY,NAICS,1,1,NAICS,,NAICS:naics_4,Operating/inferred,True,False,,,,41.6426,-93.77097,True,Point,,R & R REALTY,,,,single_source_registry,
site_01659,UHG-IT PLYMOUTH,NAICS,1,1,NAICS,,NAICS:naics_40,Operating/inferred,True,False,,,,45.064105,-93.409323,True,Point,,UHG-IT PLYMOUTH,,,,single_source_registry,
site_01660,APPLE INC.,NAICS|PNNL,2,2,PNNL,building,PNNL:building_00775412072,Operating/inferred,True,False,NV,Washoe County,,39.56575835137741,-119.54797410085595,True,Polygon,,APPLE INC.,90711.0,,,multi_source,NAICS:naics_400<->PNNL:building_00775412072:spatial_100m:44.563m
site_01661,1849 FORTUNE DRIVE,NAICS,1,1,NAICS,,NAICS:naics_401,Operating/inferred,True,False,,,,37.400956,-121.895293,True,Point,,1849 FORTUNE DRIVE,,,,single_source_registry,
site_01662,NEW ENGLAND STUDIOS,NAICS,1,1,NAICS,,NAICS:naics_402,Operating/inferred,True,False,,,,42.540204,-71.628056,True,Point,,NEW ENGLAND STUDIOS,,,,single_source_registry,
site_01663,Google Data Center,FracTracker|NAICS|PNNL,3,5,PNNL,campus,PNNL:campus_00714622339,Proposed,True,True,VA,Loudoun County,STERLING,38.942771434884214,-77.52625036711285,True,MultiPolygon,Google|PowerHouse Data Centers,ARCOLA|Google|Google Data Center|Google: Arcola 2|STERLING VA DATA CENTER (GOOGLE),614300.0,2143143.0,,multi_source,FracTracker:frac_row_1188<->PNNL:building_01173770902:strong_name_supported_1km:755.855m ; NAICS:naics_403<->PNNL:building_00693385812:strong_name_supported_1km:693.385m ; NAICS:naics_403<->PNNL:building_01173770902:strong_name_supported_1km:837.821m ; NAICS:naics_403<->PNNL:campus_00714622339:strong_name_supported_1km:796.384m
site_01664,"JAMESTOWN CONCORD TECH BLDG C/O SRP MGMT, INC",NAICS,1,1,NAICS,,NAICS:naics_404,Operating/inferred,True,False,,,,37.971261,-122.030312,True,Point,,"JAMESTOWN CONCORD TECH BLDG C/O SRP MGMT, INC",,,,single_source_registry,
site_01665,"GOOGLE, INC",NAICS,1,1,NAICS,,NAICS:naics_405,Operating/inferred,True,False,,,,37.792418,-122.39176,True,Point,,"GOOGLE, INC",,,,single_source_registry,
site_01666,LEVEL 3 COMMUNICATIONS - MAD RIVER,NAICS,1,1,NAICS,,NAICS:naics_406,Operating/inferred,True,False,,,,40.43294,-123.47231,True,Point,,LEVEL 3 COMMUNICATIONS - MAD RIVER,,,,single_source_registry,
site_01667,LEVEL 3 COMMUNICATIONS - WILDWOOD,NAICS,1,1,NAICS,,NAICS:naics_407,Operating/inferred,True,False,,,,40.38532,-123.036,True,Point,,LEVEL 3 COMMUNICATIONS - WILDWOOD,,,,single_source_registry,
site_01668,VDC V,NAICS,1,1,NAICS,,NAICS:naics_408,Operating/inferred,True,False,,,,37.37587,-121.98853,True,Point,,VDC V,,,,single_source_registry,
site_01669,VDC I,NAICS,1,1,NAICS,,NAICS:naics_409,Operating/inferred,True,False,,,,37.400074,-121.895185,True,Point,,VDC I,,,,single_source_registry,
site_01670,RAMSEY COUNTY MICROFILM DEPT,NAICS,1,1,NAICS,,NAICS:naics_41,Operating/inferred,True,False,,,,44.943626,-93.095043,True,Point,,RAMSEY COUNTY MICROFILM DEPT,,,,single_source_registry,
site_01671,Stack Infrastructure,NAICS|PNNL,2,3,PNNL,building,PNNL:building_00553223628,Operating/inferred,True,False,CA,Santa Clara County,,37.40255873642884,-121.89338203369857,True,Polygon,Stack Infrastructure,STACK INFRASTRUCTURE|Stack Infrastructure,78105.0,,,multi_source,NAICS:naics_410<->PNNL:building_00553223628:spatial_100m:38.088m ; NAICS:naics_410<->PNNL:building_00553223629:spatial_100m:71.514m
site_01672,Digital Realty Silicon Valley SC1,NAICS|PNNL,2,2,PNNL,building,PNNL:building_00358455179,Operating/inferred,True,False,CA,Santa Clara County,,37.36168658658687,-121.94391134202756,True,Polygon,Digital Realty,"Digital Realty Silicon Valley SC1|XERES VENTURES, LP (SC1)",297948.0,,,multi_source,NAICS:naics_411<->PNNL:building_00358455179:spatial_100m:54.701m
site_01673,GOOGLE LLC,NAICS,1,1,NAICS,,NAICS:naics_412,Operating/inferred,True,False,,,,37.406819,-122.012843,True,Point,,GOOGLE LLC,,,,single_source_registry,
site_01674,"RS ALAMEDA, LLC ( RED SEA )",NAICS,1,1,NAICS,,NAICS:naics_413,Operating/inferred,True,False,,,,37.405411,-121.964967,True,Point,,"RS ALAMEDA, LLC ( RED SEA )",,,,single_source_registry,
site_01675,2805 LAFAYETTE,NAICS,1,1,NAICS,,NAICS:naics_414,Operating/inferred,True,False,,,,37.370052,-121.947054,True,Point,,2805 LAFAYETTE,,,,single_source_registry,
site_01676,GOOGLE INC,NAICS,1,1,NAICS,,NAICS:naics_415,Operating/inferred,True,False,,,,37.629896,-122.419515,True,Point,,GOOGLE INC,,,,single_source_registry,
site_01677,GOOGLE LLC,NAICS,1,1,NAICS,,NAICS:naics_416,Operating/inferred,True,False,,,,37.629064,-122.42447,True,Point,,GOOGLE LLC,,,,single_source_registry,
site_01678,FACEBOOK,NAICS,1,1,NAICS,,NAICS:naics_417,Operating/inferred,True,False,,,,37.47921,-122.171724,True,Point,,FACEBOOK,,,,single_source_registry,
site_01679,CYRUSONE LLC - FLORENCE DATA CENTER,NAICS,1,1,NAICS,,NAICS:naics_418,Operating/inferred,True,False,,,,38.978264,-84.611653,True,Point,,CYRUSONE LLC - FLORENCE DATA CENTER,,,,single_source_registry,
site_01680,AGILENT TECHNOLOGIES INC - CO SPRINGS DATA CENTER,NAICS,1,1,NAICS,,NAICS:naics_419,Operating/inferred,True,False,,,,38.896702,-104.862315,True,Point,,AGILENT TECHNOLOGIES INC - CO SPRINGS DATA CENTER,,,,single_source_registry,
site_01681,IBM GLOBAL SERVICES (0125042152),NAICS,1,1,NAICS,,NAICS:naics_42,Operating/inferred,True,False,,,,39.97089,-83.12028,True,Point,,IBM GLOBAL SERVICES (0125042152),,,,single_source_registry,
site_01682,FLEXENTIAL CORP.,NAICS,1,1,NAICS,,NAICS:naics_420,Operating/inferred,True,False,,,,35.95085,-86.8322,True,Point,,FLEXENTIAL CORP.,,,,single_source_registry,
site_01683,SSB REALTY WESTBOROUGH DATA CENTER,NAICS,1,1,NAICS,,NAICS:naics_422,Operating/inferred,True,False,,,,42.28008,-71.58094,True,Point,,SSB REALTY WESTBOROUGH DATA CENTER,,,,single_source_registry,
site_01684,DATA DESTRUCTION LLC,NAICS,1,1,NAICS,,NAICS:naics_423,Operating/inferred,True,False,,,,39.71908,-105.196599,True,Point,,DATA DESTRUCTION LLC,,,,single_source_registry,
site_01685,LEESBURG VA DATA CENTER (GOOGLE),NAICS,1,1,NAICS,,NAICS:naics_424,Operating/inferred,True,False,,,,38.986875,-77.579202,True,Point,,LEESBURG VA DATA CENTER (GOOGLE),,,,single_source_registry,
site_01686,LAPTOP GUY,NAICS,1,1,NAICS,,NAICS:naics_425,Operating/inferred,True,False,,,,34.160331,-118.955893,True,Point,,LAPTOP GUY,,,,single_source_registry,
site_01687,JASMINE DEVELOPMENT LLC,NAICS,1,1,NAICS,,NAICS:naics_426,Operating/inferred,True,False,,,,36.05137,-114.97257,True,Point,,JASMINE DEVELOPMENT LLC,,,,single_source_registry,
site_01688,DESIGN LLC,NAICS,1,1,NAICS,,NAICS:naics_427,Operating/inferred,True,False,,,,45.633531,-121.207473,True,Point,,DESIGN LLC,,,,single_source_registry,
site_01689,"WIESSNER ENTERPRISES, LLC",NAICS,1,1,NAICS,,NAICS:naics_428,Operating/inferred,True,False,,,,34.922435,-85.744185,True,Point,,"WIESSNER ENTERPRISES, LLC",,,,single_source_registry,
site_01690,AMAZON DATA SERVICES - DEN-22,NAICS,1,1,NAICS,,NAICS:naics_429,Operating/inferred,True,False,,,,39.72448,-104.78029,True,Point,,AMAZON DATA SERVICES - DEN-22,,,,single_source_registry,
site_01691,KOLORTRAX UNLIMITED,NAICS,1,1,NAICS,,NAICS:naics_43,Operating/inferred,True,False,,,,27.911399,-81.981193,True,Point,,KOLORTRAX UNLIMITED,,,,single_source_registry,
site_01692,OSMIUM DATA CENTER,NAICS,1,1,NAICS,,NAICS:naics_431,Operating/inferred,True,False,,,,41.494778,-93.790639,True,Point,,OSMIUM DATA CENTER,,,,single_source_registry,
site_01693,FISERV,NAICS,1,1,NAICS,,NAICS:naics_432,Operating/inferred,True,False,,,,33.30634,-111.95121,True,Point,,FISERV,,,,single_source_registry,
site_01694,TGS - PASTEUR DATA CENTER,NAICS,1,1,NAICS,,NAICS:naics_435,Operating/inferred,True,False,,,,33.654717,-117.767601,True,Point,,TGS - PASTEUR DATA CENTER,,,,single_source_registry,
site_01695,PHILCADE LLC / IBM TULSA OK BCS BPO,NAICS,1,1,NAICS,,NAICS:naics_437,Operating/inferred,True,False,,,,36.151726,-95.988734,True,Point,,PHILCADE LLC / IBM TULSA OK BCS BPO,,,,single_source_registry,
site_01696,SHARKA,NAICS,1,1,NAICS,,NAICS:naics_438,Operating/inferred,True,False,,,,32.447971,-97.056184,True,Point,,SHARKA,,,,single_source_registry,
site_01697,EQUINIX,NAICS,1,1,NAICS,,NAICS:naics_439,Operating/inferred,True,False,,,,42.55255,-71.21778,True,Point,,EQUINIX,,,,single_source_registry,
site_01698,SOUTHWESTERN PUBLIC SERVICE,NAICS,1,1,NAICS,,NAICS:naics_44,Operating/inferred,True,False,,,,35.20782,-101.83829,True,Point,,SOUTHWESTERN PUBLIC SERVICE,,,,single_source_registry,
site_01699,CYRUSONE LLC,NAICS,1,1,NAICS,,NAICS:naics_440,Operating/inferred,True,False,,,,41.21234,-95.87995,True,Point,,CYRUSONE LLC,,,,single_source_registry,
site_01700,"STARBELT, LLC",NAICS,1,1,NAICS,,NAICS:naics_442,Operating/inferred,True,False,,,,34.8483,-86.6339,True,Point,,"STARBELT, LLC",,,,single_source_registry,
site_01701,ENSONO DATA CENTER,NAICS,1,1,NAICS,,NAICS:naics_443,Operating/inferred,True,False,,,,41.827562,-88.023978,True,Point,,ENSONO DATA CENTER,,,,single_source_registry,
site_01702,"AMAZON DATA SERVICES, INC - LAX61",NAICS,1,1,NAICS,,NAICS:naics_445,Operating/inferred,True,False,,,,33.921774,-118.38632,True,Point,,"AMAZON DATA SERVICES, INC - LAX61",,,,single_source_registry,
site_01703,"AMAZON DATA SERVICES, INC - LAX62",NAICS,1,1,NAICS,,NAICS:naics_446,Operating/inferred,True,False,,,,33.688619,-117.843156,True,Point,,"AMAZON DATA SERVICES, INC - LAX62",,,,single_source_registry,
site_01704,MONTAUK INNOVATIONS LLC,NAICS,1,1,NAICS,,NAICS:naics_447,Operating/inferred,True,False,,,,40.065964,-82.75441,True,Point,,MONTAUK INNOVATIONS LLC,,,,single_source_registry,
site_01705,UNGROWN PRODUCTIONS,NAICS,1,1,NAICS,,NAICS:naics_448,Operating/inferred,True,False,,,,42.540204,-71.628056,True,Point,,UNGROWN PRODUCTIONS,,,,single_source_registry,
site_01706,MONTAUK INNOVATIONS LLC (0145000570),NAICS,1,1,NAICS,,NAICS:naics_449,Operating/inferred,True,False,,,,40.05067,-82.7557,True,Point,,MONTAUK INNOVATIONS LLC (0145000570),,,,single_source_registry,
site_01707,PRESBYTERIAN HEALTHCARE INFO SYS CTR,NAICS,1,1,NAICS,,NAICS:naics_45,Operating/inferred,True,False,,,,35.05497,-106.6243,True,Point,,PRESBYTERIAN HEALTHCARE INFO SYS CTR,,,,single_source_registry,
site_01708,VISA USA INC - OCCS,NAICS,1,1,NAICS,,NAICS:naics_450,Operating/inferred,True,False,,,,39.55254,-104.9965,True,Point,,VISA USA INC - OCCS,,,,single_source_registry,
site_01709,AMAZON DATA SERVICES - DCA-51,NAICS,1,1,NAICS,,NAICS:naics_452,Operating/inferred,True,False,,,,38.73956,-77.82534,True,Point,,AMAZON DATA SERVICES - DCA-51,,,,single_source_registry,
site_01710,BAKER HUGHES,NAICS,1,1,NAICS,,NAICS:naics_453,Operating/inferred,True,False,,,,42.04606,-71.23764,True,Point,,BAKER HUGHES,,,,single_source_registry,
site_01711,"T5@ATLANTA III, LLC",NAICS,1,1,NAICS,,NAICS:naics_454,Operating/inferred,True,False,,,,33.71834,-84.52366,True,Point,,"T5@ATLANTA III, LLC",,,,single_source_registry,
site_01712,MAGURO ENTERPRISES LLC,NAICS,1,1,NAICS,,NAICS:naics_455,Operating/inferred,True,False,,,,33.07239,-80.03884,True,Point,,MAGURO ENTERPRISES LLC,,,,single_source_registry,
site_01713,DataBank,NAICS|PNNL,2,2,PNNL,building,PNNL:building_01343100173,Operating/inferred,True,False,MN,Hennepin County,,45.14371136905177,-93.38712828955705,True,Polygon,,DATABANK MSP3|DataBank,114648.0,,,multi_source,NAICS:naics_456<->PNNL:building_01343100173:name_supported_500m:104.843m
site_01714,NTT RagingWire Data Center,NAICS|PNNL,2,2,PNNL,building,PNNL:building_00052059176,Operating/inferred,True,False,OR,Washington County,,45.549583992290586,-122.93739288182853,True,Polygon,NTT,"NTT GLOBAL DATA CENTERS HI, LLC|NTT RagingWire Data Center",260339.0,,,multi_source,NAICS:naics_457<->PNNL:building_00052059176:spatial_100m:55.486m
site_01715,BONFE AUTO SERVICE & BODY REPAIR,NAICS,1,1,NAICS,,NAICS:naics_458,Operating/inferred,True,False,,,,44.97189,-93.27083,True,Point,,BONFE AUTO SERVICE & BODY REPAIR,,,,single_source_registry,
site_01716,LMK_PHX,NAICS,1,1,NAICS,,NAICS:naics_459,Operating/inferred,True,False,,,,33.49368,-112.06941,True,Point,,LMK_PHX,,,,single_source_registry,
site_01717,COUNTESS PRODUCTIONS LLC,NAICS,1,1,NAICS,,NAICS:naics_460,Operating/inferred,True,False,,,,42.36137,-71.13608,True,Point,,COUNTESS PRODUCTIONS LLC,,,,single_source_registry,
site_01718,RAVEN NORTHBROOK LLC,NAICS,1,1,NAICS,,NAICS:naics_462,Operating/inferred,True,False,,,,41.118406,-96.1431,True,Point,,RAVEN NORTHBROOK LLC,,,,single_source_registry,
site_01719,CERNER LEE'S SUMMIT DATA CENTER,NAICS,1,1,NAICS,,NAICS:naics_463,Operating/inferred,True,False,,,,38.931186,-94.397945,True,Point,,CERNER LEE'S SUMMIT DATA CENTER,,,,single_source_registry,
site_01720,"STACK INFRASTRUCTURE, INC.",NAICS,1,1,NAICS,,NAICS:naics_464,Operating/inferred,True,False,,,,45.546912,-122.929501,True,Point,,"STACK INFRASTRUCTURE, INC.",,,,single_source_registry,
site_01721,OR1 DATA CENTER,NAICS,1,1,NAICS,,NAICS:naics_465,Operating/inferred,True,False,,,,45.52951,-122.91691,True,Point,,OR1 DATA CENTER,,,,single_source_registry,
site_01722,"QTS INVESTMENT PROPERTIES HILLSBORO, LLC",NAICS,1,1,NAICS,,NAICS:naics_466,Operating/inferred,True,False,,,,45.55694,-122.91905,True,Point,,"QTS INVESTMENT PROPERTIES HILLSBORO, LLC",,,,single_source_registry,
site_01723,TLK FACILITY,NAICS,1,1,NAICS,,NAICS:naics_467,Operating/inferred,True,False,,,,45.633531,-121.207473,True,Point,,TLK FACILITY,,,,single_source_registry,
site_01724,DLS FACILITY,NAICS,1,1,NAICS,,NAICS:naics_468,Operating/inferred,True,False,,,,45.6317,-121.20326,True,Point,,DLS FACILITY,,,,single_source_registry,
site_01725,FORMER SMELTER SITE FACILITY,NAICS,1,1,NAICS,,NAICS:naics_469,Operating/inferred,True,False,,,,45.622175,-121.211105,True,Point,,FORMER SMELTER SITE FACILITY,,,,single_source_registry,
site_01726,AMAZON COM SERVICES LLC DKO1,NAICS,1,1,NAICS,,NAICS:naics_47,Operating/inferred,True,False,,,,42.51857,-71.51168,True,Point,,AMAZON COM SERVICES LLC DKO1,,,,single_source_registry,
site_01727,PDX 80,NAICS,1,1,NAICS,,NAICS:naics_470,Operating/inferred,True,False,,,,45.79355,-119.37404,True,Point,,PDX 80,,,,single_source_registry,
site_01728,PDX 2,NAICS,1,1,NAICS,,NAICS:naics_471,Operating/inferred,True,False,,,,45.931026,-119.270351,True,Point,,PDX 2,,,,single_source_registry,
site_01729,PDX 63,NAICS,1,1,NAICS,,NAICS:naics_472,Operating/inferred,True,False,,,,45.902612,-119.307422,True,Point,,PDX 63,,,,single_source_registry,
site_01730,PDX 4,NAICS,1,1,NAICS,,NAICS:naics_474,Operating/inferred,True,False,,,,45.84084,-119.65422,True,Point,,PDX 4,,,,single_source_registry,
site_01731,ONENECK IT-DENVER DATA CENTER,NAICS|PNNL,2,2,PNNL,building,PNNL:building_00778989332,Operating/inferred,True,False,CO,Douglas County,,39.55907170105136,-104.83358763919367,True,Polygon,,ONENECK IT-DENVER DATA CENTER,28132.0,,,multi_source,NAICS:naics_475<->PNNL:building_00778989332:spatial_100m:81.388m
site_01732,JPMORGAN CHASE - PROJECT SYCAMORE AURORA,NAICS,1,1,NAICS,,NAICS:naics_476,Operating/inferred,True,False,,,,39.72561,-104.713812,True,Point,,JPMORGAN CHASE - PROJECT SYCAMORE AURORA,,,,single_source_registry,
site_01733,JPMorgan Chase,NAICS|PNNL,2,2,PNNL,building,PNNL:building_00845775548,Operating/inferred,True,False,CO,Broomfield County,,39.98908743748672,-105.02070322444693,True,Polygon,JPMorgan Chase,JPMORGAN CHASE - PROJ SYCAMORE-BROOMFIEL|JPMorgan Chase,188160.0,,,multi_source,NAICS:naics_477<->PNNL:building_00845775548:name_supported_500m:268.876m
site_01734,35 MCGRATH REALTY LLC,NAICS,1,1,NAICS,,NAICS:naics_478,Operating/inferred,True,False,,,,42.37474,-71.08402,True,Point,,35 MCGRATH REALTY LLC,,,,single_source_registry,
site_01735,"TCS RHODE ISLAND PRODUCTIONS 1, INC",NAICS,1,1,NAICS,,NAICS:naics_479,Operating/inferred,True,False,,,,41.812293,-71.431252,True,Point,,"TCS RHODE ISLAND PRODUCTIONS 1, INC",,,,single_source_registry,
site_01736,"JORDVERT, LLC",NAICS,1,1,NAICS,,NAICS:naics_48,Operating/inferred,True,False,,,,41.66587,-93.7101,True,Point,,"JORDVERT, LLC",,,,single_source_registry,
site_01737,GOOGLE LLC,NAICS,1,1,NAICS,,NAICS:naics_482,Operating/inferred,True,False,,,,37.411125,-121.955288,True,Point,,GOOGLE LLC,,,,single_source_registry,
site_01738,WEB COMMERCE PARTNERS INC,NAICS,1,1,NAICS,,NAICS:naics_483,Operating/inferred,True,False,,,,27.999062,-82.535196,True,Point,,WEB COMMERCE PARTNERS INC,,,,single_source_registry,
site_01739,WESTWOOD SOLUTIONS LLC,NAICS,1,1,NAICS,,NAICS:naics_484,Operating/inferred,True,False,,,,41.335824,-96.0862,True,Point,,WESTWOOD SOLUTIONS LLC,,,,single_source_registry,
site_01740,"CRUSOE ENERGY SYSTEMS, INC. - OXBOW",NAICS,1,1,NAICS,,NAICS:naics_485,Operating/inferred,True,False,,,,39.74579,-104.99139,True,Point,,"CRUSOE ENERGY SYSTEMS, INC. - OXBOW",,,,single_source_registry,
site_01741,HONEST SCHOLAR PRODUCTIONS LLC,NAICS,1,1,NAICS,,NAICS:naics_486,Operating/inferred,True,False,,,,42.282234,-71.421516,True,Point,,HONEST SCHOLAR PRODUCTIONS LLC,,,,single_source_registry,
site_01742,401 CITY AVE ASSOC/LOWER MERION,NAICS,1,1,NAICS,,NAICS:naics_487,Operating/inferred,True,False,,,,40.008676,-75.213537,True,Point,,401 CITY AVE ASSOC/LOWER MERION,,,,single_source_registry,
site_01743,Amazon,NAICS|PNNL,2,2,PNNL,building,PNNL:building_01065780801,Operating/inferred,True,False,CA,Santa Clara County,,37.389932721842904,-121.96598983231347,True,Polygon,Amazon Web Services,AMAZON DATA SERVICES INC - SFO60|Amazon,98142.0,,,multi_source,NAICS:naics_488<->PNNL:building_01065780801:name_supported_500m:112.51m
site_01744,TIERPOINT LLC / TIERPOINT LLC OKLAHOMA CITY,NAICS,1,1,NAICS,,NAICS:naics_489,Operating/inferred,True,False,,,,35.51421,-97.59661,True,Point,,TIERPOINT LLC / TIERPOINT LLC OKLAHOMA CITY,,,,single_source_registry,
site_01745,TIFFANY'S FLAGSHIP STORE,NAICS,1,1,NAICS,,NAICS:naics_49,Operating/inferred,True,False,,,,40.762577,-73.974241,True,Point,,TIFFANY'S FLAGSHIP STORE,,,,single_source_registry,
site_01746,MAGELLAN ENTERPRISES LLC (0125044418),NAICS,1,1,NAICS,,NAICS:naics_490,Operating/inferred,True,False,,,,39.862467,-82.997802,True,Point,,MAGELLAN ENTERPRISES LLC (0125044418),,,,single_source_registry,
site_01747,META ATX9025,NAICS,1,1,NAICS,,NAICS:naics_491,Operating/inferred,True,False,,,,30.480516,-97.612875,True,Point,,META ATX9025,,,,single_source_registry,
site_01748,BLOOMBERG PISCATAWAY DATA CTR,NAICS,1,1,NAICS,,NAICS:naics_492,Operating/inferred,True,False,,,,40.550428,-74.464253,True,Point,,BLOOMBERG PISCATAWAY DATA CTR,,,,single_source_registry,
site_01749,HEWLETT PACKARD ENTERPRISE AT STENNIS SPACE CENTER,NAICS,1,1,NAICS,,NAICS:naics_493,Operating/inferred,True,False,,,,30.375347,-89.614675,True,Point,,HEWLETT PACKARD ENTERPRISE AT STENNIS SPACE CENTER,,,,single_source_registry,
site_01750,GOOGLE RLF,NAICS,1,1,NAICS,,NAICS:naics_494,Operating/inferred,True,False,,,,38.78412,-77.578433,True,Point,,GOOGLE RLF,,,,single_source_registry,
site_01751,NETFLIX PRODUCTIONS LLC,NAICS,1,1,NAICS,,NAICS:naics_495,Operating/inferred,True,False,,,,42.102081,-70.761492,True,Point,,NETFLIX PRODUCTIONS LLC,,,,single_source_registry,
site_01752,TABLE MOUNTAIN LLC,NAICS,1,1,NAICS,,NAICS:naics_496,Operating/inferred,True,False,,,,39.730693,-82.682409,True,Point,,TABLE MOUNTAIN LLC,,,,single_source_registry,
site_01753,EQUINIX CH-5 DATA CENTER,NAICS,1,1,NAICS,,NAICS:naics_498,Operating/inferred,True,False,,,,42.001419,-87.953696,True,Point,,EQUINIX CH-5 DATA CENTER,,,,single_source_registry,
site_01754,QTS,FracTracker|NAICS|PNNL,3,4,PNNL,building,PNNL:building_01472128597,Approved/Permitted/Under construction,True,True,GA,Fayette County,Fayetteville,33.44836060805451,-84.52265191627977,True,Polygon,QTS Data Centers (and Microsoft)|Quality Technology Services,"Atlanta Fayetteville Campus|QTS|QTS FAYETTEVILLE I, LLC",27225000.0,,500,multi_source,FracTracker:frac_row_166<->PNNL:building_01472128597:name_supported_500m:146.972m ; FracTracker:frac_row_166<->PNNL:building_01472128598:name_supported_500m:447.501m ; NAICS:naics_499<->PNNL:building_01472128598:strong_name_supported_1km:785.074m
site_01755,"INDUSTRIAL CONTAINER SERV-LAKELAND, LLC",NAICS,1,1,NAICS,,NAICS:naics_5,Operating/inferred,True,False,,,,28.052689,-81.820222,True,Point,,"INDUSTRIAL CONTAINER SERV-LAKELAND, LLC",,,,single_source_registry,
site_01756,CITY CENTER PLAZA,NAICS,1,1,NAICS,,NAICS:naics_50,Operating/inferred,True,False,,,,26.140815,-81.794872,True,Point,,CITY CENTER PLAZA,,,,single_source_registry,
site_01757,"DATA CENTER FULTON, LLC",NAICS,1,1,NAICS,,NAICS:naics_500,Operating/inferred,True,False,,,,33.7496,-84.38087,True,Point,,"DATA CENTER FULTON, LLC",,,,single_source_registry,
site_01758,Data Center Lenexa,NAICS|PNNL,2,2,PNNL,building,PNNL:building_00502927599,Operating/inferred,True,False,KS,Johnson County,,38.92517007028676,-94.77028959106379,True,Polygon,,DATABANK LTD MCI 3 (AIR)|Data Center Lenexa,44552.0,,,multi_source,NAICS:naics_501<->PNNL:building_00502927599:spatial_100m:3.472m
site_01759,JIMNIST LLC,NAICS,1,1,NAICS,,NAICS:naics_502,Operating/inferred,True,False,,,,44.73429,-93.054972,True,Point,,JIMNIST LLC,,,,single_source_registry,
site_01760,EDGED CHICAGO LLC,NAICS,1,1,NAICS,,NAICS:naics_503,Operating/inferred,True,False,,,,41.80585,-88.242388,True,Point,,EDGED CHICAGO LLC,,,,single_source_registry,
site_01761,ALIGNED DATA CENTERS ATL01,NAICS,1,1,NAICS,,NAICS:naics_504,Operating/inferred,True,False,,,,33.725277,-84.617166,True,Point,,ALIGNED DATA CENTERS ATL01,,,,single_source_registry,
site_01762,486 ARSENAL WAY LLC,NAICS,1,1,NAICS,,NAICS:naics_506,Operating/inferred,True,False,,,,42.366434,-71.159213,True,Point,,486 ARSENAL WAY LLC,,,,single_source_registry,
site_01763,THE CYBERDYNE DATA FACILITY,NAICS,1,1,NAICS,,NAICS:naics_507,Operating/inferred,True,False,,,,33.40738,-86.91338,True,Point,,THE CYBERDYNE DATA FACILITY,,,,single_source_registry,
site_01764,"LASON, A LASON COMPANY",NAICS,1,1,NAICS,,NAICS:naics_508,Operating/inferred,True,False,,,,37.73942,-122.37822,True,Point,,"LASON, A LASON COMPANY",,,,single_source_registry,
site_01765,YAHOO CORPORATE HEADQUARTERS,NAICS,1,1,NAICS,,NAICS:naics_509,Operating/inferred,True,False,,,,37.42111,-122.0347,True,Point,,YAHOO CORPORATE HEADQUARTERS,,,,single_source_registry,
site_01766,SADLER DRUM,NAICS,1,1,NAICS,,NAICS:naics_51,Operating/inferred,True,False,,,,30.095833,-83.465278,True,Point,,SADLER DRUM,,,,single_source_registry,
site_01767,PACIFIC BELL,NAICS,1,1,NAICS,,NAICS:naics_510,Operating/inferred,True,False,,,,37.76566,-121.95921,True,Point,,PACIFIC BELL,,,,single_source_registry,
site_01768,VERIZON BUSINESS,NAICS,1,1,NAICS,,NAICS:naics_511,Operating/inferred,True,False,,,,37.33782,-121.91028,True,Point,,VERIZON BUSINESS,,,,single_source_registry,
site_01769,KEYNOTE SYSTEMS C/O ORCHARD CO,NAICS,1,1,NAICS,,NAICS:naics_512,Operating/inferred,True,False,,,,37.56205,-122.28682,True,Point,,KEYNOTE SYSTEMS C/O ORCHARD CO,,,,single_source_registry,
site_01770,LEVEL 3 COMMUNICATIONS LLC,NAICS,1,1,NAICS,,NAICS:naics_513,Operating/inferred,True,False,,,,37.374,-121.99064,True,Point,,LEVEL 3 COMMUNICATIONS LLC,,,,single_source_registry,
site_01771,"CENTURYLINK COMMUNICATIONS, LLC",NAICS,1,1,NAICS,,NAICS:naics_514,Operating/inferred,True,False,,,,37.37374,-121.99687,True,Point,,"CENTURYLINK COMMUNICATIONS, LLC",,,,single_source_registry,
site_01772,CYXTERA COMMUNICATIONS  LLC SC4-5,NAICS,1,1,NAICS,,NAICS:naics_515,Operating/inferred,True,False,,,,37.369559,-121.969465,True,Point,,CYXTERA COMMUNICATIONS  LLC SC4-5,,,,single_source_registry,
site_01773,SAVVIS INC,NAICS,1,1,NAICS,,NAICS:naics_516,Operating/inferred,True,False,,,,37.36075,-121.94862,True,Point,,SAVVIS INC,,,,single_source_registry,
site_01774,DELIVEREX,NAICS,1,1,NAICS,,NAICS:naics_517,Operating/inferred,True,False,,,,37.37762,-121.91411,True,Point,,DELIVEREX,,,,single_source_registry,
site_01775,GOOGLE INC,NAICS,1,1,NAICS,,NAICS:naics_518,Operating/inferred,True,False,,,,37.42076,-122.08363,True,Point,,GOOGLE INC,,,,single_source_registry,
site_01776,AT&T,NAICS,1,1,NAICS,,NAICS:naics_519,Operating/inferred,True,False,,,,37.419,-121.941,True,Point,,AT&T,,,,single_source_registry,
site_01777,TC ABQ RABINA INTERESTS LLC,NAICS,1,1,NAICS,,NAICS:naics_52,Operating/inferred,True,False,,,,35.10192,-106.588307,True,Point,,TC ABQ RABINA INTERESTS LLC,,,,single_source_registry,
site_01778,"GOOGLE, INC",NAICS,1,1,NAICS,,NAICS:naics_520,Operating/inferred,True,False,,,,37.417004,-122.085624,True,Point,,"GOOGLE, INC",,,,single_source_registry,
site_01779,EBAY / WPR,NAICS,1,1,NAICS,,NAICS:naics_522,Operating/inferred,True,False,,,,37.294381,-121.922363,True,Point,,EBAY / WPR,,,,single_source_registry,
site_01780,SAVVIS COMMUNICATIONS CORPORATION DBA CENTURYLINK,NAICS,1,1,NAICS,,NAICS:naics_523,Operating/inferred,True,False,,,,37.397014,-121.979677,True,Point,,SAVVIS COMMUNICATIONS CORPORATION DBA CENTURYLINK,,,,single_source_registry,
site_01781,MICROSOFT CORPORATION,NAICS,1,1,NAICS,,NAICS:naics_525,Operating/inferred,True,False,,,,37.36076,-121.94857,True,Point,,MICROSOFT CORPORATION,,,,single_source_registry,
site_01782,360 Spear Street Data Center,NAICS|PNNL,2,3,PNNL,building,PNNL:building_00192307107,Operating/inferred,True,False,CA,San Francisco County,,37.788991656058194,-122.39013668484701,True,Polygon,Digital Realty,360 Spear Street Data Center|365 Main Street Data Center|DIGITAL 365  LLC,34599.0,,,multi_source,NAICS:naics_527<->PNNL:building_00192307107:spatial_100m:75.648m ; NAICS:naics_527<->PNNL:building_00460085343:spatial_100m:34.518m
site_01783,STANFORD UNIVERSITY DATA CENTER,NAICS,1,1,NAICS,,NAICS:naics_528,Operating/inferred,True,False,,,,37.413248,-122.198872,True,Point,,STANFORD UNIVERSITY DATA CENTER,,,,single_source_registry,
site_01784,LINKEDIN CORPORATION,NAICS,1,1,NAICS,,NAICS:naics_529,Operating/inferred,True,False,,,,37.394176,-122.030531,True,Point,,LINKEDIN CORPORATION,,,,single_source_registry,
site_01785,AT&T CORP,NAICS,1,1,NAICS,,NAICS:naics_53,Operating/inferred,True,False,,,,40.78608,-74.06785,True,Point,,AT&T CORP,,,,single_source_registry,
site_01786,"BROCADE COMMUNICATIONS SYSTEMS, INC",NAICS,1,1,NAICS,,NAICS:naics_531,Operating/inferred,True,False,,,,37.416793,-121.955566,True,Point,,"BROCADE COMMUNICATIONS SYSTEMS, INC",,,,single_source_registry,
site_01787,GOOGLE INC,NAICS,1,1,NAICS,,NAICS:naics_532,Operating/inferred,True,False,,,,37.510012,-122.199716,True,Point,,GOOGLE INC,,,,single_source_registry,
site_01788,ALEXANDRIA REAL ESTATE EQUITIES  INC,NAICS,1,1,NAICS,,NAICS:naics_533,Operating/inferred,True,False,,,,37.654015,-122.395751,True,Point,,ALEXANDRIA REAL ESTATE EQUITIES  INC,,,,single_source_registry,
site_01789,CYXTERA COMMUNICATIONS  LLC - SC8,NAICS,1,1,NAICS,,NAICS:naics_534,Operating/inferred,True,False,,,,37.397848,-121.979577,True,Point,,CYXTERA COMMUNICATIONS  LLC - SC8,,,,single_source_registry,
site_01790,GOOGLE LLC,NAICS,1,1,NAICS,,NAICS:naics_537,Operating/inferred,True,False,,,,37.509558,-122.202866,True,Point,,GOOGLE LLC,,,,single_source_registry,
site_01791,FUJITSU NORTH AMERICA  INC,NAICS,1,1,NAICS,,NAICS:naics_538,Operating/inferred,True,False,,,,37.378671,-121.991594,True,Point,,FUJITSU NORTH AMERICA  INC,,,,single_source_registry,
site_01792,ELEMENT CRITICAL,NAICS,1,1,NAICS,,NAICS:naics_539,Operating/inferred,True,False,,,,37.371762,-121.987602,True,Point,,ELEMENT CRITICAL,,,,single_source_registry,
site_01793,LANE BRYANT CO,NAICS,1,1,NAICS,,NAICS:naics_54,Operating/inferred,True,False,,,,40.78606,-74.06778,True,Point,,LANE BRYANT CO,,,,single_source_registry,
site_01794,CYXTERA COMMUNICATIONS  LLC SC9,NAICS,1,1,NAICS,,NAICS:naics_540,Operating/inferred,True,False,,,,37.39701,-121.97961,True,Point,,CYXTERA COMMUNICATIONS  LLC SC9,,,,single_source_registry,
site_01795,CYXTERA COMMUNICATIONS  LLC SN2,NAICS,1,1,NAICS,,NAICS:naics_541,Operating/inferred,True,False,,,,37.373841,-121.996978,True,Point,,CYXTERA COMMUNICATIONS  LLC SN2,,,,single_source_registry,
site_01796,DIGITAL PATH/2X WIRELESS,NAICS,1,1,NAICS,,NAICS:naics_542,Operating/inferred,True,False,,,,39.802,-121.851,True,Point,,DIGITAL PATH/2X WIRELESS,,,,single_source_registry,
site_01797,AMERICAN INTERNET SERVICES INC,NAICS,1,1,NAICS,,NAICS:naics_544,Operating/inferred,True,False,,,,32.829182,-117.130384,True,Point,,AMERICAN INTERNET SERVICES INC,,,,single_source_registry,
site_01798,"ECONTACTLIVE, INC.",NAICS,1,1,NAICS,,NAICS:naics_545,Operating/inferred,True,False,,,,37.73346,-120.95852,True,Point,,"ECONTACTLIVE, INC.",,,,single_source_registry,
site_01799,CYRUSONE CHI6 FACILITY,NAICS,1,1,NAICS,,NAICS:naics_546,Operating/inferred,True,False,,,,41.978156,-87.961532,True,Point,,CYRUSONE CHI6 FACILITY,,,,single_source_registry,
site_01800,"FUJITSU TECHNOLOGY AND BUSINESS OF AMERICA, INC",NAICS,1,1,NAICS,,NAICS:naics_548,Operating/inferred,True,False,,,,37.38014,-121.99771,True,Point,,"FUJITSU TECHNOLOGY AND BUSINESS OF AMERICA, INC",,,,single_source_registry,
site_01801,"FACEBOOK, INC",NAICS,1,1,NAICS,,NAICS:naics_549,Operating/inferred,True,False,,,,37.484547,-122.147992,True,Point,,"FACEBOOK, INC",,,,single_source_registry,
site_01802,Rackspace Belmont NYC2,NAICS|PNNL,2,2,PNNL,building,PNNL:building_00998933389,Operating/inferred,True,False,NJ,Somerset County,,40.54083886834628,-74.53749197400815,True,Polygon,,DATAPIPE|Rackspace Belmont NYC2,57471.0,,,multi_source,NAICS:naics_55<->PNNL:building_00998933389:spatial_100m:75.013m
site_01803,BERNARD CHAUS INC,NAICS,1,1,NAICS,,NAICS:naics_56,Operating/inferred,True,False,,,,40.77928,-74.0714,True,Point,,BERNARD CHAUS INC,,,,single_source_registry,
site_01804,LUPOLI DEVELOPMENT,NAICS,1,1,NAICS,,NAICS:naics_57,Operating/inferred,True,False,,,,42.5479,-71.47007,True,Point,,LUPOLI DEVELOPMENT,,,,single_source_registry,
site_01805,IOWA HEALTH SYSTEM,NAICS,1,1,NAICS,,NAICS:naics_58,Operating/inferred,True,False,,,,41.55198,-93.70253,True,Point,,IOWA HEALTH SYSTEM,,,,single_source_registry,
site_01806,MICROGRAPHICS INC,NAICS,1,1,NAICS,,NAICS:naics_59,Operating/inferred,True,False,,,,29.669831,-82.32608,True,Point,,MICROGRAPHICS INC,,,,single_source_registry,
site_01807,LOCKHEED MARTIN - DENVER DATA CENTER,NAICS,1,1,NAICS,,NAICS:naics_6,Operating/inferred,True,False,,,,39.832493,-105.003339,True,Point,,LOCKHEED MARTIN - DENVER DATA CENTER,,,,single_source_registry,
site_01808,9110-9180 - 9119-9180 COMMERCE CENTER,NAICS,1,1,NAICS,,NAICS:naics_60,Operating/inferred,True,False,,,,39.55081,-105.03388,True,Point,,9110-9180 - 9119-9180 COMMERCE CENTER,,,,single_source_registry,
site_01809,SPRINT - LENEXA OSSC (W 99TH),NAICS,1,1,NAICS,,NAICS:naics_61,Operating/inferred,True,False,,,,38.94918,-94.76284,True,Point,,SPRINT - LENEXA OSSC (W 99TH),,,,single_source_registry,
site_01810,JP MORGAN CHASE - 4001 GOVERNOR PRINTZ BLVD,NAICS,1,1,NAICS,,NAICS:naics_62,Operating/inferred,True,False,,,,39.75358,-75.51867,True,Point,,JP MORGAN CHASE - 4001 GOVERNOR PRINTZ BLVD,,,,single_source_registry,
site_01811,JP MORGAN CHASE - BEAR CHRISTIANA ROAD,NAICS,1,1,NAICS,,NAICS:naics_63,Operating/inferred,True,False,,,,39.64683,-75.65682,True,Point,,JP MORGAN CHASE - BEAR CHRISTIANA ROAD,,,,single_source_registry,
site_01812,CUSTOM PROCESSING SERVICES INC,NAICS,1,1,NAICS,,NAICS:naics_64,Operating/inferred,True,False,,,,40.30156,-75.88147,True,Point,,CUSTOM PROCESSING SERVICES INC,,,,single_source_registry,
site_01813,"IBM STERLING FOREST, NY FACILITY",NAICS,1,1,NAICS,,NAICS:naics_66,Operating/inferred,True,False,,,,41.16721,-74.25536,True,Point,,"IBM STERLING FOREST, NY FACILITY",,,,single_source_registry,
site_01814,Element Critical VA1,NAICS|PNNL,2,2,PNNL,building,PNNL:building_00368724479,Operating/inferred,True,False,VA,Fairfax County,,38.9083675000258,-77.21974420009786,True,Polygon,,Element Critical VA1|SCIENCE APPLICATIONS INTERNATIONAL CORPORATION,20483.0,,,multi_source,NAICS:naics_67<->PNNL:building_00368724479:spatial_100m:82.452m
site_01815,KONTRON MOBILE COMPUTING,NAICS,1,1,NAICS,,NAICS:naics_68,Operating/inferred,True,False,,,,44.86467,-93.44651,True,Point,,KONTRON MOBILE COMPUTING,,,,single_source_registry,
site_01816,ENVIROLIGHT INC,NAICS,1,1,NAICS,,NAICS:naics_69,Operating/inferred,True,False,,,,27.045966,-80.153332,True,Point,,ENVIROLIGHT INC,,,,single_source_registry,
site_01817,BP AMOCO / 512 S CINCINNATI AVE SHARED SVC CTR,NAICS,1,1,NAICS,,NAICS:naics_7,Operating/inferred,True,False,,,,36.15191,-95.9875,True,Point,,BP AMOCO / 512 S CINCINNATI AVE SHARED SVC CTR,,,,single_source_registry,
site_01818,DAVID GRANT MEDICAL CENTER,NAICS,1,1,NAICS,,NAICS:naics_70,Operating/inferred,True,False,,,,38.26766,-121.96497,True,Point,,DAVID GRANT MEDICAL CENTER,,,,single_source_registry,
site_01819,"CISCO SYSTEMS, SITE 4 CAMPUS, BLDGS 1-19",NAICS,1,1,NAICS,,NAICS:naics_71,Operating/inferred,True,False,,,,37.41325,-121.93165,True,Point,,"CISCO SYSTEMS, SITE 4 CAMPUS, BLDGS 1-19",,,,single_source_registry,
site_01820,LIBERTY MUTUAL DATA CENTER-LIBERTY MUTUAL DATA CENTER,NAICS,1,1,NAICS,,NAICS:naics_72,Operating/inferred,True,False,,,,39.2966,-94.67863,True,Point,,LIBERTY MUTUAL DATA CENTER-LIBERTY MUTUAL DATA CENTER,,,,single_source_registry,
site_01821,XO Fremont,NAICS|PNNL,2,2,PNNL,building,PNNL:building_00384310259,Operating/inferred,True,False,CA,Alameda County,,37.47533720746737,-121.92211346250497,True,Polygon,XO,XO COMMUNICATIONS INC|XO Fremont,65815.0,,,multi_source,NAICS:naics_73<->PNNL:building_00384310259:spatial_100m:68.517m
site_01822,PACIFIC BELL,NAICS,1,1,NAICS,,NAICS:naics_74,Operating/inferred,True,False,,,,38.23724,-122.07819,True,Point,,PACIFIC BELL,,,,single_source_registry,
site_01823,CYXTERA BO-3,NAICS,1,1,NAICS,,NAICS:naics_75,Operating/inferred,True,False,,,,42.392913,-71.264745,True,Point,,CYXTERA BO-3,,,,single_source_registry,
site_01824,SSB REALTY GRAFTON DATA CENTER,NAICS,1,1,NAICS,,NAICS:naics_76,Operating/inferred,True,False,,,,42.25025,-71.68825,True,Point,,SSB REALTY GRAFTON DATA CENTER,,,,single_source_registry,
site_01825,SYNOPTEK LLC,NAICS,1,1,NAICS,,NAICS:naics_77,Operating/inferred,True,False,,,,42.33626,-71.59579,True,Point,,SYNOPTEK LLC,,,,single_source_registry,
site_01826,MASTERCARD INTERNATIONAL,NAICS,1,1,NAICS,,NAICS:naics_78,Operating/inferred,True,False,,,,39.300215,-94.681704,True,Point,,MASTERCARD INTERNATIONAL,,,,single_source_registry,
site_01827,"WAL- MART STORES, INC. - EAST DATA CENTER",NAICS,1,1,NAICS,,NAICS:naics_79,Operating/inferred,True,False,,,,36.362432,-94.183382,True,Point,,"WAL- MART STORES, INC. - EAST DATA CENTER",,,,single_source_registry,
site_01828,COMPUTER SCIENCES CORPORATION,NAICS,1,1,NAICS,,NAICS:naics_8,Operating/inferred,True,False,,,,39.714358,-75.741443,True,Point,,COMPUTER SCIENCES CORPORATION,,,,single_source_registry,
site_01829,JONES LANG & LASALLE,NAICS,1,1,NAICS,,NAICS:naics_80,Operating/inferred,True,False,,,,40.58348,-74.24312,True,Point,,JONES LANG & LASALLE,,,,single_source_registry,
site_01830,"ENTERPRISE SERVICES, LLC",NAICS,1,1,NAICS,,NAICS:naics_81,Operating/inferred,True,False,,,,34.083371,-84.273536,True,Point,,"ENTERPRISE SERVICES, LLC",,,,single_source_registry,
site_01831,"METRETEK, INC.",NAICS,1,1,NAICS,,NAICS:naics_83,Operating/inferred,True,False,,,,28.10262,-80.688422,True,Point,,"METRETEK, INC.",,,,single_source_registry,
site_01832,"TAPAHA DYNAMICS, LLC",NAICS,1,1,NAICS,,NAICS:naics_84,Operating/inferred,True,False,,,,35.90043,-81.546586,True,Point,,"TAPAHA DYNAMICS, LLC",,,,single_source_registry,
site_01833,CDC BIRMINGHAM,NAICS,1,1,NAICS,,NAICS:naics_85,Operating/inferred,True,False,,,,33.40707,-86.91136,True,Point,,CDC BIRMINGHAM,,,,single_source_registry,
site_01834,Element Critical CH1,NAICS|PNNL,2,2,PNNL,building,PNNL:building_00384690290,Operating/inferred,True,False,IL,DuPage County,,41.97576175006559,-87.96468543810447,True,Polygon,Element Critical,CHICAGO ENTERPRISE LLC|Element Critical CH1,92076.0,,,multi_source,NAICS:naics_86<->PNNL:building_00384690290:spatial_100m:70.865m
site_01835,755 SECAUCUS ROAD,NAICS,1,1,NAICS,,NAICS:naics_87,Operating/inferred,True,False,,,,40.77791,-74.06695,True,Point,,755 SECAUCUS ROAD,,,,single_source_registry,
site_01836,Cyxtera (Digital Realty Trust) Citibank Data Center,NAICS|PNNL,2,3,PNNL,building,PNNL:building_00279410762,Operating/inferred,True,False,NJ,Hudson County,,40.76076492901499,-74.02575833881977,True,Polygon,Cyxtera,CITICORP DATA SYSTEMS INC|Cyxtera (Digital Realty Trust) Citibank Data Center|RIVERVIEW COMMERCIAL OFFICE BUILDING,58356.0,,,multi_source,NAICS:naics_88<->PNNL:building_00279410762:spatial_100m:71.414m ; NAICS:naics_89<->PNNL:building_00279410762:spatial_100m:97.04m
site_01837,CONTROL DATA CORP.,NAICS,1,1,NAICS,,NAICS:naics_9,Operating/inferred,True,False,,,,39.31638,-76.74176,True,Point,,CONTROL DATA CORP.,,,,single_source_registry,
site_01838,EASTGREEN INC AIG DATA CENTER,NAICS,1,1,NAICS,,NAICS:naics_90,Operating/inferred,True,False,,,,40.77368,-74.36179,True,Point,,EASTGREEN INC AIG DATA CENTER,,,,single_source_registry,
site_01839,131 MORRISTOWN ROAD INVESTORS,NAICS,1,1,NAICS,,NAICS:naics_91,Operating/inferred,True,False,,,,40.72711,-74.54564,True,Point,,131 MORRISTOWN ROAD INVESTORS,,,,single_source_registry,
site_01840,CYXTERA NJ3,NAICS,1,1,NAICS,,NAICS:naics_92,Operating/inferred,True,False,,,,40.55396,-74.46042,True,Point,,CYXTERA NJ3,,,,single_source_registry,
site_01841,PLAZAS 2 & 3 @ HARBORSIDE FINANCIAL CENTER,NAICS,1,1,NAICS,,NAICS:naics_93,Operating/inferred,True,False,,,,40.717114,-74.033864,True,Point,,PLAZAS 2 & 3 @ HARBORSIDE FINANCIAL CENTER,,,,single_source_registry,
site_01842,Equinix Chicago CH3,NAICS|PNNL,2,2,PNNL,building,PNNL:building_00377032061,Operating/inferred,True,False,IL,Cook County,,42.001158707879654,-87.95521312428228,True,Polygon,Equinix,EQUINIX LLC|Equinix Chicago CH3,135800.0,,,multi_source,NAICS:naics_94<->PNNL:building_00377032061:spatial_100m:13.633m
site_01843,ATLANTIC CITY CONVENTION CENTER,NAICS,1,1,NAICS,,NAICS:naics_95,Operating/inferred,True,False,,,,39.36269,-74.43829,True,Point,,ATLANTIC CITY CONVENTION CENTER,,,,single_source_registry,
site_01844,VISA USA INCORPORATED,NAICS,1,1,NAICS,,NAICS:naics_96,Operating/inferred,True,False,,,,39.049674,-77.442742,True,Point,,VISA USA INCORPORATED,,,,single_source_registry,
site_01845,VPLS,NAICS,1,1,NAICS,,NAICS:naics_97,Operating/inferred,True,False,,,,38.94968,-77.33245,True,Point,,VPLS,,,,single_source_registry,
site_01846,NORTHROP GRUMMAN SYSTEMS CORPORATION,NAICS,1,1,NAICS,,NAICS:naics_98,Operating/inferred,True,False,,,,36.90427,-82.07361,True,Point,,NORTHROP GRUMMAN SYSTEMS CORPORATION,,,,single_source_registry,
site_01847,BOWNE INFORMATION SERVICES INC,NAICS,1,1,NAICS,,NAICS:naics_99,Operating/inferred,True,False,,,,40.55524,-74.43485,True,Point,,BOWNE INFORMATION SERVICES INC,,,,single_source_registry,
site_01848,Verizon,PNNL,1,1,PNNL,building,PNNL:building_00002744301,Operating/inferred,True,False,NJ,Middlesex County,,40.54425557630532,-74.49652096447575,True,Polygon,,Verizon,105786.0,,,single_source_geometry,
site_01849,HPC,PNNL,1,1,PNNL,building,PNNL:building_00014930068,Operating/inferred,True,False,NM,Bernalillo County,,35.04994198074902,-106.54282203991323,True,Polygon,Sandia National Laboratories,HPC,158463.0,,,single_source_geometry,
site_01850,Barclays Datacenter,PNNL,1,1,PNNL,building,PNNL:building_00015884451,Operating/inferred,True,False,NJ,Union County,,40.64375303338713,-74.28548116880219,True,Polygon,Barclays,Barclays Datacenter,94373.0,,,single_source_geometry,
site_01851,CyberNAP Glen Burnie,PNNL,1,1,PNNL,building,PNNL:building_00016282459,Operating/inferred,True,False,MD,Anne Arundel County,,39.14024170717737,-76.60643112453295,True,Polygon,AiNET,CyberNAP Glen Burnie,89879.0,,,single_source_geometry,
site_01852,Dakota Carrier Network,PNNL,1,1,PNNL,building,PNNL:building_00019390019,Operating/inferred,True,False,ND,Cass County,,46.81509687104177,-96.84432644156146,True,Polygon,,Dakota Carrier Network,25931.0,,,single_source_geometry,
site_01853,CoreSite BO1,PNNL,1,1,PNNL,building,PNNL:building_00029827954,Operating/inferred,True,False,MA,Middlesex County,,42.37670588382176,-71.07975761756323,True,Polygon,,CoreSite BO1,133960.0,,,single_source_geometry,
site_01854,USPO Terminal Annex,PNNL,1,1,PNNL,building,PNNL:building_00030666790,Operating/inferred,True,False,CA,Los Angeles County,,34.05810223824728,-118.23539293645689,True,Polygon,United States Postal Service,USPO Terminal Annex,99270.0,,,single_source_geometry,
site_01855,DataBank,PNNL,1,1,PNNL,building,PNNL:building_00030827429,Operating/inferred,True,False,TX,Dallas County,,32.77830147632332,-96.79843729449847,True,Polygon,,DataBank,43564.0,,,single_source_geometry,
site_01856,CyrusOne Cincinnati-Mason CIN3,PNNL,1,1,PNNL,building,PNNL:building_00031250931,Operating/inferred,True,False,OH,Warren County,,39.303895806613035,-84.31157999997258,True,Polygon,CyrusOne,CyrusOne Cincinnati-Mason CIN3,82813.0,,,single_source_geometry,
site_01857,EdgeConneX San Diego,PNNL,1,1,PNNL,building,PNNL:building_00031803515,Operating/inferred,True,False,CA,San Diego County,,32.842308661647536,-117.1693449894231,True,Polygon,EdgeConneX,EdgeConneX San Diego,39204.0,,,single_source_geometry,
site_01858,,PNNL,1,1,PNNL,building,PNNL:building_00036897140,Operating/inferred,True,False,OH,Hamilton County,,39.29404817733801,-84.41211321346512,True,Polygon,,,13074.0,,,single_source_geometry,
site_01859,Lumen Sunnyvale 1,PNNL,1,1,PNNL,building,PNNL:building_00037877544,Operating/inferred,True,False,CA,Santa Clara County,,37.37343914789955,-121.98781298697565,True,Polygon,Lumen Technologies,Lumen Sunnyvale 1,77132.0,,,single_source_geometry,
site_01860,OpenColo,PNNL,1,1,PNNL,building,PNNL:building_00037947313,Operating/inferred,True,False,CA,Santa Clara County,,37.37881629201175,-121.95593725165453,True,Polygon,,OpenColo,65471.0,,,single_source_geometry,
site_01861,Csquare SFO1,PNNL,1,1,PNNL,building,PNNL:building_00038305568,Operating/inferred,True,False,CA,Santa Clara County,,37.371519049598696,-121.96969744738088,True,Polygon,Csquare,Csquare SFO1,92193.0,,,single_source_geometry,
site_01862,,PNNL,1,1,PNNL,building,PNNL:building_00038305611,Operating/inferred,True,False,CA,Santa Clara County,,37.37338590954395,-121.97269293993045,True,Polygon,Vantage,,89293.0,,,single_source_geometry,
site_01863,Strategic Datasphere,PNNL,1,1,PNNL,building,PNNL:building_00039083541,Operating/inferred,True,False,GA,Fulton County,,34.09479739753544,-84.23569669904141,True,Polygon,,Strategic Datasphere,127487.0,,,single_source_geometry,
site_01864,Secure Data Center,PNNL,1,1,PNNL,building,PNNL:building_00039083830,Operating/inferred,True,False,GA,Fulton County,,34.09370761226,-84.25087563127063,True,Polygon,,Secure Data Center,184012.0,,,single_source_geometry,
site_01865,Cologix Santa Clara SV1 Data Center,PNNL,1,1,PNNL,building,PNNL:building_00040608200,Operating/inferred,True,False,CA,Santa Clara County,,37.365332809551084,-121.96170042164619,True,Polygon,Cologix,Cologix Santa Clara SV1 Data Center,80686.0,,,single_source_geometry,
site_01866,,PNNL,1,1,PNNL,building,PNNL:building_00045448535,Operating/inferred,True,False,MN,Hennepin County,,44.99145768142225,-93.28029157225949,True,Polygon,,,51180.0,,,single_source_geometry,
site_01867,CyrusOne CIN2,PNNL,1,1,PNNL,building,PNNL:building_00046128119,Operating/inferred,True,False,OH,Hamilton County,,39.102694860367215,-84.51789753744696,True,Polygon,CyrusOne,CyrusOne CIN2,29534.0,,,single_source_geometry,
site_01868,Centersquare IAD1-A,PNNL,1,1,PNNL,building,PNNL:building_00052094270,Operating/inferred,True,False,VA,Loudoun County,,39.023321212075864,-77.4132010228583,True,Polygon,Centersquare,Centersquare IAD1-A,89830.0,,,single_source_geometry,
site_01869,Flexential Minneapolis - Chaska,PNNL,1,1,PNNL,building,PNNL:building_00052227492,Operating/inferred,True,False,MN,Carver County,,44.851592871190945,-93.59883127427163,True,Polygon,Flexential,Flexential Minneapolis - Chaska,135505.0,,,single_source_geometry,
site_01870,Csquare SFO2,PNNL,1,1,PNNL,building,PNNL:building_00054119667,Operating/inferred,True,False,CA,Santa Clara County,,37.39861833320087,-121.98111165280665,True,Polygon,Csquare,Csquare SFO2,115693.0,,,single_source_geometry,
site_01871,Minnesota Gateway Data Center,PNNL,1,1,PNNL,building,PNNL:building_00063619642,Operating/inferred,True,False,MN,Hennepin County,,44.97130185223087,-93.25465186805063,True,Polygon,,Minnesota Gateway Data Center,87697.0,,,single_source_geometry,
site_01872,IBM Building,PNNL,1,1,PNNL,building,PNNL:building_00069827429,Operating/inferred,True,False,NY,Albany County,,42.64935307487593,-73.7527452452726,True,Polygon,,IBM Building,15355.0,,,single_source_geometry,
site_01873,,PNNL,1,1,PNNL,building,PNNL:building_00071187940,Operating/inferred,True,False,MI,Wayne County,,42.32626638236376,-83.07698605760793,True,Polygon,Verizon Wireless,,24933.0,,,single_source_geometry,
site_01874,,PNNL,1,1,PNNL,building,PNNL:building_00079056848,Operating/inferred,True,False,NH,Strafford County,,43.14361852296161,-70.95247263069143,True,Polygon,University of New Hampshire,,30553.0,,,single_source_geometry,
site_01875,,PNNL,1,1,PNNL,building,PNNL:building_00087058670,Operating/inferred,True,False,NH,Rockingham County,,43.076119257829404,-70.80804278020655,True,Polygon,FirstLight,,9316.0,,,single_source_geometry,
site_01876,CyrusOne Cincinnati-Lebanon,PNNL,1,1,PNNL,building,PNNL:building_00095349317,Operating/inferred,True,False,OH,Warren County,,39.389018744445785,-84.22187533686325,True,Polygon,,CyrusOne Cincinnati-Lebanon,198403.0,,,single_source_geometry,
site_01877,Equinix NY7 Data Center,PNNL,1,1,PNNL,building,PNNL:building_00095782052,Operating/inferred,True,False,NJ,Hudson County,,40.79686366512243,-74.03114084308724,True,Polygon,Equinix,Equinix NY7 Data Center,68650.0,,,single_source_geometry,
site_01878,Aureon,PNNL,1,1,PNNL,building,PNNL:building_00104082694,Operating/inferred,True,False,IA,Polk County,,41.58799896569892,-93.63100934776038,True,Polygon,,Aureon,11253.0,,,single_source_geometry,
site_01879,,PNNL,1,1,PNNL,building,PNNL:building_00116005354,Operating/inferred,True,False,NC,Catawba County,,35.588012637841835,-81.26252687782907,True,Polygon,,,564402.0,,,single_source_geometry,
site_01880,Digital Realty New York HVN10,PNNL,1,1,PNNL,building,PNNL:building_00122665255,Operating/inferred,True,False,CT,Greater Bridgeport Planning Region,,41.24084597137587,-73.14729941546844,True,Polygon,Digital Realty,Digital Realty New York HVN10,134982.0,,,single_source_geometry,
site_01881,Digital Realty CH1,PNNL,1,1,PNNL,building,PNNL:building_00128499684,Operating/inferred,True,False,IL,Cook County,,41.9942374288397,-87.96217216116061,True,Polygon,Digital Realty,Digital Realty CH1,469756.0,,,single_source_geometry,
site_01882,H5 Minneapolis,PNNL,1,1,PNNL,building,PNNL:building_00131874718,Operating/inferred,True,False,MN,Ramsey County,,44.97225309779238,-93.14746015507276,True,Polygon,H5,H5 Minneapolis,108201.0,,,single_source_geometry,
site_01883,Iron Mountain Records Storage,PNNL,1,1,PNNL,building,PNNL:building_00131891022,Operating/inferred,True,False,AZ,Maricopa County,,33.42038002636909,-112.04132578020345,True,Polygon,,Iron Mountain Records Storage,145832.0,,,single_source_geometry,
site_01884,Equinix SV8,PNNL,1,1,PNNL,building,PNNL:building_00132746406,Operating/inferred,True,False,CA,Santa Clara County,,37.44589521919974,-122.16078171336197,True,Polygon,Equinix,Equinix SV8,12034.0,,,single_source_geometry,
site_01885,NCSA Petascale Computing Facility,PNNL,1,1,PNNL,building,PNNL:building_00138260136,Operating/inferred,True,False,IL,Champaign County,,40.09525910728646,-88.24203140069088,True,Polygon,,NCSA Petascale Computing Facility,45620.0,,,single_source_geometry,
site_01886,LexisNexus Springfield,PNNL,1,1,PNNL,building,PNNL:building_00138643160,Operating/inferred,True,False,OH,Clark County,,39.912780083635845,-83.72376141562717,True,Polygon,,LexisNexus Springfield,79937.0,,,single_source_geometry,
site_01887,Digital Realty ORD11,PNNL,1,1,PNNL,building,PNNL:building_00149379943,Operating/inferred,True,False,IL,Cook County,,41.87429345515449,-87.6299544230129,True,Polygon,Digital Realty,Digital Realty ORD11,9092.0,,,single_source_geometry,
site_01888,Lumen,PNNL,1,1,PNNL,building,PNNL:building_00151179323,Operating/inferred,True,False,AZ,Maricopa County,,33.49433566334995,-112.0707857401212,True,Polygon,Lumen Technologies,Lumen,25456.0,,,single_source_geometry,
site_01889,L3Harris Technologies Inc,PNNL,1,1,PNNL,building,PNNL:building_00152163711,Operating/inferred,True,False,AZ,Maricopa County,,33.30535847275577,-111.67170400659428,True,Polygon,,L3Harris Technologies Inc,14469.0,,,single_source_geometry,
site_01890,AZ Labs,PNNL,1,1,PNNL,building,PNNL:building_00152163722,Operating/inferred,True,False,AZ,Maricopa County,,33.30627197658142,-111.67170030901957,True,Polygon,,AZ Labs,31625.0,,,single_source_geometry,
site_01891,Serverfarm CH1,PNNL,1,1,PNNL,building,PNNL:building_00152449872,Operating/inferred,True,False,IL,Cook County,,41.87094383200688,-87.64014138667577,True,Polygon,Serverfarm,Serverfarm CH1,56419.0,,,single_source_geometry,
site_01892,,PNNL,1,1,PNNL,building,PNNL:building_00156468497,Operating/inferred,True,False,VA,Fairfax County,,38.913701962686964,-77.2258381321817,True,Polygon,,,19578.0,,,single_source_geometry,
site_01893,Lakeside Technology Center,PNNL,1,1,PNNL,building,PNNL:building_00156520409,Operating/inferred,True,False,IL,Cook County,,41.85365260504632,-87.6183592533761,True,Polygon,,Lakeside Technology Center,129156.0,,,single_source_geometry,
site_01894,Flexential Phoenix - Deer Valley,PNNL,1,1,PNNL,building,PNNL:building_00157362579,Operating/inferred,True,False,AZ,Maricopa County,,33.684674135493076,-112.09835688433343,True,Polygon,Flexential,Flexential Phoenix - Deer Valley,110023.0,,,single_source_geometry,
site_01895,"Union Pacific Jack Koraleski Technology, Research & Development Center",PNNL,1,1,PNNL,building,PNNL:building_00166431620,Operating/inferred,True,False,NE,Douglas County,,41.31800464175668,-96.05034469682974,True,Polygon,Union Pacific Railroad,"Union Pacific Jack Koraleski Technology, Research & Development Center",54386.0,,,single_source_geometry,
site_01896,Molina Healthcare,PNNL,1,1,PNNL,building,PNNL:building_00169170979,Operating/inferred,True,False,NM,Bernalillo County,,34.99544591950108,-106.61803444531762,True,Polygon,,Molina Healthcare,25568.0,,,single_source_geometry,
site_01897,EdgeConneX CHI01,PNNL,1,1,PNNL,building,PNNL:building_00174242795,Operating/inferred,True,False,IL,Cook County,,42.00077520139855,-87.9507686963863,True,Polygon,EdgeConneX,EdgeConneX CHI01,120191.0,,,single_source_geometry,
site_01898,,PNNL,1,1,PNNL,building,PNNL:building_00178331621,Operating/inferred,True,False,MD,Frederick County,,39.377776311443,-77.41151850611422,True,Polygon,,,64023.0,,,single_source_geometry,
site_01899,Verizon Wireline Network Building,PNNL,1,1,PNNL,building,PNNL:building_00187574082,Operating/inferred,True,False,NJ,Middlesex County,,40.49490313172346,-74.44309493368364,True,Polygon,,Verizon Wireline Network Building,32247.0,,,single_source_geometry,
site_01900,RagingWire CA3,PNNL,1,1,PNNL,building,PNNL:building_00190868312,Operating/inferred,True,False,CA,Sacramento County,,38.64423935185345,-121.49876273285925,True,Polygon,NTT,RagingWire CA3,151366.0,,,single_source_geometry,
site_01901,Equinix New York Secaucus NY5,PNNL,1,1,PNNL,building,PNNL:building_00193611192,Operating/inferred,True,False,NJ,Hudson County,,40.77860177682814,-74.07230107005047,True,Polygon,Equinix,Equinix New York Secaucus NY5,211455.0,,,single_source_geometry,
site_01902,Equinix New York Secaucus NY4,PNNL,1,1,PNNL,building,PNNL:building_00193611211,Operating/inferred,True,False,NJ,Hudson County,,40.77642808061452,-74.06977591206658,True,Polygon,Equinix,Equinix New York Secaucus NY4,317271.0,,,single_source_geometry,
site_01903,Equinix NY3,PNNL,1,1,PNNL,building,PNNL:building_00193611216,Operating/inferred,True,False,NJ,Hudson County,,40.774852229978684,-74.06889005365075,True,Polygon,Equinix,Equinix NY3,274326.0,,,single_source_geometry,
site_01904,Equinix New York Secaucus NY2,PNNL,1,1,PNNL,building,PNNL:building_00193611219,Operating/inferred,True,False,NJ,Hudson County,,40.77741950863346,-74.07591693201753,True,Polygon,Equinix,Equinix New York Secaucus NY2,402960.0,,,single_source_geometry,
site_01905,Centersquare NYC3 Data Center,PNNL,1,1,PNNL,building,PNNL:building_00193612533,Operating/inferred,True,False,NJ,Hudson County,,40.786164392038,-74.06918218107636,True,Polygon,Centersquare,Centersquare NYC3 Data Center,143163.0,,,single_source_geometry,
site_01906,QTS Sacramento,PNNL,1,1,PNNL,building,PNNL:building_00194049551,Operating/inferred,True,False,CA,Sacramento County,,38.64634932685158,-121.48622274444375,True,Polygon,Quality Technology Services,QTS Sacramento,90196.0,,,single_source_geometry,
site_01907,,PNNL,1,1,PNNL,building,PNNL:building_00195165330,Operating/inferred,True,False,MO,Platte County,,39.2906006524332,-94.67586457208311,True,Polygon,,,59078.0,,,single_source_geometry,
site_01908,,PNNL,1,1,PNNL,building,PNNL:building_00195165354,Operating/inferred,True,False,MO,Platte County,,39.29565786992253,-94.67347189936218,True,Polygon,,,240121.0,,,single_source_geometry,
site_01909,Black Rock Financial Management,PNNL,1,1,PNNL,building,PNNL:building_00195165374,Operating/inferred,True,False,MO,Platte County,,39.295491746601805,-94.67802527416188,True,Polygon,,Black Rock Financial Management,80025.0,,,single_source_geometry,
site_01910,,PNNL,1,1,PNNL,building,PNNL:building_00195169261,Operating/inferred,True,False,MO,Platte County,,39.30240570006526,-94.68479180000348,True,Polygon,,,51140.0,,,single_source_geometry,
site_01911,CyrusOne Chicago Aurora CME,PNNL,1,1,PNNL,building,PNNL:building_00199252950,Operating/inferred,True,False,IL,DuPage County,,41.796710709040994,-88.24360276085451,True,Polygon,CyrusOne,CyrusOne Chicago Aurora CME,483103.0,,,single_source_geometry,
site_01912,Xfinity/Comcast Data Center,PNNL,1,1,PNNL,building,PNNL:building_00200989527,Operating/inferred,True,False,CO,Arapahoe County,,39.588307279176874,-104.83243481918149,True,Polygon,,Xfinity/Comcast Data Center,51338.0,,,single_source_geometry,
site_01913,IU Data Center,PNNL,1,1,PNNL,building,PNNL:building_00203432103,Operating/inferred,True,False,IN,Monroe County,,39.17441904078126,-86.50070264503239,True,Polygon,Indiana University,IU Data Center,94298.0,,,single_source_geometry,
site_01914,IO Datacenter,PNNL,1,1,PNNL,building,PNNL:building_00204316962,Operating/inferred,True,False,NJ,Middlesex County,,40.520901338871916,-74.34731684357497,True,Polygon,,IO Datacenter,829908.0,,,single_source_geometry,
site_01915,DataBank Piscataway EWR2,PNNL,1,1,PNNL,building,PNNL:building_00204460681,Operating/inferred,True,False,NJ,Middlesex County,,40.54921344851484,-74.45820961832148,True,Polygon,,DataBank Piscataway EWR2,50646.0,,,single_source_geometry,
site_01916,Optimum,PNNL,1,1,PNNL,building,PNNL:building_00204460799,Operating/inferred,True,False,NJ,Middlesex County,,40.54682624136092,-74.49202896228643,True,Polygon,,Optimum,68126.0,,,single_source_geometry,
site_01917,Equinix,PNNL,1,1,PNNL,building,PNNL:building_00204460812,Operating/inferred,True,False,NJ,Middlesex County,,40.544881931883474,-74.49538057530053,True,Polygon,Equinix,Equinix,62331.0,,,single_source_geometry,
site_01918,Barclays Datacenter,PNNL,1,1,PNNL,building,PNNL:building_00204460835,Operating/inferred,True,False,NJ,Middlesex County,,40.5472442650833,-74.45973725576991,True,Polygon,Barclays,Barclays Datacenter,352286.0,,,single_source_geometry,
site_01919,Digital Realty New York EWR12,PNNL,1,1,PNNL,building,PNNL:building_00204460903,Operating/inferred,True,False,NJ,Middlesex County,,40.5529045023767,-74.45930065392976,True,Polygon,Digital Realty,Digital Realty New York EWR12,302795.0,,,single_source_geometry,
site_01920,Digital Realty New York EWR11,PNNL,1,1,PNNL,building,PNNL:building_00204460950,Operating/inferred,True,False,NJ,Middlesex County,,40.55377882278532,-74.4571794816788,True,Polygon,Digital Realty,Digital Realty New York EWR11,96114.0,,,single_source_geometry,
site_01921,Intergate Seattle East Building 2,PNNL,1,1,PNNL,building,PNNL:building_00205724881,Operating/inferred,True,False,WA,King County,,47.49503090192437,-122.29056964991395,True,Polygon,,Intergate Seattle East Building 2,107319.0,,,single_source_geometry,
site_01922,Intergate Seattle East Building 1,PNNL,1,1,PNNL,building,PNNL:building_00205724885,Operating/inferred,True,False,WA,King County,,47.49485963017309,-122.28819434180774,True,Polygon,Sabey,Intergate Seattle East Building 1,97862.0,,,single_source_geometry,
site_01923,Equinix SV14,PNNL,1,1,PNNL,building,PNNL:building_00205823980,Operating/inferred,True,False,CA,Santa Clara County,,37.374962138504316,-121.98850932446409,True,Polygon,Equinix,Equinix SV14,20213.0,,,single_source_geometry,
site_01924,Csquare SFO4,PNNL,1,1,PNNL,building,PNNL:building_00209073658,Operating/inferred,True,False,CA,Santa Clara County,,37.37577706129449,-121.9551929871648,True,Polygon,Csquare,Csquare SFO4,27286.0,,,single_source_geometry,
site_01925,Lumen,PNNL,1,1,PNNL,building,PNNL:building_00209077298,Operating/inferred,True,False,CA,Santa Clara County,,37.37758479573238,-121.95068207526988,True,Polygon,Lumen Technologies,Lumen,15840.0,,,single_source_geometry,
site_01926,,PNNL,1,1,PNNL,building,PNNL:building_00209105766,Operating/inferred,True,False,CA,Santa Clara County,,37.379779111635564,-121.9499100438154,True,Polygon,,,18864.0,,,single_source_geometry,
site_01927,Evocative Santa Clara SJC11,PNNL,1,1,PNNL,building,PNNL:building_00209117217,Operating/inferred,True,False,CA,Santa Clara County,,37.389539602058925,-121.9619460438575,True,Polygon,,Evocative Santa Clara SJC11,51418.0,,,single_source_geometry,
site_01928,Iron Mountain Data & Record Storage,PNNL,1,1,PNNL,building,PNNL:building_00210222970,Operating/inferred,True,False,IL,Cook County,,41.84879669155961,-87.64550983406528,True,Polygon,Iron Mountain,Iron Mountain Data & Record Storage,106033.0,,,single_source_geometry,
site_01929,Data Storage Centers,PNNL,1,1,PNNL,building,PNNL:building_00210917861,Operating/inferred,True,False,AZ,Maricopa County,,33.421692874680716,-112.03430310768363,True,Polygon,,Data Storage Centers,38109.0,,,single_source_geometry,
site_01930,,PNNL,1,1,PNNL,building,PNNL:building_00211832626,Operating/inferred,True,False,MA,Essex County,,42.68570898649228,-71.20859932011268,True,Polygon,TierPoint,,51354.0,,,single_source_geometry,
site_01931,Flexential Charlotte - South,PNNL,1,1,PNNL,building,PNNL:building_00215630401,Operating/inferred,True,False,NC,Mecklenburg County,,35.13543064967395,-80.93687158006364,True,Polygon,Flexential,Flexential Charlotte - South,33741.0,,,single_source_geometry,
site_01932,Digital Realty Data Center,PNNL,1,1,PNNL,building,PNNL:building_00220518160,Operating/inferred,True,False,AZ,Maricopa County,,33.344648208315185,-111.899226799974,True,Polygon,Digital Realty,Digital Realty Data Center,67568.0,,,single_source_geometry,
site_01933,,PNNL,1,1,PNNL,building,PNNL:building_00221201212,Operating/inferred,True,False,WA,King County,,47.693323673804386,-122.31731718771367,True,Polygon,Comcast,,8025.0,,,single_source_geometry,
site_01934,Westin Building,PNNL,1,1,PNNL,building,PNNL:building_00223928497,Operating/inferred,True,False,WA,King County,,47.61435537680634,-122.3388642251616,True,Polygon,Digital Realty,Westin Building,13117.0,,,single_source_geometry,
site_01935,Dell 350 Holger Way,PNNL,1,1,PNNL,building,PNNL:building_00224139416,Operating/inferred,True,False,CA,Santa Clara County,,37.418407037850685,-121.9430846177997,True,Polygon,,Dell 350 Holger Way,45282.0,,,single_source_geometry,
site_01936,NCAR-Wyoming Supercomputing Center,PNNL,1,1,PNNL,building,PNNL:building_00231047065,Operating/inferred,True,False,WY,Laramie County,,41.12879048730292,-104.89748679471974,True,Polygon,University Corporation for Atmospheric Research,NCAR-Wyoming Supercomputing Center,101129.0,,,single_source_geometry,
site_01937,Segra Data Center,PNNL,1,1,PNNL,building,PNNL:building_00233888384,Operating/inferred,True,False,NC,Wake County,,35.7249920936468,-78.66236321040674,True,Polygon,,Segra Data Center,46141.0,,,single_source_geometry,
site_01938,TierPoint Sioux Falls West Data Center,PNNL,1,1,PNNL,building,PNNL:building_00239032142,Operating/inferred,True,False,SD,Minnehaha County,,43.60697077791878,-96.80919489840309,True,Polygon,,TierPoint Sioux Falls West Data Center,55963.0,,,single_source_geometry,
site_01939,eBay,PNNL,1,1,PNNL,building,PNNL:building_00240724127,Operating/inferred,True,False,UT,Salt Lake County,,40.5637493311281,-112.04772494385753,True,Polygon,,eBay,183167.0,,,single_source_geometry,
site_01940,Equinix Chicago Data CH7,PNNL,1,1,PNNL,building,PNNL:building_00243242167,Operating/inferred,True,False,IL,DuPage County,,41.812557111453394,-87.9728434935898,True,Polygon,Equinix,Equinix Chicago Data CH7,47336.0,,,single_source_geometry,
site_01941,PhoenixNAP,PNNL,1,1,PNNL,building,PNNL:building_00244490839,Operating/inferred,True,False,AZ,Maricopa County,,33.41605053769886,-112.0094263246897,True,Polygon,,PhoenixNAP,79223.0,,,single_source_geometry,
site_01942,Merrill Lynch Data Center,PNNL,1,1,PNNL,building,PNNL:building_00247427998,Operating/inferred,True,False,NY,Richmond County,,40.60738024218361,-74.17317970568563,True,Polygon,Merrill Lynch,Merrill Lynch Data Center,63435.0,,,single_source_geometry,
site_01943,32 Avenue of the Americas,PNNL,1,1,PNNL,building,PNNL:building_00250052753,Operating/inferred,True,False,NY,New York County,,40.719998478665225,-74.00463586981833,True,Polygon,,32 Avenue of the Americas,42396.0,,,single_source_geometry,
site_01944,Verizon,PNNL,1,1,PNNL,building,PNNL:building_00254583328,Operating/inferred,True,False,NV,Clark County,,36.144732607348836,-115.07792815622403,True,Polygon,,Verizon,25884.0,,,single_source_geometry,
site_01945,,PNNL,1,1,PNNL,building,PNNL:building_00254742608,Operating/inferred,True,False,TX,Bexar County,,29.44667420261524,-98.64069026748369,True,Polygon,,,127563.0,,,single_source_geometry,
site_01946,,PNNL,1,1,PNNL,building,PNNL:building_00254742609,Operating/inferred,True,False,TX,Bexar County,,29.44792213625347,-98.64112862038242,True,Polygon,,,142712.0,,,single_source_geometry,
site_01947,,PNNL,1,1,PNNL,building,PNNL:building_00254742610,Operating/inferred,True,False,TX,Bexar County,,29.447199009365736,-98.64099341797508,True,Polygon,,,36014.0,,,single_source_geometry,
site_01948,Evoque Allen DA1,PNNL,1,1,PNNL,building,PNNL:building_00254773897,Operating/inferred,True,False,TX,Collin County,,33.09506355613131,-96.68376373847303,True,Polygon,Centersquare,Evoque Allen DA1,114534.0,,,single_source_geometry,
site_01949,,PNNL,1,1,PNNL,building,PNNL:building_00256728809,Operating/inferred,True,False,NE,Douglas County,,41.26141936949243,-95.93649511237068,True,Polygon,,,69219.0,,,single_source_geometry,
site_01950,,PNNL,1,1,PNNL,building,PNNL:building_00258519934,Operating/inferred,True,False,VA,Fairfax County,,38.90924510953836,-77.47224542805822,True,Polygon,,,43330.0,,,single_source_geometry,
site_01951,,PNNL,1,1,PNNL,building,PNNL:building_00260996040,Operating/inferred,True,False,VA,Fairfax County,,38.750816595369955,-77.19627275728058,True,Polygon,,,56049.0,,,single_source_geometry,
site_01952,Cox Data Center,PNNL,1,1,PNNL,building,PNNL:building_00269166415,Operating/inferred,True,False,GA,Fulton County,,34.03620188757935,-84.31955321505815,True,Polygon,,Cox Data Center,127858.0,,,single_source_geometry,
site_01953,Csquare SFO3,PNNL,1,1,PNNL,building,PNNL:building_00271893323,Operating/inferred,True,False,CA,Santa Clara County,,37.372103697929965,-121.98603139645,True,Polygon,Csquare,Csquare SFO3,71209.0,,,single_source_geometry,
site_01954,Digital Realty New Jersey EWR10,PNNL,1,1,PNNL,building,PNNL:building_00279410766,Operating/inferred,True,False,NJ,Hudson County,,40.76183107982837,-74.0250249144998,True,Polygon,Digital Realty,Digital Realty New Jersey EWR10,126960.0,,,single_source_geometry,
site_01955,,PNNL,1,1,PNNL,building,PNNL:building_00283051469,Operating/inferred,True,False,WA,Grant County,,47.24621227884292,-119.81322935255957,True,Polygon,,,151976.0,,,single_source_geometry,
site_01956,,PNNL,1,1,PNNL,building,PNNL:building_00283051470,Operating/inferred,True,False,WA,Grant County,,47.24765247479226,-119.81318678101925,True,Polygon,,,133363.0,,,single_source_geometry,
site_01957,,PNNL,1,1,PNNL,building,PNNL:building_00283051471,Operating/inferred,True,False,WA,Grant County,,47.24616793078344,-119.81575602489733,True,Polygon,,,135310.0,,,single_source_geometry,
site_01958,,PNNL,1,1,PNNL,building,PNNL:building_00283051475,Operating/inferred,True,False,WA,Grant County,,47.2525738060569,-119.81966487505578,True,Polygon,,,246778.0,,,single_source_geometry,
site_01959,,PNNL,1,1,PNNL,building,PNNL:building_00283051478,Operating/inferred,True,False,WA,Grant County,,47.246735553110774,-119.82886591661293,True,Polygon,,,151213.0,,,single_source_geometry,
site_01960,,PNNL,1,1,PNNL,building,PNNL:building_00283051481,Operating/inferred,True,False,WA,Grant County,,47.2459914143102,-119.8297911817926,True,Polygon,,,35848.0,,,single_source_geometry,
site_01961,,PNNL,1,1,PNNL,building,PNNL:building_00283051482,Operating/inferred,True,False,WA,Grant County,,47.24598939949083,-119.8291703,True,Polygon,,,35925.0,,,single_source_geometry,
site_01962,,PNNL,1,1,PNNL,building,PNNL:building_00283051483,Operating/inferred,True,False,WA,Grant County,,47.24598937431324,-119.82815880653993,True,Polygon,,,33824.0,,,single_source_geometry,
site_01963,,PNNL,1,1,PNNL,building,PNNL:building_00283051484,Operating/inferred,True,False,WA,Grant County,,47.24600329947973,-119.82754149992971,True,Polygon,,,33688.0,,,single_source_geometry,
site_01964,,PNNL,1,1,PNNL,building,PNNL:building_00283051485,Operating/inferred,True,False,WA,Grant County,,47.24606673682079,-119.82866158737185,True,Polygon,,,19067.0,,,single_source_geometry,
site_01965,,PNNL,1,1,PNNL,building,PNNL:building_00288909509,Operating/inferred,True,False,MO,Platte County,,39.290121050497966,-94.68505095083452,True,Polygon,,,30923.0,,,single_source_geometry,
site_01966,33 Thomas Street,PNNL,1,1,PNNL,building,PNNL:building_00289884123,Operating/inferred,True,False,NY,New York County,,40.7165249817088,-74.0059130609563,True,Polygon,,33 Thomas Street,30791.0,,,single_source_geometry,
site_01967,VentureData,PNNL,1,1,PNNL,building,PNNL:building_00290101976,Operating/inferred,True,False,ID,Madison County,,43.825243232176796,-111.78209278694163,True,Polygon,,VentureData,18269.0,,,single_source_geometry,
site_01968,Cogent Data Center,PNNL,1,1,PNNL,building,PNNL:building_00290307022,Operating/inferred,True,False,AZ,Maricopa County,,33.400255234990105,-112.04789988122732,True,Polygon,"Cogent Communications, Inc.",Cogent Data Center,51675.0,,,single_source_geometry,
site_01969,CoreSpace Dallas,PNNL,1,1,PNNL,building,PNNL:building_00290703004,Operating/inferred,True,False,TX,Dallas County,,32.81755909182154,-96.87306493151617,True,Polygon,CoreSpace,CoreSpace Dallas,31626.0,,,single_source_geometry,
site_01970,,PNNL,1,1,PNNL,building,PNNL:building_00292506449,Operating/inferred,True,False,CO,Arapahoe County,,39.59013144249605,-104.84696328231581,True,Polygon,,,108473.0,,,single_source_geometry,
site_01971,zColo by Zayo,PNNL,1,1,PNNL,building,PNNL:building_00292506452,Operating/inferred,True,False,CO,Arapahoe County,,39.591351747526645,-104.84703864109652,True,Polygon,,zColo by Zayo,62177.0,,,single_source_geometry,
site_01972,Intergate Seattle East Building 5,PNNL,1,1,PNNL,building,PNNL:building_00293211683,Operating/inferred,True,False,WA,King County,,47.49191977023952,-122.28973615206532,True,Polygon,Sabey,Intergate Seattle East Building 5,200124.0,,,single_source_geometry,
site_01973,Intergate Seattle East Building 3,PNNL,1,1,PNNL,building,PNNL:building_00293211686,Operating/inferred,True,False,WA,King County,,47.493556238112845,-122.29030164481166,True,Polygon,Sabey,Intergate Seattle East Building 3,203387.0,,,single_source_geometry,
site_01974,Level 3 Ashburn,PNNL,1,1,PNNL,building,PNNL:building_00300162689,Operating/inferred,True,False,VA,Loudoun County,,39.0221725562622,-77.45759526371418,True,Polygon,Lumen Technologies,Level 3 Ashburn,49022.0,,,single_source_geometry,
site_01975,Databank Ashburn IAD1,PNNL,1,1,PNNL,building,PNNL:building_00300970759,Operating/inferred,True,False,VA,Loudoun County,,39.01554879745239,-77.48213787541994,True,Polygon,Databank,Databank Ashburn IAD1,144740.0,,,single_source_geometry,
site_01976,Golds Gym Ashburn,PNNL,1,1,PNNL,building,PNNL:building_00300970761,Operating/inferred,True,False,VA,Loudoun County,,39.01560147883306,-77.48327064329858,True,Polygon,,Golds Gym Ashburn,54700.0,,,single_source_geometry,
site_01977,VISA,PNNL,1,1,PNNL,building,PNNL:building_00317466755,Operating/inferred,True,False,IL,Lake County,,42.216756536018735,-87.95284650862307,True,Polygon,VISA,VISA,55001.0,,,single_source_geometry,
site_01978,John F. Simms Building,PNNL,1,1,PNNL,building,PNNL:building_00318069356,Operating/inferred,True,False,NM,Santa Fe County,,35.67244389730999,-105.95657515744648,True,Polygon,SONM,John F. Simms Building,31727.0,,,single_source_geometry,
site_01979,Lumen San Antonio 2,PNNL,1,1,PNNL,building,PNNL:building_00319857331,Operating/inferred,True,False,TX,Bexar County,,29.438279094436894,-98.50652172672935,True,Polygon,Lumen Technologies,Lumen San Antonio 2,12722.0,,,single_source_geometry,
site_01980,Stack Infrastructure Portland 2 Data Center,PNNL,1,1,PNNL,building,PNNL:building_00328702378,Operating/inferred,True,False,OR,Washington County,,45.547311791366376,-122.89744896301694,True,Polygon,,Stack Infrastructure Portland 2 Data Center,215217.0,,,single_source_geometry,
site_01981,Digital Realty PDX10 Data Center,PNNL,1,1,PNNL,building,PNNL:building_00328702750,Operating/inferred,True,False,OR,Washington County,,45.54761722382477,-122.89195798239217,True,Polygon,Digital Realty,Digital Realty PDX10 Data Center,68807.0,,,single_source_geometry,
site_01982,Flexential Portland - Hillsboro 1,PNNL,1,1,PNNL,building,PNNL:building_00328703599,Operating/inferred,True,False,OR,Washington County,,45.550333986427404,-122.89220172053012,True,Polygon,Flexential,Flexential Portland - Hillsboro 1,44088.0,,,single_source_geometry,
site_01983,Flexential Louisville - East,PNNL,1,1,PNNL,building,PNNL:building_00329551673,Operating/inferred,True,False,KY,Jefferson County,,38.277197827679295,-85.50724111669626,True,Polygon,Flexential,Flexential Louisville - East,34794.0,,,single_source_geometry,
site_01984,Flexential Louisville - Downtown,PNNL,1,1,PNNL,building,PNNL:building_00330276516,Operating/inferred,True,False,KY,Jefferson County,,38.24249601378566,-85.73335104065765,True,Polygon,Flexential,Flexential Louisville - Downtown,36525.0,,,single_source_geometry,
site_01985,Baltimore Technology Park,PNNL,1,1,PNNL,building,PNNL:building_00336387583,Operating/inferred,True,False,MD,Baltimore city,,39.27538391165092,-76.62552663391303,True,Polygon,,Baltimore Technology Park,30131.0,,,single_source_geometry,
site_01986,Intergate Seattle West Building B,PNNL,1,1,PNNL,building,PNNL:building_00337126741,Operating/inferred,True,False,WA,King County,,47.49307629033907,-122.29368392327882,True,Polygon,Sabey,Intergate Seattle West Building B,19140.0,,,single_source_geometry,
site_01987,Intergate Seattle West Building A,PNNL,1,1,PNNL,building,PNNL:building_00337126742,Operating/inferred,True,False,WA,King County,,47.49214782871073,-122.293319807759,True,Polygon,Sabey,Intergate Seattle West Building A,38547.0,,,single_source_geometry,
site_01988,,PNNL,1,1,PNNL,building,PNNL:building_00337127832,Operating/inferred,True,False,WA,Grant County,,47.23881859630125,-119.85935927491568,True,Polygon,,,44365.0,,,single_source_geometry,
site_01989,,PNNL,1,1,PNNL,building,PNNL:building_00337127833,Operating/inferred,True,False,WA,Grant County,,47.23826232566218,-119.85936632665342,True,Polygon,,,32106.0,,,single_source_geometry,
site_01990,Geneseo Communications Inc,PNNL,1,1,PNNL,building,PNNL:building_00342664739,Operating/inferred,True,False,IA,Scott County,,41.55026944582376,-90.482409225225,True,Polygon,,Geneseo Communications Inc,53983.0,,,single_source_geometry,
site_01991,,PNNL,1,1,PNNL,building,PNNL:building_00343593591,Operating/inferred,True,False,IL,DuPage County,,41.90535458903981,-88.21951394141162,True,Polygon,,,14550.0,,,single_source_geometry,
site_01992,,PNNL,1,1,PNNL,building,PNNL:building_00345650474,Operating/inferred,True,False,NJ,Middlesex County,,40.5528187281629,-74.45667583889342,True,Polygon,,,61263.0,,,single_source_geometry,
site_01993,,PNNL,1,1,PNNL,building,PNNL:building_00349925359,Operating/inferred,True,False,IN,Hancock County,,39.71718414793671,-85.94132960161893,True,Polygon,Verizon Wireless,,21005.0,,,single_source_geometry,
site_01994,,PNNL,1,1,PNNL,building,PNNL:building_00354590432,Operating/inferred,True,False,NJ,Hudson County,,40.78473886879808,-74.06435818266343,True,Polygon,,,34462.0,,,single_source_geometry,
site_01995,Flexential Salt Lake City - South Valley,PNNL,1,1,PNNL,building,PNNL:building_00355926681,Operating/inferred,True,False,UT,Salt Lake County,,40.62035188350187,-111.98604691692421,True,Polygon,Flexential,Flexential Salt Lake City - South Valley,30547.0,,,single_source_geometry,
site_01996,QES Computers,PNNL,1,1,PNNL,building,PNNL:building_00358946546,Operating/inferred,True,False,CA,Alameda County,,37.699475300043446,-121.90379949999843,True,Polygon,,QES Computers,941.0,,,single_source_geometry,
site_01997,Equinix SE3 Data Center,PNNL,1,1,PNNL,building,PNNL:building_00359930465,Operating/inferred,True,False,WA,King County,,47.61442272967249,-122.33974344575807,True,Polygon,Equinix,Equinix SE3 Data Center,12575.0,,,single_source_geometry,
site_01998,QTS Piscataway Data Center,PNNL,1,1,PNNL,building,PNNL:building_00362662493,Operating/inferred,True,False,NJ,Middlesex County,,40.55696486399719,-74.48400692707673,True,Polygon,Quality Technology Services,QTS Piscataway Data Center,343444.0,,,single_source_geometry,
site_01999,AiNET,PNNL,1,1,PNNL,building,PNNL:building_00363017375,Operating/inferred,True,False,MD,Prince George's County,,39.052822508078144,-76.92590821703205,True,Polygon,,AiNET,43057.0,,,single_source_geometry,
site_02000,,PNNL,1,1,PNNL,building,PNNL:building_00365941471,Operating/inferred,True,False,PR,San Juan Municipio,,18.446826968330527,-66.0516872147712,True,Polygon,Claro,,23137.0,,,single_source_geometry,
site_02001,Lumen Norristown,PNNL,1,1,PNNL,building,PNNL:building_00366049843,Operating/inferred,True,False,PA,Montgomery County,,40.1270582669318,-75.40863781443159,True,Polygon,Lumen Technologies,Lumen Norristown,34224.0,,,single_source_geometry,
site_02002,Pittock Block,PNNL,1,1,PNNL,building,PNNL:building_00369452572,Operating/inferred,True,False,OR,Multnomah County,,45.521543581997186,-122.68070403612809,True,Polygon,,Pittock Block,41556.0,,,single_source_geometry,
site_02003,Data Center,PNNL,1,1,PNNL,building,PNNL:building_00369728508,Operating/inferred,True,False,OR,Washington County,,45.526683793418876,-122.87550380152314,True,Polygon,Oregon Health & Science University,Data Center,25297.0,,,single_source_geometry,
site_02004,Cisco Allen,PNNL,1,1,PNNL,building,PNNL:building_00373913881,Operating/inferred,True,False,TX,Collin County,,33.135980195526706,-96.66095239322138,True,Polygon,,Cisco Allen,162023.0,,,single_source_geometry,
site_02005,,PNNL,1,1,PNNL,building,PNNL:building_00373945186,Operating/inferred,True,False,OR,Crook County,,44.29489361961425,-120.8839983863009,True,Polygon,,,231830.0,,,single_source_geometry,
site_02006,CSSNW Bellingham,PNNL,1,1,PNNL,building,PNNL:building_00376627431,Operating/inferred,True,False,WA,Whatcom County,,48.75726819331372,-122.48054752807799,True,Polygon,CSS Communications,CSSNW Bellingham,4312.0,,,single_source_geometry,
site_02007,EdgeConneX CHI02,PNNL,1,1,PNNL,building,PNNL:building_00377032058,Operating/inferred,True,False,IL,Cook County,,42.001494373393264,-87.95256335815348,True,Polygon,EdgeConneX,EdgeConneX CHI02,64358.0,,,single_source_geometry,
site_02008,Element Critical CH2,PNNL,1,1,PNNL,building,PNNL:building_00377212693,Operating/inferred,True,False,IL,DuPage County,,41.97422731222964,-87.9671757623118,True,Polygon,Element Critical,Element Critical CH2,44358.0,,,single_source_geometry,
site_02009,Centersquare Elk Grove Village Data Center Campus ORD2,PNNL,1,1,PNNL,building,PNNL:building_00377345296,Operating/inferred,True,False,IL,DuPage County,,41.992040415356676,-87.95817200961845,True,Polygon,Centersquare,Centersquare Elk Grove Village Data Center Campus ORD2,198323.0,,,single_source_geometry,
site_02010,Flexential Denver - Englewood,PNNL,1,1,PNNL,building,PNNL:building_00377545385,Operating/inferred,True,False,CO,Douglas County,,39.55897087407264,-104.83755343632711,True,Polygon,Flexential,Flexential Denver - Englewood,198772.0,,,single_source_geometry,
site_02011,EdgeConneX Detroit DET01,PNNL,1,1,PNNL,building,PNNL:building_00377585075,Operating/inferred,True,False,MI,Oakland County,,42.447696914234804,-83.26266713633784,True,Polygon,EdgeConneX,EdgeConneX Detroit DET01,40574.0,,,single_source_geometry,
site_02012,Lumen Austin 3,PNNL,1,1,PNNL,building,PNNL:building_00379195054,Operating/inferred,True,False,TX,Travis County,,30.261396172131168,-97.72359737399289,True,Polygon,Lumen Technologies,Lumen Austin 3,5068.0,,,single_source_geometry,
site_02013,Alpheus DataCenter,PNNL,1,1,PNNL,building,PNNL:building_00379199519,Operating/inferred,True,False,TX,Travis County,,30.261043226760542,-97.72210231000722,True,Polygon,Alpheus,Alpheus DataCenter,36089.0,,,single_source_geometry,
site_02014,Digital Realty Austin AUS11,PNNL,1,1,PNNL,building,PNNL:building_00379204279,Operating/inferred,True,False,TX,Travis County,,30.21217551197644,-97.6957806400088,True,Polygon,,Digital Realty Austin AUS11,79985.0,,,single_source_geometry,
site_02015,LightEdge Austin II,PNNL,1,1,PNNL,building,PNNL:building_00379204643,Operating/inferred,True,False,TX,Travis County,,30.200676320425476,-97.70704415374419,True,Polygon,,LightEdge Austin II,86445.0,,,single_source_geometry,
site_02016,CyrusOne Austin Data Center II,PNNL,1,1,PNNL,building,PNNL:building_00379204766,Operating/inferred,True,False,TX,Travis County,,30.205929677925745,-97.69796494527762,True,Polygon,,CyrusOne Austin Data Center II,77356.0,,,single_source_geometry,
site_02017,Data Foundry Austin 1 Data Center,PNNL,1,1,PNNL,building,PNNL:building_00379205427,Operating/inferred,True,False,TX,Travis County,,30.215503976280193,-97.69607393452047,True,Polygon,,Data Foundry Austin 1 Data Center,50461.0,,,single_source_geometry,
site_02018,LightEdge Austin I,PNNL,1,1,PNNL,building,PNNL:building_00382785871,Operating/inferred,True,False,TX,Travis County,,30.21429715095225,-97.71266756573961,True,Polygon,,LightEdge Austin I,30876.0,,,single_source_geometry,
site_02019,Skybox Chicago I,PNNL,1,1,PNNL,building,PNNL:building_00383545769,Operating/inferred,True,False,IL,Cook County,,41.99366849754896,-87.9735185179455,True,Polygon,Skybox,Skybox Chicago I,174575.0,,,single_source_geometry,
site_02020,Hurricane Electric Fremont 1,PNNL,1,1,PNNL,building,PNNL:building_00383728972,Operating/inferred,True,False,CA,Alameda County,,37.48986462008944,-121.93101655253417,True,Polygon,Hurricane Electric,Hurricane Electric Fremont 1,33640.0,,,single_source_geometry,
site_02021,Lumen Austin 1,PNNL,1,1,PNNL,building,PNNL:building_00383888101,Operating/inferred,True,False,TX,Travis County,,30.196499004972576,-97.71239983833573,True,Polygon,,Lumen Austin 1,74722.0,,,single_source_geometry,
site_02022,Data Foundry - Texas 1,PNNL,1,1,PNNL,building,PNNL:building_00383888914,Operating/inferred,True,False,TX,Travis County,,30.198926082371674,-97.71378843935518,True,Polygon,,Data Foundry - Texas 1,137095.0,,,single_source_geometry,
site_02023,Hurricane Electric Fremont 2,PNNL,1,1,PNNL,building,PNNL:building_00384310269,Operating/inferred,True,False,CA,Alameda County,,37.471827238512944,-121.92031059714009,True,Polygon,Hurricane Electric,Hurricane Electric Fremont 2,181268.0,,,single_source_geometry,
site_02024,Element Critical,PNNL,1,1,PNNL,building,PNNL:building_00384396017,Operating/inferred,True,False,TX,Travis County,,30.342800020345656,-97.69617577010003,True,Polygon,,Element Critical,61978.0,,,single_source_geometry,
site_02025,165 Halsey / Equinix NY1 / Databank EWR1,PNNL,1,1,PNNL,building,PNNL:building_00387208881,Operating/inferred,True,False,NJ,Essex County,,40.73672574708444,-74.17392520750958,True,Polygon,Tishman,165 Halsey / Equinix NY1 / Databank EWR1,89363.0,,,single_source_geometry,
site_02026,TierPoint Little Rock,PNNL,1,1,PNNL,building,PNNL:building_00388148510,Operating/inferred,True,False,AR,Pulaski County,,34.75623579847398,-92.44472351005183,True,Polygon,,TierPoint Little Rock,31845.0,,,single_source_geometry,
site_02027,Walmart Colorado Data Center,PNNL,1,1,PNNL,building,PNNL:building_00400540223,Operating/inferred,True,False,CO,El Paso County,,38.98574620589175,-104.78726998003246,True,Polygon,Walmart,Walmart Colorado Data Center,219542.0,,,single_source_geometry,
site_02028,Verizon,PNNL,1,1,PNNL,building,PNNL:building_00405034574,Operating/inferred,True,False,NE,Douglas County,,41.33832138450139,-96.0277741269746,True,Polygon,,Verizon,11836.0,,,single_source_geometry,
site_02029,Verizon,PNNL,1,1,PNNL,building,PNNL:building_00405034584,Operating/inferred,True,False,NE,Douglas County,,41.33843614997797,-96.02861432583268,True,Polygon,,Verizon,87375.0,,,single_source_geometry,
site_02030,George C. Wallace Alabama Supercomputer Center,PNNL,1,1,PNNL,building,PNNL:building_00408012357,Operating/inferred,True,False,AL,Madison County,,34.73654090277783,-86.67309882783594,True,Polygon,Alabama Supercomputer Authority,George C. Wallace Alabama Supercomputer Center,14919.0,,,single_source_geometry,
site_02031,Digital Realty Chicago ORD12,PNNL,1,1,PNNL,building,PNNL:building_00409296605,Operating/inferred,True,False,IL,Cook County,,41.928378286120044,-87.85923594325138,True,Polygon,Digital Realty,Digital Realty Chicago ORD12,90165.0,,,single_source_geometry,
site_02032,,PNNL,1,1,PNNL,building,PNNL:building_00410408067,Operating/inferred,True,False,WA,Grant County,,47.23763280547861,-119.86448737759345,True,Polygon,,,36918.0,,,single_source_geometry,
site_02033,Microsoft,PNNL,1,1,PNNL,building,PNNL:building_00410408073,Operating/inferred,True,False,WA,Grant County,,47.23947854795628,-119.88299787007462,True,Polygon,Microsoft,Microsoft,151246.0,,,single_source_geometry,
site_02034,Microsoft,PNNL,1,1,PNNL,building,PNNL:building_00410408074,Operating/inferred,True,False,WA,Grant County,,47.238574845290714,-119.88308360926234,True,Polygon,Microsoft,Microsoft,147922.0,,,single_source_geometry,
site_02035,,PNNL,1,1,PNNL,building,PNNL:building_00410408079,Operating/inferred,True,False,WA,Grant County,,47.23948769629937,-119.85940592515068,True,Polygon,,,46835.0,,,single_source_geometry,
site_02036,,PNNL,1,1,PNNL,building,PNNL:building_00414055239,Operating/inferred,True,False,WY,Laramie County,,41.1262309898459,-104.90187602195962,True,Polygon,,,140780.0,,,single_source_geometry,
site_02037,,PNNL,1,1,PNNL,building,PNNL:building_00424945736,Operating/inferred,True,False,CA,Los Angeles County,,33.91772905166227,-118.38631267027328,True,Polygon,Centurylink,,71500.0,,,single_source_geometry,
site_02038,Serverfarm - LAX1,PNNL,1,1,PNNL,building,PNNL:building_00424945845,Operating/inferred,True,False,CA,Los Angeles County,,33.92174167558056,-118.38643608724031,True,Polygon,Serverfarm LLC.,Serverfarm - LAX1,119102.0,,,single_source_geometry,
site_02039,Google - Thornton,PNNL,1,1,PNNL,building,PNNL:building_00426586135,Operating/inferred,True,False,CO,Adams County,,39.922418557554764,-104.98324467111505,True,Polygon,Google,Google - Thornton,86059.0,,,single_source_geometry,
site_02040,One Wilshire,PNNL,1,1,PNNL,building,PNNL:building_00428021816,Operating/inferred,True,False,CA,Los Angeles County,,34.04789230531704,-118.25554585155656,True,Polygon,,One Wilshire,43850.0,,,single_source_geometry,
site_02041,UF Research Computing Center,PNNL,1,1,PNNL,building,PNNL:building_00429782814,Operating/inferred,True,False,FL,Alachua County,,29.672591133291224,-82.29992999372256,True,Polygon,University of Florida,UF Research Computing Center,36370.0,,,single_source_geometry,
site_02042,NAP of the Americas,PNNL,1,1,PNNL,building,PNNL:building_00435518280,Operating/inferred,True,False,FL,Miami-Dade County,,25.782378977030266,-80.19307541186281,True,Polygon,,NAP of the Americas,122625.0,,,single_source_geometry,
site_02043,,PNNL,1,1,PNNL,building,PNNL:building_00435531451,Operating/inferred,True,False,FL,Miami-Dade County,,25.79754440402661,-80.230033722435,True,Polygon,,,15911.0,,,single_source_geometry,
site_02044,CyrusOne NVA5,PNNL,1,1,PNNL,building,PNNL:building_00435817145,Operating/inferred,True,False,VA,Loudoun County,,39.024327100481464,-77.43403366059391,True,Polygon,CyrusOne,CyrusOne NVA5,506948.0,,,single_source_geometry,
site_02045,Facebook Altoona Data Center 1,PNNL,1,1,PNNL,building,PNNL:building_00438078069,Operating/inferred,True,False,IA,Polk County,,41.6642411277008,-93.51472775765038,True,Polygon,Meta,Facebook Altoona Data Center 1,315400.0,,,single_source_geometry,
site_02046,Facebook Altoona Data Center 2,PNNL,1,1,PNNL,building,PNNL:building_00438078070,Operating/inferred,True,False,IA,Polk County,,41.66553719114288,-93.50817041153361,True,Polygon,Meta,Facebook Altoona Data Center 2,307370.0,,,single_source_geometry,
site_02047,Lumen Technologies,PNNL,1,1,PNNL,building,PNNL:building_00441502816,Operating/inferred,True,False,CA,Orange County,,33.716777907497594,-117.80580094927477,True,Polygon,,Lumen Technologies,85658.0,,,single_source_geometry,
site_02048,Lumen,PNNL,1,1,PNNL,building,PNNL:building_00444683815,Operating/inferred,True,False,WA,Spokane County,,47.654225584825305,-117.42000258764048,True,Polygon,Lumen Technologies,Lumen,25399.0,,,single_source_geometry,
site_02049,,PNNL,1,1,PNNL,building,PNNL:building_00447803368,Operating/inferred,True,False,WI,Dane County,,43.06728877873921,-89.43673598135521,True,Polygon,,,9176.0,,,single_source_geometry,
site_02050,,PNNL,1,1,PNNL,building,PNNL:building_00451491797,Operating/inferred,True,False,NJ,Hudson County,,40.78413403768732,-74.06556019989502,True,Polygon,,,150951.0,,,single_source_geometry,
site_02051,Evocative Secaucus,PNNL,1,1,PNNL,building,PNNL:building_00451497833,Operating/inferred,True,False,NJ,Hudson County,,40.787550185315126,-74.06804834898094,True,Polygon,Evocative,Evocative Secaucus,101304.0,,,single_source_geometry,
site_02052,Time Warner Datacenter,PNNL,1,1,PNNL,building,PNNL:building_00453969917,Operating/inferred,True,False,CO,Arapahoe County,,39.5989600863557,-104.8603774822199,True,Polygon,,Time Warner Datacenter,33804.0,,,single_source_geometry,
site_02053,Time Warner Datacenter,PNNL,1,1,PNNL,building,PNNL:building_00453969923,Operating/inferred,True,False,CO,Arapahoe County,,39.59993080115642,-104.86018232055083,True,Polygon,,Time Warner Datacenter,61435.0,,,single_source_geometry,
site_02054,CyrusOne Austin Data Center III,PNNL,1,1,PNNL,building,PNNL:building_00455171103,Operating/inferred,True,False,TX,Travis County,,30.206993743520524,-97.7011142781365,True,Polygon,,CyrusOne Austin Data Center III,189921.0,,,single_source_geometry,
site_02055,Apollo Cable Landing Station,PNNL,1,1,PNNL,building,PNNL:building_00459188722,Operating/inferred,True,False,NJ,Monmouth County,,40.15704355065648,-74.10158204974093,True,Polygon,Apollo,Apollo Cable Landing Station,25904.0,,,single_source_geometry,
site_02056,Cable & Wireless Cable Landing Station,PNNL,1,1,PNNL,building,PNNL:building_00459188725,Operating/inferred,True,False,NY,Suffolk County,,40.84365992460773,-72.88334530997138,True,Polygon,,Cable & Wireless Cable Landing Station,36746.0,,,single_source_geometry,
site_02057,Amazon IAD16,PNNL,1,1,PNNL,building,PNNL:building_00460056023,Operating/inferred,True,False,VA,Loudoun County,,38.99069899784283,-77.44882479290187,True,Polygon,Amazon Web Services,Amazon IAD16,75817.0,,,single_source_geometry,
site_02058,,PNNL,1,1,PNNL,building,PNNL:building_00460070135,Operating/inferred,True,False,OR,Umatilla County,,45.91583559984652,-119.26632355,True,Polygon,,,2605.0,,,single_source_geometry,
site_02059,,PNNL,1,1,PNNL,building,PNNL:building_00460070136,Operating/inferred,True,False,OR,Umatilla County,,45.915835599846574,-119.2665274,True,Polygon,,,2608.0,,,single_source_geometry,
site_02060,,PNNL,1,1,PNNL,building,PNNL:building_00460070137,Operating/inferred,True,False,OR,Umatilla County,,45.91583559984652,-119.26672585,True,Polygon,,,2605.0,,,single_source_geometry,
site_02061,,PNNL,1,1,PNNL,building,PNNL:building_00460070138,Operating/inferred,True,False,OR,Umatilla County,,45.91583559984655,-119.26711215,True,Polygon,,,2605.0,,,single_source_geometry,
site_02062,,PNNL,1,1,PNNL,building,PNNL:building_00460070139,Operating/inferred,True,False,OR,Umatilla County,,45.91584309984662,-119.26731594999998,True,Polygon,,,2605.0,,,single_source_geometry,
site_02063,,PNNL,1,1,PNNL,building,PNNL:building_00460070140,Operating/inferred,True,False,OR,Umatilla County,,45.91583189984655,-119.26751175,True,Polygon,,,2605.0,,,single_source_geometry,
site_02064,,PNNL,1,1,PNNL,building,PNNL:building_00460070141,Operating/inferred,True,False,OR,Umatilla County,,45.91583559984655,-119.26771695000002,True,Polygon,,,2605.0,,,single_source_geometry,
site_02065,Amazon PDX2,PNNL,1,1,PNNL,building,PNNL:building_00460070143,Operating/inferred,True,False,OR,Umatilla County,,45.91640356429687,-119.26777584933069,True,Polygon,Amazon Web Services,Amazon PDX2,133053.0,,,single_source_geometry,
site_02066,Amazon Web Services us-west-2,PNNL,1,1,PNNL,building,PNNL:building_00460070144,Operating/inferred,True,False,OR,Morrow County,,45.841003193690035,-119.65276874957645,True,Polygon,Amazon Web Services,Amazon Web Services us-west-2,127483.0,,,single_source_geometry,
site_02067,Amazon Web Services us-west-2,PNNL,1,1,PNNL,building,PNNL:building_00460070145,Operating/inferred,True,False,OR,Morrow County,,45.85223533738975,-119.62988821726834,True,Polygon,Amazon Web Services,Amazon Web Services us-west-2,267452.0,,,single_source_geometry,
site_02068,Amazon Web Services us-west-2,PNNL,1,1,PNNL,building,PNNL:building_00460070147,Operating/inferred,True,False,OR,Morrow County,,45.850880751269834,-119.63052370002721,True,Polygon,Amazon Web Services,Amazon Web Services us-west-2,103260.0,,,single_source_geometry,
site_02069,,PNNL,1,1,PNNL,building,PNNL:building_00460159925,Operating/inferred,True,False,CA,Santa Clara County,,37.40390424000007,-121.88929689106432,True,Polygon,NTT Limited,,75249.0,,,single_source_geometry,
site_02070,Csquare SFO1,PNNL,1,1,PNNL,building,PNNL:building_00460159928,Operating/inferred,True,False,CA,Santa Clara County,,37.37043804478318,-121.96982954691394,True,Polygon,Csquare,Csquare SFO1,83921.0,,,single_source_geometry,
site_02071,,PNNL,1,1,PNNL,building,PNNL:building_00460159955,Operating/inferred,True,False,CA,Santa Clara County,,37.371778697164096,-121.97250520730036,True,Polygon,Vantage,,75686.0,,,single_source_geometry,
site_02072,Digital Realty New Jersey EWR20,PNNL,1,1,PNNL,building,PNNL:building_00460177088,Operating/inferred,True,False,NJ,Passaic County,,40.82992945585005,-74.12674913164862,True,Polygon,Digital Realty,Digital Realty New Jersey EWR20,29614.0,,,single_source_geometry,
site_02073,CyrusOne Somerset,PNNL,1,1,PNNL,building,PNNL:building_00460182320,Operating/inferred,True,False,NJ,Somerset County,,40.537986381868514,-74.54565865822576,True,Polygon,CyrusOne,CyrusOne Somerset,318583.0,,,single_source_geometry,
site_02074,BNY Mellon Somerset,PNNL,1,1,PNNL,building,PNNL:building_00460182335,Operating/inferred,True,False,NJ,Somerset County,,40.53601964911133,-74.5534089707814,True,Polygon,,BNY Mellon Somerset,121002.0,,,single_source_geometry,
site_02075,,PNNL,1,1,PNNL,building,PNNL:building_00460182337,Operating/inferred,True,False,NJ,Somerset County,,40.537538352599995,-74.55554039982248,True,Polygon,Digital Realty,,125668.0,,,single_source_geometry,
site_02076,Digital Realty New Jersey EWR21,PNNL,1,1,PNNL,building,PNNL:building_00460182351,Operating/inferred,True,False,NJ,Passaic County,,40.83058580151704,-74.12451439724033,True,Polygon,Digital Realty,Digital Realty New Jersey EWR21,71645.0,,,single_source_geometry,
site_02077,,PNNL,1,1,PNNL,building,PNNL:building_00460212563,Operating/inferred,True,False,CA,Los Angeles County,,34.19986910792885,-118.34378887471212,True,Polygon,Centurylink,,43140.0,,,single_source_geometry,
site_02078,Amazon IAD78,PNNL,1,1,PNNL,building,PNNL:building_00463571875,Operating/inferred,True,False,VA,Loudoun County,,39.026368042625414,-77.44952022668694,True,Polygon,Amazon Web Services,Amazon IAD78,147979.0,,,single_source_geometry,
site_02079,,PNNL,1,1,PNNL,building,PNNL:building_00464097467,Operating/inferred,True,False,NV,Washoe County,,39.56710538351869,-119.54857352752407,True,Polygon,,,276687.0,,,single_source_geometry,
site_02080,Lumen Dallas - 3180 Irving Blvd.,PNNL,1,1,PNNL,building,PNNL:building_00465032201,Operating/inferred,True,False,TX,Dallas County,,32.806954885472585,-96.86858877539873,True,Polygon,Lumen Technologies,Lumen Dallas - 3180 Irving Blvd.,80859.0,,,single_source_geometry,
site_02081,Lumen Dallas 6,PNNL,1,1,PNNL,building,PNNL:building_00465032484,Operating/inferred,True,False,TX,Dallas County,,32.82799793180718,-96.88438205812223,True,Polygon,Lumen Technologies,Lumen Dallas 6,12977.0,,,single_source_geometry,
site_02082,Digital Realty DFW36,PNNL,1,1,PNNL,building,PNNL:building_00465032487,Operating/inferred,True,False,TX,Dallas County,,32.82754986077816,-96.87374979541197,True,Polygon,Digital Realty,Digital Realty DFW36,24499.0,,,single_source_geometry,
site_02083,DataBank Dallas Empire Central Data Center,PNNL,1,1,PNNL,building,PNNL:building_00465032631,Operating/inferred,True,False,TX,Dallas County,,32.82173820429836,-96.87359763406623,True,Polygon,DataBank,DataBank Dallas Empire Central Data Center,67717.0,,,single_source_geometry,
site_02084,Verizon,PNNL,1,1,PNNL,building,PNNL:building_00465530450,Operating/inferred,True,False,CO,Arapahoe County,,39.58924804995954,-104.87793294999813,True,Polygon,Verizon,Verizon,8059.0,,,single_source_geometry,
site_02085,Live Oak Data Center,PNNL,1,1,PNNL,building,PNNL:building_00471658485,Operating/inferred,True,False,TX,Dallas County,,32.78371232090692,-96.79457490220035,True,Polygon,,Live Oak Data Center,49853.0,,,single_source_geometry,
site_02086,Flexential Portland - Hillsboro 2,PNNL,1,1,PNNL,building,PNNL:building_00471691760,Operating/inferred,True,False,OR,Washington County,,45.558285521867774,-122.91709178475038,True,Polygon,Flexential,Flexential Portland - Hillsboro 2,214259.0,,,single_source_geometry,
site_02087,NYSE Data Center,PNNL,1,1,PNNL,building,PNNL:building_00472761713,Operating/inferred,True,False,NJ,Bergen County,,41.078302339181775,-74.15291807503208,True,Polygon,nyse,NYSE Data Center,200804.0,,,single_source_geometry,
site_02088,AT&T,PNNL,1,1,PNNL,building,PNNL:building_00472954201,Operating/inferred,True,False,CA,Los Angeles County,,34.57998399250564,-118.11402444850229,True,Polygon,,AT&T,17388.0,,,single_source_geometry,
site_02089,,PNNL,1,1,PNNL,building,PNNL:building_00476609221,Operating/inferred,True,False,CO,El Paso County,,38.80265970986479,-104.52196604272531,True,Polygon,,,42627.0,,,single_source_geometry,
site_02090,Juniper,PNNL,1,1,PNNL,building,PNNL:building_00480762078,Operating/inferred,True,False,OR,Clackamas County,,45.31873065187943,-122.76587362101382,True,Polygon,,Juniper,24854.0,,,single_source_geometry,
site_02091,,PNNL,1,1,PNNL,building,PNNL:building_00483286527,Operating/inferred,True,False,TX,Collin County,,33.00929860932998,-96.6765444557892,True,Polygon,,,108401.0,,,single_source_geometry,
site_02092,Tierpoint Dallas-Allen,PNNL,1,1,PNNL,building,PNNL:building_00483307714,Operating/inferred,True,False,TX,Collin County,,33.137934223084564,-96.65737558964423,True,Polygon,,Tierpoint Dallas-Allen,30651.0,,,single_source_geometry,
site_02093,,PNNL,1,1,PNNL,building,PNNL:building_00487170215,Operating/inferred,True,False,TX,Harris County,,30.018697853415755,-95.86367622394388,True,Polygon,DXC Technology,,352246.0,,,single_source_geometry,
site_02094,Amazon IAD73,PNNL,1,1,PNNL,building,PNNL:building_00490997243,Operating/inferred,True,False,VA,Prince William County,,38.77797945837826,-77.55909921912577,True,Polygon,Amazon Web Services,Amazon IAD73,146162.0,,,single_source_geometry,
site_02095,Amazon IAD74,PNNL,1,1,PNNL,building,PNNL:building_00490997244,Operating/inferred,True,False,VA,Prince William County,,38.777436934620916,-77.55789122919084,True,Polygon,Amazon Web Services,Amazon IAD74,147480.0,,,single_source_geometry,
site_02096,H5 Data Center,PNNL,1,1,PNNL,building,PNNL:building_00491914767,Operating/inferred,True,False,OH,Cuyahoga County,,41.50635749142958,-81.6835984766603,True,Polygon,,H5 Data Center,71439.0,,,single_source_geometry,
site_02097,TPx Colocation Datacenter,PNNL,1,1,PNNL,building,PNNL:building_00492699069,Operating/inferred,True,False,CA,Orange County,,33.70750645042811,-117.84410419953558,True,Polygon,TPx Communications,TPx Colocation Datacenter,37065.0,,,single_source_geometry,
site_02098,Cologix Jacksonville JAX1,PNNL,1,1,PNNL,building,PNNL:building_00497151852,Operating/inferred,True,False,FL,Duval County,,30.331429818851134,-81.66242566977944,True,Polygon,,Cologix Jacksonville JAX1,30201.0,,,single_source_geometry,
site_02099,Microsoft,PNNL,1,1,PNNL,building,PNNL:building_00499403180,Operating/inferred,True,False,WA,Grant County,,47.23948680981334,-119.8874068597649,True,Polygon,Microsoft,Microsoft,143439.0,,,single_source_geometry,
site_02100,,PNNL,1,1,PNNL,building,PNNL:building_00499403698,Operating/inferred,True,False,WA,Grant County,,47.238560686211635,-119.86445275389522,True,Polygon,,,44446.0,,,single_source_geometry,
site_02101,,PNNL,1,1,PNNL,building,PNNL:building_00509611426,Operating/inferred,True,False,TX,Bexar County,,29.470344479093157,-98.68620953197289,True,Polygon,CHRISTUS Health,,48815.0,,,single_source_geometry,
site_02102,,PNNL,1,1,PNNL,building,PNNL:building_00509611429,Operating/inferred,True,False,TX,Bexar County,,29.470223440456333,-98.68765019924955,True,Polygon,Frost Bank,,68591.0,,,single_source_geometry,
site_02103,Valero Wiserman,PNNL,1,1,PNNL,building,PNNL:building_00509611436,Operating/inferred,True,False,TX,Bexar County,,29.474285413407838,-98.68006447609893,True,Polygon,Valero,Valero Wiserman,58304.0,,,single_source_geometry,
site_02104,CyrusOne San Antonio II,PNNL,1,1,PNNL,building,PNNL:building_00509611438,Operating/inferred,True,False,TX,Bexar County,,29.47084945067936,-98.67299896081857,True,Polygon,CyrusOne,CyrusOne San Antonio II,108554.0,,,single_source_geometry,
site_02105,CyrusOne San Antonio III,PNNL,1,1,PNNL,building,PNNL:building_00509611439,Operating/inferred,True,False,TX,Bexar County,,29.47004426742346,-98.67219273225999,True,Polygon,CyrusOne,CyrusOne San Antonio III,100537.0,,,single_source_geometry,
site_02106,Spectrum Charlotte National Data Center,PNNL,1,1,PNNL,building,PNNL:building_00516686211,Operating/inferred,True,False,NC,Mecklenburg County,,35.142789017171076,-80.91620847296733,True,Polygon,,Spectrum Charlotte National Data Center,93604.0,,,single_source_geometry,
site_02107,,PNNL,1,1,PNNL,building,PNNL:building_00517411076,Operating/inferred,True,False,OR,Crook County,,44.28888249144302,-120.87012500756974,True,Polygon,,,377457.0,,,single_source_geometry,
site_02108,Cyxtera Tampa TP1,PNNL,1,1,PNNL,building,PNNL:building_00523886201,Operating/inferred,True,False,FL,Hillsborough County,,27.94553184264413,-82.35116156727058,True,Polygon,Cyxtera,Cyxtera Tampa TP1,97332.0,,,single_source_geometry,
site_02109,Centersquare Lisle ORD4 Data Center,PNNL,1,1,PNNL,building,PNNL:building_00530024353,Operating/inferred,True,False,IL,DuPage County,,41.80234062646393,-88.09488558888414,True,Polygon,Centersquare,Centersquare Lisle ORD4 Data Center,361205.0,,,single_source_geometry,
site_02110,GoDaddy - Gilbert,PNNL,1,1,PNNL,building,PNNL:building_00530982335,Operating/inferred,True,False,AZ,Maricopa County,,33.36191382983084,-111.83930897383503,True,Polygon,,GoDaddy - Gilbert,91811.0,,,single_source_geometry,
site_02111,AT&T Center,PNNL,1,1,PNNL,building,PNNL:building_00531709017,Operating/inferred,True,False,CA,San Diego County,,32.74757512655355,-117.15894804229632,True,Polygon,American Telephone & Telegraph,AT&T Center,88910.0,,,single_source_geometry,
site_02112,,PNNL,1,1,PNNL,building,PNNL:building_00533842335,Operating/inferred,True,False,TN,Davidson County,,36.14048086552297,-86.76414722152771,True,Polygon,,,10355.0,,,single_source_geometry,
site_02113,,PNNL,1,1,PNNL,building,PNNL:building_00537172525,Operating/inferred,True,False,WY,Laramie County,,41.124032949239215,-104.8980886,True,Polygon,,,62914.0,,,single_source_geometry,
site_02114,,PNNL,1,1,PNNL,building,PNNL:building_00537172526,Operating/inferred,True,False,WY,Laramie County,,41.124036799320784,-104.8992687499629,True,Polygon,,,67797.0,,,single_source_geometry,
site_02115,,PNNL,1,1,PNNL,building,PNNL:building_00537172527,Operating/inferred,True,False,WY,Laramie County,,41.12528359932865,-104.89927145,True,Polygon,,,62555.0,,,single_source_geometry,
site_02116,,PNNL,1,1,PNNL,building,PNNL:building_00537172528,Operating/inferred,True,False,WY,Laramie County,,41.12528676311575,-104.89808331876364,True,Polygon,,,63264.0,,,single_source_geometry,
site_02117,Centersquare: Phoenix - (PHX1 - Mesa),PNNL,1,1,PNNL,building,PNNL:building_00543117031,Operating/inferred,True,False,AZ,Maricopa County,,33.421284262350255,-111.85899423023753,True,Polygon,Centersquare,Centersquare: Phoenix - (PHX1 - Mesa),57992.0,,,single_source_geometry,
site_02118,,PNNL,1,1,PNNL,building,PNNL:building_00543316327,Operating/inferred,True,False,TX,Harris County,,29.99520064778405,-95.56325379028314,True,Polygon,DXC Technology,,264173.0,,,single_source_geometry,
site_02119,,PNNL,1,1,PNNL,building,PNNL:building_00543404966,Operating/inferred,True,False,TX,Harris County,,29.997307161324283,-95.56398536553905,True,Polygon,DXC Technology,,113970.0,,,single_source_geometry,
site_02120,"Liquid Web, Inc",PNNL,1,1,PNNL,building,PNNL:building_00545060574,Operating/inferred,True,False,MI,Eaton County,,42.70539040001097,-84.66608910001226,True,Polygon,,"Liquid Web, Inc",72843.0,,,single_source_geometry,
site_02121,,PNNL,1,1,PNNL,building,PNNL:building_00545704217,Operating/inferred,True,False,GA,Cobb County,,34.0707036329806,-84.67590752731094,True,Polygon,,,18558.0,,,single_source_geometry,
site_02122,ADP South Dakota,PNNL,1,1,PNNL,building,PNNL:building_00545895086,Operating/inferred,True,False,SD,Minnehaha County,,43.59991456599551,-96.79470699634727,True,Polygon,,ADP South Dakota,243125.0,,,single_source_geometry,
site_02123,TJX Corporate Techno,PNNL,1,1,PNNL,building,PNNL:building_00547156394,Operating/inferred,True,False,OH,Franklin County,,40.10386011394031,-82.81062585456809,True,Polygon,,TJX Corporate Techno,102681.0,,,single_source_geometry,
site_02124,Compugen New Albany,PNNL,1,1,PNNL,building,PNNL:building_00547156405,Operating/inferred,True,False,OH,Franklin County,,40.104550038254644,-82.80494540049781,True,Polygon,,Compugen New Albany,44250.0,,,single_source_geometry,
site_02125,Compugen New Albany,PNNL,1,1,PNNL,building,PNNL:building_00547277699,Operating/inferred,True,False,OH,Franklin County,,40.10367720079985,-82.80893932428502,True,Polygon,,Compugen New Albany,32222.0,,,single_source_geometry,
site_02126,Carfax,PNNL,1,1,PNNL,building,PNNL:building_00553884511,Operating/inferred,True,False,MO,Boone County,,38.9235119701765,-92.28862384290709,True,Polygon,,Carfax,39487.0,,,single_source_geometry,
site_02127,Facebook Altoona Data Center 3,PNNL,1,1,PNNL,building,PNNL:building_00556564909,Operating/inferred,True,False,IA,Polk County,,41.667071422446156,-93.50646556541807,True,Polygon,Meta,Facebook Altoona Data Center 3,377755.0,,,single_source_geometry,
site_02128,Amazon IAD71,PNNL,1,1,PNNL,building,PNNL:building_00556599693,Operating/inferred,True,False,VA,Loudoun County,,39.02790807231044,-77.4575028799799,True,Polygon,Amazon Web Services,Amazon IAD71,121176.0,,,single_source_geometry,
site_02129,Thin-nology,PNNL,1,1,PNNL,building,PNNL:building_00570397131,Operating/inferred,True,False,TX,Travis County,,30.421141229242764,-97.59160304354108,True,Polygon,,Thin-nology,9209.0,,,single_source_geometry,
site_02130,CyrusOne Norwalk,PNNL,1,1,PNNL,building,PNNL:building_00571010571,Operating/inferred,True,False,CT,Western Connecticut Planning Region,,41.11309235035119,-73.38864944847491,True,Polygon,CyrusOne,CyrusOne Norwalk,77778.0,,,single_source_geometry,
site_02131,Data Foundry - Texas 2,PNNL,1,1,PNNL,building,PNNL:building_00577628941,Operating/inferred,True,False,TX,Travis County,,30.19958813781982,-97.71307641626001,True,Polygon,,Data Foundry - Texas 2,104857.0,,,single_source_geometry,
site_02132,Microsoft - Azure Datacenter,PNNL,1,1,PNNL,building,PNNL:building_00578443547,Operating/inferred,True,False,IL,Cook County,,41.923005619536646,-87.91824122484651,True,Polygon,Microsoft,Microsoft - Azure Datacenter,306766.0,,,single_source_geometry,
site_02133,Cloud Storage Corp,PNNL,1,1,PNNL,building,PNNL:building_00581234765,Operating/inferred,True,False,KS,Ellis County,,38.87213220021316,-99.30018745000542,True,Polygon,,Cloud Storage Corp,11561.0,,,single_source_geometry,
site_02134,,PNNL,1,1,PNNL,building,PNNL:building_00587103676,Operating/inferred,True,False,TX,Harris County,,29.82150611372374,-95.57078462369283,True,Polygon,,,98195.0,,,single_source_geometry,
site_02135,Information Technology Data Center,PNNL,1,1,PNNL,building,PNNL:building_00589070714,Operating/inferred,True,False,NH,Rockingham County,,42.982091089771785,-70.9505927450425,True,Polygon,Phillips Exeter Academy,Information Technology Data Center,7733.0,,,single_source_geometry,
site_02136,,PNNL,1,1,PNNL,building,PNNL:building_00590213770,Operating/inferred,True,False,TX,Collin County,,33.13780536915544,-96.65592593395881,True,Polygon,,,33064.0,,,single_source_geometry,
site_02137,CyrusOne Allen,PNNL,1,1,PNNL,building,PNNL:building_00590213771,Operating/inferred,True,False,TX,Collin County,,33.13852055876386,-96.65995157388973,True,Polygon,CyrusOne,CyrusOne Allen,271378.0,,,single_source_geometry,
site_02138,Amazon Web Services us-west-2,PNNL,1,1,PNNL,building,PNNL:building_00592171280,Operating/inferred,True,False,OR,Morrow County,,45.8404435353901,-119.65497937870387,True,Polygon,Amazon Web Services,Amazon Web Services us-west-2,151857.0,,,single_source_geometry,
site_02139,Amazon PDX51/54,PNNL,1,1,PNNL,building,PNNL:building_00592257327,Operating/inferred,True,False,OR,Umatilla County,,45.91744776004561,-119.26773387516516,True,Polygon,Amazon Web Services,Amazon PDX51/54,260806.0,,,single_source_geometry,
site_02140,Amazon IAD80,PNNL,1,1,PNNL,building,PNNL:building_00596690174,Operating/inferred,True,False,VA,Loudoun County,,39.027108657277445,-77.4528288502262,True,Polygon,Amazon Web Services,Amazon IAD80,150443.0,,,single_source_geometry,
site_02141,Stream DFW IV,PNNL,1,1,PNNL,building,PNNL:building_00597835788,Operating/inferred,True,False,TX,Collin County,,33.000144175089304,-96.66164643777843,True,Polygon,Stream,Stream DFW IV,19684.0,,,single_source_geometry,
site_02142,Rackspace Richardson DFW3,PNNL,1,1,PNNL,building,PNNL:building_00597876719,Operating/inferred,True,False,TX,Dallas County,,32.96478869284149,-96.71587662115734,True,Polygon,Rackspace,Rackspace Richardson DFW3,112950.0,,,single_source_geometry,
site_02143,Digital Realty Dallas DFW17,PNNL,1,1,PNNL,building,PNNL:building_00597876721,Operating/inferred,True,False,TX,Dallas County,,32.966281179214505,-96.71321200734354,True,Polygon,Digital Realty,Digital Realty Dallas DFW17,83615.0,,,single_source_geometry,
site_02144,Digital Realty Dallas DFW29,PNNL,1,1,PNNL,building,PNNL:building_00597876722,Operating/inferred,True,False,TX,Dallas County,,32.96723267704503,-96.71054642217494,True,Polygon,Digital Realty,Digital Realty Dallas DFW29,122436.0,,,single_source_geometry,
site_02145,,PNNL,1,1,PNNL,building,PNNL:building_00597876723,Operating/inferred,True,False,TX,Dallas County,,32.96625357197764,-96.71119611224063,True,Polygon,,,62460.0,,,single_source_geometry,
site_02146,Digital Realty Dallas DFW35,PNNL,1,1,PNNL,building,PNNL:building_00597876726,Operating/inferred,True,False,TX,Dallas County,,32.96504621467304,-96.71029113488274,True,Polygon,Digital Realty,Digital Realty Dallas DFW35,116539.0,,,single_source_geometry,
site_02147,Digital Realty Dallas DFW18,PNNL,1,1,PNNL,building,PNNL:building_00597876730,Operating/inferred,True,False,TX,Dallas County,,32.96520380450456,-96.71260861653485,True,Polygon,Digital Realty,Digital Realty Dallas DFW18,222335.0,,,single_source_geometry,
site_02148,State Farm Data Center,PNNL,1,1,PNNL,building,PNNL:building_00598261190,Operating/inferred,True,False,KS,Johnson County,,38.94011284438559,-94.86768784080611,True,Polygon,,State Farm Data Center,198601.0,,,single_source_geometry,
site_02149,U.S. Bank National Data Process Center,PNNL,1,1,PNNL,building,PNNL:building_00598263496,Operating/inferred,True,False,KS,Johnson County,,38.93564309846072,-94.8644712263048,True,Polygon,,U.S. Bank National Data Process Center,162098.0,,,single_source_geometry,
site_02150,,PNNL,1,1,PNNL,building,PNNL:building_00607483487,Operating/inferred,True,False,NJ,Gloucester County,,39.83093011411571,-75.19532326682351,True,Polygon,,,41058.0,,,single_source_geometry,
site_02151,,PNNL,1,1,PNNL,building,PNNL:building_00607753694,Operating/inferred,True,False,NE,Douglas County,,41.22040844920032,-96.14761886051996,True,Polygon,Verizon Wireless,,38873.0,,,single_source_geometry,
site_02152,,PNNL,1,1,PNNL,building,PNNL:building_00609126465,Operating/inferred,True,False,FL,Orange County,,28.61746822748528,-81.39343863284896,True,Polygon,,,107548.0,,,single_source_geometry,
site_02153,Google,PNNL,1,1,PNNL,building,PNNL:building_00610827836,Operating/inferred,True,False,SC,Berkeley County,,33.064272175156404,-80.04145344691864,True,Polygon,Google,Google,146623.0,,,single_source_geometry,
site_02154,TierPoint Baltimore BWI,PNNL,1,1,PNNL,building,PNNL:building_00610845529,Operating/inferred,True,False,MD,Anne Arundel County,,39.213451704107996,-76.6828450662765,True,Polygon,,TierPoint Baltimore BWI,33372.0,,,single_source_geometry,
site_02155,Strata Networks,PNNL,1,1,PNNL,building,PNNL:building_00611308188,Operating/inferred,True,False,UT,Uintah County,,40.456593451731784,-109.52899881097022,True,Polygon,,Strata Networks,12971.0,,,single_source_geometry,
site_02156,Goldman Sachs,PNNL,1,1,PNNL,building,PNNL:building_00612045611,Operating/inferred,True,False,NJ,Somerset County,,40.570372202161614,-74.67032960036524,True,Polygon,,Goldman Sachs,276729.0,,,single_source_geometry,
site_02157,Mapletree Industrial,PNNL,1,1,PNNL,building,PNNL:building_00615593145,Operating/inferred,True,False,GA,Fulton County,,34.09658361289754,-84.23739137243545,True,Polygon,,Mapletree Industrial,116842.0,,,single_source_geometry,
site_02158,Genome Data Center,PNNL,1,1,PNNL,building,PNNL:building_00617511179,Operating/inferred,True,False,MO,St. Louis city,,38.63656882805553,-90.25539338967405,True,Polygon,Washington University in St. Louis,Genome Data Center,24519.0,,,single_source_geometry,
site_02159,365 Bridgewater NJ,PNNL,1,1,PNNL,building,PNNL:building_00618339179,Operating/inferred,True,False,NJ,Somerset County,,40.58147446747312,-74.57387794234592,True,Polygon,,365 Bridgewater NJ,28468.0,,,single_source_geometry,
site_02160,AngelTrax Data Center,PNNL,1,1,PNNL,building,PNNL:building_00626281456,Operating/inferred,True,False,AL,Houston County,,31.231904196338384,-85.45584883805839,True,Polygon,AngelTrax Mobile Video Surveillance Solutions,AngelTrax Data Center,10736.0,,,single_source_geometry,
site_02161,Meta,PNNL,1,1,PNNL,building,PNNL:building_00626785488,Operating/inferred,True,False,NM,Valencia County,,34.830246608460115,-106.78382909936067,True,Polygon,Meta,Meta,654433.0,,,single_source_geometry,
site_02162,Amazon Web Services us-west-2,PNNL,1,1,PNNL,building,PNNL:building_00633034071,Operating/inferred,True,False,OR,Morrow County,,45.841413570882,-119.65793309033623,True,Polygon,Amazon Web Services,Amazon Web Services us-west-2,284033.0,,,single_source_geometry,
site_02163,Centeris SH2 Build-to-Suit,PNNL,1,1,PNNL,building,PNNL:building_00634635617,Operating/inferred,True,False,WA,Pierce County,,47.15884380411734,-122.27986153681454,True,Polygon,,Centeris SH2 Build-to-Suit,93539.0,,,single_source_geometry,
site_02164,Centeris SH1 Colocation,PNNL,1,1,PNNL,building,PNNL:building_00634638463,Operating/inferred,True,False,WA,Pierce County,,47.16085522590024,-122.27930643656472,True,Polygon,,Centeris SH1 Colocation,115786.0,,,single_source_geometry,
site_02165,Microsoft TRP2,PNNL,1,1,PNNL,building,PNNL:building_00639176155,Operating/inferred,True,False,TX,Bexar County,,29.41195432542485,-98.80398520347534,True,Polygon,Microsoft,Microsoft TRP2,169781.0,,,single_source_geometry,
site_02166,Microsoft TRP1,PNNL,1,1,PNNL,building,PNNL:building_00639176157,Operating/inferred,True,False,TX,Bexar County,,29.41201232003809,-98.80273022506277,True,Polygon,Microsoft,Microsoft TRP1,177468.0,,,single_source_geometry,
site_02167,Flexential Dallas - Plano,PNNL,1,1,PNNL,building,PNNL:building_00650412346,Operating/inferred,True,False,TX,Collin County,,33.00705207090953,-96.66635359923826,True,Polygon,Flexential,Flexential Dallas - Plano,217850.0,,,single_source_geometry,
site_02168,Oxford Networks,PNNL,1,1,PNNL,building,PNNL:building_00667796922,Operating/inferred,True,False,ME,Cumberland County,,43.895071082625066,-69.92315054547124,True,Polygon,FirstLight,Oxford Networks,55383.0,,,single_source_geometry,
site_02169,Rice Data Center,PNNL,1,1,PNNL,building,PNNL:building_00671838900,Operating/inferred,True,False,TX,Harris County,,29.65814636487484,-95.44332796622497,True,Polygon,,Rice Data Center,25487.0,,,single_source_geometry,
site_02170,Amazon IAD120,PNNL,1,1,PNNL,building,PNNL:building_00693390022,Operating/inferred,True,False,VA,Loudoun County,,38.95792208165856,-77.49806149327199,True,Polygon,Amazon Web Services,Amazon IAD120,188334.0,,,single_source_geometry,
site_02171,Amazon IAD121,PNNL,1,1,PNNL,building,PNNL:building_00693390023,Operating/inferred,True,False,VA,Loudoun County,,38.95678305314267,-77.49778688217901,True,Polygon,Amazon Web Services,Amazon IAD121,154814.0,,,single_source_geometry,
site_02172,Microsoft,PNNL,1,1,PNNL,building,PNNL:building_00694493125,Operating/inferred,True,False,WA,Grant County,,47.237656787997864,-119.88757256028282,True,Polygon,Microsoft,Microsoft,112036.0,,,single_source_geometry,
site_02173,Microsoft,PNNL,1,1,PNNL,building,PNNL:building_00694493126,Operating/inferred,True,False,WA,Grant County,,47.23762824027307,-119.88319809847748,True,Polygon,Microsoft,Microsoft,116001.0,,,single_source_geometry,
site_02174,Microsoft,PNNL,1,1,PNNL,building,PNNL:building_00694493127,Operating/inferred,True,False,WA,Grant County,,47.23672160801631,-119.88329009579327,True,Polygon,Microsoft,Microsoft,157191.0,,,single_source_geometry,
site_02175,Microsoft,PNNL,1,1,PNNL,building,PNNL:building_00694493128,Operating/inferred,True,False,WA,Grant County,,47.236737102694434,-119.88747588150468,True,Polygon,Microsoft,Microsoft,162608.0,,,single_source_geometry,
site_02176,,PNNL,1,1,PNNL,building,PNNL:building_00696978351,Operating/inferred,True,False,VA,Loudoun County,,39.01202683336312,-77.47156052841791,True,Polygon,,,48591.0,,,single_source_geometry,
site_02177,Amazon PDX57/60,PNNL,1,1,PNNL,building,PNNL:building_00697413741,Operating/inferred,True,False,OR,Umatilla County,,45.913883188873065,-119.26771376022246,True,Polygon,Amazon Web Services,Amazon PDX57/60,271590.0,,,single_source_geometry,
site_02178,Amazon Web Services us-west-2,PNNL,1,1,PNNL,building,PNNL:building_00697415321,Operating/inferred,True,False,OR,Morrow County,,45.84117425838994,-119.65544902618971,True,Polygon,Amazon Web Services,Amazon Web Services us-west-2,123601.0,,,single_source_geometry,
site_02179,Amazon Web Services us-west-2,PNNL,1,1,PNNL,building,PNNL:building_00697415323,Operating/inferred,True,False,OR,Morrow County,,45.853786061670256,-119.6300360999594,True,Polygon,Amazon Web Services,Amazon Web Services us-west-2,263671.0,,,single_source_geometry,
site_02180,Amazon Web Services us-west-2,PNNL,1,1,PNNL,building,PNNL:building_00697417726,Operating/inferred,True,False,OR,Morrow County,,45.84665532541318,-119.60370922412669,True,Polygon,Amazon Web Services,Amazon Web Services us-west-2,211981.0,,,single_source_geometry,
site_02181,Amazon IAD90,PNNL,1,1,PNNL,building,PNNL:building_00701924667,Operating/inferred,True,False,VA,Loudoun County,,38.988603084770965,-77.41165153795028,True,Polygon,Amazon Web Services,Amazon IAD90,147749.0,,,single_source_geometry,
site_02182,,PNNL,1,1,PNNL,building,PNNL:building_00706081342,Operating/inferred,True,False,NM,Bernalillo County,,35.04834871785767,-106.54217512466619,True,Polygon,,,43011.0,,,single_source_geometry,
site_02183,,PNNL,1,1,PNNL,building,PNNL:building_00706759844,Operating/inferred,True,False,OR,Crook County,,44.28727726878123,-120.87021590519326,True,Polygon,,,344665.0,,,single_source_geometry,
site_02184,,PNNL,1,1,PNNL,building,PNNL:building_00706759845,Operating/inferred,True,False,OR,Crook County,,44.29368315614664,-120.88151890467707,True,Polygon,,,328376.0,,,single_source_geometry,
site_02185,Amazon PDX80,PNNL,1,1,PNNL,building,PNNL:building_00706776322,Operating/inferred,True,False,OR,Umatilla County,,45.79780879526037,-119.36661621765712,True,Polygon,Amazon Web Services,Amazon PDX80,215703.0,,,single_source_geometry,
site_02186,Digital Realty CH3,PNNL,1,1,PNNL,building,PNNL:building_00713428715,Operating/inferred,True,False,IL,Cook County,,41.99439647260606,-87.96490377244766,True,Polygon,Digital Realty,Digital Realty CH3,348220.0,,,single_source_geometry,
site_02187,Digital Realty CH2,PNNL,1,1,PNNL,building,PNNL:building_00713433204,Operating/inferred,True,False,IL,Cook County,,41.994463823169475,-87.95773561339534,True,Polygon,Digital Realty,Digital Realty CH2,302974.0,,,single_source_geometry,
site_02188,PSE&G Delivery Emergency Response Center,PNNL,1,1,PNNL,building,PNNL:building_00714943309,Operating/inferred,True,False,NJ,Somerset County,,40.57989412652374,-74.51939325696017,True,Polygon,PSE&G,PSE&G Delivery Emergency Response Center,85030.0,,,single_source_geometry,
site_02189,Epic / Mayo Data Center,PNNL,1,1,PNNL,building,PNNL:building_00718465287,Operating/inferred,True,False,MN,Olmsted County,,44.07081644375691,-92.52212055150673,True,Polygon,,Epic / Mayo Data Center,48317.0,,,single_source_geometry,
site_02190,Choctaw Nation of Oklahoma Data Center,PNNL,1,1,PNNL,building,PNNL:building_00726150321,Operating/inferred,True,False,OK,Bryan County,,33.971721452767405,-96.4028549048576,True,Polygon,Choctaw Nation of oklahoma,Choctaw Nation of Oklahoma Data Center,13494.0,,,single_source_geometry,
site_02191,QTS Data Center Bld 1,PNNL,1,1,PNNL,building,PNNL:building_00729192992,Operating/inferred,True,False,OR,Washington County,,45.558767154104125,-122.92783045218715,True,Polygon,Quality Technology Services,QTS Data Center Bld 1,157854.0,,,single_source_geometry,
site_02192,,PNNL,1,1,PNNL,building,PNNL:building_00729376485,Operating/inferred,True,False,NJ,Middlesex County,,40.584343135171615,-74.24350729682128,True,Polygon,,,159389.0,,,single_source_geometry,
site_02193,Flexential Salt Lake City - Downtown,PNNL,1,1,PNNL,building,PNNL:building_00729696933,Operating/inferred,True,False,UT,Salt Lake County,,40.756306581410776,-111.95483766374481,True,Polygon,Flexential,Flexential Salt Lake City - Downtown,63362.0,,,single_source_geometry,
site_02194,Oregon State Data Center,PNNL,1,1,PNNL,building,PNNL:building_00733721782,Operating/inferred,True,False,OR,Marion County,,44.92654909196885,-123.00186141171869,True,Polygon,State of Oregon,Oregon State Data Center,46536.0,,,single_source_geometry,
site_02195,Digital Realty PDX11 Data Center,PNNL,1,1,PNNL,building,PNNL:building_00734323663,Operating/inferred,True,False,OR,Washington County,,45.56799342826786,-122.91685270250117,True,Polygon,Digital Realty,Digital Realty PDX11 Data Center,283056.0,,,single_source_geometry,
site_02196,Flexential Fort Lauderdale,PNNL,1,1,PNNL,building,PNNL:building_00741629998,Operating/inferred,True,False,FL,Broward County,,26.190085718944182,-80.19329665075328,True,Polygon,Flexential,Flexential Fort Lauderdale,73580.0,,,single_source_geometry,
site_02197,,PNNL,1,1,PNNL,building,PNNL:building_00744177375,Operating/inferred,True,False,TX,Montgomery County,,30.17778285074309,-95.48652634626161,True,Polygon,,,126121.0,,,single_source_geometry,
site_02198,Flexential Las Vegas - North,PNNL,1,1,PNNL,building,PNNL:building_00746278786,Operating/inferred,True,False,NV,Clark County,,36.24816478211208,-115.10126087457563,True,Polygon,Flexential,Flexential Las Vegas - North,110728.0,,,single_source_geometry,
site_02199,,PNNL,1,1,PNNL,building,PNNL:building_00747985149,Operating/inferred,True,False,TX,Wichita County,,33.95337794611651,-98.52473125692119,True,Polygon,,,39127.0,,,single_source_geometry,
site_02200,,PNNL,1,1,PNNL,building,PNNL:building_00752001022,Operating/inferred,True,False,OR,Deschutes County,,44.04740740013566,-121.3285496442757,True,Polygon,,,11249.0,,,single_source_geometry,
site_02201,,PNNL,1,1,PNNL,building,PNNL:building_00755540694,Operating/inferred,True,False,MI,Genesee County,,42.968713165412495,-83.77960216531768,True,Polygon,,,36835.0,,,single_source_geometry,
site_02202,,PNNL,1,1,PNNL,building,PNNL:building_00756382879,Operating/inferred,True,False,NJ,Somerset County,,40.59934510477914,-74.70962307676368,True,Polygon,,,19551.0,,,single_source_geometry,
site_02203,,PNNL,1,1,PNNL,building,PNNL:building_00756382880,Operating/inferred,True,False,NJ,Somerset County,,40.59971850671678,-74.71011198716056,True,Polygon,,,54527.0,,,single_source_geometry,
site_02204,Meta,PNNL,1,1,PNNL,building,PNNL:building_00756778306,Operating/inferred,True,False,NM,Valencia County,,34.83004000903251,-106.78034710972685,True,Polygon,Meta,Meta,543736.0,,,single_source_geometry,
site_02205,iGLASS Networks,PNNL,1,1,PNNL,building,PNNL:building_00758278314,Operating/inferred,True,False,NC,Wake County,,35.76675058444294,-78.7839857849851,True,Polygon,,iGLASS Networks,8134.0,,,single_source_geometry,
site_02206,Central Office,PNNL,1,1,PNNL,building,PNNL:building_00758306877,Operating/inferred,True,False,WI,Walworth County,,42.83365364525283,-88.73398014165807,True,Polygon,AT&T,Central Office,9001.0,,,single_source_geometry,
site_02207,,PNNL,1,1,PNNL,building,PNNL:building_00758426349,Operating/inferred,True,False,MT,Granite County,,46.33213162016486,-113.29267194552415,True,Polygon,,,1510.0,,,single_source_geometry,
site_02208,Vital Records,PNNL,1,1,PNNL,building,PNNL:building_00758580536,Operating/inferred,True,False,NJ,Somerset County,,40.528071800135834,-74.68281624993381,True,Polygon,,Vital Records,7942.0,,,single_source_geometry,
site_02209,Verizon Wireless NE Headquarters,PNNL,1,1,PNNL,building,PNNL:building_00761185667,Operating/inferred,True,False,NJ,Somerset County,,40.555692492579,-74.70559634852464,True,Polygon,,Verizon Wireless NE Headquarters,156691.0,,,single_source_geometry,
site_02210,,PNNL,1,1,PNNL,building,PNNL:building_00766768556,Operating/inferred,True,False,WI,Calumet County,,44.20445478438387,-88.34487612453424,True,Polygon,Involta,,60180.0,,,single_source_geometry,
site_02211,,PNNL,1,1,PNNL,building,PNNL:building_00772827597,Operating/inferred,True,False,OR,Crook County,,44.29909531760913,-120.87943460143899,True,Polygon,,,630160.0,,,single_source_geometry,
site_02212,,PNNL,1,1,PNNL,building,PNNL:building_00772827601,Operating/inferred,True,False,OR,Crook County,,44.30125484226488,-120.88988386659982,True,Polygon,,,622980.0,,,single_source_geometry,
site_02213,,PNNL,1,1,PNNL,building,PNNL:building_00775412066,Operating/inferred,True,False,NV,Washoe County,,39.56771439975202,-119.54236274853601,True,Polygon,,,89831.0,,,single_source_geometry,
site_02214,,PNNL,1,1,PNNL,building,PNNL:building_00775412067,Operating/inferred,True,False,NV,Washoe County,,39.5675010277547,-119.54320948328537,True,Polygon,,,89571.0,,,single_source_geometry,
site_02215,,PNNL,1,1,PNNL,building,PNNL:building_00775412068,Operating/inferred,True,False,NV,Washoe County,,39.567160471410034,-119.54438836390534,True,Polygon,,,88594.0,,,single_source_geometry,
site_02216,,PNNL,1,1,PNNL,building,PNNL:building_00775412069,Operating/inferred,True,False,NV,Washoe County,,39.56692084061534,-119.54522686760028,True,Polygon,,,92133.0,,,single_source_geometry,
site_02217,,PNNL,1,1,PNNL,building,PNNL:building_00775412073,Operating/inferred,True,False,NV,Washoe County,,39.56510625130509,-119.54768980080748,True,Polygon,,,89076.0,,,single_source_geometry,
site_02218,Meta,PNNL,1,1,PNNL,building,PNNL:building_00777679751,Operating/inferred,True,False,NM,Valencia County,,34.83028297052059,-106.77647063706308,True,Polygon,Meta,Meta,654617.0,,,single_source_geometry,
site_02219,PG&E Datacenter,PNNL,1,1,PNNL,building,PNNL:building_00780063735,Operating/inferred,True,False,CA,Solano County,,38.24625878204932,-122.06720998673869,True,Polygon,,PG&E Datacenter,55270.0,,,single_source_geometry,
site_02220,CyrusOne PHX6,PNNL,1,1,PNNL,building,PNNL:building_00781370600,Operating/inferred,True,False,AZ,Maricopa County,,33.26757617844676,-111.88253182214665,True,Polygon,CyrusOne,CyrusOne PHX6,98354.0,,,single_source_geometry,
site_02221,Facebook Altoona Data Center 4,PNNL,1,1,PNNL,building,PNNL:building_00788027103,Operating/inferred,True,False,IA,Polk County,,41.66773731235317,-93.5163985612244,True,Polygon,Meta,Facebook Altoona Data Center 4,606958.0,,,single_source_geometry,
site_02222,,PNNL,1,1,PNNL,building,PNNL:building_00802054282,Operating/inferred,True,False,NY,Westchester County,,40.951269750405764,-73.89790099960555,True,Polygon,,,13426.0,,,single_source_geometry,
site_02223,,PNNL,1,1,PNNL,building,PNNL:building_00807374322,Operating/inferred,True,False,WA,Grant County,,47.23709780537748,-119.8951561143571,True,Polygon,,,216848.0,,,single_source_geometry,
site_02224,EdgeCore,PNNL,1,1,PNNL,building,PNNL:building_00808979618,Operating/inferred,True,False,AZ,Maricopa County,,33.344131138754335,-111.6195525034396,True,Polygon,,EdgeCore,112901.0,,,single_source_geometry,
site_02225,Comcast,PNNL,1,1,PNNL,building,PNNL:building_00812630939,Operating/inferred,True,False,MI,Wayne County,,42.21390200001323,-83.198214,True,Polygon,Comcast,Comcast,953.0,,,single_source_geometry,
site_02226,SAP COS02,PNNL,1,1,PNNL,building,PNNL:building_00813532303,Operating/inferred,True,False,CO,El Paso County,,38.98888835974735,-104.78638139764935,True,Polygon,SAP,SAP COS02,47705.0,,,single_source_geometry,
site_02227,,PNNL,1,1,PNNL,building,PNNL:building_00813688319,Operating/inferred,True,False,WA,Douglas County,,47.40724312100206,-120.2139654565477,True,Polygon,,,102013.0,,,single_source_geometry,
site_02228,,PNNL,1,1,PNNL,building,PNNL:building_00814061068,Operating/inferred,True,False,WA,Douglas County,,47.39214942683649,-120.21746237328999,True,Polygon,,,13946.0,,,single_source_geometry,
site_02229,,PNNL,1,1,PNNL,building,PNNL:building_00814061069,Operating/inferred,True,False,WA,Douglas County,,47.39179410004563,-120.21787734999982,True,Polygon,,,4004.0,,,single_source_geometry,
site_02230,,PNNL,1,1,PNNL,building,PNNL:building_00814061070,Operating/inferred,True,False,WA,Douglas County,,47.391756904098365,-120.2175143749647,True,Polygon,,,4003.0,,,single_source_geometry,
site_02231,,PNNL,1,1,PNNL,building,PNNL:building_00814061071,Operating/inferred,True,False,WA,Douglas County,,47.39175897510766,-120.2169013334627,True,Polygon,,,7706.0,,,single_source_geometry,
site_02232,Charles Schwab Data Center,PNNL,1,1,PNNL,building,PNNL:building_00815078625,Operating/inferred,True,False,TX,Denton County,,33.004502129194734,-97.24615495491396,True,Polygon,,Charles Schwab Data Center,79688.0,,,single_source_geometry,
site_02233,,PNNL,1,1,PNNL,building,PNNL:building_00819981888,Operating/inferred,True,False,TN,Davidson County,,36.03268133759001,-86.63779793677823,True,Polygon,,,93318.0,,,single_source_geometry,
site_02234,Amazon Web Services,PNNL,1,1,PNNL,building,PNNL:building_00821081358,Operating/inferred,True,False,OH,Franklin County,,40.103586628963164,-83.1997637520824,True,Polygon,Amazon Web Services,Amazon Web Services,159123.0,,,single_source_geometry,
site_02235,StrongMind,PNNL,1,1,PNNL,building,PNNL:building_00828228235,Operating/inferred,True,False,AZ,Maricopa County,,33.342616247713266,-111.84097388722815,True,Polygon,,StrongMind,20604.0,,,single_source_geometry,
site_02236,BB&T Data Center,PNNL,1,1,PNNL,building,PNNL:building_00830138727,Operating/inferred,True,False,NC,Wake County,,35.839325206702256,-78.32812683838715,True,Polygon,,BB&T Data Center,143011.0,,,single_source_geometry,
site_02237,Facebook Altoona Data Center 5,PNNL,1,1,PNNL,building,PNNL:building_00830931210,Operating/inferred,True,False,IA,Polk County,,41.67117312225116,-93.51662854518422,True,Polygon,Meta,Facebook Altoona Data Center 5,628003.0,,,single_source_geometry,
site_02238,,PNNL,1,1,PNNL,building,PNNL:building_00832622369,Operating/inferred,True,False,NY,Niagara County,,43.07483783638032,-78.94480168233245,True,Polygon,Blockfusion,,16242.0,,,single_source_geometry,
site_02239,Lumen,PNNL,1,1,PNNL,building,PNNL:building_00835601088,Operating/inferred,True,False,UT,Washington County,,37.062799199655686,-113.54474869182133,True,Polygon,Lumen Technologies,Lumen,1833.0,,,single_source_geometry,
site_02240,Myndshift Technologies,PNNL,1,1,PNNL,building,PNNL:building_00836947535,Operating/inferred,True,False,AZ,Maricopa County,,33.47542082249551,-111.71916515034209,True,Polygon,,Myndshift Technologies,21279.0,,,single_source_geometry,
site_02241,ForceAmp.com,PNNL,1,1,PNNL,building,PNNL:building_00837139011,Operating/inferred,True,False,IA,Johnson County,,41.703998424478854,-91.58707810457734,True,Polygon,,ForceAmp.com,2709.0,,,single_source_geometry,
site_02242,TierPoint - Charlotte Data Center,PNNL,1,1,PNNL,building,PNNL:building_00838817907,Operating/inferred,True,False,NC,Mecklenburg County,,35.17319550189212,-80.9281209975006,True,Polygon,TierPoint,TierPoint - Charlotte Data Center,61578.0,,,single_source_geometry,
site_02243,SEGRA,PNNL,1,1,PNNL,building,PNNL:building_00838817943,Operating/inferred,True,False,NC,Mecklenburg County,,35.180053426012265,-80.92635689076968,True,Polygon,,SEGRA,18094.0,,,single_source_geometry,
site_02244,CoreSite Chicago Data Center (CH2),PNNL,1,1,PNNL,building,PNNL:building_00841813139,Operating/inferred,True,False,IL,Cook County,,41.86279831305618,-87.64130393635244,True,Polygon,CoreSite,CoreSite Chicago Data Center (CH2),61773.0,,,single_source_geometry,
site_02245,Norma Beach Cable Landing Station,PNNL,1,1,PNNL,building,PNNL:building_00842544718,Operating/inferred,True,False,WA,Snohomish County,,47.86469753279464,-122.28415777716295,True,Polygon,Unity Cable System,Norma Beach Cable Landing Station,2369.0,,,single_source_geometry,
site_02246,,PNNL,1,1,PNNL,building,PNNL:building_00843314844,Operating/inferred,True,False,AZ,Pima County,,32.092706483207095,-110.78742365957719,True,Polygon,DirecTV,,14373.0,,,single_source_geometry,
site_02247,Google,PNNL,1,1,PNNL,building,PNNL:building_00844359206,Operating/inferred,True,False,NV,Clark County,,36.056288380442616,-115.00857680765697,True,Polygon,Google,Google,143869.0,,,single_source_geometry,
site_02248,Google,PNNL,1,1,PNNL,building,PNNL:building_00844359207,Operating/inferred,True,False,NV,Clark County,,36.05880161382709,-115.00879721733386,True,Polygon,Google,Google,141227.0,,,single_source_geometry,
site_02249,,PNNL,1,1,PNNL,building,PNNL:building_00844374689,Operating/inferred,True,False,VA,Loudoun County,,39.05060777386236,-77.5400258996867,True,Polygon,,,140157.0,,,single_source_geometry,
site_02250,Google,PNNL,1,1,PNNL,building,PNNL:building_00844394357,Operating/inferred,True,False,NE,Sarpy County,,41.13497469466853,-96.14672977480356,True,Polygon,Google,Google,152487.0,,,single_source_geometry,
site_02251,Marquette-Adams Telephone Coop,PNNL,1,1,PNNL,building,PNNL:building_00850342266,Operating/inferred,True,False,WI,Marquette County,,43.78218427328896,-89.57480850448691,True,Polygon,,Marquette-Adams Telephone Coop,8257.0,,,single_source_geometry,
site_02252,Compass Data Center,PNNL,1,1,PNNL,building,PNNL:building_00850965775,Operating/inferred,True,False,TX,Ellis County,,32.53872184532015,-96.804396257992,True,Polygon,,Compass Data Center,41692.0,,,single_source_geometry,
site_02253,STACK Chicago CHI01,PNNL,1,1,PNNL,building,PNNL:building_00863162822,Operating/inferred,True,False,IL,Cook County,,42.006843875852,-87.96519018575371,True,Polygon,Stack Infrastructure,STACK Chicago CHI01,298471.0,,,single_source_geometry,
site_02254,Turnkey Internet,PNNL,1,1,PNNL,building,PNNL:building_00871694597,Operating/inferred,True,False,NY,Albany County,,42.74544108847024,-73.75919958242348,True,Polygon,,Turnkey Internet,10465.0,,,single_source_geometry,
site_02255,,PNNL,1,1,PNNL,building,PNNL:building_00873137563,Operating/inferred,True,False,NC,Catawba County,,35.5903923643093,-81.26456965310366,True,Polygon,,,203410.0,,,single_source_geometry,
site_02256,Iron Mountain,PNNL,1,1,PNNL,building,PNNL:building_00876020641,Operating/inferred,True,False,WA,Spokane County,,47.594616140243275,-117.53714762552474,True,Polygon,,Iron Mountain,14085.0,,,single_source_geometry,
site_02257,amnet Data Center,PNNL,1,1,PNNL,building,PNNL:building_00878795698,Operating/inferred,True,False,CT,Western Connecticut Planning Region,,41.09183280598617,-73.51671558521066,True,Polygon,,amnet Data Center,10526.0,,,single_source_geometry,
site_02258,,PNNL,1,1,PNNL,building,PNNL:building_00880052062,Operating/inferred,True,False,KS,Johnson County,,38.94066934722939,-94.75523183735761,True,Polygon,TierPoint,,58095.0,,,single_source_geometry,
site_02259,T5 Data Center,PNNL,1,1,PNNL,building,PNNL:building_00891031651,Operating/inferred,True,False,GA,Fulton County,,34.07592247657671,-84.26431627074264,True,Polygon,,T5 Data Center,149055.0,,,single_source_geometry,
site_02260,,PNNL,1,1,PNNL,building,PNNL:building_00894425613,Operating/inferred,True,False,TN,Davidson County,,36.21535165955505,-86.78368364527593,True,Polygon,BNYM,,191585.0,,,single_source_geometry,
site_02261,,PNNL,1,1,PNNL,building,PNNL:building_00903236619,Operating/inferred,True,False,MI,Wayne County,,42.32617958756391,-83.06975885855375,True,Polygon,Quicken Loans,,46220.0,,,single_source_geometry,
site_02262,Family History Center,PNNL,1,1,PNNL,building,PNNL:building_00903642490,Operating/inferred,True,False,ID,Bear Lake County,,42.317295842348535,-111.3042449169628,True,Polygon,The Church of Jesus Christ of Latter-day Saints,Family History Center,4081.0,,,single_source_geometry,
site_02263,,PNNL,1,1,PNNL,building,PNNL:building_00904453635,Operating/inferred,True,False,TN,Grainger County,,36.328073950553836,-83.37670351660657,True,Polygon,,,1232.0,,,single_source_geometry,
site_02264,42310 THUNDERBALL DR,PNNL,1,1,PNNL,building,PNNL:building_00909455922,Operating/inferred,True,False,VA,Loudoun County,,39.04409911181553,-77.5396744253525,True,Polygon,True North Data Solutions,42310 THUNDERBALL DR,78907.0,,,single_source_geometry,
site_02265,QTS Data Center Bld 2,PNNL,1,1,PNNL,building,PNNL:building_00909742340,Operating/inferred,True,False,OR,Washington County,,45.55876356137954,-122.92963139645839,True,Polygon,Quality Technology Services,QTS Data Center Bld 2,172698.0,,,single_source_geometry,
site_02266,Amazon Web Services us-west-2,PNNL,1,1,PNNL,building,PNNL:building_00914616810,Operating/inferred,True,False,OR,Morrow County,,45.846654614374444,-119.60564495354758,True,Polygon,Amazon Web Services,Amazon Web Services us-west-2,211938.0,,,single_source_geometry,
site_02267,,PNNL,1,1,PNNL,building,PNNL:building_00916046040,Operating/inferred,True,False,CO,Arapahoe County,,39.729478071116986,-104.71275427482882,True,Polygon,,,184275.0,,,single_source_geometry,
site_02268,,PNNL,1,1,PNNL,building,PNNL:building_00916148870,Operating/inferred,True,False,NY,Erie County,,43.04498475079566,-78.74920687191288,True,Polygon,,,41938.0,,,single_source_geometry,
site_02269,QTS Data Center Bld 3,PNNL,1,1,PNNL,building,PNNL:building_00918871786,Operating/inferred,True,False,OR,Washington County,,45.55877963410689,-122.93190590213918,True,Polygon,Quality Technology Services,QTS Data Center Bld 3,171585.0,,,single_source_geometry,
site_02270,QTS Data Center Bld 5,PNNL,1,1,PNNL,building,PNNL:building_00918871787,Operating/inferred,True,False,OR,Washington County,,45.55880139187874,-122.93522042560193,True,Polygon,Quality Technology Services,QTS Data Center Bld 5,168921.0,,,single_source_geometry,
site_02271,QTS Data Center Bld 4,PNNL,1,1,PNNL,building,PNNL:building_00918871788,Operating/inferred,True,False,OR,Washington County,,45.5587812168356,-122.93294634090127,True,Polygon,Quality Technology Services,QTS Data Center Bld 4,173993.0,,,single_source_geometry,
site_02272,,PNNL,1,1,PNNL,building,PNNL:building_00919948160,Operating/inferred,True,False,WI,Racine County,,42.67566516635273,-87.91840525370044,True,Polygon,,,9094.0,,,single_source_geometry,
site_02273,Lumen Cleveland,PNNL,1,1,PNNL,building,PNNL:building_00923148801,Operating/inferred,True,False,OH,Cuyahoga County,,41.50506588325723,-81.65777529837548,True,Polygon,,Lumen Cleveland,29490.0,,,single_source_geometry,
site_02274,SU Green Data Center,PNNL,1,1,PNNL,building,PNNL:building_00930043986,Operating/inferred,True,False,NY,Onondaga County,,43.01207616834648,-76.11592528923454,True,Polygon,Syracuse University,SU Green Data Center,12169.0,,,single_source_geometry,
site_02275,Amazon IAD163,PNNL,1,1,PNNL,building,PNNL:building_00930849744,Operating/inferred,True,False,VA,Loudoun County,,39.03230534445815,-77.42970207458241,True,Polygon,Amazon Web Services,Amazon IAD163,131936.0,,,single_source_geometry,
site_02276,Johns Hopkins Data Center,PNNL,1,1,PNNL,building,PNNL:building_00931369845,Operating/inferred,True,False,MD,Baltimore city,,39.29355879768687,-76.55173790938491,True,Polygon,,Johns Hopkins Data Center,3880.0,,,single_source_geometry,
site_02277,Ebay,PNNL,1,1,PNNL,building,PNNL:building_00931732650,Operating/inferred,True,False,UT,Salt Lake County,,40.56409515233066,-112.05062821391914,True,Polygon,,Ebay,146408.0,,,single_source_geometry,
site_02278,,PNNL,1,1,PNNL,building,PNNL:building_00938592711,Operating/inferred,True,False,AZ,Maricopa County,,33.43946838545604,-112.3770584915453,True,Polygon,,,224651.0,,,single_source_geometry,
site_02279,Omnis Network,PNNL,1,1,PNNL,building,PNNL:building_00940821791,Operating/inferred,True,False,AZ,Maricopa County,,33.39440984512777,-111.95249099702062,True,Polygon,,Omnis Network,16956.0,,,single_source_geometry,
site_02280,Travelers Insurance,PNNL,1,1,PNNL,building,PNNL:building_00942557184,Operating/inferred,True,False,NE,Sarpy County,,41.12784313945287,-96.14504543454542,True,Polygon,Travelers Insurance,Travelers Insurance,182408.0,,,single_source_geometry,
site_02281,Flexential Nashville - Franklin,PNNL,1,1,PNNL,building,PNNL:building_00942604537,Operating/inferred,True,False,TN,Williamson County,,35.92045930433349,-86.81557369600324,True,Polygon,Flexential,Flexential Nashville - Franklin,74934.0,,,single_source_geometry,
site_02282,,PNNL,1,1,PNNL,building,PNNL:building_00944024849,Operating/inferred,True,False,IA,Polk County,,41.55808334363262,-93.52766189092017,True,Polygon,,,6991.0,,,single_source_geometry,
site_02283,,PNNL,1,1,PNNL,building,PNNL:building_00944024851,Operating/inferred,True,False,IA,Polk County,,41.55813064318698,-93.52815685258032,True,Polygon,,,16920.0,,,single_source_geometry,
site_02284,,PNNL,1,1,PNNL,building,PNNL:building_00946014659,Operating/inferred,True,False,OK,Tulsa County,,36.08125144033206,-95.8541491705349,True,Polygon,,,8589.0,,,single_source_geometry,
site_02285,E-Foam,PNNL,1,1,PNNL,building,PNNL:building_00958728802,Operating/inferred,True,False,FL,Orange County,,28.577943298712636,-81.56454528552736,True,Polygon,,E-Foam,8403.0,,,single_source_geometry,
site_02286,,PNNL,1,1,PNNL,building,PNNL:building_00959969621,Operating/inferred,True,False,CT,South Central Connecticut Planning Region,,41.47880657858901,-72.80100588134881,True,Polygon,,,53967.0,,,single_source_geometry,
site_02287,SimpleHelix,PNNL,1,1,PNNL,building,PNNL:building_00961071564,Operating/inferred,True,False,AL,Madison County,,34.7454310001572,-86.69188299975418,True,Polygon,,SimpleHelix,16411.0,,,single_source_geometry,
site_02288,CenturyLink,PNNL,1,1,PNNL,building,PNNL:building_00965755845,Operating/inferred,True,False,OR,Marion County,,44.93802973611572,-123.03368547875327,True,Polygon,CenturyLink,CenturyLink,24529.0,,,single_source_geometry,
site_02289,CyrusOne PHX7,PNNL,1,1,PNNL,building,PNNL:building_00977653854,Operating/inferred,True,False,AZ,Maricopa County,,33.266358037761506,-111.88190865991771,True,Polygon,,CyrusOne PHX7,138671.0,,,single_source_geometry,
site_02290,CyrusOne PHX4,PNNL,1,1,PNNL,building,PNNL:building_00977653858,Operating/inferred,True,False,AZ,Maricopa County,,33.2687661963882,-111.88251618115733,True,Polygon,CyrusOne,CyrusOne PHX4,103008.0,,,single_source_geometry,
site_02291,Northwest Data Center and Communications Hub,PNNL,1,1,PNNL,building,PNNL:building_00978632013,Operating/inferred,True,False,CA,Santa Clara County,,37.43343706484073,-122.18073854179177,True,Polygon,,Northwest Data Center and Communications Hub,10145.0,,,single_source_geometry,
site_02292,CyrusOne NVA7,PNNL,1,1,PNNL,building,PNNL:building_00983627455,Operating/inferred,True,False,VA,Loudoun County,,39.02630118372146,-77.43402771215538,True,Polygon,CyrusOne,CyrusOne NVA7,60930.0,,,single_source_geometry,
site_02293,Switch Las Vegas 10,PNNL,1,1,PNNL,building,PNNL:building_00984796364,Operating/inferred,True,False,NV,Clark County,,36.055585829479206,-115.2230609078074,True,Polygon,,Switch Las Vegas 10,206411.0,,,single_source_geometry,
site_02294,Amazon IAD164,PNNL,1,1,PNNL,building,PNNL:building_00984953814,Operating/inferred,True,False,VA,Loudoun County,,39.03047299575455,-77.42894228408753,True,Polygon,Amazon Web Services,Amazon IAD164,132374.0,,,single_source_geometry,
site_02295,Verizon Wireless Mew Building,PNNL,1,1,PNNL,building,PNNL:building_00989325195,Operating/inferred,True,False,TX,Tarrant County,,32.97215494101558,-97.15661083483384,True,Polygon,,Verizon Wireless Mew Building,176383.0,,,single_source_geometry,
site_02296,Amazon IAD122,PNNL,1,1,PNNL,building,PNNL:building_00990537857,Operating/inferred,True,False,VA,Loudoun County,,38.955863227653474,-77.49717993007393,True,Polygon,Amazon Web Services,Amazon IAD122,153273.0,,,single_source_geometry,
site_02297,CyrusOne Sterling IX,PNNL,1,1,PNNL,building,PNNL:building_00990537858,Operating/inferred,True,False,VA,Loudoun County,,38.95830777005175,-77.50575020782452,True,Polygon,CyrusOne,CyrusOne Sterling IX,266078.0,,,single_source_geometry,
site_02298,Amazon Web Services,PNNL,1,1,PNNL,building,PNNL:building_00996723587,Operating/inferred,True,False,VA,Prince William County,,38.78015146527289,-77.53988381836808,True,Polygon,Amazon IAD96,Amazon Web Services,149064.0,,,single_source_geometry,
site_02299,Amazon Web Services,PNNL,1,1,PNNL,building,PNNL:building_00996723588,Operating/inferred,True,False,VA,Prince William County,,38.77845091390774,-77.53942706487335,True,Polygon,Amazon IAD95,Amazon Web Services,214748.0,,,single_source_geometry,
site_02300,,PNNL,1,1,PNNL,building,PNNL:building_01010260674,Operating/inferred,True,False,TX,Bexar County,,29.418988042416917,-98.78747099882361,True,Polygon,,,109489.0,,,single_source_geometry,
site_02301,Pewaukee Data Center,PNNL,1,1,PNNL,building,PNNL:building_01011125238,Operating/inferred,True,False,WI,Waukesha County,,43.05138860290855,-88.21666504030928,True,Polygon,WE Energies,Pewaukee Data Center,47298.0,,,single_source_geometry,
site_02302,CenturyLink,PNNL,1,1,PNNL,building,PNNL:building_01013396352,Operating/inferred,True,False,NV,Clark County,,36.18299775012923,-115.06266954999842,True,Polygon,,CenturyLink,11601.0,,,single_source_geometry,
site_02303,EdgeConneX PHX02 Data Center,PNNL,1,1,PNNL,building,PNNL:building_01015704066,Operating/inferred,True,False,AZ,Maricopa County,,33.35201067934632,-111.64752987065916,True,Polygon,EdgeConneX,EdgeConneX PHX02 Data Center,654105.0,,,single_source_geometry,
site_02304,Amazon IAD601,PNNL,1,1,PNNL,building,PNNL:building_01015995259,Operating/inferred,True,False,VA,Prince William County,,38.77885736291117,-77.55711533400657,True,Polygon,Amazon Web Services,Amazon IAD601,14469.0,,,single_source_geometry,
site_02305,Switch Las Vegas 4,PNNL,1,1,PNNL,building,PNNL:building_01017460713,Operating/inferred,True,False,NV,Clark County,,36.143646142312384,-115.07677875306494,True,Polygon,Switch,Switch Las Vegas 4,27777.0,,,single_source_geometry,
site_02306,Switch Las Vegas 5,PNNL,1,1,PNNL,building,PNNL:building_01017460715,Operating/inferred,True,False,NV,Clark County,,36.14276349998916,-115.0766965000049,True,Polygon,Switch,Switch Las Vegas 5,15026.0,,,single_source_geometry,
site_02307,T-Mobile Everglades MSO Data Center,PNNL,1,1,PNNL,building,PNNL:building_01017518460,Operating/inferred,True,False,FL,Broward County,,26.184996941375054,-80.28691594165383,True,Polygon,,T-Mobile Everglades MSO Data Center,49233.0,,,single_source_geometry,
site_02308,EdgeConneX Data Center,PNNL,1,1,PNNL,building,PNNL:building_01019812125,Operating/inferred,True,False,OR,Washington County,,45.556621303589225,-122.91221283734207,True,Polygon,EdgeConneX,EdgeConneX Data Center,111564.0,,,single_source_geometry,
site_02309,Searcy Information Technologies,PNNL,1,1,PNNL,building,PNNL:building_01020721870,Operating/inferred,True,False,AR,White County,,35.2492158371357,-91.74090585909379,True,Polygon,City of Searcy,Searcy Information Technologies,4580.0,,,single_source_geometry,
site_02310,Amazon Web Services,PNNL,1,1,PNNL,building,PNNL:building_01020877488,Operating/inferred,True,False,VA,Loudoun County,,38.9958476154284,-77.4712911922763,True,Polygon,Amazon Web Services,Amazon Web Services,131476.0,,,single_source_geometry,
site_02311,Amazon Web Services,PNNL,1,1,PNNL,building,PNNL:building_01020877489,Operating/inferred,True,False,VA,Loudoun County,,38.99660796472238,-77.47326247561796,True,Polygon,Amazon Web Services,Amazon Web Services,131482.0,,,single_source_geometry,
site_02312,Meta Eagle Mountain Data Center,PNNL,1,1,PNNL,building,PNNL:building_01024051963,Operating/inferred,True,False,UT,Utah County,,40.26828850505122,-112.01507681579746,True,Polygon,Meta,Meta Eagle Mountain Data Center,344790.0,,,single_source_geometry,
site_02313,Meta Eagle Mountain Data Center,PNNL,1,1,PNNL,building,PNNL:building_01024051997,Operating/inferred,True,False,UT,Utah County,,40.2655639892377,-112.01512736677897,True,Polygon,Meta,Meta Eagle Mountain Data Center,626371.0,,,single_source_geometry,
site_02314,,PNNL,1,1,PNNL,building,PNNL:building_01024384322,Operating/inferred,True,False,KS,Johnson County,,38.926805991335975,-94.7683727731216,True,Polygon,,,4912.0,,,single_source_geometry,
site_02315,Amazon Web Services us-west-2,PNNL,1,1,PNNL,building,PNNL:building_01027471509,Operating/inferred,True,False,OR,Morrow County,,45.846667814374484,-119.60703845354756,True,Polygon,Amazon Web Services,Amazon Web Services us-west-2,211938.0,,,single_source_geometry,
site_02316,Amazon Web Services us-west-2,PNNL,1,1,PNNL,building,PNNL:building_01027471510,Operating/inferred,True,False,OR,Morrow County,,45.846753781437606,-119.60906254768787,True,Polygon,Amazon Web Services,Amazon Web Services us-west-2,221562.0,,,single_source_geometry,
site_02317,,PNNL,1,1,PNNL,building,PNNL:building_01034230196,Operating/inferred,True,False,FL,Polk County,,28.29407690335012,-81.83484809231037,True,Polygon,,,22578.0,,,single_source_geometry,
site_02318,DataBank Las Vegas LAS1,PNNL,1,1,PNNL,building,PNNL:building_01034475557,Operating/inferred,True,False,NV,Clark County,,36.05972751073122,-115.14721141845385,True,Polygon,,DataBank Las Vegas LAS1,58547.0,,,single_source_geometry,
site_02319,Meta Eagle Mountain Data Center,PNNL,1,1,PNNL,building,PNNL:building_01035123473,Operating/inferred,True,False,UT,Utah County,,40.27233431054834,-112.01505471830352,True,Polygon,Meta,Meta Eagle Mountain Data Center,628165.0,,,single_source_geometry,
site_02320,,PNNL,1,1,PNNL,building,PNNL:building_01042260902,Operating/inferred,True,False,AZ,Cochise County,,31.972674750091073,-110.3047516999998,True,Polygon,DirecTV,,7539.0,,,single_source_geometry,
site_02321,Flexential Salt Lake City - Millcreek,PNNL,1,1,PNNL,building,PNNL:building_01056658555,Operating/inferred,True,False,UT,Salt Lake County,,40.68552518346084,-111.88504405838351,True,Polygon,Flexential,Flexential Salt Lake City - Millcreek,28092.0,,,single_source_geometry,
site_02322,,PNNL,1,1,PNNL,building,PNNL:building_01069388067,Operating/inferred,True,False,SC,Berkeley County,,33.06202195137125,-80.03831641068669,True,Polygon,Google,,182645.0,,,single_source_geometry,
site_02323,Google,PNNL,1,1,PNNL,building,PNNL:building_01069388075,Operating/inferred,True,False,SC,Berkeley County,,33.06217398793264,-80.03966007767937,True,Polygon,Google,Google,181261.0,,,single_source_geometry,
site_02324,Google,PNNL,1,1,PNNL,building,PNNL:building_01069388095,Operating/inferred,True,False,SC,Berkeley County,,33.0620532330343,-80.041154478933,True,Polygon,Google,Google,206252.0,,,single_source_geometry,
site_02325,Google,PNNL,1,1,PNNL,building,PNNL:building_01069388141,Operating/inferred,True,False,SC,Berkeley County,,33.064311956552835,-80.03845634859405,True,Polygon,Google,Google,181645.0,,,single_source_geometry,
site_02326,Google,PNNL,1,1,PNNL,building,PNNL:building_01069388147,Operating/inferred,True,False,SC,Berkeley County,,33.06643643704493,-80.0384282206963,True,Polygon,Google,Google,131216.0,,,single_source_geometry,
site_02327,Google,PNNL,1,1,PNNL,building,PNNL:building_01069388156,Operating/inferred,True,False,SC,Berkeley County,,33.06415660970066,-80.0435751320087,True,Polygon,Google,Google,249320.0,,,single_source_geometry,
site_02328,Google,PNNL,1,1,PNNL,building,PNNL:building_01069388186,Operating/inferred,True,False,SC,Berkeley County,,33.062000589098496,-80.04505685925874,True,Polygon,Google,Google,697831.0,,,single_source_geometry,
site_02329,Google,PNNL,1,1,PNNL,building,PNNL:building_01069388211,Operating/inferred,True,False,SC,Berkeley County,,33.064434801539036,-80.04606755156347,True,Polygon,Google,Google,145533.0,,,single_source_geometry,
site_02330,Microsoft EAT02,PNNL,1,1,PNNL,building,PNNL:building_01071772119,Operating/inferred,True,False,WA,Douglas County,,47.416868024109554,-120.20768784943974,True,Polygon,Microsoft,Microsoft EAT02,246129.0,,,single_source_geometry,
site_02331,Google,PNNL,1,1,PNNL,building,PNNL:building_01073720208,Operating/inferred,True,False,IA,Pottawattamie County,,41.17734372844027,-95.80485695055478,True,Polygon,Google,Google,76005.0,,,single_source_geometry,
site_02332,Google,PNNL,1,1,PNNL,building,PNNL:building_01073720209,Operating/inferred,True,False,IA,Pottawattamie County,,41.17727415208592,-95.80637969473155,True,Polygon,Google,Google,318940.0,,,single_source_geometry,
site_02333,Google,PNNL,1,1,PNNL,building,PNNL:building_01073720210,Operating/inferred,True,False,IA,Pottawattamie County,,41.17745636098298,-95.8032146599412,True,Polygon,Google,Google,258223.0,,,single_source_geometry,
site_02334,Google,PNNL,1,1,PNNL,building,PNNL:building_01073720211,Operating/inferred,True,False,IA,Pottawattamie County,,41.17748290529598,-95.80096717468035,True,Polygon,Google,Google,211543.0,,,single_source_geometry,
site_02335,Google,PNNL,1,1,PNNL,building,PNNL:building_01073720212,Operating/inferred,True,False,IA,Pottawattamie County,,41.175540121144294,-95.80676284722783,True,Polygon,Google,Google,131491.0,,,single_source_geometry,
site_02336,Google,PNNL,1,1,PNNL,building,PNNL:building_01073720213,Operating/inferred,True,False,IA,Pottawattamie County,,41.17554005850446,-95.80565239909376,True,Polygon,Google,Google,129827.0,,,single_source_geometry,
site_02337,Google,PNNL,1,1,PNNL,building,PNNL:building_01073720214,Operating/inferred,True,False,IA,Pottawattamie County,,41.17554283490945,-95.80449329746104,True,Polygon,Google,Google,132118.0,,,single_source_geometry,
site_02338,Google,PNNL,1,1,PNNL,building,PNNL:building_01073720215,Operating/inferred,True,False,IA,Pottawattamie County,,41.175543648575314,-95.8033895382722,True,Polygon,Google,Google,132254.0,,,single_source_geometry,
site_02339,Google,PNNL,1,1,PNNL,building,PNNL:building_01073720216,Operating/inferred,True,False,IA,Pottawattamie County,,41.175547389125526,-95.80222393205067,True,Polygon,Google,Google,130820.0,,,single_source_geometry,
site_02340,Google,PNNL,1,1,PNNL,building,PNNL:building_01073720217,Operating/inferred,True,False,IA,Pottawattamie County,,41.175545298097475,-95.80111944856117,True,Polygon,Google,Google,129628.0,,,single_source_geometry,
site_02341,Google,PNNL,1,1,PNNL,building,PNNL:building_01073720218,Operating/inferred,True,False,IA,Pottawattamie County,,41.17555376295006,-95.79994803209584,True,Polygon,Google,Google,134444.0,,,single_source_geometry,
site_02342,Google,PNNL,1,1,PNNL,building,PNNL:building_01073720219,Operating/inferred,True,False,IA,Pottawattamie County,,41.1726347246986,-95.80402364214318,True,Polygon,Google,Google,174264.0,,,single_source_geometry,
site_02343,Google,PNNL,1,1,PNNL,building,PNNL:building_01073720220,Operating/inferred,True,False,IA,Pottawattamie County,,41.172640078023726,-95.80252143647043,True,Polygon,Google,Google,174583.0,,,single_source_geometry,
site_02344,Google,PNNL,1,1,PNNL,building,PNNL:building_01073720221,Operating/inferred,True,False,IA,Pottawattamie County,,41.17261142832355,-95.8011477197886,True,Polygon,Google,Google,158241.0,,,single_source_geometry,
site_02345,,PNNL,1,1,PNNL,building,PNNL:building_01075445245,Operating/inferred,True,False,CA,Santa Clara County,,37.3611399057634,-121.9423061882177,True,Polygon,,,108346.0,,,single_source_geometry,
site_02346,T5@Colorado Springs,PNNL,1,1,PNNL,building,PNNL:building_01083841125,Operating/inferred,True,False,CO,El Paso County,,38.78617187499131,-104.7885349003077,True,Polygon,,T5@Colorado Springs,74307.0,,,single_source_geometry,
site_02347,Flexential Tampa - North,PNNL,1,1,PNNL,building,PNNL:building_01085608797,Operating/inferred,True,False,FL,Hillsborough County,,28.07385598681517,-82.3683379069368,True,Polygon,Flexential,Flexential Tampa - North,30643.0,,,single_source_geometry,
site_02348,Amazon Web Services,PNNL,1,1,PNNL,building,PNNL:building_01088203906,Operating/inferred,True,False,VA,Loudoun County,,39.01674414789713,-77.45200064122655,True,Polygon,Amazon Web Services,Amazon Web Services,96372.0,,,single_source_geometry,
site_02349,,PNNL,1,1,PNNL,building,PNNL:building_01092283612,Operating/inferred,True,False,NY,Rockland County,,41.05233000835496,-73.97183915643684,True,Polygon,,,262772.0,,,single_source_geometry,
site_02350,Flexential Atlanta - Douglasville 1,PNNL,1,1,PNNL,building,PNNL:building_01097502168,Operating/inferred,True,False,GA,Douglas County,,33.73105742976977,-84.61608084611743,True,Polygon,Flexential,Flexential Atlanta - Douglasville 1,213895.0,,,single_source_geometry,
site_02351,,PNNL,1,1,PNNL,building,PNNL:building_01109643936,Operating/inferred,True,False,NY,Niagara County,,43.082056267934384,-79.03072271617526,True,Polygon,US Bitcoin,,61559.0,,,single_source_geometry,
site_02352,,PNNL,1,1,PNNL,building,PNNL:building_01114969101,Operating/inferred,True,False,OR,Washington County,,45.55406423294568,-122.94931170322877,True,Polygon,Aligned Data Centers,,155423.0,,,single_source_geometry,
site_02353,,PNNL,1,1,PNNL,building,PNNL:building_01116775094,Operating/inferred,True,False,NV,Storey County,,39.514067828488315,-119.47551375087221,True,Polygon,,,628883.0,,,single_source_geometry,
site_02354,,PNNL,1,1,PNNL,building,PNNL:building_01116775095,Operating/inferred,True,False,NV,Storey County,,39.51387049344325,-119.48485275056315,True,Polygon,,,296544.0,,,single_source_geometry,
site_02355,Flexential Salt Lake City - Fair Park,PNNL,1,1,PNNL,building,PNNL:building_01121188409,Operating/inferred,True,False,UT,Salt Lake County,,40.76678608763819,-111.92029244663202,True,Polygon,Flexential,Flexential Salt Lake City - Fair Park,12565.0,,,single_source_geometry,
site_02356,CyrusOne San Antonio IV,PNNL,1,1,PNNL,building,PNNL:building_01121592786,Operating/inferred,True,False,TX,Bexar County,,29.470679241649435,-98.67062972115531,True,Polygon,,CyrusOne San Antonio IV,92543.0,,,single_source_geometry,
site_02357,Amazon PDX63,PNNL,1,1,PNNL,building,PNNL:building_01126159710,Operating/inferred,True,False,OR,Umatilla County,,45.901449845508274,-119.32052237838585,True,Polygon,Amazon Web Services,Amazon PDX63,227376.0,,,single_source_geometry,
site_02358,Amazon PDX65,PNNL,1,1,PNNL,building,PNNL:building_01126159711,Operating/inferred,True,False,OR,Umatilla County,,45.90276331956975,-119.32049760712083,True,Polygon,Amazon Web Services,Amazon PDX65,217425.0,,,single_source_geometry,
site_02359,Amazon PDX67,PNNL,1,1,PNNL,building,PNNL:building_01126159714,Operating/inferred,True,False,OR,Umatilla County,,45.90385105351774,-119.32048702148562,True,Polygon,Amazon Web Services,Amazon PDX67,219900.0,,,single_source_geometry,
site_02360,Amazon PDX69,PNNL,1,1,PNNL,building,PNNL:building_01126159715,Operating/inferred,True,False,OR,Umatilla County,,45.9050943707071,-119.32016656388497,True,Polygon,Amazon Web Services,Amazon PDX69,219735.0,,,single_source_geometry,
site_02361,,PNNL,1,1,PNNL,building,PNNL:building_01127951468,Operating/inferred,True,False,OR,Umatilla County,,45.915709847092806,-119.26998056724547,True,Polygon,,,15313.0,,,single_source_geometry,
site_02362,,PNNL,1,1,PNNL,building,PNNL:building_01128589933,Operating/inferred,True,False,VA,Loudoun County,,39.06964742434577,-77.56077132424072,True,Polygon,,,242639.0,,,single_source_geometry,
site_02363,,PNNL,1,1,PNNL,building,PNNL:building_01128589934,Operating/inferred,True,False,VA,Loudoun County,,39.0696544548206,-77.55943345346945,True,Polygon,,,247061.0,,,single_source_geometry,
site_02364,,PNNL,1,1,PNNL,building,PNNL:building_01133944585,Operating/inferred,True,False,IL,Madison County,,38.81056014127996,-89.94870327621621,True,Polygon,,,204.0,,,single_source_geometry,
site_02365,AWS IAD105,PNNL,1,1,PNNL,building,PNNL:building_01134911640,Operating/inferred,True,False,VA,Prince William County,,38.747595868302135,-77.51947530248223,True,Polygon,Amazon Web Services,AWS IAD105,214270.0,,,single_source_geometry,
site_02366,AWS IAD104,PNNL,1,1,PNNL,building,PNNL:building_01134911641,Operating/inferred,True,False,VA,Prince William County,,38.748373835423195,-77.52070480173404,True,Polygon,Amazon Web Services,AWS IAD104,214258.0,,,single_source_geometry,
site_02367,,PNNL,1,1,PNNL,building,PNNL:building_01143804764,Operating/inferred,True,False,MD,Howard County,,39.13368478590359,-76.85140715035047,True,Polygon,,,112205.0,,,single_source_geometry,
site_02368,,PNNL,1,1,PNNL,building,PNNL:building_01152747559,Operating/inferred,True,False,OR,Crook County,,44.30167224151622,-120.89459613565029,True,Polygon,,,455401.0,,,single_source_geometry,
site_02369,,PNNL,1,1,PNNL,building,PNNL:building_01152748037,Operating/inferred,True,False,OR,Crook County,,44.299287947754344,-120.89459469330099,True,Polygon,,,241183.0,,,single_source_geometry,
site_02370,Digital Realty PDX11 Data Center,PNNL,1,1,PNNL,building,PNNL:building_01153935548,Operating/inferred,True,False,OR,Washington County,,45.568459285228734,-122.919968912523,True,Polygon,Digital Realty,Digital Realty PDX11 Data Center,287848.0,,,single_source_geometry,
site_02371,Datacenter (386),PNNL,1,1,PNNL,building,PNNL:building_01154349280,Operating/inferred,True,False,IL,DuPage County,,41.707134165979966,-87.97595597595401,True,Polygon,UChicago Argonne LLC,Datacenter (386),12413.0,,,single_source_geometry,
site_02372,Amazon Web Services,PNNL,1,1,PNNL,building,PNNL:building_01154503131,Operating/inferred,True,False,OH,Franklin County,,40.10176652448264,-83.1995825830434,True,Polygon,Amazon Web Services,Amazon Web Services,150776.0,,,single_source_geometry,
site_02373,Amazon Web Services,PNNL,1,1,PNNL,building,PNNL:building_01154503132,Operating/inferred,True,False,OH,Franklin County,,40.100768130406955,-83.19947533976502,True,Polygon,Amazon Web Services,Amazon Web Services,150211.0,,,single_source_geometry,
site_02374,Amazon Web Services,PNNL,1,1,PNNL,building,PNNL:building_01154503133,Operating/inferred,True,False,OH,Franklin County,,40.09978650124,-83.1992604839832,True,Polygon,Amazon Web Services,Amazon Web Services,131786.0,,,single_source_geometry,
site_02375,NTT Chicago CH1,PNNL,1,1,PNNL,building,PNNL:building_01154636644,Operating/inferred,True,False,IL,DuPage County,,41.98791937605658,-88.00726495418601,True,Polygon,NTT,NTT Chicago CH1,113535.0,,,single_source_geometry,
site_02376,,PNNL,1,1,PNNL,building,PNNL:building_01157356188,Operating/inferred,True,False,WI,Dunn County,,44.87716526998907,-91.91999887343924,True,Polygon,West Wisconsin Telcom,,3368.0,,,single_source_geometry,
site_02377,Microsoft EAT03,PNNL,1,1,PNNL,building,PNNL:building_01173537116,Operating/inferred,True,False,WA,Douglas County,,47.41832392189266,-120.20770997491815,True,Polygon,Microsoft,Microsoft EAT03,235418.0,,,single_source_geometry,
site_02378,Microsoft EAT04,PNNL,1,1,PNNL,building,PNNL:building_01173537117,Operating/inferred,True,False,WA,Douglas County,,47.419636588714944,-120.21382073657306,True,Polygon,Microsoft,Microsoft EAT04,234834.0,,,single_source_geometry,
site_02379,EAT13,PNNL,1,1,PNNL,building,PNNL:building_01173822722,Operating/inferred,True,False,WA,Chelan County,,47.35842571835008,-120.15997586326914,True,Polygon,,EAT13,232237.0,,,single_source_geometry,
site_02380,EAT12,PNNL,1,1,PNNL,building,PNNL:building_01173822723,Operating/inferred,True,False,WA,Chelan County,,47.3574330116489,-120.15954624801125,True,Polygon,,EAT12,248918.0,,,single_source_geometry,
site_02381,,PNNL,1,1,PNNL,building,PNNL:building_01177794153,Operating/inferred,True,False,TX,Dallas County,,32.89476229626733,-96.98194594256125,True,Polygon,,,141788.0,,,single_source_geometry,
site_02382,,PNNL,1,1,PNNL,building,PNNL:building_01177975782,Operating/inferred,True,False,WY,Laramie County,,41.125398685682946,-104.9075161092094,True,Polygon,,,29178.0,,,single_source_geometry,
site_02383,,PNNL,1,1,PNNL,building,PNNL:building_01177975783,Operating/inferred,True,False,WY,Laramie County,,41.12645973663428,-104.89953749554007,True,Polygon,,,33657.0,,,single_source_geometry,
site_02384,,PNNL,1,1,PNNL,building,PNNL:building_01177975784,Operating/inferred,True,False,WY,Laramie County,,41.12541097703015,-104.90197773507904,True,Polygon,,,51590.0,,,single_source_geometry,
site_02385,,PNNL,1,1,PNNL,building,PNNL:building_01177975788,Operating/inferred,True,False,WY,Laramie County,,41.12226600580698,-104.90814229902796,True,Polygon,,,218419.0,,,single_source_geometry,
site_02386,,PNNL,1,1,PNNL,building,PNNL:building_01177975789,Operating/inferred,True,False,WY,Laramie County,,41.12224618145857,-104.90951695028599,True,Polygon,,,216879.0,,,single_source_geometry,
site_02387,,PNNL,1,1,PNNL,building,PNNL:building_01188691867,Operating/inferred,True,False,VA,Loudoun County,,39.01710249054327,-77.47326655981455,True,Polygon,,,91264.0,,,single_source_geometry,
site_02388,Meta,PNNL,1,1,PNNL,building,PNNL:building_01191496040,Operating/inferred,True,False,NM,Valencia County,,34.825839640241206,-106.77888911307576,True,Polygon,Meta,Meta,588490.0,,,single_source_geometry,
site_02389,,PNNL,1,1,PNNL,building,PNNL:building_01193914601,Operating/inferred,True,False,WA,Grant County,,47.24481075189648,-119.81798352548935,True,Polygon,,,280235.0,,,single_source_geometry,
site_02390,,PNNL,1,1,PNNL,building,PNNL:building_01193914602,Operating/inferred,True,False,WA,Grant County,,47.24427568966153,-119.81481251567007,True,Polygon,,,147278.0,,,single_source_geometry,
site_02391,Lightedge Des Moines 2,PNNL,1,1,PNNL,building,PNNL:building_01202051225,Operating/inferred,True,False,IA,Polk County,,41.66679862807146,-93.45595524492184,True,Polygon,,Lightedge Des Moines 2,56626.0,,,single_source_geometry,
site_02392,,PNNL,1,1,PNNL,building,PNNL:building_01210199365,Operating/inferred,True,False,NV,Washoe County,,39.56971060147777,-119.5378594125417,True,Polygon,,,89816.0,,,single_source_geometry,
site_02393,,PNNL,1,1,PNNL,building,PNNL:building_01210199366,Operating/inferred,True,False,NV,Washoe County,,39.570052601477805,-119.53709171254167,True,Polygon,,,89816.0,,,single_source_geometry,
site_02394,,PNNL,1,1,PNNL,building,PNNL:building_01210199367,Operating/inferred,True,False,NV,Washoe County,,39.57059170801203,-119.53603404605106,True,Polygon,,,89821.0,,,single_source_geometry,
site_02395,,PNNL,1,1,PNNL,building,PNNL:building_01210199368,Operating/inferred,True,False,NV,Washoe County,,39.57098620148502,-119.5353175625486,True,Polygon,,,89824.0,,,single_source_geometry,
site_02396,Carrier Services Group,PNNL,1,1,PNNL,building,PNNL:building_01210421871,Operating/inferred,True,False,OH,Mahoning County,,41.04105972873746,-80.63309049266806,True,Polygon,,Carrier Services Group,75379.0,,,single_source_geometry,
site_02397,Flexential Nashville - Cool Springs,PNNL,1,1,PNNL,building,PNNL:building_01210515186,Operating/inferred,True,False,TN,Williamson County,,35.9510406627101,-86.83338099610178,True,Polygon,Flexential,Flexential Nashville - Cool Springs,69261.0,,,single_source_geometry,
site_02398,,PNNL,1,1,PNNL,building,PNNL:building_01211362828,Operating/inferred,True,False,WI,Columbia County,,43.63833310938071,-89.72140293849328,True,Polygon,,,361.0,,,single_source_geometry,
site_02399,,PNNL,1,1,PNNL,building,PNNL:building_01219083552,Operating/inferred,True,False,IL,Cook County,,42.02314332706365,-87.97218622171744,True,Polygon,,,110471.0,,,single_source_geometry,
site_02400,Cortex supercomputer,PNNL,1,1,PNNL,building,PNNL:building_01221574918,Operating/inferred,True,False,TX,Travis County,,30.21539943501369,-97.61896045736678,True,Polygon,,Cortex supercomputer,427833.0,,,single_source_geometry,
site_02401,AWS IAD106,PNNL,1,1,PNNL,building,PNNL:building_01221862807,Operating/inferred,True,False,VA,Prince William County,,38.74697497598997,-77.51852812758843,True,Polygon,Amazon Web Services,AWS IAD106,205206.0,,,single_source_geometry,
site_02402,,PNNL,1,1,PNNL,building,PNNL:building_01226436454,Operating/inferred,True,False,IA,Pottawattamie County,,41.21209899075678,-95.87791366422857,True,Polygon,,,117949.0,,,single_source_geometry,
site_02403,Novartis,PNNL,1,1,PNNL,building,PNNL:building_01227550179,Operating/inferred,True,False,TX,Tarrant County,,32.65123418104135,-97.31970940523344,True,Polygon,,Novartis,42691.0,,,single_source_geometry,
site_02404,Equinix SV11,PNNL,1,1,PNNL,building,PNNL:building_01227604493,Operating/inferred,True,False,CA,Santa Clara County,,37.24260507449007,-121.7839986384854,True,Polygon,Equinix,Equinix SV11,76977.0,,,single_source_geometry,
site_02405,CyrusOne PHX8,PNNL,1,1,PNNL,building,PNNL:building_01227682824,Operating/inferred,True,False,AZ,Maricopa County,,33.26634359950168,-111.88328970114857,True,Polygon,,CyrusOne PHX8,138766.0,,,single_source_geometry,
site_02406,CyrusOne PHX3,PNNL,1,1,PNNL,building,PNNL:building_01227684019,Operating/inferred,True,False,AZ,Maricopa County,,33.271968058402116,-111.88162712790563,True,Polygon,,CyrusOne PHX3,107618.0,,,single_source_geometry,
site_02407,CyrusOne PHX4,PNNL,1,1,PNNL,building,PNNL:building_01227684020,Operating/inferred,True,False,AZ,Maricopa County,,33.27193710235771,-111.88328211364427,True,Polygon,,CyrusOne PHX4,108957.0,,,single_source_geometry,
site_02408,Vantage VA13,PNNL,1,1,PNNL,building,PNNL:building_01227777116,Operating/inferred,True,False,VA,Loudoun County,,39.00310829243192,-77.43985079751437,True,Polygon,Vantage Data Centers,Vantage VA13,261859.0,,,single_source_geometry,
site_02409,Lightedge Des Moines 1,PNNL,1,1,PNNL,building,PNNL:building_01227883682,Operating/inferred,True,False,IA,Polk County,,41.66765686470181,-93.45548176472273,True,Polygon,,Lightedge Des Moines 1,30078.0,,,single_source_geometry,
site_02410,,PNNL,1,1,PNNL,building,PNNL:building_01235255415,Operating/inferred,True,False,NM,Doña Ana County,,32.30965547587507,-106.72917107190823,True,Polygon,CenturyLink,,31837.0,,,single_source_geometry,
site_02411,Verizon North Las Vegas,PNNL,1,1,PNNL,building,PNNL:building_01235846520,Operating/inferred,True,False,NV,Clark County,,36.22189342504773,-115.14705545021235,True,Polygon,Verizon,Verizon North Las Vegas,25096.0,,,single_source_geometry,
site_02412,Google,PNNL,1,1,PNNL,building,PNNL:building_01237493975,Operating/inferred,True,False,NE,Sarpy County,,41.13491995864724,-96.1440729015135,True,Polygon,Google,Google,292941.0,,,single_source_geometry,
site_02413,Google,PNNL,1,1,PNNL,building,PNNL:building_01237494981,Operating/inferred,True,False,NE,Sarpy County,,41.13439327581521,-96.15590606506956,True,Polygon,Google,Google,297438.0,,,single_source_geometry,
site_02414,Involta Independence,PNNL,1,1,PNNL,building,PNNL:building_01238705019,Operating/inferred,True,False,OH,Cuyahoga County,,41.36106237331226,-81.63280479310477,True,Polygon,,Involta Independence,26393.0,,,single_source_geometry,
site_02415,Amazon Web Services,PNNL,1,1,PNNL,building,PNNL:building_01252196805,Operating/inferred,True,False,OH,Union County,,40.11625887855608,-83.20139113655297,True,Polygon,Amazon Web Services,Amazon Web Services,218032.0,,,single_source_geometry,
site_02416,,PNNL,1,1,PNNL,building,PNNL:building_01252196806,Operating/inferred,True,False,OH,Union County,,40.11739966334843,-83.20208181892225,True,Polygon,Amazon Web Services,,213349.0,,,single_source_geometry,
site_02417,Amazon Web Services,PNNL,1,1,PNNL,building,PNNL:building_01252196807,Operating/inferred,True,False,OH,Union County,,40.11904802129847,-83.20025962657277,True,Polygon,Amazon Web Services,Amazon Web Services,13652.0,,,single_source_geometry,
site_02418,Amazon Web Services,PNNL,1,1,PNNL,building,PNNL:building_01252196808,Operating/inferred,True,False,OH,Franklin County,,40.04935754088761,-83.17546025829033,True,Polygon,Amazon Web Services,Amazon Web Services,220580.0,,,single_source_geometry,
site_02419,,PNNL,1,1,PNNL,building,PNNL:building_01252196809,Operating/inferred,True,False,OH,Franklin County,,40.04813089818562,-83.17528384542761,True,Polygon,Amazon Web Services,,217845.0,,,single_source_geometry,
site_02420,Amazon Web Services,PNNL,1,1,PNNL,building,PNNL:building_01252196810,Operating/inferred,True,False,OH,Franklin County,,40.04790974075581,-83.17754692245403,True,Polygon,Amazon Web Services,Amazon Web Services,14456.0,,,single_source_geometry,
site_02421,Amazon Web Services,PNNL,1,1,PNNL,building,PNNL:building_01252196816,Operating/inferred,True,False,OR,Morrow County,,45.85874996159125,-119.60509631980196,True,Polygon,Amazon Web Services,Amazon Web Services,210570.0,,,single_source_geometry,
site_02422,Amazon Web Services,PNNL,1,1,PNNL,building,PNNL:building_01252196817,Operating/inferred,True,False,OR,Morrow County,,45.86008348238562,-119.60513360298897,True,Polygon,Amazon Web Services,Amazon Web Services,211904.0,,,single_source_geometry,
site_02423,Amazon Web Services,PNNL,1,1,PNNL,building,PNNL:building_01252196818,Operating/inferred,True,False,OR,Morrow County,,45.8609694312574,-119.6051531215301,True,Polygon,Amazon Web Services,Amazon Web Services,216528.0,,,single_source_geometry,
site_02424,Amazon Web Services,PNNL,1,1,PNNL,building,PNNL:building_01252196819,Operating/inferred,True,False,OR,Morrow County,,45.841481031506696,-119.6517767921927,True,Polygon,Amazon Web Services,Amazon Web Services,13765.0,,,single_source_geometry,
site_02425,Amazon Web Services,PNNL,1,1,PNNL,building,PNNL:building_01252196820,Operating/inferred,True,False,OR,Umatilla County,,45.9206369354048,-119.23183081247244,True,Polygon,Amazon Web Services,Amazon Web Services,216430.0,,,single_source_geometry,
site_02426,Amazon Web Services,PNNL,1,1,PNNL,building,PNNL:building_01252196821,Operating/inferred,True,False,OR,Umatilla County,,45.92064708433544,-119.22998114838396,True,Polygon,Amazon Web Services,Amazon Web Services,211240.0,,,single_source_geometry,
site_02427,Amazon Web Services,PNNL,1,1,PNNL,building,PNNL:building_01252196822,Operating/inferred,True,False,OR,Umatilla County,,45.79777489027666,-119.361958718014,True,Polygon,Amazon Web Services,Amazon Web Services,216777.0,,,single_source_geometry,
site_02428,Amazon Web Services,PNNL,1,1,PNNL,building,PNNL:building_01252196823,Operating/inferred,True,False,OR,Umatilla County,,45.799165042059165,-119.3666580013381,True,Polygon,Amazon Web Services,Amazon Web Services,216903.0,,,single_source_geometry,
site_02429,Amazon Web Services,PNNL,1,1,PNNL,building,PNNL:building_01253282099,Operating/inferred,True,False,VA,Loudoun County,,38.99509407061763,-77.47107161222901,True,Polygon,Amazon Web Services,Amazon Web Services,14683.0,,,single_source_geometry,
site_02430,Meta Sarpy Data center,PNNL,1,1,PNNL,building,PNNL:building_01253282100,Operating/inferred,True,False,NE,Sarpy County,,41.123572980157554,-96.13289444072417,True,Polygon,Meta,Meta Sarpy Data center,628560.0,,,single_source_geometry,
site_02431,Meta,PNNL,1,1,PNNL,building,PNNL:building_01253282103,Operating/inferred,True,False,IA,Polk County,,41.67557150002093,-93.50965654880697,True,Polygon,Meta,Meta,493366.0,,,single_source_geometry,
site_02432,Meta,PNNL,1,1,PNNL,building,PNNL:building_01253282104,Operating/inferred,True,False,IA,Polk County,,41.67582283535729,-93.50603124097204,True,Polygon,Meta,Meta,601076.0,,,single_source_geometry,
site_02433,Windbreak Cable,PNNL,1,1,PNNL,building,PNNL:building_01268789798,Operating/inferred,True,False,WY,Laramie County,,41.18260120002003,-104.0684983,True,Polygon,,Windbreak Cable,1114.0,,,single_source_geometry,
site_02434,,PNNL,1,1,PNNL,building,PNNL:building_01269259655,Operating/inferred,True,False,VA,Manassas city,,38.740435867935545,-77.50398435557676,True,Polygon,,,95987.0,,,single_source_geometry,
site_02435,NTT Chicago CH2,PNNL,1,1,PNNL,building,PNNL:building_01271571726,Operating/inferred,True,False,IL,DuPage County,,41.98896681192547,-88.00725702699874,True,Polygon,NTT,NTT Chicago CH2,115555.0,,,single_source_geometry,
site_02436,,PNNL,1,1,PNNL,building,PNNL:building_01276373853,Operating/inferred,True,False,OR,Crook County,,44.28575425519378,-120.8699210224936,True,Polygon,,,275217.0,,,single_source_geometry,
site_02437,Involta-Akron,PNNL,1,1,PNNL,building,PNNL:building_01278541792,Operating/inferred,True,False,OH,Summit County,,41.057431068795566,-81.52197151267426,True,Polygon,,Involta-Akron,59427.0,,,single_source_geometry,
site_02438,Amazon Web Services,PNNL,1,1,PNNL,building,PNNL:building_01280340214,Operating/inferred,True,False,VA,Prince William County,,38.80289734729966,-77.6221271999352,True,Polygon,Amazon Web Services,Amazon Web Services,129225.0,,,single_source_geometry,
site_02439,Amazon Web Services,PNNL,1,1,PNNL,building,PNNL:building_01280344148,Operating/inferred,True,False,OH,Union County,,40.13418977024933,-83.21583366417357,True,Polygon,Amazon Web Services,Amazon Web Services,233609.0,,,single_source_geometry,
site_02440,Amazon Web Services,PNNL,1,1,PNNL,building,PNNL:building_01280344149,Operating/inferred,True,False,OR,Umatilla County,,45.92059672458088,-119.22880463589557,True,Polygon,Amazon Web Services,Amazon Web Services,225421.0,,,single_source_geometry,
site_02441,Amazon Web Services,PNNL,1,1,PNNL,building,PNNL:building_01280344150,Operating/inferred,True,False,OR,Umatilla County,,45.920560005801455,-119.22700425422059,True,Polygon,Amazon Web Services,Amazon Web Services,217375.0,,,single_source_geometry,
site_02442,Amazon Web Services,PNNL,1,1,PNNL,building,PNNL:building_01280344151,Operating/inferred,True,False,OR,Umatilla County,,45.919515285726376,-119.22609033042734,True,Polygon,Amazon Web Services,Amazon Web Services,16064.0,,,single_source_geometry,
site_02443,Amazon Web Services,PNNL,1,1,PNNL,building,PNNL:building_01280344153,Operating/inferred,True,False,OR,Umatilla County,,45.88251750222229,-119.3416517837596,True,Polygon,Amazon Web Services,Amazon Web Services,218698.0,,,single_source_geometry,
site_02444,Amazon Web Services,PNNL,1,1,PNNL,building,PNNL:building_01280344154,Operating/inferred,True,False,OR,Morrow County,,45.86225295877379,-119.60511168543225,True,Polygon,Amazon Web Services,Amazon Web Services,211930.0,,,single_source_geometry,
site_02445,Amazon Web Services,PNNL,1,1,PNNL,building,PNNL:building_01280344155,Operating/inferred,True,False,OR,Morrow County,,45.85803760730771,-119.60487161226038,True,Polygon,Amazon Web Services,Amazon Web Services,12811.0,,,single_source_geometry,
site_02446,Amazon Web Services,PNNL,1,1,PNNL,building,PNNL:building_01280344156,Operating/inferred,True,False,OR,Morrow County,,45.840670297393935,-119.65130207689772,True,Polygon,Amazon Web Services,Amazon Web Services,13923.0,,,single_source_geometry,
site_02447,Amazon Web Services,PNNL,1,1,PNNL,building,PNNL:building_01280344157,Operating/inferred,True,False,OR,Morrow County,,45.81993095962179,-119.63208588156591,True,Polygon,Amazon Web Services,Amazon Web Services,212775.0,,,single_source_geometry,
site_02448,UPS Data Center,PNNL,1,1,PNNL,building,PNNL:building_01282332209,Operating/inferred,True,False,GA,Forsyth County,,34.10338317620051,-84.2149739266172,True,Polygon,,UPS Data Center,173693.0,,,single_source_geometry,
site_02449,Microsoft,PNNL,1,1,PNNL,building,PNNL:building_01283734104,Operating/inferred,True,False,AZ,Maricopa County,,33.44634015387983,-112.37391953991316,True,Polygon,Microsoft,Microsoft,238581.0,,,single_source_geometry,
site_02450,Google,PNNL,1,1,PNNL,building,PNNL:building_01287260553,Operating/inferred,True,False,VA,Prince William County,,38.7744165289811,-77.58562711780785,True,Polygon,Google,Google,289621.0,,,single_source_geometry,
site_02451,Amazon Web Services,PNNL,1,1,PNNL,building,PNNL:building_01287260554,Operating/inferred,True,False,VA,Prince William County,,38.80185736221658,-77.62121027768342,True,Polygon,Amazon Web Services,Amazon Web Services,127010.0,,,single_source_geometry,
site_02452,Amazon Web Services,PNNL,1,1,PNNL,building,PNNL:building_01287260555,Operating/inferred,True,False,VA,Prince William County,,38.80125678726276,-77.62048061962223,True,Polygon,Amazon Web Services,Amazon Web Services,130170.0,,,single_source_geometry,
site_02453,,PNNL,1,1,PNNL,building,PNNL:building_01287260559,Operating/inferred,True,False,VA,Prince William County,,38.758875222417394,-77.51665238523324,True,Polygon,,,139592.0,,,single_source_geometry,
site_02454,Google,PNNL,1,1,PNNL,building,PNNL:building_01287260560,Operating/inferred,True,False,IA,Pottawattamie County,,41.17359488843065,-95.79220329121617,True,Polygon,Google,Google,294718.0,,,single_source_geometry,
site_02455,Google,PNNL,1,1,PNNL,building,PNNL:building_01287260561,Operating/inferred,True,False,IA,Pottawattamie County,,41.17359750472643,-95.78867836937772,True,Polygon,Google,Google,296835.0,,,single_source_geometry,
site_02456,42311 THUNDERBALL DR,PNNL,1,1,PNNL,building,PNNL:building_01292897241,Operating/inferred,True,False,VA,Loudoun County,,39.042552536948456,-77.53829965963824,True,Polygon,True North Data Solutions,42311 THUNDERBALL DR,40683.0,,,single_source_geometry,
site_02457,42255 THUNDERBALL DR,PNNL,1,1,PNNL,building,PNNL:building_01292897242,Operating/inferred,True,False,VA,Loudoun County,,39.04162316420013,-77.53922373708994,True,Polygon,True North Data Solutions,42255 THUNDERBALL DR,60458.0,,,single_source_geometry,
site_02458,42254 THUNDERBALL DR,PNNL,1,1,PNNL,building,PNNL:building_01292897243,Operating/inferred,True,False,VA,Loudoun County,,39.04350173521111,-77.54087429950766,True,Polygon,True North Data Solutions,42254 THUNDERBALL DR,77498.0,,,single_source_geometry,
site_02459,Modesto Junior College West Data Center,PNNL,1,1,PNNL,building,PNNL:building_01296163129,Operating/inferred,True,False,CA,Stanislaus County,,37.66514737401328,-121.04003747175075,True,Polygon,Yosemite Community College District,Modesto Junior College West Data Center,6017.0,,,single_source_geometry,
site_02460,GVTC,PNNL,1,1,PNNL,building,PNNL:building_01296723872,Operating/inferred,True,False,TX,Bexar County,,29.68640301722139,-98.4626474985889,True,Polygon,GVTC,GVTC,445.0,,,single_source_geometry,
site_02461,Stream Data Centers,PNNL,1,1,PNNL,building,PNNL:building_01300765126,Operating/inferred,True,False,TX,Dallas County,,32.9836681552358,-96.65427329455417,True,Polygon,,Stream Data Centers,280635.0,,,single_source_geometry,
site_02462,,PNNL,1,1,PNNL,building,PNNL:building_01301654224,Operating/inferred,True,False,VA,Loudoun County,,38.95006466711818,-77.55887032015698,True,Polygon,,,130174.0,,,single_source_geometry,
site_02463,Ark Duluth Data Center,PNNL,1,1,PNNL,building,PNNL:building_01307072785,Operating/inferred,True,False,MN,St. Louis County,,46.82746658999977,-92.13043071418325,True,Polygon,,Ark Duluth Data Center,27162.0,,,single_source_geometry,
site_02464,Flexential Charlotte - North,PNNL,1,1,PNNL,building,PNNL:building_01307920829,Operating/inferred,True,False,NC,Mecklenburg County,,35.32975386752092,-80.76578188627896,True,Polygon,Flexential,Flexential Charlotte - North,62809.0,,,single_source_geometry,
site_02465,,PNNL,1,1,PNNL,building,PNNL:building_01312792611,Operating/inferred,True,False,IL,DeKalb County,,41.88853040860736,-88.72185807435966,True,Polygon,Meta,,568454.0,,,single_source_geometry,
site_02466,,PNNL,1,1,PNNL,building,PNNL:building_01312792612,Operating/inferred,True,False,IL,DeKalb County,,41.88928381978822,-88.73105377072714,True,Polygon,Meta,,568442.0,,,single_source_geometry,
site_02467,,PNNL,1,1,PNNL,building,PNNL:building_01312792613,Operating/inferred,True,False,IL,DeKalb County,,41.89027497092366,-88.72635519613044,True,Polygon,Meta,,320184.0,,,single_source_geometry,
site_02468,Google,PNNL,1,1,PNNL,building,PNNL:building_01312801354,Operating/inferred,True,False,NE,Sarpy County,,41.1379099302681,-96.15143114556095,True,Polygon,Google,Google,297414.0,,,single_source_geometry,
site_02469,,PNNL,1,1,PNNL,building,PNNL:building_01313995085,Operating/inferred,True,False,CA,Santa Clara County,,37.370642952923895,-121.97450722223287,True,Polygon,,,124069.0,,,single_source_geometry,
site_02470,Vantage Santa Clara CA2,PNNL,1,1,PNNL,building,PNNL:building_01314010354,Operating/inferred,True,False,CA,Santa Clara County,,37.36403183434052,-121.9468448755741,True,Polygon,Vantage Data Centers,Vantage Santa Clara CA2,132031.0,,,single_source_geometry,
site_02471,Apple,PNNL,1,1,PNNL,building,PNNL:building_01318322780,Operating/inferred,True,False,IA,Dallas County,,41.616851127761585,-93.92440196315309,True,Polygon,Apple,Apple,313804.0,,,single_source_geometry,
site_02472,,PNNL,1,1,PNNL,building,PNNL:building_01319724559,Operating/inferred,True,False,OH,Delaware County,,40.22452425388648,-83.04586008454727,True,Polygon,,,307645.0,,,single_source_geometry,
site_02473,DC BLOX Myrtle Beach Cable Landing Station,PNNL,1,1,PNNL,building,PNNL:building_01320038649,Operating/inferred,True,False,SC,Horry County,,33.674583221801456,-78.94369603285817,True,Polygon,,DC BLOX Myrtle Beach Cable Landing Station,91946.0,,,single_source_geometry,
site_02474,,PNNL,1,1,PNNL,building,PNNL:building_01320683840,Operating/inferred,True,False,NV,Storey County,,39.51151960465572,-119.48330528884722,True,Polygon,,,390893.0,,,single_source_geometry,
site_02475,,PNNL,1,1,PNNL,building,PNNL:building_01333205262,Operating/inferred,True,False,VA,Loudoun County,,39.05842724907653,-77.54975704380365,True,Polygon,,,200169.0,,,single_source_geometry,
site_02476,,PNNL,1,1,PNNL,building,PNNL:building_01333205263,Operating/inferred,True,False,VA,Loudoun County,,39.066015331021106,-77.55856949362979,True,Polygon,,,153155.0,,,single_source_geometry,
site_02477,Meta,PNNL,1,1,PNNL,building,PNNL:building_01340746574,Operating/inferred,True,False,NM,Valencia County,,34.825823197722954,-106.78246827061649,True,Polygon,Meta,Meta,588461.0,,,single_source_geometry,
site_02478,,PNNL,1,1,PNNL,building,PNNL:building_01343764880,Operating/inferred,True,False,VA,Fairfax County,,38.92277280028818,-77.42787142077401,True,Polygon,,,135479.0,,,single_source_geometry,
site_02479,,PNNL,1,1,PNNL,building,PNNL:building_01343764881,Operating/inferred,True,False,VA,Fairfax County,,38.921124573021366,-77.42655352213022,True,Polygon,,,130413.0,,,single_source_geometry,
site_02480,,PNNL,1,1,PNNL,building,PNNL:building_01343764882,Operating/inferred,True,False,VA,Fairfax County,,38.9226915826871,-77.42630675543383,True,Polygon,,,132753.0,,,single_source_geometry,
site_02481,Amazon,PNNL,1,1,PNNL,building,PNNL:building_01344369104,Operating/inferred,True,False,TX,Bexar County,,29.450736236167327,-98.63871379564972,True,Polygon,,Amazon,104910.0,,,single_source_geometry,
site_02482,,PNNL,1,1,PNNL,building,PNNL:building_01344369111,Operating/inferred,True,False,TX,Bexar County,,29.41845384292862,-98.788807852764,True,Polygon,,,64212.0,,,single_source_geometry,
site_02483,DataBank Santa Clara SFO1,PNNL,1,1,PNNL,building,PNNL:building_01351049826,Operating/inferred,True,False,CA,Santa Clara County,,37.40729868242747,-121.96595642250189,True,Polygon,DataBank,DataBank Santa Clara SFO1,26781.0,,,single_source_geometry,
site_02484,PTC,PNNL,1,1,PNNL,building,PNNL:building_01365213539,Operating/inferred,True,False,OR,Linn County,,44.77521879334287,-122.61593123751021,True,Polygon,Stayton Cooperative Telephone Company,PTC,2521.0,,,single_source_geometry,
site_02485,,PNNL,1,1,PNNL,building,PNNL:building_01368776076,Operating/inferred,True,False,IA,Polk County,,41.51586406763058,-93.72031237839327,True,Polygon,,,263940.0,,,single_source_geometry,
site_02486,,PNNL,1,1,PNNL,building,PNNL:building_01368776077,Operating/inferred,True,False,IA,Polk County,,41.516863672550784,-93.71976722360252,True,Polygon,,,248069.0,,,single_source_geometry,
site_02487,CenturyLink,PNNL,1,1,PNNL,building,PNNL:building_01371348227,Operating/inferred,True,False,MO,Caldwell County,,39.74404823646494,-93.9973760190651,True,Polygon,,CenturyLink,1433.0,,,single_source_geometry,
site_02488,,PNNL,1,1,PNNL,building,PNNL:building_01372772726,Operating/inferred,True,False,AZ,Maricopa County,,33.35323014577916,-111.67808965639534,True,Polygon,,,241211.0,,,single_source_geometry,
site_02489,Amazon Web Services,PNNL,1,1,PNNL,building,PNNL:building_01374895921,Operating/inferred,True,False,OR,Umatilla County,,45.87953253861672,-119.34163563129185,True,Polygon,Amazon Web Services,Amazon Web Services,218723.0,,,single_source_geometry,
site_02490,Amazon Web Services,PNNL,1,1,PNNL,building,PNNL:building_01374895922,Operating/inferred,True,False,OR,Umatilla County,,45.88252484149941,-119.3396900641125,True,Polygon,Amazon Web Services,Amazon Web Services,218708.0,,,single_source_geometry,
site_02491,,PNNL,1,1,PNNL,building,PNNL:building_01375443893,Operating/inferred,True,False,OH,Licking County,,40.05924761990545,-82.76269811748983,True,Polygon,,,95190.0,,,single_source_geometry,
site_02492,Flexential Las Vegas - Downtown,PNNL,1,1,PNNL,building,PNNL:building_01379421123,Operating/inferred,True,False,NV,Clark County,,36.168643800000766,-115.14314455000994,True,Polygon,Flexential,Flexential Las Vegas - Downtown,439.0,,,single_source_geometry,
site_02493,,PNNL,1,1,PNNL,building,PNNL:building_01380114462,Operating/inferred,True,False,VA,Fauquier County,,38.73721263324728,-77.82624892405599,True,Polygon,,,59703.0,,,single_source_geometry,
site_02494,,PNNL,1,1,PNNL,building,PNNL:building_01380114463,Operating/inferred,True,False,VA,Fauquier County,,38.73822200703171,-77.82580618898835,True,Polygon,,,107125.0,,,single_source_geometry,
site_02495,T5@Cleveland,PNNL,1,1,PNNL,building,PNNL:building_01382205749,Operating/inferred,True,False,OH,Cuyahoga County,,41.44246938202044,-81.80215430324107,True,Polygon,T5 Data Centers,T5@Cleveland,244723.0,,,single_source_geometry,
site_02496,CoreSite NY3,PNNL,1,1,PNNL,building,PNNL:building_01383916144,Operating/inferred,True,False,NJ,Hudson County,,40.784903830537054,-74.06535725613013,True,Polygon,CoreSite,CoreSite NY3,39679.0,,,single_source_geometry,
site_02497,Meta,PNNL,1,1,PNNL,building,PNNL:building_01386016634,Operating/inferred,True,False,OH,Licking County,,40.06149628180154,-82.74054460541299,True,Polygon,Meta,Meta,365548.0,,,single_source_geometry,
site_02498,Amazon Web Services,PNNL,1,1,PNNL,building,PNNL:building_01386016636,Operating/inferred,True,False,OH,Union County,,40.13579696334773,-83.21264447651147,True,Polygon,Amazon Web Services,Amazon Web Services,210421.0,,,single_source_geometry,
site_02499,Amazon Web Services,PNNL,1,1,PNNL,building,PNNL:building_01386016637,Operating/inferred,True,False,OH,Union County,,40.12007223395813,-83.19930886076622,True,Polygon,Amazon Web Services,Amazon Web Services,156855.0,,,single_source_geometry,
site_02500,Amazon Web Services,PNNL,1,1,PNNL,building,PNNL:building_01386016638,Operating/inferred,True,False,OH,Union County,,40.11930148042772,-83.20321748466178,True,Polygon,Amazon Web Services,Amazon Web Services,211969.0,,,single_source_geometry,
site_02501,Amazon Web Services,PNNL,1,1,PNNL,building,PNNL:building_01386016639,Operating/inferred,True,False,OH,Union County,,40.11811210088951,-83.20252284370741,True,Polygon,Amazon Web Services,Amazon Web Services,216190.0,,,single_source_geometry,
site_02502,Amazon Web Services,PNNL,1,1,PNNL,building,PNNL:building_01386016640,Operating/inferred,True,False,OH,Franklin County,,40.05017566216084,-83.17552394889911,True,Polygon,Amazon Web Services,Amazon Web Services,214085.0,,,single_source_geometry,
site_02503,Amazon Web Services,PNNL,1,1,PNNL,building,PNNL:building_01386016641,Operating/inferred,True,False,OH,Franklin County,,40.05152799488423,-83.17571627041164,True,Polygon,Amazon Web Services,Amazon Web Services,211155.0,,,single_source_geometry,
site_02504,Amazon Web Services,PNNL,1,1,PNNL,building,PNNL:building_01386016642,Operating/inferred,True,False,OH,Franklin County,,40.01641808152992,-83.12585830529049,True,Polygon,Amazon Web Services,Amazon Web Services,212842.0,,,single_source_geometry,
site_02505,Amazon Web Services,PNNL,1,1,PNNL,building,PNNL:building_01386016643,Operating/inferred,True,False,OH,Franklin County,,40.02101728573019,-83.12602357320513,True,Polygon,Amazon Web Services,Amazon Web Services,217920.0,,,single_source_geometry,
site_02506,Amazon Web Services,PNNL,1,1,PNNL,building,PNNL:building_01386017490,Operating/inferred,True,False,OR,Morrow County,,45.85173142305967,-119.61966295645043,True,Polygon,Amazon Web Services,Amazon Web Services,214042.0,,,single_source_geometry,
site_02507,Amazon Web Services,PNNL,1,1,PNNL,building,PNNL:building_01386017491,Operating/inferred,True,False,OR,Morrow County,,45.85310039256019,-119.61968497991583,True,Polygon,Amazon Web Services,Amazon Web Services,210337.0,,,single_source_geometry,
site_02508,Amazon Web Services,PNNL,1,1,PNNL,building,PNNL:building_01386017492,Operating/inferred,True,False,OR,Morrow County,,45.81870682167566,-119.63200543136975,True,Polygon,Amazon Web Services,Amazon Web Services,210662.0,,,single_source_geometry,
site_02509,Amazon Web Services,PNNL,1,1,PNNL,building,PNNL:building_01386017493,Operating/inferred,True,False,OR,Morrow County,,45.8186963213564,-119.63626874113693,True,Polygon,Amazon Web Services,Amazon Web Services,215555.0,,,single_source_geometry,
site_02510,Amazon Web Services,PNNL,1,1,PNNL,building,PNNL:building_01386017494,Operating/inferred,True,False,OR,Morrow County,,45.819956584120796,-119.6362869627198,True,Polygon,Amazon Web Services,Amazon Web Services,209033.0,,,single_source_geometry,
site_02511,Amazon Web Services,PNNL,1,1,PNNL,building,PNNL:building_01386017495,Operating/inferred,True,False,OR,Umatilla County,,45.80963737114029,-119.26861513231998,True,Polygon,Amazon Web Services,Amazon Web Services,211502.0,,,single_source_geometry,
site_02512,Amazon Web Services,PNNL,1,1,PNNL,building,PNNL:building_01386017496,Operating/inferred,True,False,OR,Umatilla County,,45.808273447298724,-119.26861305271855,True,Polygon,Amazon Web Services,Amazon Web Services,212806.0,,,single_source_geometry,
site_02513,Amazon Web Services,PNNL,1,1,PNNL,building,PNNL:building_01386017497,Operating/inferred,True,False,OR,Umatilla County,,45.79902106441417,-119.36173272155504,True,Polygon,Amazon Web Services,Amazon Web Services,215405.0,,,single_source_geometry,
site_02514,Amazon Web Services,PNNL,1,1,PNNL,building,PNNL:building_01386017498,Operating/inferred,True,False,OR,Umatilla County,,45.799686801643226,-119.35844453136586,True,Polygon,Amazon Web Services,Amazon Web Services,13837.0,,,single_source_geometry,
site_02515,Amazon Web Services,PNNL,1,1,PNNL,building,PNNL:building_01386017499,Operating/inferred,True,False,OR,Umatilla County,,45.79773907760564,-119.3589196247444,True,Polygon,Amazon Web Services,Amazon Web Services,13867.0,,,single_source_geometry,
site_02516,,PNNL,1,1,PNNL,building,PNNL:building_01387080629,Operating/inferred,True,False,OK,Muskogee County,,35.56813484793012,-95.51241664405323,True,Polygon,,,112466.0,,,single_source_geometry,
site_02517,Encompass Minneapolis Facility,PNNL,1,1,PNNL,building,PNNL:building_01391966326,Operating/inferred,True,False,MN,Anoka County,,45.13219704691406,-93.09562181940242,True,Polygon,Encompass,Encompass Minneapolis Facility,74101.0,,,single_source_geometry,
site_02518,,PNNL,1,1,PNNL,building,PNNL:building_01392657385,Operating/inferred,True,False,KS,Johnson County,,38.939199687290184,-94.86018510466296,True,Polygon,,,86525.0,,,single_source_geometry,
site_02519,,PNNL,1,1,PNNL,building,PNNL:building_01411056682,Operating/inferred,True,False,OH,Franklin County,,40.05267287889233,-83.12742344787743,True,Polygon,Oppidan,,89315.0,,,single_source_geometry,
site_02520,,PNNL,1,1,PNNL,building,PNNL:building_01414729942,Operating/inferred,True,False,WY,Campbell County,,44.18923686731807,-105.61048019591456,True,Polygon,,,5975.0,,,single_source_geometry,
site_02521,State of Montana Data Center,PNNL,1,1,PNNL,building,PNNL:building_01417637306,Operating/inferred,True,False,MT,Custer County,,46.40689745786043,-105.82064474453561,True,Polygon,State of Montana,State of Montana Data Center,8493.0,,,single_source_geometry,
site_02522,Switch Las Vegas 14,PNNL,1,1,PNNL,building,PNNL:building_01421212901,Operating/inferred,True,False,NV,Clark County,,36.065207561022845,-115.22204498756159,True,Polygon,Switch,Switch Las Vegas 14,223997.0,,,single_source_geometry,
site_02523,Google,PNNL,1,1,PNNL,building,PNNL:building_01422101108,Operating/inferred,True,False,NE,Douglas County,,41.339141584175756,-96.08466909067687,True,Polygon,Google,Google,290161.0,,,single_source_geometry,
site_02524,Google,PNNL,1,1,PNNL,building,PNNL:building_01422101112,Operating/inferred,True,False,NE,Douglas County,,41.34193880105854,-96.08771931019497,True,Polygon,Google,Google,290130.0,,,single_source_geometry,
site_02525,Google,PNNL,1,1,PNNL,building,PNNL:building_01422101116,Operating/inferred,True,False,NE,Douglas County,,41.345162392266765,-96.0935333091696,True,Polygon,Google,Google,290105.0,,,single_source_geometry,
site_02526,QTS NAL 2 DC1,PNNL,1,1,PNNL,building,PNNL:building_01425043212,Operating/inferred,True,False,OH,Licking County,,40.0556836587917,-82.75637526337734,True,Polygon,Quality Technology Services,QTS NAL 2 DC1,163319.0,,,single_source_geometry,
site_02527,QTS NAL 2 DC2,PNNL,1,1,PNNL,building,PNNL:building_01425043213,Operating/inferred,True,False,OH,Licking County,,40.053119892107304,-82.75657723017025,True,Polygon,Quality Technology Services,QTS NAL 2 DC2,147657.0,,,single_source_geometry,
site_02528,QTS NAL1 DC2,PNNL,1,1,PNNL,building,PNNL:building_01425043214,Operating/inferred,True,False,OH,Licking County,,40.06356213641001,-82.75816917488658,True,Polygon,Quality Technology Services,QTS NAL1 DC2,226711.0,,,single_source_geometry,
site_02529,QTS NAL1 DC1,PNNL,1,1,PNNL,building,PNNL:building_01425043215,Operating/inferred,True,False,OH,Licking County,,40.06510848413083,-82.75805608235054,True,Polygon,Quality Technology Services,QTS NAL1 DC1,225116.0,,,single_source_geometry,
site_02530,,PNNL,1,1,PNNL,building,PNNL:building_01426146790,Operating/inferred,True,False,IL,DuPage County,,41.795384289880126,-88.2469228118375,True,Polygon,,,169253.0,,,single_source_geometry,
site_02531,Compass Data Center,PNNL,1,1,PNNL,building,PNNL:building_01426525212,Operating/inferred,True,False,TX,Ellis County,,32.54551791172823,-96.80209872095472,True,Polygon,,Compass Data Center,248978.0,,,single_source_geometry,
site_02532,Compass Data Center,PNNL,1,1,PNNL,building,PNNL:building_01426525213,Operating/inferred,True,False,TX,Ellis County,,32.54420541262749,-96.80208059236521,True,Polygon,,Compass Data Center,248985.0,,,single_source_geometry,
site_02533,Compass Data Center,PNNL,1,1,PNNL,building,PNNL:building_01426525214,Operating/inferred,True,False,TX,Ellis County,,32.542912612627966,-96.80208539236521,True,Polygon,,Compass Data Center,248988.0,,,single_source_geometry,
site_02534,Compass Data Center,PNNL,1,1,PNNL,building,PNNL:building_01426525215,Operating/inferred,True,False,TX,Ellis County,,32.541602011729644,-96.80209902095476,True,Polygon,,Compass Data Center,248989.0,,,single_source_geometry,
site_02535,Compass Data Center,PNNL,1,1,PNNL,building,PNNL:building_01426525216,Operating/inferred,True,False,TX,Ellis County,,32.54029016067398,-96.80210588253378,True,Polygon,,Compass Data Center,247998.0,,,single_source_geometry,
site_02536,Compass Data Center,PNNL,1,1,PNNL,building,PNNL:building_01426525217,Operating/inferred,True,False,TX,Ellis County,,32.54267431004566,-96.79361041648711,True,Polygon,,Compass Data Center,251939.0,,,single_source_geometry,
site_02537,Compass Data Center,PNNL,1,1,PNNL,building,PNNL:building_01426525218,Operating/inferred,True,False,TX,Ellis County,,32.54399253578879,-96.7936108455581,True,Polygon,,Compass Data Center,251912.0,,,single_source_geometry,
site_02538,Compass Data Center,PNNL,1,1,PNNL,building,PNNL:building_01426525219,Operating/inferred,True,False,TX,Ellis County,,32.54529698511378,-96.79364757119879,True,Polygon,,Compass Data Center,251911.0,,,single_source_geometry,
site_02539,Compass Data Center,PNNL,1,1,PNNL,building,PNNL:building_01426525220,Operating/inferred,True,False,TX,Ellis County,,32.543965285497585,-96.7885069389561,True,Polygon,,Compass Data Center,251923.0,,,single_source_geometry,
site_02540,Compass Data Center,PNNL,1,1,PNNL,building,PNNL:building_01426525221,Operating/inferred,True,False,TX,Ellis County,,32.545296653507904,-96.7884905818255,True,Polygon,,Compass Data Center,251941.0,,,single_source_geometry,
site_02541,,PNNL,1,1,PNNL,building,PNNL:building_01426663252,Operating/inferred,True,False,VA,Fairfax County,,38.92310082624394,-77.42497941796181,True,Polygon,,,113584.0,,,single_source_geometry,
site_02542,,PNNL,1,1,PNNL,building,PNNL:building_01426663253,Operating/inferred,True,False,VA,Fairfax County,,38.936479140978506,-77.42469054341261,True,Polygon,,,131768.0,,,single_source_geometry,
site_02543,Vantage Building 1,PNNL,1,1,PNNL,building,PNNL:building_01427613544,Operating/inferred,True,False,OH,Licking County,,40.10249753450011,-82.74695373508102,True,Polygon,Vantage,Vantage Building 1,245446.0,,,single_source_geometry,
site_02544,Vantage Building 2,PNNL,1,1,PNNL,building,PNNL:building_01427613545,Operating/inferred,True,False,OH,Licking County,,40.1005314675866,-82.74711627367479,True,Polygon,Vantage,Vantage Building 2,237734.0,,,single_source_geometry,
site_02545,Vantage Building 3,PNNL,1,1,PNNL,building,PNNL:building_01427613546,Operating/inferred,True,False,OH,Licking County,,40.098765283375776,-82.74724322674068,True,Polygon,Vantage,Vantage Building 3,222450.0,,,single_source_geometry,
site_02546,Microsoft,PNNL,1,1,PNNL,building,PNNL:building_01429883881,Operating/inferred,True,False,WA,Grant County,,47.238592409813435,-119.88741175976489,True,Polygon,Microsoft,Microsoft,143441.0,,,single_source_geometry,
site_02547,,PNNL,1,1,PNNL,building,PNNL:building_01432637060,Operating/inferred,True,False,TX,Bexar County,,29.449680291111807,-98.71438661856558,True,Polygon,,,154443.0,,,single_source_geometry,
site_02548,,PNNL,1,1,PNNL,building,PNNL:building_01432637061,Operating/inferred,True,False,TX,Bexar County,,29.450930841457122,-98.71389142350314,True,Polygon,,,154441.0,,,single_source_geometry,
site_02549,,PNNL,1,1,PNNL,building,PNNL:building_01432637062,Operating/inferred,True,False,TX,Bexar County,,29.452230540342494,-98.71404701630988,True,Polygon,,,154439.0,,,single_source_geometry,
site_02550,,PNNL,1,1,PNNL,building,PNNL:building_01433936352,Operating/inferred,True,False,MO,Clay County,,39.32263663463124,-94.59492397885744,True,Polygon,,,307414.0,,,single_source_geometry,
site_02551,Alinged Data Center,PNNL,1,1,PNNL,building,PNNL:building_01443620406,Operating/inferred,True,False,TX,Tarrant County,,32.54982270825038,-97.07485524976093,True,Polygon,"Aligned Data Centers, LLC",Alinged Data Center,188257.0,,,single_source_geometry,
site_02552,,PNNL,1,1,PNNL,building,PNNL:building_01443922527,Operating/inferred,True,False,VA,Loudoun County,,39.05599415738426,-77.54733847235092,True,Polygon,,,149008.0,,,single_source_geometry,
site_02553,,PNNL,1,1,PNNL,building,PNNL:building_01443922528,Operating/inferred,True,False,VA,Loudoun County,,39.05781905081905,-77.54673255066474,True,Polygon,,,106352.0,,,single_source_geometry,
site_02554,NTT Chicago CH3,PNNL,1,1,PNNL,building,PNNL:building_01446350367,Operating/inferred,True,False,IL,DuPage County,,41.98691359199497,-88.00800375413563,True,Polygon,NTT,NTT Chicago CH3,83897.0,,,single_source_geometry,
site_02555,NTT Chicago CH4,PNNL,1,1,PNNL,building,PNNL:building_01446350370,Operating/inferred,True,False,IL,DuPage County,,41.98909513231781,-88.00476482597362,True,Polygon,NTT,NTT Chicago CH4,101346.0,,,single_source_geometry,
site_02556,,PNNL,1,1,PNNL,building,PNNL:building_01447049070,Operating/inferred,True,False,OH,Franklin County,,40.0207608591313,-83.12417577793775,True,Polygon,,,261665.0,,,single_source_geometry,
site_02557,,PNNL,1,1,PNNL,building,PNNL:building_01447049071,Operating/inferred,True,False,OH,Franklin County,,40.0212015751041,-83.12318764145307,True,Polygon,,,130027.0,,,single_source_geometry,
site_02558,,PNNL,1,1,PNNL,building,PNNL:building_01454573842,Operating/inferred,True,False,MN,Dakota County,,44.7347589273926,-93.06186047500412,True,Polygon,,,328419.0,,,single_source_geometry,
site_02559,,PNNL,1,1,PNNL,building,PNNL:building_01454573843,Operating/inferred,True,False,MN,Dakota County,,44.734508305632374,-93.06488082739824,True,Polygon,,,273743.0,,,single_source_geometry,
site_02560,,PNNL,1,1,PNNL,building,PNNL:building_01454813845,Operating/inferred,True,False,IA,Polk County,,41.514853067630966,-93.72088557839349,True,Polygon,,,263944.0,,,single_source_geometry,
site_02561,,PNNL,1,1,PNNL,building,PNNL:building_01454813846,Operating/inferred,True,False,IA,Polk County,,41.51388771763131,-93.72140957839251,True,Polygon,,,263950.0,,,single_source_geometry,
site_02562,IONIC Digital Cedarvale,PNNL,1,1,PNNL,building,PNNL:building_01455361421,Operating/inferred,True,False,TX,Ward County,,31.513473610030374,-103.44862076924288,True,Polygon,IONIC Digital,IONIC Digital Cedarvale,2238928.0,,,single_source_geometry,
site_02563,,PNNL,1,1,PNNL,building,PNNL:building_01455915217,Operating/inferred,True,False,ID,Ada County,,43.46314906556169,-116.26822782648121,True,Polygon,,,311564.0,,,single_source_geometry,
site_02564,,PNNL,1,1,PNNL,building,PNNL:building_01455915218,Operating/inferred,True,False,ID,Ada County,,43.46334884091311,-116.27208493714188,True,Polygon,,,374271.0,,,single_source_geometry,
site_02565,East Kentucky Network Datacenter,PNNL,1,1,PNNL,building,PNNL:building_01456953254,Operating/inferred,True,False,KY,Floyd County,,37.600176716138854,-82.67876276810777,True,Polygon,,East Kentucky Network Datacenter,15594.0,,,single_source_geometry,
site_02566,,PNNL,1,1,PNNL,building,PNNL:building_01456975947,Operating/inferred,True,False,AZ,Maricopa County,,33.34718733044236,-111.6324625173746,True,Polygon,,,652528.0,,,single_source_geometry,
site_02567,,PNNL,1,1,PNNL,building,PNNL:building_01456975948,Operating/inferred,True,False,AZ,Maricopa County,,33.346322514530925,-111.6289166123353,True,Polygon,,,652573.0,,,single_source_geometry,
site_02568,,PNNL,1,1,PNNL,building,PNNL:building_01456975949,Operating/inferred,True,False,AZ,Maricopa County,,33.347168811477516,-111.62596778673522,True,Polygon,,,337459.0,,,single_source_geometry,
site_02569,,PNNL,1,1,PNNL,building,PNNL:building_01457383500,Operating/inferred,True,False,TX,Angelina County,,31.194175662576733,-94.79677175730814,True,Polygon,,,12987.0,,,single_source_geometry,
site_02570,,PNNL,1,1,PNNL,building,PNNL:building_01460776170,Operating/inferred,True,False,VA,Loudoun County,,39.05526150263189,-77.54482173192463,True,Polygon,,,139936.0,,,single_source_geometry,
site_02571,,PNNL,1,1,PNNL,building,PNNL:building_01460776171,Operating/inferred,True,False,VA,Loudoun County,,39.05412168578732,-77.54599489429808,True,Polygon,,,116829.0,,,single_source_geometry,
site_02572,,PNNL,1,1,PNNL,building,PNNL:building_01460776174,Operating/inferred,True,False,VA,Loudoun County,,39.051020513612634,-77.5347491015584,True,Polygon,,,303500.0,,,single_source_geometry,
site_02573,STACK SVY02,PNNL,1,1,PNNL,building,PNNL:building_01460855151,Operating/inferred,True,False,CA,Santa Clara County,,37.36193156366279,-121.95374429776638,True,Polygon,Stack Infrastructure,STACK SVY02,136083.0,,,single_source_geometry,
site_02574,Amazon AWS SAT - 12807 Donop,PNNL,1,1,PNNL,building,PNNL:building_01460861317,Operating/inferred,True,False,TX,Bexar County,,29.293005176230842,-98.39162546590185,True,Polygon,Amazon Web Services,Amazon AWS SAT - 12807 Donop,110391.0,,,single_source_geometry,
site_02575,Google,PNNL,1,1,PNNL,building,PNNL:building_01464257783,Operating/inferred,True,False,VA,Prince William County,,38.779293094525954,-77.58633953014488,True,Polygon,Google,Google,289592.0,,,single_source_geometry,
site_02576,,PNNL,1,1,PNNL,building,PNNL:building_01470108469,Operating/inferred,True,False,WA,Grant County,,47.240178688965116,-119.86320668797937,True,Polygon,,,504350.0,,,single_source_geometry,
site_02577,,PNNL,1,1,PNNL,building,PNNL:building_01473440674,Operating/inferred,True,False,UT,Utah County,,40.26585616535565,-112.0194203234161,True,Polygon,,,378788.0,,,single_source_geometry,
site_02578,,PNNL,1,1,PNNL,building,PNNL:building_01473440676,Operating/inferred,True,False,UT,Utah County,,40.26987560376367,-112.01945256629081,True,Polygon,,,310201.0,,,single_source_geometry,
site_02579,Hewlett-Packard,PNNL,1,1,PNNL,campus,PNNL:campus_00034770750,Operating/inferred,True,False,GA,Fulton County,,34.0822260639216,-84.26744994290632,True,MultiPolygon,,Hewlett-Packard,,1294301.0,,single_source_geometry,
site_02580,CenturyLink,PNNL,1,1,PNNL,campus,PNNL:campus_00254756938,Operating/inferred,True,False,NV,Clark County,,36.143716212884904,-115.08338594607392,True,MultiPolygon,Lumen Technologies,CenturyLink,,49212.0,,single_source_geometry,
site_02581,Intergate Quincy Data Center,PNNL,1,1,PNNL,campus,PNNL:campus_00283051472,Operating/inferred,True,False,WA,Grant County,,47.24532712863972,-119.81593119578889,True,MultiPolygon,Sabey Data Centers,Intergate Quincy Data Center,,4318512.0,,single_source_geometry,
site_02582,Yahoo Data Center,PNNL,1,1,PNNL,campus,PNNL:campus_00283051477,Operating/inferred,True,False,WA,Grant County,,47.24698453090597,-119.82778184700375,True,MultiPolygon,Yahoo,Yahoo Data Center,,2171290.0,,single_source_geometry,
site_02583,NTTData Data Center,PNNL,1,1,PNNL,campus,PNNL:campus_00283051487,Operating/inferred,True,False,WA,Grant County,,47.24435998530277,-119.86463264336115,True,MultiPolygon,,NTTData Data Center,,3068566.0,,single_source_geometry,
site_02584,,PNNL,1,1,PNNL,campus,PNNL:campus_00495115494,Operating/inferred,True,False,CA,Los Angeles County,,34.04791495021397,-118.2555689501841,True,MultiPolygon,,,,25505.0,,single_source_geometry,
site_02585,Texas Cryptologic Center,PNNL,1,1,PNNL,campus,PNNL:campus_00509611414,Operating/inferred,True,False,TX,Bexar County,,29.447408414068715,-98.64068795395536,True,MultiPolygon,National Security Agency,Texas Cryptologic Center,,465165.0,,single_source_geometry,
site_02586,Google Data Center,PNNL,1,1,PNNL,campus,PNNL:campus_00518921099,Operating/inferred,True,False,AZ,Maricopa County,,33.35397593532737,-111.67591118204943,True,MultiPolygon,Google,Google Data Center,,7905597.0,,single_source_geometry,
site_02587,Altoona Meta Data Center,PNNL,1,1,PNNL,campus,PNNL:campus_00545730285,Operating/inferred,True,False,IA,Polk County,,41.66969372876868,-93.51143854964342,True,MultiPolygon,Meta,Altoona Meta Data Center,,26568553.0,,single_source_geometry,
site_02588,Meta Los Lunas Data Center,PNNL,1,1,PNNL,campus,PNNL:campus_00578412815,Operating/inferred,True,False,NM,Valencia County,,34.8302282334924,-106.77989614196927,True,MultiPolygon,Meta,Meta Los Lunas Data Center,,21836553.0,,single_source_geometry,
site_02589,Google Berkeley County Data Center,PNNL,1,1,PNNL,campus,PNNL:campus_00626226408,Operating/inferred,True,False,SC,Berkeley County,,33.06378014460109,-80.04215854242156,True,MultiPolygon,Google,Google Berkeley County Data Center,,8310940.0,,single_source_geometry,
site_02590,NTT Ashburn Campus,PNNL,1,1,PNNL,campus,PNNL:campus_00649365745,Operating/inferred,True,False,VA,Loudoun County,,39.017730318422956,-77.47198105085518,True,MultiPolygon,,NTT Ashburn Campus,,2116133.0,,single_source_geometry,
site_02591,Centeris,PNNL,1,1,PNNL,campus,PNNL:campus_00680666647,Operating/inferred,True,False,WA,Pierce County,,47.15959194833818,-122.2796841184508,True,MultiPolygon,,Centeris,,1848925.0,,single_source_geometry,
site_02592,Iron Mountain AZP-2,PNNL,1,1,PNNL,campus,PNNL:campus_00685011021,Operating/inferred,True,False,AZ,Maricopa County,,33.45214088175117,-111.97730491362317,True,MultiPolygon,Iron Mountain,Iron Mountain AZP-2,,463636.0,,single_source_geometry,
site_02593,Microsoft MWH Data Center,PNNL,1,1,PNNL,campus,PNNL:campus_00700001774,Operating/inferred,True,False,WA,Grant County,,47.23776925865819,-119.88771018102906,True,MultiPolygon,Microsoft,Microsoft MWH Data Center,,8381014.0,,single_source_geometry,
site_02594,,PNNL,1,1,PNNL,campus,PNNL:campus_00711811006,Operating/inferred,True,False,WY,Laramie County,,41.12869983787105,-104.89703157236751,True,MultiPolygon,University Corporation for Atmospheric Research,,,571755.0,,single_source_geometry,
site_02595,,PNNL,1,1,PNNL,campus,PNNL:campus_00713411278,Operating/inferred,True,False,TX,Travis County,,30.207137561725276,-97.70066952274375,True,MultiPolygon,,,,505061.0,,single_source_geometry,
site_02596,,PNNL,1,1,PNNL,campus,PNNL:campus_00713411279,Operating/inferred,True,False,TX,Travis County,,30.205950600248734,-97.69793314800336,True,MultiPolygon,,,,249430.0,,single_source_geometry,
site_02597,CoreSite Secaucus Campus,PNNL,1,1,PNNL,campus,PNNL:campus_00714139868,Operating/inferred,True,False,NJ,Hudson County,,40.78433424839382,-74.06526820534951,True,MultiPolygon,CoreSite,CoreSite Secaucus Campus,,438062.0,,single_source_geometry,
site_02598,STACK New Albany,PNNL,1,1,PNNL,campus,PNNL:campus_00723117951,Operating/inferred,True,False,OH,Franklin County,,40.106353701609386,-82.8007477594743,True,MultiPolygon,,STACK New Albany,,563283.0,,single_source_geometry,
site_02599,Actapio,PNNL,1,1,PNNL,campus,PNNL:campus_00813688320,Operating/inferred,True,False,WA,Douglas County,,47.407417055353164,-120.21413428085418,True,MultiPolygon,Actapio,Actapio,,362519.0,,single_source_geometry,
site_02600,TierPoint,PNNL,1,1,PNNL,campus,PNNL:campus_00819981908,Operating/inferred,True,False,TN,Williamson County,,35.92450968308544,-86.85568727257493,True,MultiPolygon,,TierPoint,,285740.0,,single_source_geometry,
site_02601,,PNNL,1,1,PNNL,campus,PNNL:campus_00826001605,Operating/inferred,True,False,TN,Williamson County,,36.02321854497319,-86.7915321749878,True,MultiPolygon,,,,1834566.0,,single_source_geometry,
site_02602,EdgeCore Digital,PNNL,1,1,PNNL,campus,PNNL:campus_00827888890,Operating/inferred,True,False,AZ,Maricopa County,,33.3442978188128,-111.62196431898784,True,MultiPolygon,,EdgeCore Digital,,1602504.0,,single_source_geometry,
site_02603,Sungard Systems International,PNNL,1,1,PNNL,campus,PNNL:campus_00836908998,Operating/inferred,True,False,AL,Jefferson County,,33.40471562419184,-86.91145719083487,True,MultiPolygon,,Sungard Systems International,,665569.0,,single_source_geometry,
site_02604,Google Data Center,PNNL,1,1,PNNL,campus,PNNL:campus_00844359205,Operating/inferred,True,False,NV,Clark County,,36.05779722778458,-115.00905166700049,True,MultiPolygon,,Google Data Center,,2037873.0,,single_source_geometry,
site_02605,DBT Data - Harrisonburg Center,PNNL,1,1,PNNL,campus,PNNL:campus_00876120402,Operating/inferred,True,False,VA,Harrisonburg city,,38.46254477041857,-78.8567969651793,True,MultiPolygon,,DBT Data - Harrisonburg Center,,505755.0,,single_source_geometry,
site_02606,Arcola Tech Park,PNNL,1,1,PNNL,campus,PNNL:campus_00897226573,Operating/inferred,True,False,VA,Loudoun County,,38.94928209940735,-77.55535615935244,True,MultiPolygon,,Arcola Tech Park,,1735467.0,,single_source_geometry,
site_02607,,PNNL,1,1,PNNL,campus,PNNL:campus_00923167491,Operating/inferred,True,False,NC,Union County,,35.179383199219835,-80.57017464245234,True,MultiPolygon,,,,608141.0,,single_source_geometry,
site_02608,,PNNL,1,1,PNNL,campus,PNNL:campus_00930540164,Operating/inferred,True,False,CA,San Diego County,,33.15360010009989,-117.23884634999425,True,MultiPolygon,,,,13597.0,,single_source_geometry,
site_02609,,PNNL,1,1,PNNL,campus,PNNL:campus_00931729011,Operating/inferred,True,False,TX,Collin County,,33.00895262021403,-96.67610355446038,True,MultiPolygon,,,,605006.0,,single_source_geometry,
site_02610,,PNNL,1,1,PNNL,campus,PNNL:campus_00936368014,Operating/inferred,True,False,NJ,Somerset County,,40.5242144195126,-74.54801971324707,True,MultiPolygon,,,,284322.0,,single_source_geometry,
site_02611,Wave Broadband Tahoma Terra Facility,PNNL,1,1,PNNL,campus,PNNL:campus_00943987942,Operating/inferred,True,False,WA,Thurston County,,46.94142447057516,-122.62504386293934,True,MultiPolygon,,Wave Broadband Tahoma Terra Facility,,9139.0,,single_source_geometry,
site_02612,,PNNL,1,1,PNNL,campus,PNNL:campus_00989352911,Operating/inferred,True,False,NJ,Somerset County,,40.543339080969226,-74.53843497464507,True,MultiPolygon,,,,259234.0,,single_source_geometry,
site_02613,Microsoft Data Center - Hoffman Estates,PNNL,1,1,PNNL,campus,PNNL:campus_00998245264,Operating/inferred,True,False,IL,Cook County,,42.07695198404611,-88.13389076420349,True,MultiPolygon,,Microsoft Data Center - Hoffman Estates,,2105271.0,,single_source_geometry,
site_02614,,PNNL,1,1,PNNL,campus,PNNL:campus_01012918195,Operating/inferred,True,False,GA,Fulton County,,34.06098518875687,-84.27398204266025,True,MultiPolygon,,,,174649.0,,single_source_geometry,
site_02615,DeKalb Meta Data Center,PNNL,1,1,PNNL,campus,PNNL:campus_01019770124,Operating/inferred,True,False,IL,DeKalb County,,41.889040347505414,-88.72856898056978,True,MultiPolygon,Meta Platforms,DeKalb Meta Data Center,,12793294.0,,single_source_geometry,
site_02616,Meta Eagle Mountain Data Center,PNNL,1,1,PNNL,campus,PNNL:campus_01035123482,Operating/inferred,True,False,UT,Utah County,,40.26819070295294,-112.01771937397096,True,MultiPolygon,,Meta Eagle Mountain Data Center,,22734233.0,,single_source_geometry,
site_02617,Meta Data Center,PNNL,1,1,PNNL,campus,PNNL:campus_01083297858,Operating/inferred,True,False,AZ,Maricopa County,,33.343592283212516,-111.6303055253432,True,MultiPolygon,Meta,Meta Data Center,,14850970.0,,single_source_geometry,
site_02618,Compute North,PNNL,1,1,PNNL,campus,PNNL:campus_01092757323,Operating/inferred,True,False,NE,Buffalo County,,40.72592346991134,-99.03832882211478,True,MultiPolygon,,Compute North,,356125.0,,single_source_geometry,
site_02619,,PNNL,1,1,PNNL,campus,PNNL:campus_01161730862,Operating/inferred,True,False,VA,Loudoun County,,38.95733457436757,-77.49759322033701,True,MultiPolygon,,,,1524370.0,,single_source_geometry,
site_02620,Meta Kuna Data Center,PNNL,1,1,PNNL,campus,PNNL:campus_01178649864,Operating/inferred,True,False,ID,Ada County,,43.4631412647369,-116.26750729921301,True,MultiPolygon,Meta,Meta Kuna Data Center,,15951730.0,,single_source_geometry,
site_02621,CyrusOne OCB1 Council Bluffs,PNNL,1,1,PNNL,campus,PNNL:campus_01226436457,Operating/inferred,True,False,IA,Pottawattamie County,,41.2122139766782,-95.87801936248775,True,MultiPolygon,CyrusOne,CyrusOne OCB1 Council Bluffs,,382799.0,,single_source_geometry,
site_02622,Dynamics Mining,PNNL,1,1,PNNL,campus,PNNL:campus_01254161871,Operating/inferred,True,False,KY,Hopkins County,,37.362990903258414,-87.54712130515388,True,MultiPolygon,,Dynamics Mining,,442423.0,,single_source_geometry,
site_02623,MineOne Wyoming Data Center,PNNL,1,1,PNNL,campus,PNNL:campus_01282875386,Operating/inferred,True,False,WY,Laramie County,,41.125124440694,-104.89498384404324,True,MultiPolygon,MineOne,MineOne Wyoming Data Center,,306030.0,,single_source_geometry,
site_02624,T5@Cleveland,PNNL,1,1,PNNL,campus,PNNL:campus_01292169104,Operating/inferred,True,False,OH,Cuyahoga County,,41.44249497050612,-81.80285198960169,True,MultiPolygon,T5 Data Centers,T5@Cleveland,,974789.0,,single_source_geometry,
site_02625,Meta Aiken Data Center,PNNL,1,1,PNNL,campus,PNNL:campus_01312295357,Operating/inferred,True,False,SC,Aiken County,,33.642273149086826,-81.84262698059472,True,MultiPolygon,Meta,Meta Aiken Data Center,,3608146.0,,single_source_geometry,
site_02626,Meta Rosemount Data Center,PNNL,1,1,PNNL,campus,PNNL:campus_01333289545,Operating/inferred,True,False,MN,Dakota County,,44.73502983558099,-93.06262672085373,True,MultiPolygon,Meta,Meta Rosemount Data Center,,10334558.0,,single_source_geometry,
site_02627,,PNNL,1,1,PNNL,campus,PNNL:campus_01339825480,Operating/inferred,True,False,NE,Douglas County,,41.3425757499019,-96.09132616357905,True,MultiPolygon,,,,21448981.0,,single_source_geometry,
site_02628,CyrusOne SAT10 & SAT11,PNNL,1,1,PNNL,campus,PNNL:campus_01344366214,Operating/inferred,True,False,TX,Bexar County,,29.418348645320783,-98.78780547219755,True,MultiPolygon,CyrusOne,CyrusOne SAT10 & SAT11,,934177.0,,single_source_geometry,
site_02629,CyrusOne Cincinnati-Hamilton CIN4,PNNL,1,1,PNNL,campus,PNNL:campus_01346610234,Operating/inferred,True,False,OH,Butler County,,39.38523874936671,-84.5661312857646,True,MultiPolygon,CyrusOne,CyrusOne Cincinnati-Hamilton CIN4,,1543625.0,,single_source_geometry,
site_02630,Iron Mountain AZP-1,PNNL,1,1,PNNL,campus,PNNL:campus_01357825755,Operating/inferred,True,False,AZ,Maricopa County,,33.45448755055384,-111.97645506133327,True,MultiPolygon,Iron Mountain,Iron Mountain AZP-1,,1290579.0,,single_source_geometry,
site_02631,Meta Bowling Green Data Center,PNNL,1,1,PNNL,campus,PNNL:campus_01377162298,Operating/inferred,True,False,OH,Wood County,,41.46529826036125,-83.63835552524,True,MultiPolygon,,Meta Bowling Green Data Center,,21498189.0,,single_source_geometry,
site_02632,Riot Rockdale,PNNL,1,1,PNNL,campus,PNNL:campus_01450418654,Operating/inferred,True,False,TX,Milam County,,30.57331452461579,-97.08018498547703,True,MultiPolygon,,Riot Rockdale,,4357993.0,,single_source_geometry,
site_02633,Riot Corsiana,PNNL,1,1,PNNL,campus,PNNL:campus_01450422488,Operating/inferred,True,False,TX,Navarro County,,31.969859243171552,-96.51328904143112,True,MultiPolygon,,Riot Corsiana,,11717820.0,,single_source_geometry,
site_02634,Meta Cheyenne Data Center,PNNL,1,1,PNNL,campus,PNNL:campus_01455907959,Operating/inferred,True,False,WY,Laramie County,,41.0779035259037,-104.82549757192865,True,MultiPolygon,Meta,Meta Cheyenne Data Center,,11352010.0,,single_source_geometry,
site_02635,Newrays Two LLC Mining,PNNL,1,1,PNNL,campus,PNNL:campus_01459680304,Operating/inferred,True,False,TN,Henry County,,36.3270316008224,-88.32007315006497,True,MultiPolygon,,Newrays Two LLC Mining,,85491.0,,single_source_geometry,
site_02636,QTS North HIL3 North Building,PNNL,1,1,PNNL,campus,PNNL:campus_01465196735,Operating/inferred,True,False,OR,Washington County,,45.572027578605635,-122.91848930131913,True,MultiPolygon,Quality Technology Services,QTS North HIL3 North Building,,176342.0,,single_source_geometry,
site_02637,QTS North HIL3 South Building,PNNL,1,1,PNNL,campus,PNNL:campus_01465196736,Operating/inferred,True,False,OR,Washington County,,45.57007707507895,-122.91989791093344,True,MultiPolygon,Quality Technology Services,QTS North HIL3 South Building,,215922.0,,single_source_geometry,
site_02638,CoreSite DC1,PNNL,1,1,PNNL,point,PNNL:point_00751881301,Operating/inferred,True,False,DC,District of Columbia,,38.9028879,-77.0291491,True,Point,CoreSite,CoreSite DC1,,,,single_source_geometry,
site_02639,Southwest Cyberport,PNNL,1,1,PNNL,point,PNNL:point_01825907839,Operating/inferred,True,False,NM,Bernalillo County,,35.1032925,-106.5893487,True,Point,,Southwest Cyberport,,,,single_source_geometry,
site_02640,FCR,PNNL,1,1,PNNL,point,PNNL:point_02590601520,Operating/inferred,True,False,OR,Josephine County,,42.4378824,-123.3286299,True,Point,,FCR,,,,single_source_geometry,
site_02641,SDSU Computer Room,PNNL,1,1,PNNL,point,PNNL:point_02607827436,Operating/inferred,True,False,CA,San Diego County,,32.7750252,-117.070888,True,Point,,SDSU Computer Room,,,,single_source_geometry,
site_02642,NocRoom Miami IT Services,PNNL,1,1,PNNL,point,PNNL:point_03406467087,Operating/inferred,True,False,FL,Miami-Dade County,,25.7915453,-80.3177484,True,Point,,NocRoom Miami IT Services,,,,single_source_geometry,
site_02643,NocRoom Miami IT Services,PNNL,1,1,PNNL,point,PNNL:point_03406476814,Operating/inferred,True,False,FL,Miami-Dade County,,25.6465617,-80.4234346,True,Point,,NocRoom Miami IT Services,,,,single_source_geometry,
site_02644,Center for Computation & Technology (CCT),PNNL,1,1,PNNL,point,PNNL:point_03468203102,Operating/inferred,True,False,LA,East Baton Rouge Parish,,30.407446,-91.1725454,True,Point,,Center for Computation & Technology (CCT),,,,single_source_geometry,
site_02645,The Pittock Internet Exchange,PNNL,1,1,PNNL,point,PNNL:point_03732415309,Operating/inferred,True,False,OR,Multnomah County,,45.5214248,-122.680562,True,Point,Alco Properties,The Pittock Internet Exchange,,,,single_source_geometry,
site_02646,Google Fiber,PNNL,1,1,PNNL,point,PNNL:point_04879481820,Operating/inferred,True,False,GA,Fulton County,,33.7715677,-84.3668585,True,Point,Google,Google Fiber,,,,single_source_geometry,
site_02647,Open Computing Facility,PNNL,1,1,PNNL,point,PNNL:point_05146323411,Operating/inferred,True,False,CA,Alameda County,,37.8698521000001,-122.2598231,True,Point,,Open Computing Facility,,,,single_source_geometry,
site_02648,Lumos Networks,PNNL,1,1,PNNL,point,PNNL:point_05225685660,Operating/inferred,True,False,VA,Lynchburg city,,37.415688,-79.1427063,True,Point,,Lumos Networks,,,,single_source_geometry,
site_02649,Rack59 Data Center,PNNL,1,1,PNNL,point,PNNL:point_06401035673,Operating/inferred,True,False,OK,Oklahoma County,,35.4672049,-97.6497453,True,Point,,Rack59 Data Center,,,,single_source_geometry,
site_02650,Switch Tahoe Reno - The Citadel Campus,PNNL,1,1,PNNL,point,PNNL:point_06685432442,Operating/inferred,True,False,NV,Storey County,,39.5140963,-119.4795921,True,Point,Switch,Switch Tahoe Reno - The Citadel Campus,,,,single_source_geometry,
site_02651,Morgan Wireless,PNNL,1,1,PNNL,point,PNNL:point_06793837329,Operating/inferred,True,False,WV,Morgan County,,39.6309851,-78.2253196,True,Point,,Morgan Wireless,,,,single_source_geometry,
site_02652,VIRTBIZ,PNNL,1,1,PNNL,point,PNNL:point_06856057098,Operating/inferred,True,False,TX,Dallas County,,32.7825463,-96.7828145,True,Point,,VIRTBIZ,,,,single_source_geometry,
site_02653,Learning GIS!,PNNL,1,1,PNNL,point,PNNL:point_07264976228,Operating/inferred,True,False,IN,Tippecanoe County,,40.42179,-86.9141546,True,Point,,Learning GIS!,,,,single_source_geometry,
site_02654,Agricultural and Biological Engineering,PNNL,1,1,PNNL,point,PNNL:point_07264976991,Operating/inferred,True,False,IN,Tippecanoe County,,40.4218543,-86.9165454,True,Point,,Agricultural and Biological Engineering,,,,single_source_geometry,
site_02655,Windstream Communications,PNNL,1,1,PNNL,point,PNNL:point_07324132050,Operating/inferred,True,False,NC,Durham County,,35.881397,-78.851552,True,Point,,Windstream Communications,,,,single_source_geometry,
site_02656,Level 3 Communications,PNNL,1,1,PNNL,point,PNNL:point_07324132051,Operating/inferred,True,False,NC,Durham County,,35.881364,-78.8515726,True,Point,,Level 3 Communications,,,,single_source_geometry,
site_02657,OptimumHQ,PNNL,1,1,PNNL,point,PNNL:point_07557854384,Operating/inferred,True,False,AZ,Maricopa County,,33.3804149,-111.7526684,True,Point,,OptimumHQ,,,,single_source_geometry,
site_02658,The Chatfield Group,PNNL,1,1,PNNL,point,PNNL:point_07557868585,Operating/inferred,True,False,AZ,Maricopa County,,33.380601,-111.7528888,True,Point,,The Chatfield Group,,,,single_source_geometry,
site_02659,All About Serving Process Server,PNNL,1,1,PNNL,point,PNNL:point_07578821329,Operating/inferred,True,False,AZ,Maricopa County,,33.3199157,-111.809686,True,Point,,All About Serving Process Server,,,,single_source_geometry,
site_02660,Emailage,PNNL,1,1,PNNL,point,PNNL:point_07737996606,Operating/inferred,True,False,AZ,Maricopa County,,33.302965,-111.8405386,True,Point,,Emailage,,,,single_source_geometry,
site_02661,Alliance Technology,PNNL,1,1,PNNL,point,PNNL:point_07821940847,Operating/inferred,True,False,AZ,Maricopa County,,33.3799862,-111.728405,True,Point,,Alliance Technology,,,,single_source_geometry,
site_02662,8100 Boone Boulevard,PNNL,1,1,PNNL,point,PNNL:point_07985753364,Operating/inferred,True,False,VA,Fairfax County,,38.9137236,-77.2258825,True,Point,Digital Realty,8100 Boone Boulevard,,,,single_source_geometry,
site_02663,HiPerGator,PNNL,1,1,PNNL,point,PNNL:point_08017899486,Operating/inferred,True,False,FL,Alachua County,,29.6728187,-82.2997617,True,Point,University of Florida,HiPerGator,,,,single_source_geometry,
site_02664,Data Holdings Data Center,PNNL,1,1,PNNL,point,PNNL:point_08165754026,Operating/inferred,True,False,WI,Milwaukee County,,43.0439408,-87.9539794,True,Point,,Data Holdings Data Center,,,,single_source_geometry,
site_02665,STACK Infrastructure,PNNL,1,1,PNNL,point,PNNL:point_08238715059,Operating/inferred,True,False,CA,Santa Clara County,,37.4027449,-121.891051,True,Point,"Stack Infrastructure, Incorporated",STACK Infrastructure,,,,single_source_geometry,
site_02666,STACK Infrastructure,PNNL,1,1,PNNL,point,PNNL:point_08238715061,Operating/inferred,True,False,CA,Santa Clara County,,37.4026341,-121.891057,True,Point,"Stack Infrastructure, Incorporated",STACK Infrastructure,,,,single_source_geometry,
site_02667,Digital West Data Center,PNNL,1,1,PNNL,point,PNNL:point_08477460442,Operating/inferred,True,False,CA,San Luis Obispo County,,35.2553162,-120.6415128,True,Point,,Digital West Data Center,,,,single_source_geometry,
site_02668,Chick-fil-A Hiring Center,PNNL,1,1,PNNL,point,PNNL:point_08641856300,Operating/inferred,True,False,MI,Macomb County,,42.6279424,-82.9883939,True,Point,Dennis Sampier,Chick-fil-A Hiring Center,,,,single_source_geometry,
site_02669,Ergonomic Group,PNNL,1,1,PNNL,point,PNNL:point_08767284091,Operating/inferred,True,False,CT,Capitol Planning Region,,41.7070776,-72.5898636,True,Point,,Ergonomic Group,,,,single_source_geometry,
site_02670,Stream Data Centers Houston,PNNL,1,1,PNNL,point,PNNL:point_09190480200,Operating/inferred,True,False,TX,Montgomery County,,30.1781365,-95.4860464,True,Point,,Stream Data Centers Houston,,,,single_source_geometry,
site_02671,Crown Castle Baltimore,PNNL,1,1,PNNL,point,PNNL:point_09669340912,Operating/inferred,True,False,MD,Baltimore city,,39.2877017,-76.6064893,True,Point,Crown Castle Fiber,Crown Castle Baltimore,,,,single_source_geometry,
site_02672,AiNET One Market Center,PNNL,1,1,PNNL,point,PNNL:point_09669405859,Operating/inferred,True,False,MD,Baltimore city,,39.2917583,-76.6203737,True,Point,AiNET,AiNET One Market Center,,,,single_source_geometry,
site_02673,TierPoint Milwaukee,PNNL,1,1,PNNL,point,PNNL:point_09721703993,Operating/inferred,True,False,WI,Milwaukee County,,43.0093779,-87.9610618,True,Point,,TierPoint Milwaukee,,,,single_source_geometry,
site_02674,Frontier Science,PNNL,1,1,PNNL,point,PNNL:point_09736262934,Operating/inferred,True,False,NY,Erie County,,42.9902011,-78.8123836,True,Point,,Frontier Science,,,,single_source_geometry,
site_02675,,PNNL,1,1,PNNL,point,PNNL:point_09861806598,Operating/inferred,True,False,MO,Jackson County,,39.1011816000001,-94.5788209,True,Point,,,,,,single_source_geometry,
site_02676,Netrality Data Centers,PNNL,1,1,PNNL,point,PNNL:point_09922928085,Operating/inferred,True,False,MO,Jackson County,,39.1009071,-94.5811452,True,Point,,Netrality Data Centers,,,,single_source_geometry,
site_02677,Microsoft,PNNL,1,1,PNNL,point,PNNL:point_10014176940,Operating/inferred,True,False,PR,Guaynabo Municipio,,18.4174359,-66.1089895,True,Point,Microsoft,Microsoft,,,,single_source_geometry,
site_02678,Netrality,PNNL,1,1,PNNL,point,PNNL:point_10537283366,Operating/inferred,True,False,IL,Cook County,,41.8728811,-87.63344,True,Point,Netrality,Netrality,,,,single_source_geometry,
site_02679,Brandaleone Lab for Data and Visualization,PNNL,1,1,PNNL,point,PNNL:point_10567817971,Operating/inferred,True,False,NC,Durham County,,36.0030993,-78.9385323,True,Point,Duke Libraries,Brandaleone Lab for Data and Visualization,,,,single_source_geometry,
site_02680,Frontier (supercomputer),PNNL,1,1,PNNL,point,PNNL:point_10648552506,Operating/inferred,True,False,TN,Roane County,,35.9295133,-84.310567,True,Point,Oak Ridge National Laboratory,Frontier (supercomputer),,,,single_source_geometry,
site_02681,VaultLogix,PNNL,1,1,PNNL,point,PNNL:point_10796113031,Operating/inferred,True,False,AZ,Maricopa County,,33.627367,-111.9017033,True,Point,,VaultLogix,,,,single_source_geometry,
site_02682,Profit Finder Pro Software,PNNL,1,1,PNNL,point,PNNL:point_10796113033,Operating/inferred,True,False,AZ,Maricopa County,,33.6272477,-111.9020476,True,Point,,Profit Finder Pro Software,,,,single_source_geometry,
site_02683,DataPro USA Web Development,PNNL,1,1,PNNL,point,PNNL:point_10798644674,Operating/inferred,True,False,AZ,Maricopa County,,33.6116624,-111.9139825,True,Point,,DataPro USA Web Development,,,,single_source_geometry,
site_02684,e360,PNNL,1,1,PNNL,point,PNNL:point_10880725408,Operating/inferred,True,False,CA,Contra Costa County,,37.9710809,-122.0437382,True,Point,,e360,,,,single_source_geometry,
site_02685,Digital Realty ORD10,PNNL,1,1,PNNL,point,PNNL:point_10910879064,Operating/inferred,True,False,IL,Cook County,,41.8533507,-87.6183067,True,Point,Digital Realty,Digital Realty ORD10,,,,single_source_geometry,
site_02686,Centersquare Chicago Data Center - ORD1,PNNL,1,1,PNNL,point,PNNL:point_10910879065,Operating/inferred,True,False,IL,Cook County,,41.8533827,-87.6186071,True,Point,Centersquare,Centersquare Chicago Data Center - ORD1,,,,single_source_geometry,
site_02687,K-Motion Interactive,PNNL,1,1,PNNL,point,PNNL:point_10938672218,Operating/inferred,True,False,AZ,Maricopa County,,33.6344843,-111.8843457,True,Point,,K-Motion Interactive,,,,single_source_geometry,
site_02688,West Monroe,PNNL,1,1,PNNL,point,PNNL:point_10945121336,Operating/inferred,True,False,IL,Cook County,,41.8805271,-87.6359383,True,Point,,West Monroe,,,,single_source_geometry,
site_02689,Iron Mountain Data Centers AZS-1,PNNL,1,1,PNNL,point,PNNL:point_11018926315,Operating/inferred,True,False,AZ,Maricopa County,,33.6446663,-111.8960985,True,Point,,Iron Mountain Data Centers AZS-1,,,,single_source_geometry,
site_02690,CoreSite Chicago Data Center (CH1),PNNL,1,1,PNNL,point,PNNL:point_11098469355,Operating/inferred,True,False,IL,Cook County,,41.8759405,-87.6314655,True,Point,CoreSite,CoreSite Chicago Data Center (CH1),,,,single_source_geometry,
site_02691,Accelera Data Systems,PNNL,1,1,PNNL,point,PNNL:point_11113161710,Operating/inferred,True,False,AZ,Maricopa County,,33.6647455,-112.1117142,True,Point,,Accelera Data Systems,,,,single_source_geometry,
site_02692,Lumen Baltimore,PNNL,1,1,PNNL,point,PNNL:point_11168593074,Operating/inferred,True,False,MD,Baltimore city,,39.2917592,-76.6204024,True,Point,Lumen Technologies,Lumen Baltimore,,,,single_source_geometry,
site_02693,Flexential - Denver - Centennial Data Center,PNNL,1,1,PNNL,point,PNNL:point_11400893880,Operating/inferred,True,False,CO,Arapahoe County,,39.5938733,-104.8431597,True,Point,Flexential,Flexential - Denver - Centennial Data Center,,,,single_source_geometry,
site_02694,EarthClick.net LLC,PNNL,1,1,PNNL,point,PNNL:point_11526819452,Operating/inferred,True,False,OR,Lane County,,43.7971554,-123.0559456,True,Point,,EarthClick.net LLC,,,,single_source_geometry,
site_02695,EdgeConneX Data Center,PNNL,1,1,PNNL,point,PNNL:point_11666916913,Operating/inferred,True,False,AZ,Maricopa County,,33.3955855,-111.9700762,True,Point,EdgeConneX,EdgeConneX Data Center,,,,single_source_geometry,
site_02696,,PNNL,1,1,PNNL,point,PNNL:point_11815482844,Operating/inferred,True,False,MI,Monroe County,,41.8072817,-83.6276287,True,Point,,,,,,single_source_geometry,
site_02697,IT,PNNL,1,1,PNNL,point,PNNL:point_11924506303,Operating/inferred,True,False,CA,Riverside County,,33.9102899,-117.5030207,True,Point,,IT,,,,single_source_geometry,
site_02698,"Alembic Computer Services, Inc.",PNNL,1,1,PNNL,point,PNNL:point_11938614120,Operating/inferred,True,False,AZ,Maricopa County,,33.4051307,-111.9773353,True,Point,,"Alembic Computer Services, Inc.",,,,single_source_geometry,
site_02699,J-Curve Technologies,PNNL,1,1,PNNL,point,PNNL:point_11938631189,Operating/inferred,True,False,AZ,Maricopa County,,33.4131856,-111.9711539,True,Point,,J-Curve Technologies,,,,single_source_geometry,
site_02700,Flexential Cincinnati,PNNL,1,1,PNNL,point,PNNL:point_12112201416,Operating/inferred,True,False,OH,Butler County,,39.3159313,-84.4494638,True,Point,Flexential,Flexential Cincinnati,,,,single_source_geometry,
site_02701,Flexential Denver - Downtown,PNNL,1,1,PNNL,point,PNNL:point_12112236372,Operating/inferred,True,False,CO,Denver County,,39.7459702,-104.9941589,True,Point,Flexential,Flexential Denver - Downtown,,,,single_source_geometry,
site_02702,Flexential Jacksonville,PNNL,1,1,PNNL,point,PNNL:point_12112266917,Operating/inferred,True,False,FL,Duval County,,30.2457482,-81.5817226,True,Point,Flexential,Flexential Jacksonville,,,,single_source_geometry,
site_02703,Flexential - Denver - Aurora,PNNL,1,1,PNNL,point,PNNL:point_12112270180,Operating/inferred,True,False,CO,Arapahoe County,,39.6610488,-104.8488321,True,Point,Flexential,Flexential - Denver - Aurora,,,,single_source_geometry,
site_02704,Flexential Nashville - Brentwood,PNNL,1,1,PNNL,point,PNNL:point_12112295055,Operating/inferred,True,False,TN,Williamson County,,35.9727294,-86.8084949,True,Point,Flexential,Flexential Nashville - Brentwood,,,,single_source_geometry,
site_02705,Flexential Raleigh,PNNL,1,1,PNNL,point,PNNL:point_12112361725,Operating/inferred,True,False,NC,Wake County,,35.8505281,-78.8291431,True,Point,Flexential,Flexential Raleigh,,,,single_source_geometry,
site_02706,Flexential Tampa - West,PNNL,1,1,PNNL,point,PNNL:point_12112380995,Operating/inferred,True,False,FL,Hillsborough County,,28.0372991,-82.5399781,True,Point,Flexential,Flexential Tampa - West,,,,single_source_geometry,
site_02707,Flexential Salt Lake City - Lindon,PNNL,1,1,PNNL,point,PNNL:point_12112382397,Operating/inferred,True,False,UT,Utah County,,40.332648,-111.7278754,True,Point,Flexential,Flexential Salt Lake City - Lindon,,,,single_source_geometry,
site_02708,Digital Realty New York JFK13,PNNL,1,1,PNNL,point,PNNL:point_12221811811,Operating/inferred,True,False,NY,New York County,,40.719928,-74.0044583,True,Point,Digital Realty,Digital Realty New York JFK13,,,,single_source_geometry,
site_02709,Digital Realty New York JFK12,PNNL,1,1,PNNL,point,PNNL:point_12221880448,Operating/inferred,True,False,NY,New York County,,40.7176766,-74.0084414,True,Point,Digital Realty,Digital Realty New York JFK12,,,,single_source_geometry,
site_02710,UNM Data Center,PNNL,1,1,PNNL,point,PNNL:point_12387534800,Operating/inferred,True,False,NM,Bernalillo County,,35.0867385,-106.6153476,True,Point,UNM,UNM Data Center,,,,single_source_geometry,
site_02711,Prime Santa Clara,PNNL,1,1,PNNL,point,PNNL:point_12437277166,Operating/inferred,True,False,CA,Santa Clara County,,37.3666621,-121.9628653,True,Point,Prime,Prime Santa Clara,,,,single_source_geometry,
site_02712,Open Data Centers Piscataway,PNNL,1,1,PNNL,point,PNNL:point_12452254071,Operating/inferred,True,False,NJ,Middlesex County,,40.5503501,-74.4568563,True,Point,,Open Data Centers Piscataway,,,,single_source_geometry,
site_02713,H5 Secaucus,PNNL,1,1,PNNL,point,PNNL:point_12471740457,Operating/inferred,True,False,NJ,Hudson County,,40.7853948,-74.0750122,True,Point,H5,H5 Secaucus,,,,single_source_geometry,
site_02714,"Forescout Technologies, Inc.",PNNL,1,1,PNNL,point,PNNL:point_12550746951,Operating/inferred,True,False,CA,Santa Clara County,,37.3228675,-121.9474176,True,Point,,"Forescout Technologies, Inc.",,,,single_source_geometry,
site_02715,Lumen Albany 4,PNNL,1,1,PNNL,point,PNNL:point_12682482760,Operating/inferred,True,False,NY,Albany County,,42.7356308,-73.818665,True,Point,Lumen Technologies,Lumen Albany 4,,,,single_source_geometry,
site_02716,Equinix Chicago Data Center - CH1,PNNL,1,1,PNNL,point,PNNL:point_12695496267,Operating/inferred,True,False,IL,Cook County,,41.8535578,-87.6180475,True,Point,Equinix,Equinix Chicago Data Center - CH1,,,,single_source_geometry,
site_02717,501 West,PNNL,1,1,PNNL,point,PNNL:point_12708029111,Operating/inferred,True,False,NJ,Mercer County,,40.315558,-74.6688514,True,Point,,501 West,,,,single_source_geometry,
site_02718,TulsaConnect DC3,PNNL,1,1,PNNL,point,PNNL:point_12793428582,Operating/inferred,True,False,OK,Tulsa County,,36.0994735,-95.8382826,True,Point,,TulsaConnect DC3,,,,single_source_geometry,
site_02719,Comarch,PNNL,1,1,PNNL,point,PNNL:point_13019681063,Operating/inferred,True,False,AZ,Maricopa County,,33.3566787,-111.6352356,True,Point,,Comarch,,,,single_source_geometry,
site_02720,CoreSite - LA2,PNNL,1,1,PNNL,point,PNNL:point_13042311881,Operating/inferred,True,False,CA,Los Angeles County,,34.0584789,-118.2359144,True,Point,CoreSite,CoreSite - LA2,,,,single_source_geometry,
site_02721,Lumen Madison 1 Data Center,PNNL,1,1,PNNL,point,PNNL:point_13226718075,Operating/inferred,True,False,WI,Dane County,,43.0677161,-89.3922794,True,Point,Lumen Technologies,Lumen Madison 1 Data Center,,,,single_source_geometry,
site_02722,Fiberhub LAS1,PNNL,1,1,PNNL,point,PNNL:point_13311012216,Operating/inferred,True,False,NV,Clark County,,36.0659405,-115.1398835,True,Point,Fiberhub,Fiberhub LAS1,,,,single_source_geometry,
site_02723,Rad Web Hosting,PNNL,1,1,PNNL,point,PNNL:point_13465438761,Operating/inferred,True,False,TX,Dallas County,,32.7784469,-96.798496,True,Point,,Rad Web Hosting,,,,single_source_geometry,
site_02724,,PNNL,1,1,PNNL,point,PNNL:point_13527396782,Operating/inferred,True,False,WA,Snohomish County,,47.9587441,-122.1915316,True,Point,,,,,,single_source_geometry,
