{
"type": "FeatureCollection",
"name": "dynamic_world_built_core_2026",
"crs": { "type": "name", "properties": { "name": "urn:ogc:def:crs:OGC:1.3:CRS84" } },
"features": [
{ "type": "Feature", "properties": { "dw_polygon_id": "ildw26_0001", "analysis_unit_id": "aligned_northlake_ord01_ord02", "scene_count": 16, "built_probability_mean": null, "area_m2": 92815.933430214791, "reference_geometry_overlap_m2": 11792.889879089031, "reference_geometry_overlap_pct": 12.705673954090772, "observation_start": "2026-01-01", "observation_end": "2026-08-31", "dataset": "GOOGLE/DYNAMICWORLD/V1", "nominal_resolution_m": 10, "geometry_class": "provisional_satellite_built_surface_envelope", "geometry_confidence": "low", "interpretation": "built-surface screening; not a building footprint" }, "geometry": { "type": "MultiPolygon", "coordinates": [ [ [ [ -87.920182981931049, 41.913414863391807 ], [ -87.920272813459448, 41.913414863391814 ], [ -87.920272813459448, 41.913325031863394 ], [ -87.920452476516274, 41.913325031863387 ], [ -87.920452476516274, 41.913594526448641 ], [ -87.920272813459448, 41.913594526448634 ], [ -87.920272813459448, 41.913504694920221 ], [ -87.920182981931049, 41.913504694920221 ], [ -87.920182981931049, 41.913414863391807 ] ] ], [ [ [ -87.920182981931049, 41.913414863391807 ], [ -87.920093150402636, 41.913414863391807 ], [ -87.920093150402636, 41.913504694920213 ], [ -87.919823655817396, 41.913504694920213 ], [ -87.919823655817396, 41.913594526448627 ], [ -87.919733824288997, 41.913594526448627 ], [ -87.919733824288997, 41.91368435797704 ], [ -87.919554161232156, 41.913684357977054 ], [ -87.919554161232156, 41.91377418950546 ], [ -87.919464329703743, 41.91377418950546 ], [ -87.919464329703743, 41.913953852562287 ], [ -87.919554161232156, 41.91395385256228 ], [ -87.919554161232156, 41.914043684090686 ], [ -87.919913487345809, 41.914043684090693 ], [ -87.919913487345809, 41.914492841732752 ], [ -87.920093150402636, 41.914492841732752 ], [ -87.920093150402636, 41.914582673261165 ], [ -87.919913487345809, 41.914582673261165 ], [ -87.919913487345809, 41.914941999374818 ], [ -87.920093150402636, 41.914941999374811 ], [ -87.920093150402636, 41.915031830903224 ], [ -87.919913487345809, 41.915031830903224 ], [ -87.919913487345809, 41.915121662431638 ], [ -87.919823655817396, 41.915121662431623 ], [ -87.919823655817396, 41.915211493960058 ], [ -87.919554161232156, 41.915211493960051 ], [ -87.919554161232156, 41.915301325488457 ], [ -87.918745677476451, 41.91530132548845 ], [ -87.918745677476451, 41.915121662431631 ], [ -87.918655845948052, 41.915121662431638 ], [ -87.918655845948052, 41.914941999374818 ], [ -87.918476182891212, 41.914941999374811 ], [ -87.918476182891212, 41.914672504789579 ], [ -87.91802702524916, 41.914672504789579 ], [ -87.91802702524916, 41.914582673261165 ], [ -87.917577867607108, 41.914582673261165 ], [ -87.917577867607108, 41.914492841732745 ], [ -87.917308373021854, 41.914492841732759 ], [ -87.917308373021854, 41.914403010204346 ], [ -87.917398204550267, 41.914403010204339 ], [ -87.917398204550267, 41.914043684090693 ], [ -87.91748803607868, 41.914043684090686 ], [ -87.91748803607868, 41.91395385256228 ], [ -87.917667699135507, 41.91395385256228 ], [ -87.917667699135507, 41.913864021033866 ], [ -87.91775753066392, 41.913864021033852 ], [ -87.91775753066392, 41.91377418950546 ], [ -87.917847362192333, 41.91377418950546 ], [ -87.917847362192333, 41.913504694920213 ], [ -87.917667699135507, 41.913504694920213 ], [ -87.917667699135507, 41.913414863391814 ], [ -87.91748803607868, 41.913414863391807 ], [ -87.91748803607868, 41.913325031863401 ], [ -87.917667699135507, 41.913325031863394 ], [ -87.917667699135507, 41.913235200334988 ], [ -87.91775753066392, 41.913235200334988 ], [ -87.91775753066392, 41.912606379636102 ], [ -87.918116856777573, 41.912606379636109 ], [ -87.918116856777573, 41.912696211164516 ], [ -87.918206688305986, 41.912696211164516 ], [ -87.918206688305986, 41.912786042692922 ], [ -87.918386351362798, 41.912786042692922 ], [ -87.918386351362798, 41.912426716579283 ], [ -87.918116856777573, 41.912426716579276 ], [ -87.918116856777573, 41.912516548107696 ], [ -87.917308373021854, 41.912516548107689 ], [ -87.917308373021854, 41.912426716579276 ], [ -87.915691405510444, 41.912426716579269 ], [ -87.915691405510444, 41.912606379636102 ], [ -87.915421910925218, 41.912606379636109 ], [ -87.915421910925218, 41.912696211164516 ], [ -87.915332079396791, 41.912696211164508 ], [ -87.915332079396791, 41.912875874221335 ], [ -87.915242247868392, 41.912875874221342 ], [ -87.915242247868392, 41.913235200334988 ], [ -87.915332079396791, 41.913235200334988 ], [ -87.915332079396791, 41.913325031863394 ], [ -87.915242247868392, 41.913325031863394 ], [ -87.915242247868392, 41.913504694920221 ], [ -87.915332079396791, 41.913504694920213 ], [ -87.915332079396791, 41.913864021033859 ], [ -87.915511742453617, 41.913864021033866 ], [ -87.915511742453617, 41.91395385256228 ], [ -87.915691405510444, 41.91395385256228 ], [ -87.915691405510444, 41.914223347147512 ], [ -87.91560157398203, 41.914223347147512 ], [ -87.91560157398203, 41.914313178675933 ], [ -87.915511742453617, 41.914313178675918 ], [ -87.915511742453617, 41.914582673261151 ], [ -87.915332079396791, 41.914582673261158 ], [ -87.915332079396791, 41.914672504789579 ], [ -87.915242247868392, 41.914672504789579 ], [ -87.915242247868392, 41.914403010204346 ], [ -87.915152416339978, 41.914403010204339 ], [ -87.915152416339978, 41.914313178675926 ], [ -87.914972753283152, 41.914313178675933 ], [ -87.914972753283152, 41.914762336317999 ], [ -87.914793090226325, 41.914762336317999 ], [ -87.914793090226325, 41.914582673261172 ], [ -87.914882921754739, 41.914582673261172 ], [ -87.914882921754739, 41.914492841732752 ], [ -87.914793090226325, 41.914492841732745 ], [ -87.914793090226325, 41.914223347147527 ], [ -87.914523595641086, 41.914223347147519 ], [ -87.914523595641086, 41.913504694920213 ], [ -87.914613427169499, 41.913504694920228 ], [ -87.914613427169499, 41.913235200334988 ], [ -87.914703258697912, 41.913235200334988 ], [ -87.914703258697912, 41.913145368806582 ], [ -87.914793090226325, 41.913145368806582 ], [ -87.914793090226325, 41.912965705749748 ], [ -87.914972753283152, 41.912965705749748 ], [ -87.914972753283152, 41.912875874221335 ], [ -87.915062584811565, 41.912875874221335 ], [ -87.915062584811565, 41.912426716579276 ], [ -87.915152416339978, 41.912426716579276 ], [ -87.915152416339978, 41.912247053522456 ], [ -87.915242247868392, 41.912247053522456 ], [ -87.915242247868392, 41.91206739046563 ], [ -87.915332079396791, 41.91206739046563 ], [ -87.915332079396791, 41.911977558937217 ], [ -87.915421910925218, 41.91197755893721 ], [ -87.915421910925218, 41.911887727408796 ], [ -87.91560157398203, 41.911887727408804 ], [ -87.91560157398203, 41.911797895880404 ], [ -87.915781237038857, 41.91179789588039 ], [ -87.915781237038857, 41.911708064351977 ], [ -87.916050731624097, 41.911708064351977 ], [ -87.916050731624097, 41.911618232823571 ], [ -87.918835509004865, 41.911618232823578 ], [ -87.918835509004865, 41.911708064351991 ], [ -87.919105003590104, 41.911708064351984 ], [ -87.919105003590104, 41.91179789588039 ], [ -87.919284666646917, 41.91179789588039 ], [ -87.919284666646917, 41.911887727408804 ], [ -87.919464329703743, 41.911887727408796 ], [ -87.919464329703743, 41.911977558937217 ], [ -87.91964399276057, 41.911977558937217 ], [ -87.91964399276057, 41.91206739046563 ], [ -87.919554161232156, 41.912067390465623 ], [ -87.919554161232156, 41.912157221994043 ], [ -87.91964399276057, 41.912157221994043 ], [ -87.91964399276057, 41.912426716579269 ], [ -87.919554161232156, 41.912426716579269 ], [ -87.919554161232156, 41.912696211164516 ], [ -87.919284666646917, 41.912696211164516 ], [ -87.919284666646917, 41.912606379636102 ], [ -87.919194835118518, 41.912606379636109 ], [ -87.919194835118518, 41.912786042692915 ], [ -87.919554161232156, 41.912786042692922 ], [ -87.919554161232156, 41.913145368806568 ], [ -87.919823655817396, 41.913145368806575 ], [ -87.919823655817396, 41.913235200334988 ], [ -87.919913487345809, 41.913235200334988 ], [ -87.919913487345809, 41.913325031863394 ], [ -87.920182981931049, 41.913325031863401 ], [ -87.920182981931049, 41.913414863391807 ] ] ] ] } },
{ "type": "Feature", "properties": { "dw_polygon_id": "ildw26_0002", "analysis_unit_id": "aligned_northlake_ord01_ord02", "scene_count": 16, "built_probability_mean": null, "area_m2": 1709.1559851432726, "reference_geometry_overlap_m2": 0.0, "reference_geometry_overlap_pct": 0.0, "observation_start": "2026-01-01", "observation_end": "2026-08-31", "dataset": "GOOGLE/DYNAMICWORLD/V1", "nominal_resolution_m": 10, "geometry_class": "provisional_satellite_built_surface_envelope", "geometry_confidence": "low", "interpretation": "built-surface screening; not a building footprint" }, "geometry": { "type": "Polygon", "coordinates": [ [ [ -87.920272813459448, 41.914852167846405 ], [ -87.920182981931049, 41.914852167846398 ], [ -87.920182981931049, 41.914582673261172 ], [ -87.920272813459448, 41.914582673261158 ], [ -87.920272813459448, 41.91377418950546 ], [ -87.920452476516274, 41.913774189505453 ], [ -87.920452476516274, 41.914582673261165 ], [ -87.920362644987861, 41.914582673261165 ], [ -87.920362644987861, 41.914762336317992 ], [ -87.920272813459448, 41.914762336317992 ], [ -87.920272813459448, 41.914852167846405 ] ] ] } },
{ "type": "Feature", "properties": { "dw_polygon_id": "ildw26_0003", "analysis_unit_id": "aurora_cyrusone_chi1_chi2", "scene_count": 33, "built_probability_mean": null, "area_m2": 147719.74752690271, "reference_geometry_overlap_m2": 56031.745118530343, "reference_geometry_overlap_pct": 37.931113515019952, "observation_start": "2026-01-01", "observation_end": "2026-08-31", "dataset": "GOOGLE/DYNAMICWORLD/V1", "nominal_resolution_m": 10, "geometry_class": "provisional_satellite_built_surface_envelope", "geometry_confidence": "low", "interpretation": "built-surface screening; not a building footprint" }, "geometry": { "type": "Polygon", "coordinates": [ [ [ -88.245462946310724, 41.797981349382454 ], [ -88.24222901128789, 41.797981349382447 ], [ -88.24222901128789, 41.797711854797214 ], [ -88.242139179759477, 41.797711854797214 ], [ -88.242139179759477, 41.797622023268794 ], [ -88.242049348231063, 41.797622023268794 ], [ -88.242049348231063, 41.797532191740395 ], [ -88.24195951670265, 41.797532191740395 ], [ -88.24195951670265, 41.797352528683568 ], [ -88.241869685174237, 41.797352528683554 ], [ -88.241869685174237, 41.795196572001664 ], [ -88.242318842816303, 41.795196572001664 ], [ -88.242318842816303, 41.795106740473258 ], [ -88.242857831986768, 41.795106740473258 ], [ -88.242857831986768, 41.795016908944852 ], [ -88.243306989628834, 41.795016908944852 ], [ -88.243306989628834, 41.795106740473251 ], [ -88.243576484214088, 41.795106740473258 ], [ -88.243576484214088, 41.795196572001672 ], [ -88.243666315742487, 41.795196572001672 ], [ -88.243666315742487, 41.795106740473258 ], [ -88.243935810327713, 41.795106740473258 ], [ -88.243935810327713, 41.795016908944859 ], [ -88.244205304912953, 41.795016908944852 ], [ -88.244205304912953, 41.794927077416453 ], [ -88.244564631026606, 41.794927077416453 ], [ -88.244564631026606, 41.794837245888026 ], [ -88.244744294083432, 41.794837245888026 ], [ -88.244744294083432, 41.794747414359627 ], [ -88.245462946310724, 41.794747414359627 ], [ -88.245462946310724, 41.794657582831206 ], [ -88.246001935481189, 41.794657582831221 ], [ -88.246001935481189, 41.7945677513028 ], [ -88.246451093123255, 41.7945677513028 ], [ -88.246451093123255, 41.794477919774373 ], [ -88.247079913822134, 41.79447791977438 ], [ -88.247079913822134, 41.794388088245967 ], [ -88.247618902992613, 41.794388088245974 ], [ -88.247618902992613, 41.794477919774387 ], [ -88.247888397577839, 41.79447791977438 ], [ -88.247888397577839, 41.794657582831221 ], [ -88.247978229106252, 41.794657582831213 ], [ -88.247978229106252, 41.794837245888033 ], [ -88.248157892163078, 41.794837245888026 ], [ -88.248157892163078, 41.795106740473265 ], [ -88.248247723691492, 41.795106740473258 ], [ -88.248247723691492, 41.795286403530092 ], [ -88.248427386748318, 41.795286403530092 ], [ -88.248427386748318, 41.796274550342609 ], [ -88.247888397577839, 41.796274550342616 ], [ -88.247888397577839, 41.79636438187103 ], [ -88.247169745350547, 41.796364381871037 ], [ -88.247169745350547, 41.796454213399457 ], [ -88.246990082293721, 41.796454213399443 ], [ -88.246990082293721, 41.796544044927863 ], [ -88.246091767009602, 41.796544044927863 ], [ -88.246091767009602, 41.796633876456269 ], [ -88.246001935481189, 41.796633876456255 ], [ -88.246001935481189, 41.796723707984675 ], [ -88.245912103952776, 41.79672370798469 ], [ -88.245912103952776, 41.797352528683561 ], [ -88.245822272424363, 41.797352528683561 ], [ -88.245822272424363, 41.797532191740387 ], [ -88.24564260936755, 41.797532191740402 ], [ -88.24564260936755, 41.797622023268801 ], [ -88.245552777839137, 41.797622023268794 ], [ -88.245552777839137, 41.797711854797207 ], [ -88.245462946310724, 41.7977118547972 ], [ -88.245462946310724, 41.797981349382454 ] ], [ [ -88.242678168929956, 41.797083034098328 ], [ -88.243127326572008, 41.797083034098328 ], [ -88.243127326572008, 41.796903371041502 ], [ -88.243217158100421, 41.796903371041509 ], [ -88.243217158100421, 41.796633876456262 ], [ -88.243127326572008, 41.796633876456269 ], [ -88.243127326572008, 41.796454213399443 ], [ -88.242947663515181, 41.796454213399457 ], [ -88.242947663515181, 41.796364381871022 ], [ -88.242857831986768, 41.79636438187103 ], [ -88.242857831986768, 41.796274550342616 ], [ -88.242498505873144, 41.796274550342616 ], [ -88.242498505873144, 41.79645421339945 ], [ -88.242408674344716, 41.796454213399443 ], [ -88.242408674344716, 41.796633876456262 ], [ -88.242498505873144, 41.796633876456255 ], [ -88.242498505873144, 41.796993202569922 ], [ -88.242678168929956, 41.796993202569915 ], [ -88.242678168929956, 41.797083034098328 ] ] ] } },
{ "type": "Feature", "properties": { "dw_polygon_id": "ildw26_0004", "analysis_unit_id": "edgeconnex_elk_grove_chi01_chi02", "scene_count": 16, "built_probability_mean": null, "area_m2": 154509.60906821085, "reference_geometry_overlap_m2": 17134.22910847644, "reference_geometry_overlap_pct": 11.089426225207941, "observation_start": "2026-01-01", "observation_end": "2026-08-31", "dataset": "GOOGLE/DYNAMICWORLD/V1", "nominal_resolution_m": 10, "geometry_class": "provisional_satellite_built_surface_envelope", "geometry_confidence": "low", "interpretation": "built-surface screening; not a building footprint" }, "geometry": { "type": "Polygon", "coordinates": [ [ [ -87.953420647443465, 42.00306672874693 ], [ -87.951713848403642, 42.003066728746937 ], [ -87.951713848403642, 42.002976897218524 ], [ -87.951444353818403, 42.002976897218517 ], [ -87.951444353818403, 42.002887065690103 ], [ -87.951354522289989, 42.002887065690103 ], [ -87.951354522289989, 42.002797234161719 ], [ -87.951174859233163, 42.002797234161712 ], [ -87.951174859233163, 42.002707402633284 ], [ -87.95108502770475, 42.002707402633291 ], [ -87.95108502770475, 42.002617571104871 ], [ -87.950995196176336, 42.002617571104878 ], [ -87.950995196176336, 42.002437908048044 ], [ -87.950905364647923, 42.002437908048051 ], [ -87.950905364647923, 42.002258244991239 ], [ -87.950815533119524, 42.002258244991239 ], [ -87.950815533119524, 42.002078581934398 ], [ -87.950635870062698, 42.002078581934413 ], [ -87.950635870062698, 42.002168413462826 ], [ -87.949378228664926, 42.002168413462805 ], [ -87.949378228664926, 42.002078581934406 ], [ -87.949018902551273, 42.002078581934406 ], [ -87.949018902551273, 42.001988750405992 ], [ -87.948839239494461, 42.001988750405985 ], [ -87.948839239494461, 42.001898918877565 ], [ -87.948659576437635, 42.001898918877586 ], [ -87.948659576437635, 42.001809087349166 ], [ -87.948569744909221, 42.001809087349166 ], [ -87.948569744909221, 42.00171925582076 ], [ -87.948479913380808, 42.001719255820753 ], [ -87.948479913380808, 42.001629424292354 ], [ -87.948390081852395, 42.001629424292346 ], [ -87.948390081852395, 42.001539592763912 ], [ -87.948300250323982, 42.001539592763926 ], [ -87.948300250323982, 42.001359929707114 ], [ -87.948210418795568, 42.001359929707114 ], [ -87.948210418795568, 42.000192119837763 ], [ -87.948300250323982, 42.000192119837763 ], [ -87.948300250323982, 42.000012456780922 ], [ -87.948390081852395, 42.000012456780922 ], [ -87.948390081852395, 41.999922625252516 ], [ -87.948479913380808, 41.999922625252502 ], [ -87.948479913380808, 41.99983279372411 ], [ -87.948569744909221, 41.999832793724103 ], [ -87.948569744909221, 41.999742962195697 ], [ -87.948659576437635, 41.999742962195697 ], [ -87.948659576437635, 41.999653130667276 ], [ -87.948839239494461, 41.999653130667269 ], [ -87.948839239494461, 41.999563299138877 ], [ -87.949108734079687, 41.999563299138863 ], [ -87.949108734079687, 41.99947346761045 ], [ -87.950725701591111, 41.99947346761045 ], [ -87.950725701591111, 41.999563299138877 ], [ -87.950815533119524, 41.999563299138877 ], [ -87.950815533119524, 41.999473467610457 ], [ -87.951264690761576, 41.999473467610457 ], [ -87.951264690761576, 41.99956329913887 ], [ -87.95108502770475, 41.999563299138863 ], [ -87.95108502770475, 41.999653130667269 ], [ -87.950905364647923, 41.999653130667269 ], [ -87.950905364647923, 41.99974296219569 ], [ -87.950725701591111, 41.99974296219569 ], [ -87.950725701591111, 41.999922625252516 ], [ -87.950905364647923, 41.999922625252509 ], [ -87.950905364647923, 42.000012456780922 ], [ -87.950995196176336, 42.000012456780929 ], [ -87.950995196176336, 41.999922625252509 ], [ -87.951444353818403, 41.999922625252502 ], [ -87.951444353818403, 41.99956329913887 ], [ -87.951624016875229, 41.999563299138856 ], [ -87.951624016875229, 41.999473467610457 ], [ -87.951803679932056, 41.99947346761045 ], [ -87.951803679932056, 41.999383636082044 ], [ -87.952163006045694, 41.999383636082051 ], [ -87.952163006045694, 41.99947346761045 ], [ -87.952522332159347, 41.999473467610457 ], [ -87.952522332159347, 41.99956329913887 ], [ -87.952701995216174, 41.99956329913887 ], [ -87.952701995216174, 41.999653130667284 ], [ -87.952881658272986, 41.999653130667276 ], [ -87.952881658272986, 41.99974296219569 ], [ -87.952971489801399, 41.999742962195697 ], [ -87.952971489801399, 41.99983279372411 ], [ -87.953061321329812, 41.99983279372411 ], [ -87.953061321329812, 41.999922625252523 ], [ -87.953420647443465, 41.999922625252516 ], [ -87.953420647443465, 42.000012456780929 ], [ -87.953690142028705, 42.000012456780922 ], [ -87.953690142028705, 42.00010228830935 ], [ -87.953779973557118, 42.000102288309336 ], [ -87.953779973557118, 42.000192119837763 ], [ -87.953959636613931, 42.000192119837763 ], [ -87.953959636613931, 42.000281951366169 ], [ -87.954049468142344, 42.000281951366169 ], [ -87.954049468142344, 42.000371782894575 ], [ -87.954139299670757, 42.000371782894582 ], [ -87.954139299670757, 42.000551445951402 ], [ -87.95422913119917, 42.000551445951409 ], [ -87.95422913119917, 42.000731109008221 ], [ -87.954318962727584, 42.000731109008228 ], [ -87.954318962727584, 42.002348076519645 ], [ -87.95422913119917, 42.002348076519638 ], [ -87.95422913119917, 42.002527739576458 ], [ -87.954139299670757, 42.002527739576458 ], [ -87.954139299670757, 42.002617571104864 ], [ -87.954049468142344, 42.002617571104878 ], [ -87.954049468142344, 42.002707402633284 ], [ -87.953959636613931, 42.002707402633291 ], [ -87.953959636613931, 42.002797234161712 ], [ -87.953779973557118, 42.002797234161712 ], [ -87.953779973557118, 42.002887065690103 ], [ -87.953690142028705, 42.002887065690103 ], [ -87.953690142028705, 42.002976897218524 ], [ -87.953420647443465, 42.002976897218524 ], [ -87.953420647443465, 42.00306672874693 ] ], [ [ -87.948390081852395, 42.000910772065041 ], [ -87.948479913380808, 42.000910772065048 ], [ -87.948479913380808, 42.000820940536642 ], [ -87.948390081852395, 42.000820940536642 ], [ -87.948390081852395, 42.000910772065041 ] ], [ [ -87.94892907102286, 42.000731109008221 ], [ -87.9491985656081, 42.000731109008221 ], [ -87.9491985656081, 42.000551445951409 ], [ -87.949108734079687, 42.000551445951402 ], [ -87.949108734079687, 42.000461614422996 ], [ -87.948839239494461, 42.000461614422989 ], [ -87.948839239494461, 42.000641277479815 ], [ -87.94892907102286, 42.000641277479815 ], [ -87.94892907102286, 42.000731109008221 ] ], [ [ -87.94892907102286, 42.001090435121881 ], [ -87.949108734079687, 42.001090435121874 ], [ -87.949108734079687, 42.001000603593461 ], [ -87.9491985656081, 42.001000603593461 ], [ -87.9491985656081, 42.000820940536627 ], [ -87.94892907102286, 42.000820940536634 ], [ -87.94892907102286, 42.001090435121881 ] ], [ [ -87.952252837574108, 42.000281951366176 ], [ -87.952701995216174, 42.000281951366169 ], [ -87.952701995216174, 42.000102288309336 ], [ -87.95261216368776, 42.000102288309343 ], [ -87.95261216368776, 41.99983279372411 ], [ -87.952522332159347, 41.99983279372411 ], [ -87.952522332159347, 41.99974296219569 ], [ -87.952073174517281, 41.99974296219569 ], [ -87.952073174517281, 41.999832793724117 ], [ -87.951713848403642, 41.99983279372411 ], [ -87.951713848403642, 41.999922625252502 ], [ -87.952163006045694, 41.999922625252502 ], [ -87.952163006045694, 42.000012456780922 ], [ -87.952342669102521, 42.000012456780915 ], [ -87.952342669102521, 42.000192119837763 ], [ -87.952252837574108, 42.000192119837749 ], [ -87.952252837574108, 42.000281951366176 ] ] ] } },
{ "type": "Feature", "properties": { "dw_polygon_id": "ildw26_0005", "analysis_unit_id": "element_critical_wood_dale_ch1_ch2", "scene_count": 16, "built_probability_mean": null, "area_m2": 135863.27951011341, "reference_geometry_overlap_m2": 12667.146779402483, "reference_geometry_overlap_pct": 9.3234513586576302, "observation_start": "2026-01-01", "observation_end": "2026-08-31", "dataset": "GOOGLE/DYNAMICWORLD/V1", "nominal_resolution_m": 10, "geometry_class": "provisional_satellite_built_surface_envelope", "geometry_confidence": "low", "interpretation": "built-surface screening; not a building footprint" }, "geometry": { "type": "MultiPolygon", "coordinates": [ [ [ [ -87.965547903779083, 41.977374911621119 ], [ -87.963751273210846, 41.977374911621112 ], [ -87.963751273210846, 41.977285080092699 ], [ -87.963481778625606, 41.977285080092699 ], [ -87.963481778625606, 41.977195248564293 ], [ -87.96330211556878, 41.977195248564307 ], [ -87.96330211556878, 41.977105417035887 ], [ -87.963212284040367, 41.977105417035879 ], [ -87.963212284040367, 41.977015585507473 ], [ -87.963122452511953, 41.977015585507459 ], [ -87.963122452511953, 41.976925753979067 ], [ -87.963032620983554, 41.976925753979067 ], [ -87.963032620983554, 41.976835922450661 ], [ -87.962942789455127, 41.976835922450647 ], [ -87.962942789455127, 41.97665625939382 ], [ -87.962852957926714, 41.976656259393813 ], [ -87.962852957926714, 41.976386764808581 ], [ -87.962942789455127, 41.976386764808588 ], [ -87.962942789455127, 41.976296933280175 ], [ -87.963122452511953, 41.97629693328016 ], [ -87.963122452511953, 41.976117270223348 ], [ -87.963032620983554, 41.976117270223348 ], [ -87.963032620983554, 41.975757944109709 ], [ -87.963212284040367, 41.975757944109688 ], [ -87.963212284040367, 41.975847775638115 ], [ -87.96330211556878, 41.975847775638108 ], [ -87.96330211556878, 41.975757944109702 ], [ -87.96357161015402, 41.975757944109702 ], [ -87.96357161015402, 41.975668112581282 ], [ -87.963751273210846, 41.975668112581282 ], [ -87.963751273210846, 41.975578281052876 ], [ -87.963930936267658, 41.975578281052876 ], [ -87.963930936267658, 41.975398617996042 ], [ -87.964020767796072, 41.975398617996056 ], [ -87.964020767796072, 41.97521895493923 ], [ -87.964110599324499, 41.975218954939223 ], [ -87.964110599324499, 41.975129123410817 ], [ -87.964290262381311, 41.975129123410817 ], [ -87.964290262381311, 41.974949460353997 ], [ -87.964380093909725, 41.97494946035399 ], [ -87.964380093909725, 41.974679965768757 ], [ -87.964649588494964, 41.97467996576875 ], [ -87.964649588494964, 41.974500302711938 ], [ -87.965008914608603, 41.974500302711945 ], [ -87.965008914608603, 41.974410471183518 ], [ -87.965098746137016, 41.974410471183518 ], [ -87.965098746137016, 41.974320639655105 ], [ -87.965188577665444, 41.974320639655112 ], [ -87.965188577665444, 41.974230808126705 ], [ -87.965098746137016, 41.974230808126698 ], [ -87.965098746137016, 41.974140976598292 ], [ -87.964829251551791, 41.974140976598292 ], [ -87.964829251551791, 41.974051145069865 ], [ -87.965278409193843, 41.974051145069872 ], [ -87.965278409193843, 41.974140976598292 ], [ -87.965368240722256, 41.974140976598292 ], [ -87.965368240722256, 41.97360198742782 ], [ -87.965458072250669, 41.973601987427813 ], [ -87.965458072250669, 41.973422324370986 ], [ -87.965547903779083, 41.973422324370986 ], [ -87.965547903779083, 41.973332492842587 ], [ -87.965637735307496, 41.97333249284258 ], [ -87.965637735307496, 41.973242661314167 ], [ -87.965727566835909, 41.97324266131416 ], [ -87.965727566835909, 41.973152829785754 ], [ -87.965817398364308, 41.973152829785768 ], [ -87.965817398364308, 41.973062998257348 ], [ -87.965997061421135, 41.97306299825734 ], [ -87.965997061421135, 41.972973166728927 ], [ -87.966266556006389, 41.972973166728927 ], [ -87.966266556006389, 41.972883335200514 ], [ -87.966625882120027, 41.972883335200514 ], [ -87.966625882120027, 41.973152829785739 ], [ -87.966536050591614, 41.973152829785754 ], [ -87.966536050591614, 41.97333249284258 ], [ -87.96680554517684, 41.97333249284258 ], [ -87.96680554517684, 41.973422324370993 ], [ -87.96698520823368, 41.973422324370993 ], [ -87.96698520823368, 41.973512155899407 ], [ -87.967164871290493, 41.973512155899407 ], [ -87.967164871290493, 41.973691818956226 ], [ -87.967254702818906, 41.973691818956226 ], [ -87.967254702818906, 41.97360198742782 ], [ -87.967524197404146, 41.973601987427806 ], [ -87.967524197404146, 41.973512155899392 ], [ -87.967614028932559, 41.973512155899407 ], [ -87.967614028932559, 41.97360198742782 ], [ -87.967973355046198, 41.973601987427827 ], [ -87.967973355046198, 41.973691818956226 ], [ -87.968153018103024, 41.973691818956226 ], [ -87.968153018103024, 41.973601987427813 ], [ -87.96860217574509, 41.973601987427827 ], [ -87.96860217574509, 41.973512155899414 ], [ -87.968692007273503, 41.973512155899407 ], [ -87.968692007273503, 41.973422324370993 ], [ -87.968871670330316, 41.973422324370986 ], [ -87.968871670330316, 41.97360198742782 ], [ -87.968961501858729, 41.97360198742782 ], [ -87.968961501858729, 41.974230808126698 ], [ -87.969051333387142, 41.974230808126684 ], [ -87.969051333387142, 41.97467996576875 ], [ -87.968961501858729, 41.974679965768757 ], [ -87.968961501858729, 41.974949460353997 ], [ -87.968871670330316, 41.974949460353997 ], [ -87.968871670330316, 41.975039291882418 ], [ -87.968781838801902, 41.975039291882396 ], [ -87.968781838801902, 41.975129123410824 ], [ -87.968692007273503, 41.975129123410817 ], [ -87.968692007273503, 41.97521895493923 ], [ -87.96860217574509, 41.975218954939223 ], [ -87.96860217574509, 41.97530878646765 ], [ -87.968512344216677, 41.975308786467643 ], [ -87.968512344216677, 41.975398617996049 ], [ -87.96833268115985, 41.975398617996063 ], [ -87.96833268115985, 41.975488449524477 ], [ -87.968063186574625, 41.975488449524462 ], [ -87.968063186574625, 41.975578281052876 ], [ -87.966625882120027, 41.975578281052869 ], [ -87.966625882120027, 41.975757944109702 ], [ -87.966536050591614, 41.975757944109702 ], [ -87.966536050591614, 41.976207101751754 ], [ -87.966625882120027, 41.976207101751761 ], [ -87.966625882120027, 41.976296933280167 ], [ -87.966536050591614, 41.976296933280175 ], [ -87.966536050591614, 41.97665625939382 ], [ -87.966446219063201, 41.976656259393813 ], [ -87.966446219063201, 41.976746090922234 ], [ -87.966356387534788, 41.976746090922241 ], [ -87.966356387534788, 41.976925753979053 ], [ -87.966266556006389, 41.976925753979053 ], [ -87.966266556006389, 41.977015585507473 ], [ -87.966086892949548, 41.97701558550748 ], [ -87.966086892949548, 41.977105417035879 ], [ -87.965997061421135, 41.977105417035879 ], [ -87.965997061421135, 41.977195248564293 ], [ -87.965817398364308, 41.977195248564293 ], [ -87.965817398364308, 41.977285080092706 ], [ -87.965547903779083, 41.977285080092706 ], [ -87.965547903779083, 41.977374911621119 ] ] ], [ [ [ -87.964110599324499, 41.975129123410817 ], [ -87.964020767796072, 41.975129123410831 ], [ -87.964020767796072, 41.975039291882396 ], [ -87.964110599324499, 41.97503929188241 ], [ -87.964110599324499, 41.975129123410817 ] ] ] ] } },
{ "type": "Feature", "properties": { "dw_polygon_id": "ildw26_0006", "analysis_unit_id": "meta_dekalb_campus", "scene_count": 35, "built_probability_mean": null, "area_m2": 16806.303771271912, "reference_geometry_overlap_m2": 16806.303771271916, "reference_geometry_overlap_pct": 100.00000000000001, "observation_start": "2026-01-01", "observation_end": "2026-08-31", "dataset": "GOOGLE/DYNAMICWORLD/V1", "nominal_resolution_m": 10, "geometry_class": "provisional_satellite_built_surface_envelope", "geometry_confidence": "low", "interpretation": "built-surface screening; not a building footprint" }, "geometry": { "type": "Polygon", "coordinates": [ [ [ -88.723905666632774, 41.892304454215008 ], [ -88.723726003575948, 41.892304454215008 ], [ -88.723726003575948, 41.892214622686588 ], [ -88.723636172047549, 41.892214622686581 ], [ -88.723636172047549, 41.892124791158174 ], [ -88.723546340519135, 41.892124791158182 ], [ -88.723546340519135, 41.891945128101355 ], [ -88.723366677462309, 41.891945128101362 ], [ -88.723366677462309, 41.891765465044536 ], [ -88.723276845933896, 41.891765465044536 ], [ -88.723276845933896, 41.891585801987702 ], [ -88.723097182877069, 41.891585801987695 ], [ -88.723097182877069, 41.891136644345636 ], [ -88.723187014405482, 41.891136644345636 ], [ -88.723187014405482, 41.891046812817237 ], [ -88.723276845933896, 41.891046812817244 ], [ -88.723276845933896, 41.89086714976041 ], [ -88.723187014405482, 41.89086714976041 ], [ -88.723187014405482, 41.890687486703591 ], [ -88.723456508990722, 41.890687486703591 ], [ -88.723456508990722, 41.890777318231983 ], [ -88.723546340519135, 41.890777318231997 ], [ -88.723546340519135, 41.890687486703591 ], [ -88.723726003575948, 41.890687486703591 ], [ -88.723726003575948, 41.890597655175164 ], [ -88.724085329689601, 41.890597655175164 ], [ -88.724085329689601, 41.890687486703591 ], [ -88.724444655803254, 41.890687486703591 ], [ -88.724444655803254, 41.891136644345629 ], [ -88.724534487331667, 41.89113664434565 ], [ -88.724534487331667, 41.891316307402462 ], [ -88.724714150388493, 41.891316307402469 ], [ -88.724714150388493, 41.891585801987702 ], [ -88.724534487331667, 41.891585801987702 ], [ -88.724534487331667, 41.891675633516122 ], [ -88.72462431886008, 41.891675633516108 ], [ -88.72462431886008, 41.891765465044536 ], [ -88.724714150388493, 41.891765465044536 ], [ -88.724714150388493, 41.891855296572935 ], [ -88.72435482427484, 41.891855296572928 ], [ -88.72435482427484, 41.891945128101355 ], [ -88.724085329689601, 41.891945128101362 ], [ -88.724085329689601, 41.892124791158167 ], [ -88.723995498161187, 41.892124791158167 ], [ -88.723995498161187, 41.892214622686581 ], [ -88.723905666632774, 41.892214622686573 ], [ -88.723905666632774, 41.892304454215008 ] ], [ [ -88.723995498161187, 41.891136644345636 ], [ -88.724085329689601, 41.891136644345629 ], [ -88.724085329689601, 41.891046812817237 ], [ -88.724175161218014, 41.891046812817237 ], [ -88.724175161218014, 41.890956981288817 ], [ -88.724085329689601, 41.890956981288817 ], [ -88.724085329689601, 41.89086714976041 ], [ -88.723995498161187, 41.89086714976041 ], [ -88.723995498161187, 41.891136644345636 ] ] ] } },
{ "type": "Feature", "properties": { "dw_polygon_id": "ildw26_0007", "analysis_unit_id": "meta_dekalb_campus", "scene_count": 35, "built_probability_mean": null, "area_m2": 16360.557091658746, "reference_geometry_overlap_m2": 16360.557091658746, "reference_geometry_overlap_pct": 100.0, "observation_start": "2026-01-01", "observation_end": "2026-08-31", "dataset": "GOOGLE/DYNAMICWORLD/V1", "nominal_resolution_m": 10, "geometry_class": "provisional_satellite_built_surface_envelope", "geometry_confidence": "low", "interpretation": "built-surface screening; not a building footprint" }, "geometry": { "type": "Polygon", "coordinates": [ [ [ -88.730193873621616, 41.891226475874049 ], [ -88.730104042093217, 41.891226475874049 ], [ -88.730104042093217, 41.89104681281723 ], [ -88.730014210564789, 41.891046812817237 ], [ -88.730014210564789, 41.89077731823199 ], [ -88.729744715979564, 41.890777318231983 ], [ -88.729744715979564, 41.890956981288831 ], [ -88.729385389865911, 41.890956981288817 ], [ -88.729385389865911, 41.89086714976041 ], [ -88.729115895280671, 41.89086714976041 ], [ -88.729115895280671, 41.890687486703591 ], [ -88.729026063752272, 41.890687486703598 ], [ -88.729026063752272, 41.890058666004705 ], [ -88.729115895280671, 41.890058666004713 ], [ -88.729115895280671, 41.889879002947879 ], [ -88.729026063752272, 41.889879002947872 ], [ -88.729026063752272, 41.889699339891052 ], [ -88.729115895280671, 41.889699339891045 ], [ -88.729115895280671, 41.889340013777407 ], [ -88.729205726809084, 41.889340013777414 ], [ -88.729205726809084, 41.889070519192174 ], [ -88.729115895280671, 41.889070519192174 ], [ -88.729115895280671, 41.888980687663754 ], [ -88.728936232223845, 41.888980687663768 ], [ -88.728936232223845, 41.888801024606934 ], [ -88.729115895280671, 41.888801024606956 ], [ -88.729115895280671, 41.888711193078528 ], [ -88.728936232223845, 41.888711193078528 ], [ -88.728936232223845, 41.888082372379628 ], [ -88.729385389865911, 41.888082372379635 ], [ -88.729385389865911, 41.888262035436455 ], [ -88.729475221394324, 41.888262035436455 ], [ -88.729475221394324, 41.889070519192167 ], [ -88.729295558337498, 41.889070519192174 ], [ -88.729295558337498, 41.88916035072058 ], [ -88.729475221394324, 41.88916035072058 ], [ -88.729475221394324, 41.889879002947886 ], [ -88.729565052922737, 41.889879002947879 ], [ -88.729565052922737, 41.890238329061518 ], [ -88.729744715979564, 41.890238329061525 ], [ -88.729744715979564, 41.890328160589938 ], [ -88.730014210564789, 41.890328160589938 ], [ -88.730014210564789, 41.890417992118337 ], [ -88.730373536678442, 41.890417992118351 ], [ -88.730373536678442, 41.890597655175164 ], [ -88.730463368206856, 41.890597655175156 ], [ -88.730463368206856, 41.89077731823199 ], [ -88.730193873621616, 41.890777318231997 ], [ -88.730193873621616, 41.890867149760417 ], [ -88.730373536678442, 41.890867149760403 ], [ -88.730373536678442, 41.890956981288824 ], [ -88.730463368206856, 41.890956981288817 ], [ -88.730463368206856, 41.891046812817237 ], [ -88.730373536678442, 41.891046812817237 ], [ -88.730373536678442, 41.891136644345629 ], [ -88.730193873621616, 41.891136644345643 ], [ -88.730193873621616, 41.891226475874049 ] ], [ [ -88.729205726809084, 41.889340013777414 ], [ -88.729205726809084, 41.88942984530582 ], [ -88.729295558337498, 41.88942984530582 ], [ -88.729295558337498, 41.889340013777421 ], [ -88.729205726809084, 41.889340013777414 ] ] ] } },
{ "type": "Feature", "properties": { "dw_polygon_id": "ildw26_0008", "analysis_unit_id": "meta_dekalb_campus", "scene_count": 35, "built_probability_mean": null, "area_m2": 11749.788511985364, "reference_geometry_overlap_m2": 11749.788511985365, "reference_geometry_overlap_pct": 100.00000000000001, "observation_start": "2026-01-01", "observation_end": "2026-08-31", "dataset": "GOOGLE/DYNAMICWORLD/V1", "nominal_resolution_m": 10, "geometry_class": "provisional_satellite_built_surface_envelope", "geometry_confidence": "low", "interpretation": "built-surface screening; not a building footprint" }, "geometry": { "type": "Polygon", "coordinates": [ [ [ -88.721749709950885, 41.890417992118344 ], [ -88.720581900081541, 41.890417992118344 ], [ -88.720581900081541, 41.890058666004705 ], [ -88.720312405496301, 41.890058666004705 ], [ -88.720312405496301, 41.890148497533112 ], [ -88.720222573967888, 41.890148497533119 ], [ -88.720222573967888, 41.890058666004698 ], [ -88.720042910911062, 41.890058666004698 ], [ -88.720042910911062, 41.889879002947879 ], [ -88.720222573967888, 41.889879002947879 ], [ -88.720222573967888, 41.88942984530582 ], [ -88.720581900081541, 41.889429845305827 ], [ -88.720581900081541, 41.88951967683424 ], [ -88.720671731609954, 41.88951967683424 ], [ -88.720671731609954, 41.889609508362646 ], [ -88.720761563138353, 41.889609508362646 ], [ -88.720761563138353, 41.88942984530582 ], [ -88.72094122619518, 41.88942984530582 ], [ -88.72094122619518, 41.88951967683424 ], [ -88.721120889252006, 41.88951967683424 ], [ -88.721120889252006, 41.889609508362646 ], [ -88.721300552308833, 41.889609508362632 ], [ -88.721300552308833, 41.889699339891045 ], [ -88.721480215365659, 41.889699339891052 ], [ -88.721480215365659, 41.889609508362646 ], [ -88.721659878422486, 41.889609508362646 ], [ -88.721659878422486, 41.889699339891052 ], [ -88.721749709950885, 41.889699339891045 ], [ -88.721749709950885, 41.890148497533119 ], [ -88.721929373007711, 41.890148497533112 ], [ -88.721929373007711, 41.890328160589931 ], [ -88.721749709950885, 41.890328160589938 ], [ -88.721749709950885, 41.890417992118344 ] ] ] } },
{ "type": "Feature", "properties": { "dw_polygon_id": "ildw26_0009", "analysis_unit_id": "meta_dekalb_campus", "scene_count": 35, "built_probability_mean": null, "area_m2": 9741.962157347034, "reference_geometry_overlap_m2": 9741.962157347034, "reference_geometry_overlap_pct": 100.0, "observation_start": "2026-01-01", "observation_end": "2026-08-31", "dataset": "GOOGLE/DYNAMICWORLD/V1", "nominal_resolution_m": 10, "geometry_class": "provisional_satellite_built_surface_envelope", "geometry_confidence": "low", "interpretation": "built-surface screening; not a building footprint" }, "geometry": { "type": "Polygon", "coordinates": [ [ [ -88.725163308030545, 41.890956981288817 ], [ -88.724803981916892, 41.890956981288824 ], [ -88.724803981916892, 41.890777318231997 ], [ -88.724714150388493, 41.890777318231983 ], [ -88.724714150388493, 41.890687486703591 ], [ -88.724803981916892, 41.890687486703591 ], [ -88.724803981916892, 41.890238329061518 ], [ -88.724893813445306, 41.890238329061525 ], [ -88.724893813445306, 41.890058666004698 ], [ -88.724983644973719, 41.890058666004698 ], [ -88.724983644973719, 41.889699339891052 ], [ -88.724893813445306, 41.889699339891045 ], [ -88.724893813445306, 41.888980687663761 ], [ -88.724983644973719, 41.888980687663761 ], [ -88.724983644973719, 41.888890856135347 ], [ -88.724893813445306, 41.88889085613534 ], [ -88.724893813445306, 41.888801024606948 ], [ -88.724983644973719, 41.888801024606941 ], [ -88.724983644973719, 41.888711193078521 ], [ -88.725253139558959, 41.888711193078521 ], [ -88.725253139558959, 41.888801024606948 ], [ -88.725342971087372, 41.888801024606941 ], [ -88.725342971087372, 41.888890856135347 ], [ -88.725612465672612, 41.888890856135347 ], [ -88.725612465672612, 41.889609508362639 ], [ -88.725342971087372, 41.889609508362646 ], [ -88.725342971087372, 41.889699339891045 ], [ -88.725253139558959, 41.88969933989106 ], [ -88.725253139558959, 41.889609508362646 ], [ -88.725163308030545, 41.889609508362646 ], [ -88.725163308030545, 41.889879002947872 ], [ -88.725253139558959, 41.889879002947886 ], [ -88.725253139558959, 41.890328160589938 ], [ -88.725163308030545, 41.890328160589938 ], [ -88.725163308030545, 41.890417992118344 ], [ -88.725253139558959, 41.890417992118351 ], [ -88.725253139558959, 41.890597655175164 ], [ -88.725163308030545, 41.890597655175171 ], [ -88.725163308030545, 41.890687486703584 ], [ -88.725253139558959, 41.890687486703591 ], [ -88.725253139558959, 41.89086714976041 ], [ -88.725163308030545, 41.89086714976041 ], [ -88.725163308030545, 41.890956981288817 ] ] ] } },
{ "type": "Feature", "properties": { "dw_polygon_id": "ildw26_0010", "analysis_unit_id": "meta_dekalb_campus", "scene_count": 35, "built_probability_mean": null, "area_m2": 9667.8193804424955, "reference_geometry_overlap_m2": 9667.8193804424955, "reference_geometry_overlap_pct": 100.0, "observation_start": "2026-01-01", "observation_end": "2026-08-31", "dataset": "GOOGLE/DYNAMICWORLD/V1", "nominal_resolution_m": 10, "geometry_class": "provisional_satellite_built_surface_envelope", "geometry_confidence": "low", "interpretation": "built-surface screening; not a building footprint" }, "geometry": { "type": "Polygon", "coordinates": [ [ [ -88.732709156417144, 41.88916035072058 ], [ -88.732439661831918, 41.88916035072058 ], [ -88.732439661831918, 41.889070519192174 ], [ -88.732259998775106, 41.889070519192174 ], [ -88.732259998775106, 41.888980687663746 ], [ -88.732080335718265, 41.888980687663761 ], [ -88.732080335718265, 41.888711193078521 ], [ -88.731990504189852, 41.888711193078521 ], [ -88.731990504189852, 41.888621361550108 ], [ -88.731810841133026, 41.888621361550115 ], [ -88.731810841133026, 41.888531530021702 ], [ -88.731721009604613, 41.888531530021702 ], [ -88.731721009604613, 41.888351866964882 ], [ -88.731810841133026, 41.888351866964875 ], [ -88.731810841133026, 41.888172203908049 ], [ -88.731990504189852, 41.888172203908049 ], [ -88.731990504189852, 41.888082372379635 ], [ -88.732439661831918, 41.888082372379635 ], [ -88.732439661831918, 41.887902709322795 ], [ -88.732529493360332, 41.887902709322816 ], [ -88.732529493360332, 41.887812877794403 ], [ -88.732798987945557, 41.887812877794403 ], [ -88.732798987945557, 41.888262035436455 ], [ -88.73288881947397, 41.888262035436455 ], [ -88.73288881947397, 41.888531530021694 ], [ -88.732978651002398, 41.888531530021702 ], [ -88.732978651002398, 41.888890856135347 ], [ -88.732798987945557, 41.888890856135347 ], [ -88.732798987945557, 41.889070519192167 ], [ -88.732709156417144, 41.889070519192174 ], [ -88.732709156417144, 41.88916035072058 ] ] ] } },
{ "type": "Feature", "properties": { "dw_polygon_id": "ildw26_0011", "analysis_unit_id": "meta_dekalb_campus", "scene_count": 35, "built_probability_mean": null, "area_m2": 8924.3926486693017, "reference_geometry_overlap_m2": 8924.3926486693053, "reference_geometry_overlap_pct": 100.00000000000004, "observation_start": "2026-01-01", "observation_end": "2026-08-31", "dataset": "GOOGLE/DYNAMICWORLD/V1", "nominal_resolution_m": 10, "geometry_class": "provisional_satellite_built_surface_envelope", "geometry_confidence": "low", "interpretation": "built-surface screening; not a building footprint" }, "geometry": { "type": "Polygon", "coordinates": [ [ [ -88.732619324888731, 41.887184057095524 ], [ -88.731900672661453, 41.887184057095517 ], [ -88.731900672661453, 41.887094225567104 ], [ -88.731810841133026, 41.887094225567104 ], [ -88.731810841133026, 41.887004394038691 ], [ -88.731900672661453, 41.887004394038698 ], [ -88.731900672661453, 41.886914562510285 ], [ -88.731810841133026, 41.886914562510292 ], [ -88.731810841133026, 41.886824730981871 ], [ -88.7315413465478, 41.886824730981864 ], [ -88.7315413465478, 41.886734899453458 ], [ -88.731182020434161, 41.886734899453458 ], [ -88.731182020434161, 41.886645067925038 ], [ -88.731900672661453, 41.886645067925045 ], [ -88.731900672661453, 41.886375573339819 ], [ -88.731810841133026, 41.886375573339819 ], [ -88.731810841133026, 41.886285741811399 ], [ -88.731451515019387, 41.886285741811399 ], [ -88.731451515019387, 41.886195910282986 ], [ -88.7315413465478, 41.886195910282986 ], [ -88.7315413465478, 41.886106078754565 ], [ -88.73288881947397, 41.886106078754572 ], [ -88.73288881947397, 41.886195910282986 ], [ -88.732978651002398, 41.886195910283 ], [ -88.732978651002398, 41.886285741811399 ], [ -88.732709156417144, 41.886285741811399 ], [ -88.732709156417144, 41.886375573339819 ], [ -88.732259998775106, 41.886375573339812 ], [ -88.732259998775106, 41.886555236396639 ], [ -88.732529493360332, 41.886555236396632 ], [ -88.732529493360332, 41.886465404868225 ], [ -88.732619324888731, 41.886465404868225 ], [ -88.732619324888731, 41.886555236396632 ], [ -88.732798987945557, 41.886555236396632 ], [ -88.732798987945557, 41.886645067925045 ], [ -88.733248145587623, 41.886645067925038 ], [ -88.733248145587623, 41.886734899453458 ], [ -88.732439661831918, 41.886734899453458 ], [ -88.732439661831918, 41.886824730981864 ], [ -88.732259998775106, 41.886824730981871 ], [ -88.732259998775106, 41.887004394038698 ], [ -88.732619324888731, 41.887004394038698 ], [ -88.732619324888731, 41.887184057095524 ] ] ] } },
{ "type": "Feature", "properties": { "dw_polygon_id": "ildw26_0012", "analysis_unit_id": "meta_dekalb_campus", "scene_count": 35, "built_probability_mean": null, "area_m2": 5428.5416600398021, "reference_geometry_overlap_m2": 5428.5416600398003, "reference_geometry_overlap_pct": 99.999999999999957, "observation_start": "2026-01-01", "observation_end": "2026-08-31", "dataset": "GOOGLE/DYNAMICWORLD/V1", "nominal_resolution_m": 10, "geometry_class": "provisional_satellite_built_surface_envelope", "geometry_confidence": "low", "interpretation": "built-surface screening; not a building footprint" }, "geometry": { "type": "Polygon", "coordinates": [ [ [ -88.734505786985395, 41.892663780328647 ], [ -88.733607471701262, 41.892663780328647 ], [ -88.733607471701262, 41.892394285743407 ], [ -88.733787134758089, 41.892394285743414 ], [ -88.733787134758089, 41.892034959629768 ], [ -88.733876966286502, 41.892034959629768 ], [ -88.733876966286502, 41.891945128101362 ], [ -88.734505786985395, 41.891945128101362 ], [ -88.734505786985395, 41.892034959629761 ], [ -88.734595618513794, 41.892034959629775 ], [ -88.734595618513794, 41.892394285743407 ], [ -88.734505786985395, 41.892394285743407 ], [ -88.734505786985395, 41.892663780328647 ] ] ] } },
{ "type": "Feature", "properties": { "dw_polygon_id": "ildw26_0013", "analysis_unit_id": "meta_dekalb_campus", "scene_count": 35, "built_probability_mean": null, "area_m2": 4759.5733847136307, "reference_geometry_overlap_m2": 4759.5733847136316, "reference_geometry_overlap_pct": 100.00000000000003, "observation_start": "2026-01-01", "observation_end": "2026-08-31", "dataset": "GOOGLE/DYNAMICWORLD/V1", "nominal_resolution_m": 10, "geometry_class": "provisional_satellite_built_surface_envelope", "geometry_confidence": "low", "interpretation": "built-surface screening; not a building footprint" }, "geometry": { "type": "Polygon", "coordinates": [ [ [ -88.720402237024715, 41.887992540851229 ], [ -88.720222573967888, 41.887992540851229 ], [ -88.720222573967888, 41.887902709322823 ], [ -88.720132742439475, 41.887902709322809 ], [ -88.720132742439475, 41.887453551680757 ], [ -88.720222573967888, 41.887453551680757 ], [ -88.720222573967888, 41.887363720152329 ], [ -88.720492068553128, 41.887363720152344 ], [ -88.720492068553128, 41.887453551680757 ], [ -88.720581900081541, 41.887453551680764 ], [ -88.720581900081541, 41.887543383209163 ], [ -88.720761563138353, 41.887543383209163 ], [ -88.720761563138353, 41.887633214737576 ], [ -88.72094122619518, 41.887633214737576 ], [ -88.72094122619518, 41.887453551680764 ], [ -88.721300552308833, 41.887453551680757 ], [ -88.721300552308833, 41.887363720152337 ], [ -88.721659878422486, 41.887363720152337 ], [ -88.721659878422486, 41.887543383209163 ], [ -88.721210720780419, 41.887543383209156 ], [ -88.721210720780419, 41.887902709322816 ], [ -88.720851394666767, 41.887902709322809 ], [ -88.720851394666767, 41.887812877794403 ], [ -88.720492068553128, 41.88781287779441 ], [ -88.720492068553128, 41.887902709322816 ], [ -88.720402237024715, 41.887902709322816 ], [ -88.720402237024715, 41.887992540851229 ] ] ] } },
{ "type": "Feature", "properties": { "dw_polygon_id": "ildw26_0014", "analysis_unit_id": "meta_dekalb_campus", "scene_count": 35, "built_probability_mean": null, "area_m2": 3346.6229750809448, "reference_geometry_overlap_m2": 3346.6229750809453, "reference_geometry_overlap_pct": 100.00000000000001, "observation_start": "2026-01-01", "observation_end": "2026-08-31", "dataset": "GOOGLE/DYNAMICWORLD/V1", "nominal_resolution_m": 10, "geometry_class": "provisional_satellite_built_surface_envelope", "geometry_confidence": "low", "interpretation": "built-surface screening; not a building footprint" }, "geometry": { "type": "Polygon", "coordinates": [ [ [ -88.721210720780419, 41.886914562510285 ], [ -88.72094122619518, 41.886914562510285 ], [ -88.72094122619518, 41.886824730981864 ], [ -88.720851394666767, 41.886824730981878 ], [ -88.720851394666767, 41.886734899453458 ], [ -88.72094122619518, 41.886734899453458 ], [ -88.72094122619518, 41.886465404868218 ], [ -88.721210720780419, 41.886465404868225 ], [ -88.721210720780419, 41.886555236396632 ], [ -88.721749709950885, 41.886555236396632 ], [ -88.721749709950885, 41.886645067925045 ], [ -88.722288699121364, 41.886645067925052 ], [ -88.722288699121364, 41.886824730981886 ], [ -88.722198867592951, 41.886824730981857 ], [ -88.722198867592951, 41.886734899453458 ], [ -88.721929373007711, 41.886734899453458 ], [ -88.721929373007711, 41.886824730981864 ], [ -88.721659878422486, 41.886824730981864 ], [ -88.721659878422486, 41.886914562510277 ], [ -88.721480215365659, 41.886914562510285 ], [ -88.721480215365659, 41.886824730981871 ], [ -88.721210720780419, 41.886824730981871 ], [ -88.721210720780419, 41.886914562510285 ] ] ] } },
{ "type": "Feature", "properties": { "dw_polygon_id": "ildw26_0015", "analysis_unit_id": "meta_dekalb_campus", "scene_count": 35, "built_probability_mean": null, "area_m2": 2677.1543625587774, "reference_geometry_overlap_m2": 2677.1543625587774, "reference_geometry_overlap_pct": 100.0, "observation_start": "2026-01-01", "observation_end": "2026-08-31", "dataset": "GOOGLE/DYNAMICWORLD/V1", "nominal_resolution_m": 10, "geometry_class": "provisional_satellite_built_surface_envelope", "geometry_confidence": "low", "interpretation": "built-surface screening; not a building footprint" }, "geometry": { "type": "MultiPolygon", "coordinates": [ [ [ [ -88.73288881947397, 41.891046812817237 ], [ -88.732798987945557, 41.891046812817237 ], [ -88.732798987945557, 41.890956981288817 ], [ -88.732529493360332, 41.890956981288809 ], [ -88.732529493360332, 41.890507823646765 ], [ -88.732349830303505, 41.890507823646765 ], [ -88.732349830303505, 41.890417992118351 ], [ -88.732529493360332, 41.890417992118344 ], [ -88.732529493360332, 41.890328160589938 ], [ -88.732619324888731, 41.890328160589938 ], [ -88.732619324888731, 41.890148497533119 ], [ -88.732709156417144, 41.890148497533119 ], [ -88.732709156417144, 41.890417992118344 ], [ -88.73288881947397, 41.890417992118344 ], [ -88.73288881947397, 41.891046812817237 ] ] ], [ [ [ -88.732349830303505, 41.890507823646765 ], [ -88.732349830303505, 41.890956981288817 ], [ -88.732259998775106, 41.890956981288824 ], [ -88.732259998775106, 41.890507823646765 ], [ -88.732349830303505, 41.890507823646765 ] ] ] ] } },
{ "type": "Feature", "properties": { "dw_polygon_id": "ildw26_0016", "analysis_unit_id": "meta_dekalb_campus", "scene_count": 35, "built_probability_mean": null, "area_m2": 1338.5584542120512, "reference_geometry_overlap_m2": 1338.5584542120509, "reference_geometry_overlap_pct": 99.999999999999986, "observation_start": "2026-01-01", "observation_end": "2026-08-31", "dataset": "GOOGLE/DYNAMICWORLD/V1", "nominal_resolution_m": 10, "geometry_class": "provisional_satellite_built_surface_envelope", "geometry_confidence": "low", "interpretation": "built-surface screening; not a building footprint" }, "geometry": { "type": "Polygon", "coordinates": [ [ [ -88.725163308030545, 41.891495970459282 ], [ -88.724893813445306, 41.891495970459296 ], [ -88.724893813445306, 41.891316307402462 ], [ -88.724803981916892, 41.891316307402462 ], [ -88.724803981916892, 41.891226475874056 ], [ -88.724893813445306, 41.891226475874056 ], [ -88.724893813445306, 41.891046812817237 ], [ -88.725253139558959, 41.891046812817237 ], [ -88.725253139558959, 41.891226475874056 ], [ -88.725163308030545, 41.891226475874056 ], [ -88.725163308030545, 41.891495970459282 ] ] ] } },
{ "type": "Feature", "properties": { "dw_polygon_id": "ildw26_0017", "analysis_unit_id": "microsoft_elk_grove_campus", "scene_count": 16, "built_probability_mean": null, "area_m2": 381769.46046211087, "reference_geometry_overlap_m2": 10139.111317045021, "reference_geometry_overlap_pct": 2.6558204275355566, "observation_start": "2026-01-01", "observation_end": "2026-08-31", "dataset": "GOOGLE/DYNAMICWORLD/V1", "nominal_resolution_m": 10, "geometry_class": "provisional_satellite_built_surface_envelope", "geometry_confidence": "low", "interpretation": "built-surface screening; not a building footprint" }, "geometry": { "type": "MultiPolygon", "coordinates": [ [ [ [ -87.973453078279348, 42.026153431548799 ], [ -87.973273415222508, 42.026153431548806 ], [ -87.973273415222508, 42.025973768491994 ], [ -87.972644594523629, 42.025973768491987 ], [ -87.972644594523629, 42.025883936963567 ], [ -87.972554762995216, 42.025883936963567 ], [ -87.972554762995216, 42.025794105435153 ], [ -87.972914089108855, 42.025794105435168 ], [ -87.972914089108855, 42.025704273906747 ], [ -87.973003920637268, 42.025704273906747 ], [ -87.973003920637268, 42.025614442378334 ], [ -87.973093752165681, 42.025614442378334 ], [ -87.973093752165681, 42.025524610849928 ], [ -87.973273415222508, 42.025524610849935 ], [ -87.973273415222508, 42.025434779321522 ], [ -87.973363246750921, 42.025434779321508 ], [ -87.973363246750921, 42.025255116264695 ], [ -87.973453078279348, 42.025255116264681 ], [ -87.973453078279348, 42.025165284736268 ], [ -87.973632741336161, 42.025165284736275 ], [ -87.973632741336161, 42.025075453207869 ], [ -87.97372257286456, 42.025075453207876 ], [ -87.97372257286456, 42.024985621679441 ], [ -87.973632741336161, 42.024985621679441 ], [ -87.973632741336161, 42.024895790151042 ], [ -87.973453078279348, 42.024895790151049 ], [ -87.973453078279348, 42.024805958622622 ], [ -87.973093752165681, 42.024805958622622 ], [ -87.973093752165681, 42.024626295565803 ], [ -87.972824257580442, 42.02462629556581 ], [ -87.972824257580442, 42.024536464037389 ], [ -87.972644594523629, 42.024536464037389 ], [ -87.972644594523629, 42.02462629556581 ], [ -87.972464931466803, 42.02462629556581 ], [ -87.972464931466803, 42.024716127094209 ], [ -87.972644594523629, 42.024716127094216 ], [ -87.972644594523629, 42.024805958622629 ], [ -87.97210560535315, 42.024805958622622 ], [ -87.97210560535315, 42.02462629556581 ], [ -87.972015773824737, 42.02462629556581 ], [ -87.972015773824737, 42.024446632508983 ], [ -87.971386953125858, 42.024446632508976 ], [ -87.971386953125858, 42.024536464037396 ], [ -87.971207290069032, 42.024536464037389 ], [ -87.971207290069032, 42.024356800980563 ], [ -87.971297121597459, 42.024356800980563 ], [ -87.971297121597459, 42.024266969452157 ], [ -87.971386953125858, 42.024266969452157 ], [ -87.971386953125858, 42.024177137923743 ], [ -87.971925942296323, 42.024177137923736 ], [ -87.971925942296323, 42.024087306395337 ], [ -87.972015773824737, 42.024087306395337 ], [ -87.972015773824737, 42.023997474866924 ], [ -87.971925942296323, 42.023997474866924 ], [ -87.971925942296323, 42.023907643338504 ], [ -87.971746279239497, 42.023907643338504 ], [ -87.971746279239497, 42.023817811810098 ], [ -87.970578469370167, 42.023817811810098 ], [ -87.970578469370167, 42.023907643338511 ], [ -87.970308974784913, 42.023907643338511 ], [ -87.970308974784913, 42.023997474866917 ], [ -87.97048863784174, 42.023997474866917 ], [ -87.97048863784174, 42.02408730639533 ], [ -87.970578469370167, 42.02408730639533 ], [ -87.970578469370167, 42.024177137923743 ], [ -87.970937795483792, 42.024177137923751 ], [ -87.970937795483792, 42.024356800980563 ], [ -87.970668300898566, 42.024356800980563 ], [ -87.970668300898566, 42.024446632508983 ], [ -87.970847963955379, 42.024446632508983 ], [ -87.970847963955379, 42.024716127094216 ], [ -87.970668300898566, 42.024716127094209 ], [ -87.970668300898566, 42.024805958622629 ], [ -87.970219143256514, 42.024805958622636 ], [ -87.970219143256514, 42.024895790151049 ], [ -87.970129311728087, 42.024895790151035 ], [ -87.970129311728087, 42.024985621679456 ], [ -87.96994964867126, 42.024985621679456 ], [ -87.96994964867126, 42.025524610849935 ], [ -87.970129311728087, 42.025524610849921 ], [ -87.970129311728087, 42.025614442378348 ], [ -87.970219143256514, 42.025614442378327 ], [ -87.970219143256514, 42.025704273906747 ], [ -87.970308974784913, 42.02570427390674 ], [ -87.970308974784913, 42.02579410543516 ], [ -87.970129311728087, 42.02579410543516 ], [ -87.970129311728087, 42.025883936963581 ], [ -87.970219143256514, 42.025883936963581 ], [ -87.970219143256514, 42.025973768492001 ], [ -87.969859817142847, 42.02597376849198 ], [ -87.969859817142847, 42.025883936963567 ], [ -87.969590322557622, 42.025883936963574 ], [ -87.969590322557622, 42.025794105435168 ], [ -87.969320827972382, 42.025794105435153 ], [ -87.969320827972382, 42.02570427390674 ], [ -87.96914116491557, 42.02570427390674 ], [ -87.96914116491557, 42.025614442378334 ], [ -87.968961501858729, 42.025614442378327 ], [ -87.968961501858729, 42.025524610849921 ], [ -87.968781838801902, 42.025524610849921 ], [ -87.968781838801902, 42.025434779321508 ], [ -87.968692007273503, 42.025434779321522 ], [ -87.968692007273503, 42.025344947793094 ], [ -87.96860217574509, 42.025344947793101 ], [ -87.96860217574509, 42.025255116264688 ], [ -87.968422512688278, 42.025255116264681 ], [ -87.968422512688278, 42.025165284736268 ], [ -87.96833268115985, 42.025165284736275 ], [ -87.96833268115985, 42.025075453207862 ], [ -87.968242849631437, 42.025075453207876 ], [ -87.968242849631437, 42.024985621679448 ], [ -87.968153018103024, 42.024985621679456 ], [ -87.968153018103024, 42.024895790151035 ], [ -87.968063186574625, 42.024895790151035 ], [ -87.968063186574625, 42.024805958622629 ], [ -87.967973355046198, 42.024805958622615 ], [ -87.967973355046198, 42.024626295565817 ], [ -87.967883523517784, 42.02462629556581 ], [ -87.967883523517784, 42.024536464037389 ], [ -87.967793691989371, 42.024536464037396 ], [ -87.967793691989371, 42.02435680098057 ], [ -87.967703860460972, 42.02435680098057 ], [ -87.967703860460972, 42.024177137923736 ], [ -87.967614028932559, 42.024177137923743 ], [ -87.967614028932559, 42.023817811810098 ], [ -87.967524197404146, 42.023817811810098 ], [ -87.967524197404146, 42.022470338883913 ], [ -87.967614028932559, 42.02247033888392 ], [ -87.967614028932559, 42.022111012770274 ], [ -87.967703860460972, 42.022111012770267 ], [ -87.967703860460972, 42.021931349713448 ], [ -87.967793691989371, 42.021931349713448 ], [ -87.967793691989371, 42.021751686656629 ], [ -87.967883523517784, 42.021751686656614 ], [ -87.967883523517784, 42.021661855128208 ], [ -87.967973355046198, 42.021661855128215 ], [ -87.967973355046198, 42.021482192071382 ], [ -87.968063186574625, 42.021482192071382 ], [ -87.968063186574625, 42.021392360542976 ], [ -87.968153018103024, 42.021392360542976 ], [ -87.968153018103024, 42.021302529014569 ], [ -87.968242849631437, 42.021302529014555 ], [ -87.968242849631437, 42.021212697486142 ], [ -87.96833268115985, 42.021212697486149 ], [ -87.96833268115985, 42.02112286595775 ], [ -87.968422512688278, 42.02112286595775 ], [ -87.968422512688278, 42.021033034429344 ], [ -87.968512344216677, 42.02103303442933 ], [ -87.968512344216677, 42.020943202900909 ], [ -87.968692007273503, 42.020943202900916 ], [ -87.968692007273503, 42.020853371372496 ], [ -87.968781838801902, 42.020853371372503 ], [ -87.968781838801902, 42.020763539844083 ], [ -87.968961501858729, 42.02076353984409 ], [ -87.968961501858729, 42.020673708315684 ], [ -87.96914116491557, 42.020673708315691 ], [ -87.96914116491557, 42.020583876787271 ], [ -87.969320827972382, 42.020583876787256 ], [ -87.969320827972382, 42.020494045258857 ], [ -87.969590322557622, 42.020494045258857 ], [ -87.969590322557622, 42.02040421373043 ], [ -87.969769985614434, 42.020404213730451 ], [ -87.969769985614434, 42.020314382202031 ], [ -87.970219143256514, 42.020314382202031 ], [ -87.970219143256514, 42.020224550673625 ], [ -87.970847963955379, 42.020224550673625 ], [ -87.970847963955379, 42.020134719145219 ], [ -87.972914089108855, 42.020134719145211 ], [ -87.972914089108855, 42.020404213730444 ], [ -87.973003920637268, 42.020404213730444 ], [ -87.973003920637268, 42.020314382202031 ], [ -87.974531056620293, 42.020314382202031 ], [ -87.974531056620293, 42.020404213730437 ], [ -87.974800551205504, 42.020404213730437 ], [ -87.974800551205504, 42.020494045258864 ], [ -87.975070045790744, 42.020494045258857 ], [ -87.975070045790744, 42.020583876787271 ], [ -87.975249708847571, 42.020583876787271 ], [ -87.975249708847571, 42.020673708315684 ], [ -87.975429371904397, 42.020673708315684 ], [ -87.975429371904397, 42.02076353984409 ], [ -87.97551920343281, 42.020763539844083 ], [ -87.97551920343281, 42.020853371372503 ], [ -87.975698866489623, 42.020853371372503 ], [ -87.975698866489623, 42.020943202900916 ], [ -87.975788698018036, 42.020943202900916 ], [ -87.975788698018036, 42.021033034429344 ], [ -87.975878529546449, 42.021033034429344 ], [ -87.975878529546449, 42.02112286595775 ], [ -87.976058192603276, 42.021122865957743 ], [ -87.976058192603276, 42.021212697486142 ], [ -87.976148024131689, 42.021212697486149 ], [ -87.976148024131689, 42.021302529014548 ], [ -87.976237855660102, 42.021302529014555 ], [ -87.976237855660102, 42.021392360542968 ], [ -87.976327687188515, 42.021392360542976 ], [ -87.976327687188515, 42.021572023599788 ], [ -87.976417518716929, 42.021572023599809 ], [ -87.976417518716929, 42.021661855128215 ], [ -87.976507350245342, 42.021661855128208 ], [ -87.976507350245342, 42.021841518185035 ], [ -87.976597181773755, 42.021841518185035 ], [ -87.976597181773755, 42.022021181241868 ], [ -87.976687013302154, 42.022021181241861 ], [ -87.976687013302154, 42.022200844298666 ], [ -87.976776844830567, 42.022200844298673 ], [ -87.976776844830567, 42.022560170412333 ], [ -87.976866676358981, 42.022560170412333 ], [ -87.976866676358981, 42.023727980281677 ], [ -87.976776844830567, 42.023727980281677 ], [ -87.976776844830567, 42.02408730639533 ], [ -87.976687013302154, 42.024087306395323 ], [ -87.976687013302154, 42.02426696945215 ], [ -87.976597181773755, 42.024266969452164 ], [ -87.976597181773755, 42.024446632508983 ], [ -87.976507350245342, 42.024446632508976 ], [ -87.976507350245342, 42.02462629556581 ], [ -87.976417518716929, 42.024626295565803 ], [ -87.976417518716929, 42.024716127094216 ], [ -87.976327687188515, 42.024716127094216 ], [ -87.976327687188515, 42.024895790151035 ], [ -87.976237855660102, 42.024895790151042 ], [ -87.976237855660102, 42.024985621679448 ], [ -87.976148024131689, 42.024985621679448 ], [ -87.976148024131689, 42.025075453207862 ], [ -87.976058192603276, 42.025075453207876 ], [ -87.976058192603276, 42.025165284736275 ], [ -87.975968361074862, 42.025165284736275 ], [ -87.975968361074862, 42.025255116264681 ], [ -87.975788698018036, 42.025255116264695 ], [ -87.975788698018036, 42.025344947793101 ], [ -87.975698866489623, 42.025344947793094 ], [ -87.975698866489623, 42.025434779321515 ], [ -87.97551920343281, 42.025434779321515 ], [ -87.97551920343281, 42.025524610849935 ], [ -87.975429371904397, 42.025524610849928 ], [ -87.975429371904397, 42.025614442378334 ], [ -87.975249708847571, 42.025614442378334 ], [ -87.975249708847571, 42.025704273906754 ], [ -87.975070045790744, 42.02570427390674 ], [ -87.975070045790744, 42.025794105435153 ], [ -87.974800551205504, 42.02579410543516 ], [ -87.974800551205504, 42.025883936963574 ], [ -87.974531056620293, 42.025883936963567 ], [ -87.974531056620293, 42.02597376849198 ], [ -87.974171730506626, 42.025973768491994 ], [ -87.974171730506626, 42.026063600020407 ], [ -87.973453078279348, 42.0260636000204 ], [ -87.973453078279348, 42.026153431548799 ] ], [ [ -87.970219143256514, 42.023099159582806 ], [ -87.970398806313327, 42.023099159582806 ], [ -87.970398806313327, 42.023009328054393 ], [ -87.970578469370167, 42.023009328054385 ], [ -87.970578469370167, 42.022919496525972 ], [ -87.970668300898566, 42.022919496525979 ], [ -87.970668300898566, 42.022739833469146 ], [ -87.970578469370167, 42.022739833469146 ], [ -87.970578469370167, 42.022829664997573 ], [ -87.970398806313327, 42.022829664997559 ], [ -87.970398806313327, 42.022919496525972 ], [ -87.970219143256514, 42.022919496525979 ], [ -87.970219143256514, 42.023099159582806 ] ], [ [ -87.971386953125858, 42.022919496525972 ], [ -87.971656447711112, 42.022919496525972 ], [ -87.971656447711112, 42.022829664997566 ], [ -87.971386953125858, 42.022829664997559 ], [ -87.971386953125858, 42.022919496525972 ] ], [ [ -87.97210560535315, 42.02408730639533 ], [ -87.972285268409976, 42.024087306395344 ], [ -87.972285268409976, 42.023997474866924 ], [ -87.97210560535315, 42.023997474866917 ], [ -87.97210560535315, 42.02408730639533 ] ], [ [ -87.972734426052028, 42.024177137923758 ], [ -87.972824257580442, 42.024177137923743 ], [ -87.972824257580442, 42.023997474866931 ], [ -87.972734426052028, 42.023997474866917 ], [ -87.972734426052028, 42.024177137923758 ] ] ], [ [ [ -87.970219143256514, 42.025973768492001 ], [ -87.970308974784913, 42.025973768491987 ], [ -87.970308974784913, 42.0260636000204 ], [ -87.970219143256514, 42.0260636000204 ], [ -87.970219143256514, 42.025973768492001 ] ] ] ] } },
{ "type": "Feature", "properties": { "dw_polygon_id": "ildw26_0018", "analysis_unit_id": "ntt_itasca_chicago_campus", "scene_count": 16, "built_probability_mean": null, "area_m2": 195889.67950685901, "reference_geometry_overlap_m2": 36378.328594512976, "reference_geometry_overlap_pct": 18.570824499837524, "observation_start": "2026-01-01", "observation_end": "2026-08-31", "dataset": "GOOGLE/DYNAMICWORLD/V1", "nominal_resolution_m": 10, "geometry_class": "provisional_satellite_built_surface_envelope", "geometry_confidence": "low", "interpretation": "built-surface screening; not a building footprint" }, "geometry": { "type": "Polygon", "coordinates": [ [ [ -88.00884670047364, 41.990400483240855 ], [ -88.007589059075869, 41.990400483240855 ], [ -88.007589059075869, 41.990310651712427 ], [ -88.00722973296223, 41.990310651712434 ], [ -88.00722973296223, 41.990220820184021 ], [ -88.007499227547456, 41.990220820184035 ], [ -88.007499227547456, 41.990041157127202 ], [ -88.007319564490629, 41.990041157127195 ], [ -88.007319564490629, 41.989861494070375 ], [ -88.007139901433817, 41.989861494070382 ], [ -88.007139901433817, 41.989951325598796 ], [ -88.006780575320164, 41.989951325598796 ], [ -88.006780575320164, 41.989861494070382 ], [ -88.006061923092872, 41.989861494070382 ], [ -88.006061923092872, 41.989951325598788 ], [ -88.005792428507633, 41.989951325598803 ], [ -88.005792428507633, 41.990041157127202 ], [ -88.005702596979219, 41.990041157127195 ], [ -88.005702596979219, 41.990130988655615 ], [ -88.005343270865566, 41.990130988655615 ], [ -88.005343270865566, 41.990041157127195 ], [ -88.005163607808754, 41.990041157127209 ], [ -88.005163607808754, 41.990130988655622 ], [ -88.005073776280341, 41.990130988655615 ], [ -88.005073776280341, 41.990041157127202 ], [ -88.004714450166688, 41.990041157127195 ], [ -88.004714450166688, 41.989591999485135 ], [ -88.004534787109861, 41.98959199948515 ], [ -88.004534787109861, 41.98932250489991 ], [ -88.004444955581448, 41.98932250489991 ], [ -88.004444955581448, 41.98923267337149 ], [ -88.004355124053035, 41.98923267337149 ], [ -88.004355124053035, 41.989142841843083 ], [ -88.004175460996223, 41.989142841843083 ], [ -88.004175460996223, 41.988693684201031 ], [ -88.004085629467809, 41.988693684201031 ], [ -88.004085629467809, 41.988424189615792 ], [ -88.003905966410983, 41.988424189615792 ], [ -88.003905966410983, 41.988334358087386 ], [ -88.003097482655278, 41.988334358087371 ], [ -88.003097482655278, 41.988424189615799 ], [ -88.003007651126865, 41.988424189615792 ], [ -88.003007651126865, 41.987975031973733 ], [ -88.003097482655278, 41.987975031973733 ], [ -88.003097482655278, 41.987795368916913 ], [ -88.003187314183691, 41.987795368916906 ], [ -88.003187314183691, 41.987705537388493 ], [ -88.003277145712104, 41.987705537388493 ], [ -88.003277145712104, 41.987615705860087 ], [ -88.003366977240503, 41.987615705860087 ], [ -88.003366977240503, 41.987525874331666 ], [ -88.003456808768917, 41.987525874331673 ], [ -88.003456808768917, 41.987436042803246 ], [ -88.003636471825743, 41.98743604280326 ], [ -88.003636471825743, 41.987346211274847 ], [ -88.00381613488257, 41.987346211274854 ], [ -88.00381613488257, 41.987256379746434 ], [ -88.004175460996223, 41.987256379746427 ], [ -88.004175460996223, 41.987166548218021 ], [ -88.004804281695101, 41.987166548218028 ], [ -88.004804281695101, 41.986986885161201 ], [ -88.004894113223514, 41.986986885161201 ], [ -88.004894113223514, 41.986897053632788 ], [ -88.005073776280341, 41.986897053632795 ], [ -88.005073776280341, 41.986807222104375 ], [ -88.005163607808754, 41.986807222104375 ], [ -88.005163607808754, 41.986717390575969 ], [ -88.00543310239398, 41.986717390575954 ], [ -88.00543310239398, 41.986627559047548 ], [ -88.005702596979219, 41.986627559047548 ], [ -88.005702596979219, 41.986447895990729 ], [ -88.005792428507633, 41.986447895990729 ], [ -88.005792428507633, 41.986268232933902 ], [ -88.005882260036046, 41.986268232933902 ], [ -88.005882260036046, 41.986088569877076 ], [ -88.005972091564459, 41.986088569877083 ], [ -88.005972091564459, 41.985908906820249 ], [ -88.006061923092872, 41.985908906820256 ], [ -88.006061923092872, 41.985819075291836 ], [ -88.006151754621285, 41.985819075291843 ], [ -88.006151754621285, 41.98572924376343 ], [ -88.006241586149699, 41.98572924376343 ], [ -88.006241586149699, 41.98563941223501 ], [ -88.006421249206511, 41.98563941223501 ], [ -88.006421249206511, 41.985549580706603 ], [ -88.006600912263337, 41.985549580706596 ], [ -88.006600912263337, 41.985459749178197 ], [ -88.006870406848577, 41.985459749178204 ], [ -88.006870406848577, 41.985369917649777 ], [ -88.007678890604282, 41.985369917649784 ], [ -88.007678890604282, 41.985459749178197 ], [ -88.008038216717935, 41.985459749178204 ], [ -88.008038216717935, 41.985549580706603 ], [ -88.008397542831574, 41.985549580706596 ], [ -88.008397542831574, 41.98563941223501 ], [ -88.008756868945227, 41.98563941223501 ], [ -88.008756868945227, 41.98572924376343 ], [ -88.00911619505888, 41.985729243763437 ], [ -88.00911619505888, 41.985819075291843 ], [ -88.009475521172519, 41.985819075291836 ], [ -88.009475521172519, 41.985908906820256 ], [ -88.009655184229345, 41.985908906820256 ], [ -88.009655184229345, 41.985998738348663 ], [ -88.009834847286172, 41.985998738348663 ], [ -88.009834847286172, 41.986088569877076 ], [ -88.010014510342998, 41.986088569877076 ], [ -88.010014510342998, 41.986178401405496 ], [ -88.010104341871411, 41.986178401405482 ], [ -88.010104341871411, 41.986358064462308 ], [ -88.010194173399825, 41.986358064462316 ], [ -88.010194173399825, 41.986717390575947 ], [ -88.010104341871411, 41.986717390575969 ], [ -88.010104341871411, 41.986897053632788 ], [ -88.010194173399825, 41.986897053632788 ], [ -88.010194173399825, 41.9870767166896 ], [ -88.010284004928238, 41.987076716689607 ], [ -88.010284004928238, 41.987256379746441 ], [ -88.010194173399825, 41.987256379746427 ], [ -88.010194173399825, 41.987436042803246 ], [ -88.009924678814585, 41.987436042803253 ], [ -88.009924678814585, 41.987256379746427 ], [ -88.009834847286172, 41.987256379746441 ], [ -88.009834847286172, 41.986986885161201 ], [ -88.009565352700932, 41.986986885161201 ], [ -88.009565352700932, 41.986897053632788 ], [ -88.009475521172519, 41.986897053632774 ], [ -88.009475521172519, 41.9870767166896 ], [ -88.009385689644105, 41.987076716689593 ], [ -88.009385689644105, 41.987166548218013 ], [ -88.009475521172519, 41.987166548218021 ], [ -88.009475521172519, 41.987346211274847 ], [ -88.009385689644105, 41.987346211274847 ], [ -88.009385689644105, 41.98761570586008 ], [ -88.009206026587293, 41.987615705860073 ], [ -88.009206026587293, 41.987795368916906 ], [ -88.00911619505888, 41.987795368916899 ], [ -88.00911619505888, 41.988424189615792 ], [ -88.009026363530467, 41.988424189615792 ], [ -88.009026363530467, 41.988873347257851 ], [ -88.008936532002053, 41.988873347257837 ], [ -88.008936532002053, 41.989322504899917 ], [ -88.008756868945227, 41.989322504899917 ], [ -88.008756868945227, 41.989502167956729 ], [ -88.008667037416814, 41.989502167956736 ], [ -88.008667037416814, 41.989681831013563 ], [ -88.0085772058884, 41.989681831013556 ], [ -88.0085772058884, 41.989771662541976 ], [ -88.008397542831574, 41.989771662541955 ], [ -88.008397542831574, 41.98995132559881 ], [ -88.008307711303161, 41.989951325598803 ], [ -88.008307711303161, 41.990220820184035 ], [ -88.009026363530467, 41.990220820184035 ], [ -88.009026363530467, 41.990310651712441 ], [ -88.00884670047364, 41.990310651712434 ], [ -88.00884670047364, 41.990400483240855 ] ], [ [ -88.005073776280341, 41.989771662541969 ], [ -88.005163607808754, 41.989771662541976 ], [ -88.005163607808754, 41.989681831013563 ], [ -88.005253439337167, 41.989681831013556 ], [ -88.005253439337167, 41.989502167956736 ], [ -88.005073776280341, 41.989502167956736 ], [ -88.005073776280341, 41.989591999485143 ], [ -88.004894113223514, 41.989591999485135 ], [ -88.004894113223514, 41.989681831013563 ], [ -88.005073776280341, 41.989681831013563 ], [ -88.005073776280341, 41.989771662541969 ] ], [ [ -88.006061923092872, 41.986627559047548 ], [ -88.006241586149699, 41.986627559047548 ], [ -88.006241586149699, 41.986537727519128 ], [ -88.006331417678098, 41.986537727519121 ], [ -88.006331417678098, 41.986447895990729 ], [ -88.006061923092872, 41.986447895990729 ], [ -88.006061923092872, 41.986627559047548 ] ], [ [ -88.006331417678098, 41.987975031973725 ], [ -88.006690743791751, 41.98797503197374 ], [ -88.006690743791751, 41.987795368916913 ], [ -88.006600912263337, 41.987795368916913 ], [ -88.006600912263337, 41.987885200445319 ], [ -88.006331417678098, 41.987885200445319 ], [ -88.006331417678098, 41.987975031973725 ] ], [ [ -88.006511080734924, 41.987705537388493 ], [ -88.006600912263337, 41.987705537388493 ], [ -88.006600912263337, 41.987525874331666 ], [ -88.006511080734924, 41.987525874331673 ], [ -88.006511080734924, 41.987705537388493 ] ], [ [ -88.00696023837699, 41.987975031973725 ], [ -88.00722973296223, 41.987975031973725 ], [ -88.00722973296223, 41.987885200445319 ], [ -88.00696023837699, 41.987885200445319 ], [ -88.00696023837699, 41.987975031973725 ] ], [ [ -88.007499227547456, 41.985819075291829 ], [ -88.007678890604282, 41.985819075291843 ], [ -88.007678890604282, 41.98572924376343 ], [ -88.007858553661109, 41.985729243763437 ], [ -88.007858553661109, 41.985549580706596 ], [ -88.007319564490629, 41.985549580706603 ], [ -88.007319564490629, 41.985459749178204 ], [ -88.007050069905404, 41.98545974917819 ], [ -88.007050069905404, 41.98572924376343 ], [ -88.007499227547456, 41.98572924376343 ], [ -88.007499227547456, 41.985819075291829 ] ], [ [ -88.007139901433817, 41.986088569877076 ], [ -88.007319564490629, 41.986088569877076 ], [ -88.007319564490629, 41.985998738348663 ], [ -88.007139901433817, 41.98599873834867 ], [ -88.007139901433817, 41.986088569877076 ] ], [ [ -88.007499227547456, 41.986088569877076 ], [ -88.007678890604282, 41.986088569877076 ], [ -88.007678890604282, 41.985908906820256 ], [ -88.007499227547456, 41.985908906820249 ], [ -88.007499227547456, 41.986088569877076 ] ], [ [ -88.007948385189522, 41.988963178786271 ], [ -88.008217879774762, 41.988963178786271 ], [ -88.008217879774762, 41.988873347257851 ], [ -88.008038216717935, 41.988873347257851 ], [ -88.008038216717935, 41.988783515729438 ], [ -88.007948385189522, 41.988783515729438 ], [ -88.007948385189522, 41.988963178786271 ] ] ] } },
{ "type": "Feature", "properties": { "dw_polygon_id": "ildw26_0019", "analysis_unit_id": "ntt_itasca_chicago_campus", "scene_count": 16, "built_probability_mean": null, "area_m2": 6531.8961245783075, "reference_geometry_overlap_m2": 0.0, "reference_geometry_overlap_pct": 0.0, "observation_start": "2026-01-01", "observation_end": "2026-08-31", "dataset": "GOOGLE/DYNAMICWORLD/V1", "nominal_resolution_m": 10, "geometry_class": "provisional_satellite_built_surface_envelope", "geometry_confidence": "low", "interpretation": "built-surface screening; not a building footprint" }, "geometry": { "type": "Polygon", "coordinates": [ [ [ -88.003636471825743, 41.990759809354508 ], [ -88.003456808768917, 41.990759809354508 ], [ -88.003456808768917, 41.99066997782608 ], [ -88.003366977240503, 41.99066997782608 ], [ -88.003366977240503, 41.990580146297681 ], [ -88.003277145712104, 41.990580146297667 ], [ -88.003277145712104, 41.990490314769268 ], [ -88.003187314183691, 41.990490314769275 ], [ -88.003187314183691, 41.990400483240855 ], [ -88.003097482655278, 41.990400483240855 ], [ -88.003097482655278, 41.990220820184035 ], [ -88.003007651126865, 41.990220820184035 ], [ -88.003007651126865, 41.989412336428323 ], [ -88.003277145712104, 41.989412336428316 ], [ -88.003277145712104, 41.98959199948515 ], [ -88.003366977240503, 41.989591999485143 ], [ -88.003366977240503, 41.989681831013563 ], [ -88.003636471825743, 41.989681831013563 ], [ -88.003636471825743, 41.989951325598788 ], [ -88.003726303354156, 41.989951325598788 ], [ -88.003726303354156, 41.990041157127202 ], [ -88.003636471825743, 41.990041157127202 ], [ -88.003636471825743, 41.990130988655622 ], [ -88.003726303354156, 41.990130988655622 ], [ -88.003726303354156, 41.990310651712434 ], [ -88.00381613488257, 41.990310651712434 ], [ -88.00381613488257, 41.990580146297667 ], [ -88.003726303354156, 41.990580146297674 ], [ -88.003726303354156, 41.99066997782608 ], [ -88.003636471825743, 41.990669977826094 ], [ -88.003636471825743, 41.990759809354508 ] ] ] } },
{ "type": "Feature", "properties": { "dw_polygon_id": "ildw26_0020", "analysis_unit_id": "ntt_itasca_chicago_campus", "scene_count": 16, "built_probability_mean": null, "area_m2": 2152.5388940386101, "reference_geometry_overlap_m2": 0.0, "reference_geometry_overlap_pct": 0.0, "observation_start": "2026-01-01", "observation_end": "2026-08-31", "dataset": "GOOGLE/DYNAMICWORLD/V1", "nominal_resolution_m": 10, "geometry_class": "provisional_satellite_built_surface_envelope", "geometry_confidence": "low", "interpretation": "built-surface screening; not a building footprint" }, "geometry": { "type": "Polygon", "coordinates": [ [ [ -88.005343270865566, 41.991029303939726 ], [ -88.004175460996223, 41.991029303939733 ], [ -88.004175460996223, 41.990939472411327 ], [ -88.003905966410983, 41.990939472411327 ], [ -88.003905966410983, 41.990849640882907 ], [ -88.004085629467809, 41.9908496408829 ], [ -88.004085629467809, 41.9907598093545 ], [ -88.004624618638275, 41.990759809354508 ], [ -88.004624618638275, 41.990849640882921 ], [ -88.004804281695101, 41.990849640882907 ], [ -88.004804281695101, 41.990939472411327 ], [ -88.005343270865566, 41.990939472411334 ], [ -88.005343270865566, 41.991029303939726 ] ] ] } },
{ "type": "Feature", "properties": { "dw_polygon_id": "ildw26_0021", "analysis_unit_id": "site_00614", "scene_count": 16, "built_probability_mean": null, "area_m2": 111018.70941329733, "reference_geometry_overlap_m2": 11198.367303638497, "reference_geometry_overlap_pct": 10.086919009254135, "observation_start": "2026-01-01", "observation_end": "2026-08-31", "dataset": "GOOGLE/DYNAMICWORLD/V1", "nominal_resolution_m": 10, "geometry_class": "provisional_satellite_built_surface_envelope", "geometry_confidence": "low", "interpretation": "built-surface screening; not a building footprint" }, "geometry": { "type": "Polygon", "coordinates": [ [ [ -87.950635870062698, 42.004054875559461 ], [ -87.949917217835392, 42.004054875559468 ], [ -87.949917217835392, 42.003965044031055 ], [ -87.949557891721753, 42.003965044031055 ], [ -87.949557891721753, 42.003875212502635 ], [ -87.949378228664926, 42.003875212502628 ], [ -87.949378228664926, 42.00378538097425 ], [ -87.9491985656081, 42.003785380974236 ], [ -87.9491985656081, 42.003695549445823 ], [ -87.949108734079687, 42.003695549445816 ], [ -87.949108734079687, 42.003605717917409 ], [ -87.94892907102286, 42.003605717917409 ], [ -87.94892907102286, 42.003515886389003 ], [ -87.948839239494461, 42.003515886388989 ], [ -87.948839239494461, 42.003426054860576 ], [ -87.948749407966048, 42.00342605486059 ], [ -87.948749407966048, 42.003336223332177 ], [ -87.948659576437635, 42.003336223332163 ], [ -87.948659576437635, 42.00315656027535 ], [ -87.948569744909221, 42.00315656027535 ], [ -87.948569744909221, 42.001988750405992 ], [ -87.948659576437635, 42.001988750405992 ], [ -87.948659576437635, 42.001809087349166 ], [ -87.948749407966048, 42.001809087349166 ], [ -87.948749407966048, 42.001719255820746 ], [ -87.948839239494461, 42.00171925582076 ], [ -87.948839239494461, 42.001629424292339 ], [ -87.94892907102286, 42.001629424292346 ], [ -87.94892907102286, 42.001539592763919 ], [ -87.949108734079687, 42.001539592763926 ], [ -87.949108734079687, 42.001449761235513 ], [ -87.949288397136513, 42.00144976123552 ], [ -87.949288397136513, 42.001359929707093 ], [ -87.949557891721753, 42.001359929707107 ], [ -87.949557891721753, 42.001270098178701 ], [ -87.952791826744587, 42.001270098178701 ], [ -87.952791826744587, 42.0013599297071 ], [ -87.953061321329812, 42.001359929707107 ], [ -87.953061321329812, 42.001449761235513 ], [ -87.953151152858226, 42.00144976123552 ], [ -87.953151152858226, 42.001539592763933 ], [ -87.953330815915052, 42.001539592763919 ], [ -87.953330815915052, 42.001629424292346 ], [ -87.953420647443465, 42.001629424292346 ], [ -87.953420647443465, 42.001719255820753 ], [ -87.953510478971879, 42.001719255820746 ], [ -87.953510478971879, 42.001898918877572 ], [ -87.953600310500292, 42.001898918877579 ], [ -87.953600310500292, 42.002078581934406 ], [ -87.953690142028705, 42.002078581934413 ], [ -87.953690142028705, 42.003246391803764 ], [ -87.953600310500292, 42.003246391803749 ], [ -87.953600310500292, 42.003426054860583 ], [ -87.953510478971879, 42.003426054860583 ], [ -87.953510478971879, 42.003515886388996 ], [ -87.953420647443465, 42.003515886388996 ], [ -87.953420647443465, 42.003605717917409 ], [ -87.953330815915052, 42.003605717917409 ], [ -87.953330815915052, 42.003695549445816 ], [ -87.953151152858226, 42.003695549445808 ], [ -87.953151152858226, 42.003785380974229 ], [ -87.952971489801399, 42.003785380974257 ], [ -87.952971489801399, 42.003875212502649 ], [ -87.952791826744587, 42.003875212502635 ], [ -87.952791826744587, 42.003965044031048 ], [ -87.950635870062698, 42.003965044031055 ], [ -87.950635870062698, 42.004054875559461 ] ], [ [ -87.951534185346816, 42.003875212502649 ], [ -87.951893511460455, 42.003875212502635 ], [ -87.951893511460455, 42.003785380974243 ], [ -87.951983342988868, 42.003785380974243 ], [ -87.951983342988868, 42.003695549445816 ], [ -87.952163006045694, 42.003695549445816 ], [ -87.952163006045694, 42.003426054860583 ], [ -87.952073174517281, 42.003426054860583 ], [ -87.952073174517281, 42.003515886388989 ], [ -87.951983342988868, 42.003515886388989 ], [ -87.951983342988868, 42.003246391803764 ], [ -87.951893511460455, 42.003246391803764 ], [ -87.951893511460455, 42.00315656027535 ], [ -87.951444353818403, 42.003156560275336 ], [ -87.951444353818403, 42.003246391803764 ], [ -87.951264690761576, 42.003246391803778 ], [ -87.951264690761576, 42.003426054860583 ], [ -87.951174859233163, 42.003426054860583 ], [ -87.951174859233163, 42.003515886388982 ], [ -87.95108502770475, 42.003515886388996 ], [ -87.95108502770475, 42.003695549445823 ], [ -87.951264690761576, 42.003695549445816 ], [ -87.951264690761576, 42.003785380974236 ], [ -87.951534185346816, 42.00378538097425 ], [ -87.951534185346816, 42.003875212502649 ] ], [ [ -87.952252837574108, 42.003605717917402 ], [ -87.95261216368776, 42.003605717917402 ], [ -87.95261216368776, 42.003515886388989 ], [ -87.952252837574108, 42.003515886389003 ], [ -87.952252837574108, 42.003605717917402 ] ] ] } },
{ "type": "Feature", "properties": { "dw_polygon_id": "ildw26_0022", "analysis_unit_id": "site_00616", "scene_count": 16, "built_probability_mean": null, "area_m2": 134031.46702683746, "reference_geometry_overlap_m2": 19304.812927224935, "reference_geometry_overlap_pct": 14.403194529952792, "observation_start": "2026-01-01", "observation_end": "2026-08-31", "dataset": "GOOGLE/DYNAMICWORLD/V1", "nominal_resolution_m": 10, "geometry_class": "provisional_satellite_built_surface_envelope", "geometry_confidence": "low", "interpretation": "built-surface screening; not a building footprint" }, "geometry": { "type": "Polygon", "coordinates": [ [ [ -87.957373234693591, 42.000641277479808 ], [ -87.956025761767407, 42.000641277479822 ], [ -87.956025761767407, 42.000551445951402 ], [ -87.955756267182181, 42.000551445951402 ], [ -87.955756267182181, 42.000461614422981 ], [ -87.955666435653768, 42.000461614422989 ], [ -87.955666435653768, 42.000371782894582 ], [ -87.955486772596942, 42.000371782894582 ], [ -87.955486772596942, 42.000281951366176 ], [ -87.955396941068528, 42.000281951366176 ], [ -87.955396941068528, 42.00019211983777 ], [ -87.955307109540115, 42.000192119837749 ], [ -87.955307109540115, 42.00010228830935 ], [ -87.955217278011702, 42.00010228830935 ], [ -87.955217278011702, 41.999922625252509 ], [ -87.955127446483289, 41.999922625252516 ], [ -87.955127446483289, 41.998934478439985 ], [ -87.955037614954875, 41.998934478439992 ], [ -87.955037614954875, 41.998664983854759 ], [ -87.955127446483289, 41.998664983854752 ], [ -87.955127446483289, 41.998305657741106 ], [ -87.955217278011702, 41.998305657741113 ], [ -87.955217278011702, 41.9982158262127 ], [ -87.955307109540115, 41.998215826212707 ], [ -87.955307109540115, 41.998036163155859 ], [ -87.955396941068528, 41.998036163155874 ], [ -87.955396941068528, 41.99794633162746 ], [ -87.955576604125355, 41.997946331627453 ], [ -87.955576604125355, 41.99785650009904 ], [ -87.955666435653768, 41.997856500099047 ], [ -87.955666435653768, 41.997766668570627 ], [ -87.955935930238994, 41.997766668570634 ], [ -87.955935930238994, 41.997676837042221 ], [ -87.956295256352647, 41.997676837042221 ], [ -87.956295256352647, 41.9975870055138 ], [ -87.959439359847067, 41.997587005513793 ], [ -87.959439359847067, 41.997676837042221 ], [ -87.959708854432307, 41.997676837042214 ], [ -87.959708854432307, 41.997766668570634 ], [ -87.959888517489119, 41.997766668570627 ], [ -87.959888517489119, 41.997856500099047 ], [ -87.959978349017533, 41.997856500099047 ], [ -87.959978349017533, 41.99794633162746 ], [ -87.960158012074359, 41.99794633162746 ], [ -87.960158012074359, 41.998125994684294 ], [ -87.960247843602772, 41.99812599468428 ], [ -87.960247843602772, 41.998215826212693 ], [ -87.960337675131186, 41.998215826212679 ], [ -87.960337675131186, 41.998395489269512 ], [ -87.960427506659599, 41.998395489269519 ], [ -87.960427506659599, 41.999832793724103 ], [ -87.960337675131186, 41.99983279372411 ], [ -87.960337675131186, 42.000012456780922 ], [ -87.960247843602772, 42.000012456780922 ], [ -87.960247843602772, 42.000192119837763 ], [ -87.960158012074359, 42.000192119837756 ], [ -87.960158012074359, 42.000281951366176 ], [ -87.959978349017533, 42.000281951366162 ], [ -87.959978349017533, 42.000371782894568 ], [ -87.959888517489119, 42.000371782894582 ], [ -87.959888517489119, 42.000461614422989 ], [ -87.959708854432307, 42.000461614422989 ], [ -87.959708854432307, 42.000551445951402 ], [ -87.959349528318654, 42.000551445951395 ], [ -87.959349528318654, 42.000641277479808 ], [ -87.957732560807244, 42.000641277479801 ], [ -87.957732560807244, 42.000551445951409 ], [ -87.958451213034536, 42.000551445951409 ], [ -87.958451213034536, 42.000461614422989 ], [ -87.958630876091362, 42.000461614422981 ], [ -87.958630876091362, 42.000371782894582 ], [ -87.958720707619776, 42.00037178289459 ], [ -87.958720707619776, 42.000281951366169 ], [ -87.958630876091362, 42.000281951366162 ], [ -87.958630876091362, 42.000192119837763 ], [ -87.958091886920883, 42.000192119837756 ], [ -87.958091886920883, 42.000281951366162 ], [ -87.957912223864057, 42.000281951366169 ], [ -87.957912223864057, 42.000371782894582 ], [ -87.957732560807244, 42.000371782894582 ], [ -87.957732560807244, 42.000461614422996 ], [ -87.957642729278831, 42.000461614422989 ], [ -87.957642729278831, 42.000551445951409 ], [ -87.957373234693591, 42.000551445951388 ], [ -87.957373234693591, 42.000641277479808 ] ], [ [ -87.956744413994713, 41.999024309968391 ], [ -87.957283403165178, 41.999024309968398 ], [ -87.957283403165178, 41.998844646911579 ], [ -87.956924077051525, 41.998844646911579 ], [ -87.956924077051525, 41.998934478439978 ], [ -87.956744413994713, 41.998934478439978 ], [ -87.956744413994713, 41.999024309968391 ] ] ] } },
{ "type": "Feature", "properties": { "dw_polygon_id": "ildw26_0023", "analysis_unit_id": "site_00617", "scene_count": 16, "built_probability_mean": null, "area_m2": 134947.0123824187, "reference_geometry_overlap_m2": 15155.570227279031, "reference_geometry_overlap_pct": 11.23075639817095, "observation_start": "2026-01-01", "observation_end": "2026-08-31", "dataset": "GOOGLE/DYNAMICWORLD/V1", "nominal_resolution_m": 10, "geometry_class": "provisional_satellite_built_surface_envelope", "geometry_confidence": "low", "interpretation": "built-surface screening; not a building footprint" }, "geometry": { "type": "Polygon", "coordinates": [ [ [ -87.977226002472634, 42.024446632508983 ], [ -87.974081898978213, 42.024446632508976 ], [ -87.974081898978213, 42.024356800980563 ], [ -87.973542909807747, 42.024356800980577 ], [ -87.973542909807747, 42.024266969452157 ], [ -87.973273415222508, 42.024266969452164 ], [ -87.973273415222508, 42.024177137923751 ], [ -87.973183583694095, 42.024177137923743 ], [ -87.973183583694095, 42.02408730639533 ], [ -87.973003920637268, 42.024087306395344 ], [ -87.973003920637268, 42.023997474866924 ], [ -87.972914089108855, 42.023997474866938 ], [ -87.972914089108855, 42.023907643338504 ], [ -87.972824257580442, 42.023907643338504 ], [ -87.972824257580442, 42.023727980281677 ], [ -87.972734426052028, 42.023727980281684 ], [ -87.972734426052028, 42.023548317224865 ], [ -87.972644594523629, 42.023548317224879 ], [ -87.972644594523629, 42.022560170412333 ], [ -87.972734426052028, 42.022560170412333 ], [ -87.972734426052028, 42.022290675827101 ], [ -87.972824257580442, 42.022290675827101 ], [ -87.972824257580442, 42.022200844298673 ], [ -87.972914089108855, 42.022200844298673 ], [ -87.972914089108855, 42.022111012770281 ], [ -87.973003920637268, 42.02211101277026 ], [ -87.973003920637268, 42.022021181241861 ], [ -87.973093752165681, 42.022021181241861 ], [ -87.973093752165681, 42.021931349713448 ], [ -87.973273415222508, 42.021931349713448 ], [ -87.973273415222508, 42.021841518185035 ], [ -87.973453078279348, 42.021841518185035 ], [ -87.973453078279348, 42.021751686656621 ], [ -87.97372257286456, 42.021751686656621 ], [ -87.97372257286456, 42.021661855128201 ], [ -87.977315834001047, 42.021661855128201 ], [ -87.977315834001047, 42.021751686656614 ], [ -87.977675160114686, 42.021751686656614 ], [ -87.977675160114686, 42.021841518185028 ], [ -87.977854823171512, 42.021841518185028 ], [ -87.977854823171512, 42.021931349713455 ], [ -87.978034486228339, 42.021931349713441 ], [ -87.978034486228339, 42.022021181241861 ], [ -87.978124317756752, 42.022021181241854 ], [ -87.978124317756752, 42.022111012770267 ], [ -87.978214149285165, 42.022111012770274 ], [ -87.978214149285165, 42.022200844298666 ], [ -87.978303980813578, 42.022200844298666 ], [ -87.978303980813578, 42.0223805073555 ], [ -87.978393812341992, 42.0223805073555 ], [ -87.978393812341992, 42.022650001940747 ], [ -87.978483643870405, 42.022650001940754 ], [ -87.978483643870405, 42.023458485696452 ], [ -87.978393812341992, 42.023458485696452 ], [ -87.978393812341992, 42.023727980281691 ], [ -87.978303980813578, 42.023727980281684 ], [ -87.978303980813578, 42.023907643338511 ], [ -87.978214149285165, 42.023907643338518 ], [ -87.978214149285165, 42.023997474866924 ], [ -87.978124317756752, 42.023997474866924 ], [ -87.978124317756752, 42.024087306395337 ], [ -87.977944654699925, 42.024087306395337 ], [ -87.977944654699925, 42.024177137923743 ], [ -87.977854823171512, 42.024177137923743 ], [ -87.977854823171512, 42.02426696945215 ], [ -87.977585328586287, 42.024266969452164 ], [ -87.977585328586287, 42.02435680098057 ], [ -87.977226002472634, 42.024356800980577 ], [ -87.977226002472634, 42.024446632508983 ] ] ] } },
{ "type": "Feature", "properties": { "dw_polygon_id": "ildw26_0024", "analysis_unit_id": "site_01560", "scene_count": 16, "built_probability_mean": null, "area_m2": 48799.289747998409, "reference_geometry_overlap_m2": 12894.426384095697, "reference_geometry_overlap_pct": 26.423389460549647, "observation_start": "2026-01-01", "observation_end": "2026-08-31", "dataset": "GOOGLE/DYNAMICWORLD/V1", "nominal_resolution_m": 10, "geometry_class": "provisional_satellite_built_surface_envelope", "geometry_confidence": "low", "interpretation": "built-surface screening; not a building footprint" }, "geometry": { "type": "Polygon", "coordinates": [ [ [ -87.67081065905947, 41.842986945116834 ], [ -87.669553017661698, 41.842986945116834 ], [ -87.669553017661698, 41.842897113588442 ], [ -87.669193691548045, 41.842897113588435 ], [ -87.669193691548045, 41.842807282060015 ], [ -87.669103860019646, 41.842807282060008 ], [ -87.669103860019646, 41.842627619003181 ], [ -87.669014028491219, 41.842627619003203 ], [ -87.669014028491219, 41.842268292889543 ], [ -87.668834365434407, 41.84226829288955 ], [ -87.668834365434407, 41.841729303719063 ], [ -87.669103860019646, 41.841729303719056 ], [ -87.669103860019646, 41.841549640662237 ], [ -87.669014028491219, 41.841549640662258 ], [ -87.669014028491219, 41.841369977605424 ], [ -87.669103860019646, 41.841369977605424 ], [ -87.669103860019646, 41.841280146077018 ], [ -87.668924196962806, 41.841280146077018 ], [ -87.668924196962806, 41.841010651491771 ], [ -87.669103860019646, 41.841010651491786 ], [ -87.669103860019646, 41.840920819963365 ], [ -87.669193691548045, 41.840920819963365 ], [ -87.669193691548045, 41.840830988434952 ], [ -87.669283523076459, 41.840830988434952 ], [ -87.669283523076459, 41.840651325378126 ], [ -87.669193691548045, 41.840651325378133 ], [ -87.669193691548045, 41.840561493849719 ], [ -87.669463186133285, 41.840561493849727 ], [ -87.669463186133285, 41.840651325378126 ], [ -87.669642849190112, 41.840651325378133 ], [ -87.669642849190112, 41.840741156906546 ], [ -87.669732680718525, 41.840741156906546 ], [ -87.669732680718525, 41.840830988434952 ], [ -87.671169985173108, 41.840830988434945 ], [ -87.671169985173108, 41.840920819963358 ], [ -87.671439479758348, 41.840920819963365 ], [ -87.671439479758348, 41.841010651491786 ], [ -87.671529311286761, 41.841010651491764 ], [ -87.671529311286761, 41.841100483020192 ], [ -87.671619142815175, 41.841100483020185 ], [ -87.671619142815175, 41.84226829288955 ], [ -87.671529311286761, 41.842268292889543 ], [ -87.671529311286761, 41.842358124417963 ], [ -87.671349648229935, 41.842358124417963 ], [ -87.671349648229935, 41.842447955946369 ], [ -87.671259816701536, 41.842447955946355 ], [ -87.671259816701536, 41.842627619003188 ], [ -87.671169985173108, 41.842627619003188 ], [ -87.671169985173108, 41.842807282060015 ], [ -87.670990322116282, 41.842807282060008 ], [ -87.670990322116282, 41.842897113588435 ], [ -87.67081065905947, 41.842897113588428 ], [ -87.67081065905947, 41.842986945116834 ] ], [ [ -87.669912343775337, 41.84199879830431 ], [ -87.670181838360591, 41.84199879830431 ], [ -87.670181838360591, 41.841908966775897 ], [ -87.669912343775337, 41.841908966775897 ], [ -87.669912343775337, 41.84199879830431 ] ], [ [ -87.671259816701536, 41.842088629832716 ], [ -87.671349648229935, 41.842088629832723 ], [ -87.671349648229935, 41.841908966775897 ], [ -87.671259816701536, 41.841908966775904 ], [ -87.671259816701536, 41.842088629832716 ] ] ] } },
{ "type": "Feature", "properties": { "dw_polygon_id": "ildw26_0025", "analysis_unit_id": "site_01560", "scene_count": 16, "built_probability_mean": null, "area_m2": 46418.656772046743, "reference_geometry_overlap_m2": 5433.2755059750416, "reference_geometry_overlap_pct": 11.704939099502235, "observation_start": "2026-01-01", "observation_end": "2026-08-31", "dataset": "GOOGLE/DYNAMICWORLD/V1", "nominal_resolution_m": 10, "geometry_class": "provisional_satellite_built_surface_envelope", "geometry_confidence": "low", "interpretation": "built-surface screening; not a building footprint" }, "geometry": { "type": "Polygon", "coordinates": [ [ [ -87.666947903337757, 41.843525934287321 ], [ -87.666408914167278, 41.843525934287314 ], [ -87.666408914167278, 41.843436102758908 ], [ -87.666319082638864, 41.843436102758908 ], [ -87.666319082638864, 41.84334627123048 ], [ -87.666229251110451, 41.843346271230494 ], [ -87.666229251110451, 41.843256439702074 ], [ -87.666139419582038, 41.843256439702074 ], [ -87.666139419582038, 41.843166608173668 ], [ -87.666049588053625, 41.843166608173647 ], [ -87.666049588053625, 41.84307677664524 ], [ -87.665959756525211, 41.843076776645248 ], [ -87.665959756525211, 41.842627619003196 ], [ -87.665869924996812, 41.842627619003181 ], [ -87.665869924996812, 41.842358124417963 ], [ -87.665780093468399, 41.842358124417963 ], [ -87.665780093468399, 41.84172930371907 ], [ -87.665869924996812, 41.84172930371907 ], [ -87.665869924996812, 41.841549640662251 ], [ -87.665959756525211, 41.841549640662237 ], [ -87.665959756525211, 41.841369977605417 ], [ -87.666049588053625, 41.841369977605432 ], [ -87.666049588053625, 41.841190314548591 ], [ -87.666139419582038, 41.841190314548584 ], [ -87.666139419582038, 41.841010651491786 ], [ -87.666229251110451, 41.841010651491764 ], [ -87.666229251110451, 41.840920819963365 ], [ -87.666319082638864, 41.840920819963365 ], [ -87.666319082638864, 41.840830988434952 ], [ -87.666408914167278, 41.840830988434945 ], [ -87.666408914167278, 41.840741156906539 ], [ -87.666588577224104, 41.840741156906546 ], [ -87.666588577224104, 41.840651325378118 ], [ -87.666768240280931, 41.840651325378126 ], [ -87.666768240280931, 41.840561493849719 ], [ -87.667127566394569, 41.840561493849719 ], [ -87.667127566394569, 41.840471662321306 ], [ -87.667307229451396, 41.840471662321306 ], [ -87.667307229451396, 41.840651325378118 ], [ -87.667037734866156, 41.840651325378126 ], [ -87.667037734866156, 41.840830988434952 ], [ -87.667307229451396, 41.840830988434945 ], [ -87.667307229451396, 41.840920819963365 ], [ -87.667756387093462, 41.840920819963365 ], [ -87.667756387093462, 41.841010651491771 ], [ -87.667846218621875, 41.841010651491771 ], [ -87.667846218621875, 41.841369977605424 ], [ -87.668025881678702, 41.841369977605424 ], [ -87.668025881678702, 41.841549640662251 ], [ -87.667666555565049, 41.841549640662244 ], [ -87.667666555565049, 41.841639472190664 ], [ -87.667486892508222, 41.841639472190664 ], [ -87.667486892508222, 41.84199879830431 ], [ -87.667666555565049, 41.841998798304317 ], [ -87.667666555565049, 41.842178461361136 ], [ -87.667756387093462, 41.842178461361129 ], [ -87.667756387093462, 41.84199879830431 ], [ -87.667936050150274, 41.841998798304303 ], [ -87.667936050150274, 41.841908966775904 ], [ -87.66838520779234, 41.841908966775897 ], [ -87.66838520779234, 41.84199879830431 ], [ -87.66865470237758, 41.841998798304303 ], [ -87.66865470237758, 41.84208862983273 ], [ -87.668744533905993, 41.842088629832723 ], [ -87.668744533905993, 41.842537787474782 ], [ -87.668115713207101, 41.842537787474789 ], [ -87.668115713207101, 41.842627619003188 ], [ -87.667666555565049, 41.842627619003188 ], [ -87.667666555565049, 41.842717450531609 ], [ -87.667576724036635, 41.842717450531609 ], [ -87.667576724036635, 41.842807282060015 ], [ -87.667397060979809, 41.842807282060015 ], [ -87.667397060979809, 41.842986945116834 ], [ -87.667307229451396, 41.842986945116841 ], [ -87.667307229451396, 41.843166608173654 ], [ -87.667217397922983, 41.843166608173661 ], [ -87.667217397922983, 41.843256439702074 ], [ -87.667037734866156, 41.843256439702067 ], [ -87.667037734866156, 41.843346271230487 ], [ -87.667217397922983, 41.843346271230487 ], [ -87.667217397922983, 41.843436102758901 ], [ -87.666947903337757, 41.843436102758908 ], [ -87.666947903337757, 41.843525934287321 ] ], [ [ -87.666498745695691, 41.842897113588435 ], [ -87.666588577224104, 41.842897113588435 ], [ -87.666588577224104, 41.842807282060022 ], [ -87.666498745695691, 41.842807282060001 ], [ -87.666498745695691, 41.842897113588435 ] ] ] } },
{ "type": "Feature", "properties": { "dw_polygon_id": "ildw26_0026", "analysis_unit_id": "site_01560", "scene_count": 16, "built_probability_mean": null, "area_m2": 2380.4470169458759, "reference_geometry_overlap_m2": 0.0, "reference_geometry_overlap_pct": 0.0, "observation_start": "2026-01-01", "observation_end": "2026-08-31", "dataset": "GOOGLE/DYNAMICWORLD/V1", "nominal_resolution_m": 10, "geometry_class": "provisional_satellite_built_surface_envelope", "geometry_confidence": "low", "interpretation": "built-surface screening; not a building footprint" }, "geometry": { "type": "Polygon", "coordinates": [ [ [ -87.672068300457227, 41.842537787474782 ], [ -87.6718886374004, 41.842537787474782 ], [ -87.6718886374004, 41.842358124417956 ], [ -87.671708974343588, 41.842358124417956 ], [ -87.671708974343588, 41.84199879830431 ], [ -87.6718886374004, 41.84199879830431 ], [ -87.6718886374004, 41.841369977605417 ], [ -87.671978468928813, 41.84136997760541 ], [ -87.671978468928813, 41.841549640662244 ], [ -87.672068300457227, 41.84154964066223 ], [ -87.672068300457227, 41.842537787474782 ] ] ] } },
{ "type": "Feature", "properties": { "dw_polygon_id": "ildw26_0027", "analysis_unit_id": "site_01842", "scene_count": 16, "built_probability_mean": null, "area_m2": 117552.08740365924, "reference_geometry_overlap_m2": 12608.144601484442, "reference_geometry_overlap_pct": 10.7255812125136, "observation_start": "2026-01-01", "observation_end": "2026-08-31", "dataset": "GOOGLE/DYNAMICWORLD/V1", "nominal_resolution_m": 10, "geometry_class": "provisional_satellite_built_surface_envelope", "geometry_confidence": "low", "interpretation": "built-surface screening; not a building footprint" }, "geometry": { "type": "Polygon", "coordinates": [ [ [ -87.955576604125355, 42.002976897218524 ], [ -87.954139299670757, 42.002976897218517 ], [ -87.954139299670757, 42.002887065690103 ], [ -87.953869805085517, 42.002887065690111 ], [ -87.953869805085517, 42.002797234161712 ], [ -87.953690142028705, 42.002797234161719 ], [ -87.953690142028705, 42.002707402633298 ], [ -87.953600310500292, 42.002707402633284 ], [ -87.953600310500292, 42.002617571104878 ], [ -87.953510478971879, 42.002617571104864 ], [ -87.953510478971879, 42.002527739576458 ], [ -87.953420647443465, 42.002527739576458 ], [ -87.953420647443465, 42.002437908048044 ], [ -87.953330815915052, 42.002437908048051 ], [ -87.953330815915052, 42.002348076519638 ], [ -87.953240984386639, 42.002348076519638 ], [ -87.953240984386639, 42.002078581934413 ], [ -87.953151152858226, 42.002078581934413 ], [ -87.953151152858226, 42.001090435121867 ], [ -87.953061321329812, 42.001090435121874 ], [ -87.953061321329812, 42.000371782894582 ], [ -87.953151152858226, 42.000371782894575 ], [ -87.953151152858226, 42.000192119837756 ], [ -87.953240984386639, 42.000192119837763 ], [ -87.953240984386639, 42.00010228830935 ], [ -87.953330815915052, 42.000102288309343 ], [ -87.953330815915052, 42.000012456780922 ], [ -87.953420647443465, 42.000012456780929 ], [ -87.953420647443465, 41.999922625252516 ], [ -87.953510478971879, 41.999922625252509 ], [ -87.953510478971879, 41.999832793724117 ], [ -87.953690142028705, 41.999832793724117 ], [ -87.953690142028705, 41.999742962195697 ], [ -87.953869805085517, 41.999742962195697 ], [ -87.953869805085517, 41.999653130667284 ], [ -87.954318962727584, 41.999653130667284 ], [ -87.954318962727584, 41.999563299138863 ], [ -87.95476812036965, 41.999563299138863 ], [ -87.95476812036965, 41.999473467610457 ], [ -87.95638508788106, 41.999473467610443 ], [ -87.95638508788106, 41.99956329913887 ], [ -87.9566545824663, 41.999563299138863 ], [ -87.9566545824663, 41.999653130667284 ], [ -87.956834245523112, 41.999653130667276 ], [ -87.956834245523112, 41.999742962195704 ], [ -87.956924077051525, 41.999742962195704 ], [ -87.956924077051525, 41.999832793724103 ], [ -87.957013908579938, 41.99983279372411 ], [ -87.957013908579938, 41.999922625252509 ], [ -87.957103740108352, 41.999922625252509 ], [ -87.957103740108352, 42.000012456780915 ], [ -87.957193571636765, 42.000012456780929 ], [ -87.957193571636765, 42.00010228830935 ], [ -87.957283403165178, 42.00010228830935 ], [ -87.957283403165178, 42.000371782894575 ], [ -87.957373234693591, 42.000371782894575 ], [ -87.957373234693591, 42.00171925582076 ], [ -87.957283403165178, 42.001719255820746 ], [ -87.957283403165178, 42.001898918877579 ], [ -87.957193571636765, 42.001898918877586 ], [ -87.957193571636765, 42.001988750405999 ], [ -87.957103740108352, 42.001988750405992 ], [ -87.957103740108352, 42.002168413462812 ], [ -87.956924077051525, 42.002168413462826 ], [ -87.956924077051525, 42.002258244991225 ], [ -87.956834245523112, 42.002258244991232 ], [ -87.956834245523112, 42.002348076519645 ], [ -87.9566545824663, 42.002348076519645 ], [ -87.9566545824663, 42.002437908048037 ], [ -87.95638508788106, 42.002437908048037 ], [ -87.95638508788106, 42.002527739576458 ], [ -87.956295256352647, 42.002527739576458 ], [ -87.956295256352647, 42.002617571104864 ], [ -87.95611559329582, 42.002617571104878 ], [ -87.95611559329582, 42.002707402633291 ], [ -87.956025761767407, 42.002707402633284 ], [ -87.956025761767407, 42.002797234161712 ], [ -87.95584609871058, 42.002797234161712 ], [ -87.95584609871058, 42.002887065690096 ], [ -87.955576604125355, 42.002887065690111 ], [ -87.955576604125355, 42.002976897218524 ] ] ] } },
{ "type": "Feature", "properties": { "dw_polygon_id": "ildw26_0028", "analysis_unit_id": "site_01881", "scene_count": 16, "built_probability_mean": null, "area_m2": 164546.31600719405, "reference_geometry_overlap_m2": 21545.359152887806, "reference_geometry_overlap_pct": 13.093796127253214, "observation_start": "2026-01-01", "observation_end": "2026-08-31", "dataset": "GOOGLE/DYNAMICWORLD/V1", "nominal_resolution_m": 10, "geometry_class": "provisional_satellite_built_surface_envelope", "geometry_confidence": "low", "interpretation": "built-surface screening; not a building footprint" }, "geometry": { "type": "Polygon", "coordinates": [ [ [ -87.962403800284662, 41.996239532587623 ], [ -87.960697001244839, 41.996239532587623 ], [ -87.960697001244839, 41.99614970105921 ], [ -87.960337675131186, 41.996149701059224 ], [ -87.960337675131186, 41.996059869530797 ], [ -87.960158012074359, 41.996059869530804 ], [ -87.960158012074359, 41.995970038002383 ], [ -87.959978349017533, 41.995970038002383 ], [ -87.959978349017533, 41.995880206473984 ], [ -87.959888517489119, 41.995880206473977 ], [ -87.959888517489119, 41.995790374945564 ], [ -87.95979868596072, 41.995790374945564 ], [ -87.95979868596072, 41.995700543417165 ], [ -87.959708854432307, 41.995700543417151 ], [ -87.959708854432307, 41.995610711888737 ], [ -87.959619022903894, 41.995610711888737 ], [ -87.959619022903894, 41.995431048831918 ], [ -87.959529191375481, 41.995431048831925 ], [ -87.959529191375481, 41.995251385775092 ], [ -87.959439359847067, 41.995251385775084 ], [ -87.959439359847067, 41.995161554246678 ], [ -87.959349528318654, 41.995161554246685 ], [ -87.959349528318654, 41.995071722718279 ], [ -87.959259696790241, 41.995071722718279 ], [ -87.959259696790241, 41.994981891189859 ], [ -87.959169865261828, 41.994981891189859 ], [ -87.959169865261828, 41.994892059661446 ], [ -87.959080033733414, 41.994892059661446 ], [ -87.959080033733414, 41.99480222813304 ], [ -87.958990202205001, 41.99480222813304 ], [ -87.958990202205001, 41.994712396604633 ], [ -87.958900370676588, 41.994712396604619 ], [ -87.958900370676588, 41.994532733547793 ], [ -87.958810539148189, 41.9945327335478 ], [ -87.958810539148189, 41.993993744377327 ], [ -87.958900370676588, 41.993993744377327 ], [ -87.958900370676588, 41.993814081320508 ], [ -87.958990202205001, 41.993814081320501 ], [ -87.958990202205001, 41.993634418263674 ], [ -87.959080033733414, 41.993634418263682 ], [ -87.959080033733414, 41.993544586735261 ], [ -87.959169865261828, 41.993544586735268 ], [ -87.959169865261828, 41.993454755206869 ], [ -87.959349528318654, 41.993454755206869 ], [ -87.959349528318654, 41.993364923678442 ], [ -87.959439359847067, 41.993364923678456 ], [ -87.959439359847067, 41.993185260621622 ], [ -87.959529191375481, 41.99318526062163 ], [ -87.959529191375481, 41.993005597564803 ], [ -87.959619022903894, 41.993005597564796 ], [ -87.959619022903894, 41.992825934507984 ], [ -87.959708854432307, 41.992825934507977 ], [ -87.959708854432307, 41.992736102979563 ], [ -87.95979868596072, 41.992736102979549 ], [ -87.95979868596072, 41.99264627145115 ], [ -87.959888517489119, 41.992646271451143 ], [ -87.959888517489119, 41.992556439922744 ], [ -87.960068180545946, 41.992556439922737 ], [ -87.960068180545946, 41.992466608394331 ], [ -87.960247843602772, 41.992466608394331 ], [ -87.960247843602772, 41.992376776865918 ], [ -87.960607169716425, 41.99237677686591 ], [ -87.960607169716425, 41.992286945337504 ], [ -87.962673294869901, 41.992286945337497 ], [ -87.962673294869901, 41.992376776865925 ], [ -87.962134305699422, 41.992376776865925 ], [ -87.962134305699422, 41.992466608394331 ], [ -87.96195464264261, 41.992466608394338 ], [ -87.96195464264261, 41.99273610297957 ], [ -87.962224137227835, 41.99273610297957 ], [ -87.962224137227835, 41.99282593450797 ], [ -87.962493631813075, 41.99282593450797 ], [ -87.962493631813075, 41.992736102979563 ], [ -87.962763126398315, 41.992736102979556 ], [ -87.962763126398315, 41.99264627145115 ], [ -87.962852957926714, 41.99264627145115 ], [ -87.962852957926714, 41.992286945337497 ], [ -87.96330211556878, 41.99228694533749 ], [ -87.96330211556878, 41.992376776865925 ], [ -87.963661441682433, 41.992376776865925 ], [ -87.963661441682433, 41.992556439922744 ], [ -87.963930936267658, 41.992556439922744 ], [ -87.963930936267658, 41.992466608394324 ], [ -87.964200430852898, 41.992466608394331 ], [ -87.964200430852898, 41.992376776865925 ], [ -87.964380093909725, 41.99237677686591 ], [ -87.964380093909725, 41.992466608394331 ], [ -87.964559756966551, 41.992466608394324 ], [ -87.964559756966551, 41.992556439922744 ], [ -87.964649588494964, 41.99255643992273 ], [ -87.964649588494964, 41.992646271451157 ], [ -87.964739420023378, 41.992646271451143 ], [ -87.964739420023378, 41.992736102979556 ], [ -87.964829251551791, 41.992736102979549 ], [ -87.964829251551791, 41.992825934507977 ], [ -87.96491908308019, 41.99282593450797 ], [ -87.96491908308019, 41.992915766036397 ], [ -87.965008914608603, 41.99291576603639 ], [ -87.965008914608603, 41.993185260621615 ], [ -87.965098746137016, 41.993185260621608 ], [ -87.965098746137016, 41.993634418263667 ], [ -87.965008914608603, 41.993634418263689 ], [ -87.965008914608603, 41.995341217303498 ], [ -87.96491908308019, 41.995341217303505 ], [ -87.96491908308019, 41.995520880360338 ], [ -87.964829251551791, 41.995520880360338 ], [ -87.964829251551791, 41.995700543417165 ], [ -87.964739420023378, 41.995700543417144 ], [ -87.964739420023378, 41.995790374945578 ], [ -87.964649588494964, 41.995790374945571 ], [ -87.964649588494964, 41.995880206473984 ], [ -87.964469925438138, 41.995880206473984 ], [ -87.964469925438138, 41.995970038002376 ], [ -87.964290262381311, 41.995970038002383 ], [ -87.964290262381311, 41.996059869530804 ], [ -87.964110599324499, 41.996059869530804 ], [ -87.964110599324499, 41.996149701059217 ], [ -87.962403800284662, 41.996149701059217 ], [ -87.962403800284662, 41.996239532587623 ] ], [ [ -87.959978349017533, 41.993724249792095 ], [ -87.960068180545946, 41.993724249792081 ], [ -87.960068180545946, 41.993634418263682 ], [ -87.959978349017533, 41.993634418263674 ], [ -87.959978349017533, 41.993724249792095 ] ], [ [ -87.961505485000544, 41.994981891189845 ], [ -87.962044474171009, 41.994981891189859 ], [ -87.962044474171009, 41.994892059661439 ], [ -87.962134305699422, 41.994892059661446 ], [ -87.962134305699422, 41.99480222813304 ], [ -87.962493631813075, 41.99480222813304 ], [ -87.962493631813075, 41.994712396604626 ], [ -87.962673294869901, 41.994712396604626 ], [ -87.962673294869901, 41.99462256507622 ], [ -87.962763126398315, 41.994622565076206 ], [ -87.962763126398315, 41.994173407434154 ], [ -87.962852957926714, 41.994173407434161 ], [ -87.962852957926714, 41.993724249792088 ], [ -87.962942789455127, 41.993724249792102 ], [ -87.962942789455127, 41.993634418263667 ], [ -87.962852957926714, 41.993634418263674 ], [ -87.962852957926714, 41.993544586735268 ], [ -87.962493631813075, 41.993544586735268 ], [ -87.962493631813075, 41.993454755206869 ], [ -87.962403800284662, 41.993454755206862 ], [ -87.962403800284662, 41.993364923678435 ], [ -87.962134305699422, 41.993364923678442 ], [ -87.962134305699422, 41.993275092150029 ], [ -87.961864811114182, 41.993275092150036 ], [ -87.961864811114182, 41.993364923678449 ], [ -87.961505485000544, 41.993364923678449 ], [ -87.961505485000544, 41.993454755206869 ], [ -87.961325821943717, 41.993454755206862 ], [ -87.961325821943717, 41.993634418263682 ], [ -87.961146158886891, 41.993634418263674 ], [ -87.961146158886891, 41.993724249792088 ], [ -87.961056327358477, 41.993724249792102 ], [ -87.961056327358477, 41.994622565076206 ], [ -87.961146158886891, 41.994622565076206 ], [ -87.961146158886891, 41.994712396604619 ], [ -87.961325821943717, 41.994712396604626 ], [ -87.961325821943717, 41.994802228133047 ], [ -87.961505485000544, 41.99480222813304 ], [ -87.961505485000544, 41.994981891189845 ] ], [ [ -87.964110599324499, 41.994712396604633 ], [ -87.964200430852898, 41.994712396604626 ], [ -87.964200430852898, 41.994532733547786 ], [ -87.964469925438138, 41.994532733547807 ], [ -87.964469925438138, 41.994712396604626 ], [ -87.964829251551791, 41.994712396604633 ], [ -87.964829251551791, 41.994083575905734 ], [ -87.964649588494964, 41.994083575905734 ], [ -87.964649588494964, 41.993993744377327 ], [ -87.964559756966551, 41.993993744377327 ], [ -87.964559756966551, 41.993903912848928 ], [ -87.964469925438138, 41.993903912848921 ], [ -87.964469925438138, 41.993993744377327 ], [ -87.964290262381311, 41.993993744377335 ], [ -87.964290262381311, 41.994353070490966 ], [ -87.964200430852898, 41.99435307049098 ], [ -87.964200430852898, 41.994263238962567 ], [ -87.964110599324499, 41.994263238962553 ], [ -87.964110599324499, 41.994442902019387 ], [ -87.963930936267658, 41.994442902019401 ], [ -87.963930936267658, 41.994532733547807 ], [ -87.964110599324499, 41.9945327335478 ], [ -87.964110599324499, 41.994712396604633 ] ] ] } },
{ "type": "Feature", "properties": { "dw_polygon_id": "ildw26_0029", "analysis_unit_id": "site_01928", "scene_count": 16, "built_probability_mean": null, "area_m2": 91265.492165140036, "reference_geometry_overlap_m2": 9843.6588096862233, "reference_geometry_overlap_pct": 10.785740126043091, "observation_start": "2026-01-01", "observation_end": "2026-08-31", "dataset": "GOOGLE/DYNAMICWORLD/V1", "nominal_resolution_m": 10, "geometry_class": "provisional_satellite_built_surface_envelope", "geometry_confidence": "low", "interpretation": "built-surface screening; not a building footprint" }, "geometry": { "type": "Polygon", "coordinates": [ [ [ -87.645118841933652, 41.8502632989182 ], [ -87.644759515819999, 41.850263298918215 ], [ -87.644759515819999, 41.85017346738978 ], [ -87.644939178876825, 41.850173467389794 ], [ -87.644939178876825, 41.850083635861381 ], [ -87.644849347348412, 41.850083635861374 ], [ -87.644849347348412, 41.849993804332961 ], [ -87.644579852763187, 41.849993804332961 ], [ -87.644579852763187, 41.849814141276141 ], [ -87.644490021234759, 41.849814141276134 ], [ -87.644490021234759, 41.849724309747728 ], [ -87.644400189706346, 41.849724309747728 ], [ -87.644400189706346, 41.849634478219315 ], [ -87.644040863592707, 41.849634478219329 ], [ -87.644040863592707, 41.849544646690902 ], [ -87.643771369007467, 41.849544646690916 ], [ -87.643771369007467, 41.849454815162488 ], [ -87.643232379836988, 41.849454815162488 ], [ -87.643232379836988, 41.849544646690909 ], [ -87.643142548308589, 41.849544646690909 ], [ -87.643142548308589, 41.849095489048835 ], [ -87.643052716780176, 41.849095489048842 ], [ -87.643052716780176, 41.848466668349971 ], [ -87.643142548308589, 41.848466668349978 ], [ -87.643142548308589, 41.848287005293152 ], [ -87.643232379836988, 41.848287005293145 ], [ -87.643232379836988, 41.848107342236311 ], [ -87.643322211365401, 41.848107342236318 ], [ -87.643322211365401, 41.848017510707905 ], [ -87.643412042893814, 41.848017510707898 ], [ -87.643412042893814, 41.847927679179499 ], [ -87.643501874422242, 41.847927679179499 ], [ -87.643501874422242, 41.847837847651085 ], [ -87.643681537479054, 41.847837847651085 ], [ -87.643681537479054, 41.847748016122672 ], [ -87.643951032064294, 41.847748016122672 ], [ -87.643951032064294, 41.847658184594266 ], [ -87.644310358177933, 41.847658184594266 ], [ -87.644310358177933, 41.847568353065839 ], [ -87.644939178876825, 41.847568353065846 ], [ -87.644939178876825, 41.847478521537433 ], [ -87.645298504990478, 41.847478521537433 ], [ -87.645298504990478, 41.847388690009019 ], [ -87.645478168047291, 41.847388690009019 ], [ -87.645478168047291, 41.84729885848062 ], [ -87.64574766263253, 41.84729885848062 ], [ -87.64574766263253, 41.847209026952207 ], [ -87.647005304030301, 41.847209026952193 ], [ -87.647005304030301, 41.847298858480613 ], [ -87.647184967087114, 41.847298858480606 ], [ -87.647184967087114, 41.847388690009019 ], [ -87.64736463014394, 41.847388690009019 ], [ -87.64736463014394, 41.847478521537433 ], [ -87.647454461672368, 41.847478521537425 ], [ -87.647454461672368, 41.847568353065832 ], [ -87.647544293200767, 41.847568353065839 ], [ -87.647544293200767, 41.847658184594259 ], [ -87.64763412472918, 41.847658184594266 ], [ -87.64763412472918, 41.847748016122672 ], [ -87.647723956257593, 41.847748016122665 ], [ -87.647723956257593, 41.847927679179499 ], [ -87.647813787786021, 41.847927679179492 ], [ -87.647813787786021, 41.848646331406783 ], [ -87.647723956257593, 41.84864633140679 ], [ -87.647723956257593, 41.848736162935204 ], [ -87.647274798615527, 41.848736162935204 ], [ -87.647274798615527, 41.84882599446361 ], [ -87.647095135558715, 41.848825994463617 ], [ -87.647095135558715, 41.84891582599203 ], [ -87.646915472501888, 41.84891582599203 ], [ -87.646915472501888, 41.849005657520429 ], [ -87.646735809445076, 41.849005657520436 ], [ -87.646735809445076, 41.849095489048842 ], [ -87.646645977916648, 41.849095489048857 ], [ -87.646645977916648, 41.849454815162495 ], [ -87.646735809445076, 41.849454815162488 ], [ -87.646735809445076, 41.849544646690894 ], [ -87.647274798615527, 41.849544646690894 ], [ -87.647274798615527, 41.849454815162495 ], [ -87.64763412472918, 41.849454815162495 ], [ -87.64763412472918, 41.849544646690909 ], [ -87.647544293200767, 41.849544646690902 ], [ -87.647544293200767, 41.849634478219329 ], [ -87.647454461672368, 41.849634478219322 ], [ -87.647454461672368, 41.849724309747728 ], [ -87.64736463014394, 41.849724309747735 ], [ -87.64736463014394, 41.849814141276141 ], [ -87.647274798615527, 41.849814141276148 ], [ -87.647274798615527, 41.849903972804555 ], [ -87.647095135558715, 41.849903972804555 ], [ -87.647095135558715, 41.849993804332961 ], [ -87.646915472501888, 41.849993804332954 ], [ -87.646915472501888, 41.850083635861374 ], [ -87.646556146388235, 41.850083635861381 ], [ -87.646556146388235, 41.850173467389794 ], [ -87.645298504990478, 41.850173467389787 ], [ -87.645298504990478, 41.850083635861374 ], [ -87.645208673462051, 41.850083635861388 ], [ -87.645208673462051, 41.850173467389794 ], [ -87.645118841933652, 41.850173467389801 ], [ -87.645118841933652, 41.8502632989182 ] ], [ [ -87.644849347348412, 41.849724309747728 ], [ -87.644939178876825, 41.849724309747735 ], [ -87.644939178876825, 41.849634478219315 ], [ -87.64601715721777, 41.849634478219322 ], [ -87.64601715721777, 41.849544646690916 ], [ -87.646286651802995, 41.849544646690909 ], [ -87.646286651802995, 41.849454815162495 ], [ -87.646376483331423, 41.849454815162495 ], [ -87.646376483331423, 41.849364983634089 ], [ -87.646286651802995, 41.849364983634089 ], [ -87.646286651802995, 41.849275152105669 ], [ -87.644759515819999, 41.849275152105683 ], [ -87.644759515819999, 41.849544646690909 ], [ -87.644849347348412, 41.849544646690909 ], [ -87.644849347348412, 41.849724309747728 ] ] ] } },
{ "type": "Feature", "properties": { "dw_polygon_id": "ildw26_0030", "analysis_unit_id": "site_01940", "scene_count": 16, "built_probability_mean": null, "area_m2": 71228.678358577788, "reference_geometry_overlap_m2": 4394.8923168448791, "reference_geometry_overlap_pct": 6.1701163325258017, "observation_start": "2026-01-01", "observation_end": "2026-08-31", "dataset": "GOOGLE/DYNAMICWORLD/V1", "nominal_resolution_m": 10, "geometry_class": "provisional_satellite_built_surface_envelope", "geometry_confidence": "low", "interpretation": "built-surface screening; not a building footprint" }, "geometry": { "type": "Polygon", "coordinates": [ [ [ -87.972824257580442, 41.813971361439769 ], [ -87.972644594523629, 41.813971361439769 ], [ -87.972644594523629, 41.81361203532613 ], [ -87.972824257580442, 41.813612035326116 ], [ -87.972824257580442, 41.813432372269297 ], [ -87.972644594523629, 41.813432372269297 ], [ -87.972644594523629, 41.813342540740898 ], [ -87.972554762995216, 41.813342540740898 ], [ -87.972554762995216, 41.813162877684071 ], [ -87.97210560535315, 41.813162877684071 ], [ -87.97210560535315, 41.813073046155658 ], [ -87.971746279239497, 41.813073046155658 ], [ -87.971746279239497, 41.812983214627245 ], [ -87.971566616182685, 41.812983214627245 ], [ -87.971566616182685, 41.813073046155658 ], [ -87.971027627012205, 41.813073046155658 ], [ -87.971027627012205, 41.812803551570425 ], [ -87.970937795483792, 41.812803551570418 ], [ -87.970937795483792, 41.812084899343127 ], [ -87.971027627012205, 41.812084899343127 ], [ -87.971027627012205, 41.8119052362863 ], [ -87.971117458540618, 41.8119052362863 ], [ -87.971117458540618, 41.811725573229488 ], [ -87.971207290069032, 41.811725573229481 ], [ -87.971207290069032, 41.811635741701068 ], [ -87.971297121597459, 41.81163574170106 ], [ -87.971297121597459, 41.811545910172654 ], [ -87.971386953125858, 41.811545910172654 ], [ -87.971386953125858, 41.811456078644234 ], [ -87.971566616182685, 41.811456078644241 ], [ -87.971566616182685, 41.811366247115828 ], [ -87.971746279239497, 41.811366247115828 ], [ -87.971746279239497, 41.8112764155874 ], [ -87.97210560535315, 41.811276415587407 ], [ -87.97210560535315, 41.811186584059016 ], [ -87.973632741336161, 41.811186584059001 ], [ -87.973632741336161, 41.811276415587422 ], [ -87.973992067449799, 41.811276415587422 ], [ -87.973992067449799, 41.811366247115842 ], [ -87.974171730506626, 41.811366247115835 ], [ -87.974171730506626, 41.811456078644241 ], [ -87.974261562035039, 41.811456078644234 ], [ -87.974261562035039, 41.811545910172654 ], [ -87.974351393563452, 41.811545910172661 ], [ -87.974351393563452, 41.811635741701082 ], [ -87.974441225091866, 41.81163574170106 ], [ -87.974441225091866, 41.811725573229481 ], [ -87.974531056620293, 41.811725573229474 ], [ -87.974531056620293, 41.811815404757894 ], [ -87.974620888148692, 41.811815404757894 ], [ -87.974620888148692, 41.811995067814706 ], [ -87.974710719677091, 41.811995067814713 ], [ -87.974710719677091, 41.813073046155658 ], [ -87.974620888148692, 41.813073046155658 ], [ -87.974620888148692, 41.813252709212492 ], [ -87.974531056620293, 41.813252709212485 ], [ -87.974531056620293, 41.813342540740891 ], [ -87.974441225091866, 41.813342540740898 ], [ -87.974441225091866, 41.813432372269304 ], [ -87.974351393563452, 41.81343237226929 ], [ -87.974351393563452, 41.813522203797731 ], [ -87.974261562035039, 41.813522203797717 ], [ -87.974261562035039, 41.81361203532613 ], [ -87.974081898978213, 41.81361203532613 ], [ -87.974081898978213, 41.813701866854544 ], [ -87.973902235921386, 41.813701866854544 ], [ -87.973902235921386, 41.81379169838295 ], [ -87.973632741336161, 41.813791698382957 ], [ -87.973632741336161, 41.813881529911363 ], [ -87.972824257580442, 41.813881529911363 ], [ -87.972824257580442, 41.813971361439769 ] ] ] } },
{ "type": "Feature", "properties": { "dw_polygon_id": "ildw26_0031", "analysis_unit_id": "site_02009", "scene_count": 16, "built_probability_mean": null, "area_m2": 99458.095980037397, "reference_geometry_overlap_m2": 17494.786605070833, "reference_geometry_overlap_pct": 17.59010810802398, "observation_start": "2026-01-01", "observation_end": "2026-08-31", "dataset": "GOOGLE/DYNAMICWORLD/V1", "nominal_resolution_m": 10, "geometry_class": "provisional_satellite_built_surface_envelope", "geometry_confidence": "low", "interpretation": "built-surface screening; not a building footprint" }, "geometry": { "type": "Polygon", "coordinates": [ [ [ -87.959169865261828, 41.99399374437732 ], [ -87.957283403165178, 41.993993744377327 ], [ -87.957283403165178, 41.993903912848921 ], [ -87.957013908579938, 41.993903912848921 ], [ -87.957013908579938, 41.993814081320501 ], [ -87.956834245523112, 41.993814081320501 ], [ -87.956834245523112, 41.993724249792095 ], [ -87.9566545824663, 41.993724249792088 ], [ -87.9566545824663, 41.993634418263682 ], [ -87.956564750937886, 41.993634418263674 ], [ -87.956564750937886, 41.993544586735261 ], [ -87.956474919409473, 41.993544586735268 ], [ -87.956474919409473, 41.993454755206869 ], [ -87.95638508788106, 41.993454755206869 ], [ -87.95638508788106, 41.993364923678449 ], [ -87.956295256352647, 41.993364923678456 ], [ -87.956295256352647, 41.993095429093209 ], [ -87.956205424824233, 41.993095429093209 ], [ -87.956205424824233, 41.993005597564789 ], [ -87.956295256352647, 41.993005597564789 ], [ -87.956295256352647, 41.992915766036397 ], [ -87.956474919409473, 41.992915766036397 ], [ -87.956474919409473, 41.992825934507984 ], [ -87.956564750937886, 41.992825934507977 ], [ -87.956564750937886, 41.992736102979563 ], [ -87.9566545824663, 41.992736102979556 ], [ -87.9566545824663, 41.992646271451143 ], [ -87.956834245523112, 41.992646271451143 ], [ -87.956834245523112, 41.992556439922737 ], [ -87.956924077051525, 41.992556439922744 ], [ -87.956924077051525, 41.992376776865918 ], [ -87.957013908579938, 41.992376776865925 ], [ -87.957013908579938, 41.992107282280671 ], [ -87.957193571636765, 41.992107282280671 ], [ -87.957193571636765, 41.991568293110205 ], [ -87.957283403165178, 41.991568293110198 ], [ -87.957283403165178, 41.991478461581799 ], [ -87.957642729278831, 41.991478461581799 ], [ -87.957642729278831, 41.991388630053386 ], [ -87.957732560807244, 41.991388630053393 ], [ -87.957732560807244, 41.99129879852498 ], [ -87.957912223864057, 41.99129879852498 ], [ -87.957912223864057, 41.991119135468139 ], [ -87.95800205539247, 41.991119135468146 ], [ -87.95800205539247, 41.990939472411327 ], [ -87.958091886920883, 41.99093947241132 ], [ -87.958091886920883, 41.990849640882907 ], [ -87.958361381506123, 41.9908496408829 ], [ -87.958361381506123, 41.990759809354493 ], [ -87.958271549977709, 41.990759809354508 ], [ -87.958271549977709, 41.99066997782608 ], [ -87.958091886920883, 41.99066997782608 ], [ -87.958091886920883, 41.990310651712434 ], [ -87.95800205539247, 41.990310651712441 ], [ -87.95800205539247, 41.990220820184028 ], [ -87.959349528318654, 41.990220820184028 ], [ -87.959349528318654, 41.990310651712434 ], [ -87.959529191375481, 41.990310651712448 ], [ -87.959529191375481, 41.990400483240855 ], [ -87.959708854432307, 41.990400483240855 ], [ -87.959708854432307, 41.990490314769268 ], [ -87.959888517489119, 41.990490314769268 ], [ -87.959888517489119, 41.990580146297681 ], [ -87.959978349017533, 41.990580146297674 ], [ -87.959978349017533, 41.99066997782608 ], [ -87.960068180545946, 41.990669977826087 ], [ -87.960068180545946, 41.990849640882907 ], [ -87.960158012074359, 41.990849640882907 ], [ -87.960158012074359, 41.991119135468139 ], [ -87.960247843602772, 41.991119135468153 ], [ -87.960247843602772, 41.993185260621615 ], [ -87.960158012074359, 41.99318526062163 ], [ -87.960158012074359, 41.993364923678442 ], [ -87.960068180545946, 41.993364923678435 ], [ -87.960068180545946, 41.993454755206869 ], [ -87.959978349017533, 41.993454755206869 ], [ -87.959978349017533, 41.993544586735261 ], [ -87.959888517489119, 41.993544586735275 ], [ -87.959888517489119, 41.993634418263689 ], [ -87.95979868596072, 41.993634418263674 ], [ -87.95979868596072, 41.993724249792088 ], [ -87.959708854432307, 41.993724249792095 ], [ -87.959708854432307, 41.993814081320501 ], [ -87.959439359847067, 41.993814081320515 ], [ -87.959439359847067, 41.993903912848928 ], [ -87.959169865261828, 41.993903912848928 ], [ -87.959169865261828, 41.99399374437732 ] ] ] } },
{ "type": "Feature", "properties": { "dw_polygon_id": "ildw26_0032", "analysis_unit_id": "site_02019", "scene_count": 16, "built_probability_mean": null, "area_m2": 128254.35262617566, "reference_geometry_overlap_m2": 16208.19110263326, "reference_geometry_overlap_pct": 12.637536871653353, "observation_start": "2026-01-01", "observation_end": "2026-08-31", "dataset": "GOOGLE/DYNAMICWORLD/V1", "nominal_resolution_m": 10, "geometry_class": "provisional_satellite_built_surface_envelope", "geometry_confidence": "low", "interpretation": "built-surface screening; not a building footprint" }, "geometry": { "type": "Polygon", "coordinates": [ [ [ -87.974620888148692, 41.995071722718279 ], [ -87.971656447711112, 41.995071722718286 ], [ -87.971656447711112, 41.994981891189852 ], [ -87.971386953125858, 41.994981891189852 ], [ -87.971386953125858, 41.994892059661453 ], [ -87.971207290069032, 41.994892059661453 ], [ -87.971207290069032, 41.994802228133047 ], [ -87.971027627012205, 41.99480222813304 ], [ -87.971027627012205, 41.994712396604619 ], [ -87.970937795483792, 41.994712396604626 ], [ -87.970937795483792, 41.99462256507622 ], [ -87.970847963955379, 41.994622565076206 ], [ -87.970847963955379, 41.9945327335478 ], [ -87.970758132426965, 41.9945327335478 ], [ -87.970758132426965, 41.99435307049098 ], [ -87.970668300898566, 41.994353070490973 ], [ -87.970668300898566, 41.99399374437732 ], [ -87.970578469370167, 41.993993744377335 ], [ -87.970578469370167, 41.993185260621615 ], [ -87.970668300898566, 41.993185260621615 ], [ -87.970668300898566, 41.993005597564796 ], [ -87.970758132426965, 41.993005597564796 ], [ -87.970758132426965, 41.99282593450797 ], [ -87.970847963955379, 41.99282593450797 ], [ -87.970847963955379, 41.992736102979563 ], [ -87.970937795483792, 41.992736102979563 ], [ -87.970937795483792, 41.992646271451143 ], [ -87.971027627012205, 41.99264627145115 ], [ -87.971027627012205, 41.992556439922744 ], [ -87.971207290069032, 41.99255643992273 ], [ -87.971207290069032, 41.992466608394338 ], [ -87.971386953125858, 41.992466608394338 ], [ -87.971386953125858, 41.992376776865925 ], [ -87.971746279239497, 41.992376776865925 ], [ -87.971746279239497, 41.992286945337511 ], [ -87.972015773824737, 41.992286945337504 ], [ -87.972015773824737, 41.992466608394324 ], [ -87.971746279239497, 41.992466608394324 ], [ -87.971746279239497, 41.99264627145115 ], [ -87.971925942296323, 41.992646271451143 ], [ -87.971925942296323, 41.992736102979549 ], [ -87.973003920637268, 41.992736102979556 ], [ -87.973003920637268, 41.992646271451157 ], [ -87.973093752165681, 41.99264627145115 ], [ -87.973093752165681, 41.992556439922744 ], [ -87.973183583694095, 41.992556439922737 ], [ -87.973183583694095, 41.992466608394331 ], [ -87.973363246750921, 41.992466608394338 ], [ -87.973363246750921, 41.992376776865925 ], [ -87.973453078279348, 41.992376776865918 ], [ -87.973453078279348, 41.992466608394331 ], [ -87.974441225091866, 41.992466608394331 ], [ -87.974441225091866, 41.992286945337504 ], [ -87.97551920343281, 41.992286945337504 ], [ -87.97551920343281, 41.992376776865918 ], [ -87.975698866489623, 41.992376776865918 ], [ -87.975698866489623, 41.992466608394324 ], [ -87.975878529546449, 41.992466608394324 ], [ -87.975878529546449, 41.99255643992273 ], [ -87.976058192603276, 41.99255643992273 ], [ -87.976058192603276, 41.99264627145115 ], [ -87.976148024131689, 41.99264627145115 ], [ -87.976148024131689, 41.99273610297957 ], [ -87.976237855660102, 41.992736102979563 ], [ -87.976237855660102, 41.992915766036397 ], [ -87.976327687188515, 41.992915766036397 ], [ -87.976327687188515, 41.993095429093216 ], [ -87.976417518716929, 41.993095429093216 ], [ -87.976417518716929, 41.994263238962567 ], [ -87.976327687188515, 41.994263238962567 ], [ -87.976327687188515, 41.994442902019387 ], [ -87.976237855660102, 41.994442902019394 ], [ -87.976237855660102, 41.9945327335478 ], [ -87.976148024131689, 41.9945327335478 ], [ -87.976148024131689, 41.99462256507622 ], [ -87.976058192603276, 41.994622565076227 ], [ -87.976058192603276, 41.994712396604633 ], [ -87.975968361074862, 41.994712396604633 ], [ -87.975968361074862, 41.99480222813304 ], [ -87.975788698018036, 41.99480222813304 ], [ -87.975788698018036, 41.994892059661446 ], [ -87.97551920343281, 41.994892059661453 ], [ -87.97551920343281, 41.994981891189845 ], [ -87.974620888148692, 41.994981891189852 ], [ -87.974620888148692, 41.995071722718279 ] ], [ [ -87.974620888148692, 41.994892059661446 ], [ -87.974800551205504, 41.994892059661446 ], [ -87.974800551205504, 41.994622565076213 ], [ -87.974620888148692, 41.994622565076213 ], [ -87.974620888148692, 41.994892059661446 ] ] ] } },
{ "type": "Feature", "properties": { "dw_polygon_id": "ildw26_0033", "analysis_unit_id": "site_02031", "scene_count": 16, "built_probability_mean": null, "area_m2": 98587.63771752968, "reference_geometry_overlap_m2": 8371.0121260153501, "reference_geometry_overlap_pct": 8.4909348877997477, "observation_start": "2026-01-01", "observation_end": "2026-08-31", "dataset": "GOOGLE/DYNAMICWORLD/V1", "nominal_resolution_m": 10, "geometry_class": "provisional_satellite_built_surface_envelope", "geometry_confidence": "low", "interpretation": "built-surface screening; not a building footprint" }, "geometry": { "type": "Polygon", "coordinates": [ [ [ -87.859187374139324, 41.929854033091189 ], [ -87.858648384968859, 41.929854033091189 ], [ -87.858648384968859, 41.929764201562783 ], [ -87.858199227326793, 41.929764201562776 ], [ -87.858199227326793, 41.92967437003437 ], [ -87.857929732741553, 41.92967437003437 ], [ -87.857929732741553, 41.929584538505964 ], [ -87.857750069684741, 41.929584538505964 ], [ -87.857750069684741, 41.929494706977543 ], [ -87.857660238156328, 41.92949470697755 ], [ -87.857660238156328, 41.929404875449144 ], [ -87.857480575099501, 41.92940487544913 ], [ -87.857480575099501, 41.929315043920724 ], [ -87.857390743571088, 41.929315043920724 ], [ -87.857390743571088, 41.929225212392303 ], [ -87.857300912042675, 41.929225212392303 ], [ -87.857300912042675, 41.929045549335484 ], [ -87.857211080514261, 41.929045549335484 ], [ -87.857211080514261, 41.928865886278651 ], [ -87.857121248985848, 41.928865886278665 ], [ -87.857121248985848, 41.927698076409307 ], [ -87.857211080514261, 41.927698076409314 ], [ -87.857211080514261, 41.92751841335248 ], [ -87.857300912042675, 41.927518413352473 ], [ -87.857300912042675, 41.927428581824067 ], [ -87.857390743571088, 41.927428581824067 ], [ -87.857390743571088, 41.927338750295654 ], [ -87.857480575099501, 41.927338750295661 ], [ -87.857480575099501, 41.927248918767248 ], [ -87.857570406627914, 41.927248918767248 ], [ -87.857570406627914, 41.927159087238842 ], [ -87.857750069684741, 41.927159087238834 ], [ -87.857750069684741, 41.927069255710428 ], [ -87.857929732741553, 41.927069255710421 ], [ -87.857929732741553, 41.926979424182022 ], [ -87.858199227326793, 41.926979424182022 ], [ -87.858199227326793, 41.926889592653595 ], [ -87.859456868724564, 41.926889592653602 ], [ -87.859456868724564, 41.926979424182015 ], [ -87.860265352480269, 41.926979424182029 ], [ -87.860265352480269, 41.927069255710421 ], [ -87.860624678593922, 41.927069255710435 ], [ -87.860624678593922, 41.927159087238834 ], [ -87.860804341650748, 41.927159087238827 ], [ -87.860804341650748, 41.927248918767241 ], [ -87.860894173179148, 41.927248918767233 ], [ -87.860894173179148, 41.927338750295654 ], [ -87.861073836235974, 41.927338750295647 ], [ -87.861073836235974, 41.927428581824067 ], [ -87.861163667764387, 41.92742858182406 ], [ -87.861163667764387, 41.927608244880901 ], [ -87.8612534992928, 41.927608244880901 ], [ -87.8612534992928, 41.92778790793772 ], [ -87.861343330821214, 41.92778790793772 ], [ -87.861343330821214, 41.928506560165019 ], [ -87.861433162349627, 41.928506560165026 ], [ -87.861433162349627, 41.928776054750244 ], [ -87.861343330821214, 41.928776054750244 ], [ -87.861343330821214, 41.929045549335491 ], [ -87.8612534992928, 41.929045549335484 ], [ -87.8612534992928, 41.929225212392296 ], [ -87.861163667764387, 41.929225212392296 ], [ -87.861163667764387, 41.929315043920717 ], [ -87.861073836235974, 41.929315043920717 ], [ -87.861073836235974, 41.929404875449137 ], [ -87.860984004707561, 41.929404875449144 ], [ -87.860984004707561, 41.929494706977543 ], [ -87.860804341650748, 41.92949470697755 ], [ -87.860804341650748, 41.929584538505956 ], [ -87.860714510122335, 41.929584538505964 ], [ -87.860714510122335, 41.929674370034377 ], [ -87.860445015537096, 41.929674370034363 ], [ -87.860445015537096, 41.929764201562783 ], [ -87.859187374139324, 41.929764201562776 ], [ -87.859187374139324, 41.929854033091189 ] ] ] } },
{ "type": "Feature", "properties": { "dw_polygon_id": "ildw26_0034", "analysis_unit_id": "site_02109", "scene_count": 32, "built_probability_mean": null, "area_m2": 123427.81818063099, "reference_geometry_overlap_m2": 16962.296880214377, "reference_geometry_overlap_pct": 13.742685506593682, "observation_start": "2026-01-01", "observation_end": "2026-08-31", "dataset": "GOOGLE/DYNAMICWORLD/V1", "nominal_resolution_m": 10, "geometry_class": "provisional_satellite_built_surface_envelope", "geometry_confidence": "low", "interpretation": "built-surface screening; not a building footprint" }, "geometry": { "type": "Polygon", "coordinates": [ [ [ -88.09535446233437, 41.804269556371288 ], [ -88.093378168709293, 41.804269556371274 ], [ -88.093378168709293, 41.804179724842875 ], [ -88.093108674124053, 41.804179724842868 ], [ -88.093108674124053, 41.804089893314462 ], [ -88.092929011067227, 41.804089893314462 ], [ -88.092929011067227, 41.803910230257635 ], [ -88.09301884259564, 41.803910230257642 ], [ -88.09301884259564, 41.803640735672403 ], [ -88.092929011067227, 41.803640735672396 ], [ -88.092929011067227, 41.803281409558757 ], [ -88.09301884259564, 41.80328140955875 ], [ -88.09301884259564, 41.802832251916705 ], [ -88.093108674124053, 41.802832251916691 ], [ -88.093108674124053, 41.802742420388277 ], [ -88.09328833718088, 41.802742420388292 ], [ -88.09328833718088, 41.802383094274632 ], [ -88.093198505652481, 41.802383094274639 ], [ -88.093198505652481, 41.802293262746218 ], [ -88.093108674124053, 41.802293262746218 ], [ -88.093108674124053, 41.802203431217819 ], [ -88.09301884259564, 41.802203431217812 ], [ -88.09301884259564, 41.802023768160986 ], [ -88.092839179538828, 41.802023768160986 ], [ -88.092839179538828, 41.801933936632565 ], [ -88.093198505652481, 41.80193393663258 ], [ -88.093198505652481, 41.802023768160986 ], [ -88.093468000237692, 41.802023768160986 ], [ -88.093468000237692, 41.801844105104166 ], [ -88.093557831766105, 41.801844105104166 ], [ -88.093557831766105, 41.802113599689399 ], [ -88.093468000237692, 41.802113599689392 ], [ -88.093468000237692, 41.802203431217819 ], [ -88.093557831766105, 41.802203431217805 ], [ -88.093557831766105, 41.802293262746225 ], [ -88.093737494822932, 41.802293262746218 ], [ -88.093737494822932, 41.802652588859857 ], [ -88.093827326351345, 41.802652588859878 ], [ -88.093827326351345, 41.802832251916705 ], [ -88.094096820936585, 41.802832251916705 ], [ -88.094096820936585, 41.802922083445104 ], [ -88.094366315521825, 41.802922083445111 ], [ -88.094366315521825, 41.802832251916705 ], [ -88.094545978578637, 41.802832251916691 ], [ -88.094545978578637, 41.802742420388284 ], [ -88.094815473163877, 41.802742420388284 ], [ -88.094815473163877, 41.802652588859871 ], [ -88.09490530469229, 41.802652588859871 ], [ -88.09490530469229, 41.802562757331458 ], [ -88.095084967749116, 41.802562757331458 ], [ -88.095084967749116, 41.802472925803052 ], [ -88.09490530469229, 41.802472925803052 ], [ -88.09490530469229, 41.802383094274646 ], [ -88.095084967749116, 41.802383094274632 ], [ -88.095084967749116, 41.802203431217812 ], [ -88.095264630805943, 41.802203431217812 ], [ -88.095264630805943, 41.80193393663258 ], [ -88.095444293862755, 41.80193393663258 ], [ -88.095444293862755, 41.801844105104166 ], [ -88.095534125391168, 41.801844105104166 ], [ -88.095534125391168, 41.801574610518912 ], [ -88.094995136220717, 41.801574610518919 ], [ -88.094995136220717, 41.801484778990513 ], [ -88.09490530469229, 41.80148477899052 ], [ -88.09490530469229, 41.801574610518912 ], [ -88.094545978578637, 41.801574610518919 ], [ -88.094545978578637, 41.80148477899052 ], [ -88.094456147050224, 41.801484778990528 ], [ -88.094456147050224, 41.801305115933694 ], [ -88.094545978578637, 41.801305115933694 ], [ -88.094545978578637, 41.801215284405288 ], [ -88.093737494822932, 41.801215284405274 ], [ -88.093737494822932, 41.80112545287686 ], [ -88.093468000237692, 41.80112545287686 ], [ -88.093468000237692, 41.801215284405266 ], [ -88.0927493480104, 41.801215284405288 ], [ -88.0927493480104, 41.800855958291635 ], [ -88.092659516481987, 41.800855958291628 ], [ -88.092659516481987, 41.800766126763229 ], [ -88.092839179538828, 41.800766126763222 ], [ -88.092839179538828, 41.800676295234794 ], [ -88.092929011067227, 41.800676295234808 ], [ -88.092929011067227, 41.800586463706388 ], [ -88.093198505652481, 41.800586463706402 ], [ -88.093198505652481, 41.800496632177989 ], [ -88.093827326351345, 41.800496632177989 ], [ -88.093827326351345, 41.800406800649583 ], [ -88.096342609146888, 41.800406800649583 ], [ -88.096342609146888, 41.800496632177982 ], [ -88.096612103732113, 41.800496632177996 ], [ -88.096612103732113, 41.800586463706388 ], [ -88.09679176678894, 41.800586463706388 ], [ -88.09679176678894, 41.800676295234808 ], [ -88.096971429845766, 41.800676295234808 ], [ -88.096971429845766, 41.800766126763214 ], [ -88.097061261374179, 41.800766126763229 ], [ -88.097061261374179, 41.800855958291628 ], [ -88.097151092902607, 41.800855958291635 ], [ -88.097151092902607, 41.800945789820055 ], [ -88.097240924431006, 41.800945789820062 ], [ -88.097240924431006, 41.80112545287686 ], [ -88.097330755959419, 41.801125452876867 ], [ -88.097330755959419, 41.801305115933694 ], [ -88.097420587487818, 41.801305115933694 ], [ -88.097420587487818, 41.80346107261559 ], [ -88.097330755959419, 41.803461072615583 ], [ -88.097330755959419, 41.803640735672403 ], [ -88.097240924431006, 41.803640735672396 ], [ -88.097240924431006, 41.803730567200823 ], [ -88.097151092902607, 41.803730567200816 ], [ -88.097151092902607, 41.803820398729222 ], [ -88.097061261374179, 41.803820398729236 ], [ -88.097061261374179, 41.803910230257642 ], [ -88.096971429845766, 41.803910230257642 ], [ -88.096971429845766, 41.804000061786056 ], [ -88.09679176678894, 41.804000061786056 ], [ -88.09679176678894, 41.804089893314448 ], [ -88.096612103732113, 41.804089893314462 ], [ -88.096612103732113, 41.804179724842875 ], [ -88.096073114561662, 41.804179724842861 ], [ -88.096073114561662, 41.804269556371281 ], [ -88.095893451504821, 41.804269556371295 ], [ -88.095893451504821, 41.804000061786049 ], [ -88.095803619976408, 41.804000061786063 ], [ -88.095803619976408, 41.803910230257642 ], [ -88.095713788447995, 41.803910230257635 ], [ -88.095713788447995, 41.804000061786056 ], [ -88.095623956919582, 41.804000061786049 ], [ -88.095623956919582, 41.804089893314455 ], [ -88.095444293862755, 41.804089893314455 ], [ -88.095444293862755, 41.804179724842868 ], [ -88.09535446233437, 41.804179724842861 ], [ -88.09535446233437, 41.804269556371288 ] ] ] } },
{ "type": "Feature", "properties": { "dw_polygon_id": "ildw26_0035", "analysis_unit_id": "site_02132", "scene_count": 16, "built_probability_mean": null, "area_m2": 145035.93842739263, "reference_geometry_overlap_m2": 28480.816835519989, "reference_geometry_overlap_pct": 19.637075571981736, "observation_start": "2026-01-01", "observation_end": "2026-08-31", "dataset": "GOOGLE/DYNAMICWORLD/V1", "nominal_resolution_m": 10, "geometry_class": "provisional_satellite_built_surface_envelope", "geometry_confidence": "low", "interpretation": "built-surface screening; not a building footprint" }, "geometry": { "type": "Polygon", "coordinates": [ [ [ -87.919284666646917, 41.925272625142178 ], [ -87.917398204550267, 41.925272625142185 ], [ -87.917398204550267, 41.925182793613779 ], [ -87.916949046908215, 41.925182793613786 ], [ -87.916949046908215, 41.925092962085351 ], [ -87.916859215379802, 41.925092962085365 ], [ -87.916859215379802, 41.924913299028539 ], [ -87.916949046908215, 41.924913299028539 ], [ -87.916949046908215, 41.92473363597172 ], [ -87.916589720794562, 41.924733635971712 ], [ -87.916589720794562, 41.924643804443292 ], [ -87.916230394680923, 41.924643804443292 ], [ -87.916230394680923, 41.924464141386473 ], [ -87.91614056315251, 41.924464141386487 ], [ -87.91614056315251, 41.921499700948878 ], [ -87.916230394680923, 41.921499700948878 ], [ -87.916230394680923, 41.921320037892059 ], [ -87.916320226209322, 41.921320037892059 ], [ -87.916320226209322, 41.921140374835232 ], [ -87.916410057737735, 41.921140374835232 ], [ -87.916410057737735, 41.921050543306826 ], [ -87.916499889266163, 41.921050543306819 ], [ -87.916499889266163, 41.920960711778413 ], [ -87.916679552322975, 41.920960711778406 ], [ -87.916679552322975, 41.920870880249986 ], [ -87.916769383851388, 41.920870880249993 ], [ -87.916769383851388, 41.92078104872158 ], [ -87.917038878436628, 41.920781048721594 ], [ -87.917038878436628, 41.920691217193195 ], [ -87.91775753066392, 41.920691217193173 ], [ -87.91775753066392, 41.92078104872158 ], [ -87.91802702524916, 41.920781048721594 ], [ -87.91802702524916, 41.920691217193188 ], [ -87.918116856777573, 41.920691217193188 ], [ -87.918116856777573, 41.920781048721594 ], [ -87.918386351362798, 41.920781048721587 ], [ -87.918386351362798, 41.92087088025 ], [ -87.918566014419625, 41.920870880250007 ], [ -87.918566014419625, 41.920781048721587 ], [ -87.918476182891212, 41.920781048721594 ], [ -87.918476182891212, 41.920691217193173 ], [ -87.918925340533278, 41.92069121719318 ], [ -87.918925340533278, 41.920781048721587 ], [ -87.919194835118518, 41.920781048721594 ], [ -87.919194835118518, 41.920870880249993 ], [ -87.91937449817533, 41.920870880249986 ], [ -87.91937449817533, 41.920960711778413 ], [ -87.919464329703743, 41.92096071177842 ], [ -87.919464329703743, 41.921050543306826 ], [ -87.919554161232156, 41.921050543306833 ], [ -87.919554161232156, 41.921140374835232 ], [ -87.919823655817396, 41.92114037483524 ], [ -87.919823655817396, 41.921230206363646 ], [ -87.919913487345809, 41.921230206363646 ], [ -87.919913487345809, 41.921320037892066 ], [ -87.920093150402636, 41.921320037892066 ], [ -87.920093150402636, 41.921409869420479 ], [ -87.920182981931049, 41.921409869420479 ], [ -87.920182981931049, 41.921589532477292 ], [ -87.920272813459448, 41.921589532477284 ], [ -87.920272813459448, 41.921769195534118 ], [ -87.920362644987861, 41.921769195534118 ], [ -87.920362644987861, 41.92275734234665 ], [ -87.920272813459448, 41.92275734234665 ], [ -87.920272813459448, 41.923026836931882 ], [ -87.920182981931049, 41.923026836931889 ], [ -87.920182981931049, 41.922667510818243 ], [ -87.920093150402636, 41.922667510818229 ], [ -87.920093150402636, 41.922577679289823 ], [ -87.919913487345809, 41.922577679289823 ], [ -87.919913487345809, 41.922667510818236 ], [ -87.919823655817396, 41.922667510818236 ], [ -87.919823655817396, 41.922937005403476 ], [ -87.919733824288997, 41.922937005403469 ], [ -87.919733824288997, 41.923026836931889 ], [ -87.919554161232156, 41.923026836931882 ], [ -87.919554161232156, 41.923116668460302 ], [ -87.919464329703743, 41.923116668460295 ], [ -87.919464329703743, 41.923296331517122 ], [ -87.91937449817533, 41.923296331517122 ], [ -87.91937449817533, 41.923565826102362 ], [ -87.919194835118518, 41.923565826102362 ], [ -87.919194835118518, 41.923745489159188 ], [ -87.919105003590104, 41.923745489159174 ], [ -87.919105003590104, 41.923925152216007 ], [ -87.919015172061691, 41.923925152216007 ], [ -87.919015172061691, 41.924284478329646 ], [ -87.919105003590104, 41.92428447832966 ], [ -87.919105003590104, 41.924374309858067 ], [ -87.919284666646917, 41.924374309858074 ], [ -87.919284666646917, 41.92428447832966 ], [ -87.919823655817396, 41.92428447832966 ], [ -87.919823655817396, 41.924374309858074 ], [ -87.920003318874222, 41.924374309858074 ], [ -87.920003318874222, 41.924643804443299 ], [ -87.920093150402636, 41.924643804443306 ], [ -87.920093150402636, 41.924733635971705 ], [ -87.920182981931049, 41.924733635971712 ], [ -87.920182981931049, 41.924823467500119 ], [ -87.920093150402636, 41.924823467500126 ], [ -87.920093150402636, 41.924913299028546 ], [ -87.919913487345809, 41.924913299028539 ], [ -87.919913487345809, 41.925003130556952 ], [ -87.919823655817396, 41.925003130556952 ], [ -87.919823655817396, 41.925092962085358 ], [ -87.91964399276057, 41.925092962085365 ], [ -87.91964399276057, 41.925182793613772 ], [ -87.919284666646917, 41.925182793613786 ], [ -87.919284666646917, 41.925272625142178 ] ] ] } },
{ "type": "Feature", "properties": { "dw_polygon_id": "ildw26_0036", "analysis_unit_id": "site_02132", "scene_count": 16, "built_probability_mean": null, "area_m2": 594.39636193613819, "reference_geometry_overlap_m2": 0.0, "reference_geometry_overlap_pct": 0.0, "observation_start": "2026-01-01", "observation_end": "2026-08-31", "dataset": "GOOGLE/DYNAMICWORLD/V1", "nominal_resolution_m": 10, "geometry_class": "provisional_satellite_built_surface_envelope", "geometry_confidence": "low", "interpretation": "built-surface screening; not a building footprint" }, "geometry": { "type": "Polygon", "coordinates": [ [ [ -87.920272813459448, 41.924643804443292 ], [ -87.920182981931049, 41.924643804443306 ], [ -87.920182981931049, 41.92419464680124 ], [ -87.920362644987861, 41.924194646801247 ], [ -87.920362644987861, 41.924464141386473 ], [ -87.920272813459448, 41.924464141386473 ], [ -87.920272813459448, 41.924643804443292 ] ] ] } },
{ "type": "Feature", "properties": { "dw_polygon_id": "ildw26_0037", "analysis_unit_id": "site_02186", "scene_count": 16, "built_probability_mean": null, "area_m2": 157717.99160048409, "reference_geometry_overlap_m2": 28470.575225097826, "reference_geometry_overlap_pct": 18.051570994650202, "observation_start": "2026-01-01", "observation_end": "2026-08-31", "dataset": "GOOGLE/DYNAMICWORLD/V1", "nominal_resolution_m": 10, "geometry_class": "provisional_satellite_built_surface_envelope", "geometry_confidence": "low", "interpretation": "built-surface screening; not a building footprint" }, "geometry": { "type": "Polygon", "coordinates": [ [ [ -87.966086892949548, 41.996419195644457 ], [ -87.96357161015402, 41.996419195644449 ], [ -87.96357161015402, 41.996329364116036 ], [ -87.963212284040367, 41.996329364116043 ], [ -87.963212284040367, 41.996239532587623 ], [ -87.963032620983554, 41.996239532587637 ], [ -87.963032620983554, 41.996149701059217 ], [ -87.962942789455127, 41.996149701059203 ], [ -87.962942789455127, 41.996059869530804 ], [ -87.962852957926714, 41.996059869530811 ], [ -87.962852957926714, 41.99597003800239 ], [ -87.962763126398315, 41.995970038002397 ], [ -87.962763126398315, 41.995880206473984 ], [ -87.962673294869901, 41.995880206473991 ], [ -87.962673294869901, 41.995790374945571 ], [ -87.962583463341488, 41.995790374945571 ], [ -87.962583463341488, 41.995610711888737 ], [ -87.962493631813075, 41.995610711888745 ], [ -87.962493631813075, 41.994712396604626 ], [ -87.962673294869901, 41.994712396604626 ], [ -87.962673294869901, 41.99462256507622 ], [ -87.962763126398315, 41.994622565076206 ], [ -87.962763126398315, 41.994173407434154 ], [ -87.962852957926714, 41.994173407434161 ], [ -87.962852957926714, 41.993724249792088 ], [ -87.962942789455127, 41.993724249792102 ], [ -87.962942789455127, 41.993634418263667 ], [ -87.962852957926714, 41.993634418263674 ], [ -87.962852957926714, 41.993544586735268 ], [ -87.962673294869901, 41.993544586735268 ], [ -87.962673294869901, 41.993005597564803 ], [ -87.962763126398315, 41.993005597564789 ], [ -87.962763126398315, 41.99282593450797 ], [ -87.962852957926714, 41.99282593450797 ], [ -87.962852957926714, 41.992736102979563 ], [ -87.962942789455127, 41.992736102979556 ], [ -87.962942789455127, 41.992646271451143 ], [ -87.963032620983554, 41.99264627145115 ], [ -87.963032620983554, 41.992556439922744 ], [ -87.963212284040367, 41.99255643992273 ], [ -87.963212284040367, 41.992466608394331 ], [ -87.963391947097193, 41.992466608394331 ], [ -87.963391947097193, 41.992376776865925 ], [ -87.963661441682433, 41.992376776865925 ], [ -87.963661441682433, 41.992556439922744 ], [ -87.963930936267658, 41.992556439922744 ], [ -87.963930936267658, 41.992466608394324 ], [ -87.964200430852898, 41.992466608394331 ], [ -87.964200430852898, 41.992376776865925 ], [ -87.964020767796072, 41.992376776865925 ], [ -87.964020767796072, 41.992286945337511 ], [ -87.965907229892736, 41.992286945337497 ], [ -87.965907229892736, 41.992376776865925 ], [ -87.966086892949548, 41.992376776865925 ], [ -87.966086892949548, 41.992466608394331 ], [ -87.966266556006389, 41.992466608394331 ], [ -87.966266556006389, 41.992556439922744 ], [ -87.966446219063201, 41.992556439922744 ], [ -87.966446219063201, 41.992646271451143 ], [ -87.966536050591614, 41.99264627145115 ], [ -87.966536050591614, 41.992736102979556 ], [ -87.966625882120027, 41.992736102979563 ], [ -87.966625882120027, 41.992825934507977 ], [ -87.96680554517684, 41.992825934507977 ], [ -87.96680554517684, 41.992915766036397 ], [ -87.966895376705253, 41.99291576603639 ], [ -87.966895376705253, 41.993005597564789 ], [ -87.967075039762079, 41.993005597564796 ], [ -87.967075039762079, 41.993095429093209 ], [ -87.967164871290493, 41.993095429093209 ], [ -87.967164871290493, 41.993185260621615 ], [ -87.967254702818906, 41.993185260621615 ], [ -87.967254702818906, 41.993364923678449 ], [ -87.967344534347333, 41.993364923678449 ], [ -87.967344534347333, 41.993634418263674 ], [ -87.967434365875732, 41.993634418263682 ], [ -87.967434365875732, 41.995161554246693 ], [ -87.967344534347333, 41.995161554246678 ], [ -87.967344534347333, 41.995341217303498 ], [ -87.967254702818906, 41.995341217303505 ], [ -87.967254702818906, 41.995431048831932 ], [ -87.967164871290493, 41.995431048831925 ], [ -87.967164871290493, 41.995520880360331 ], [ -87.967075039762079, 41.995520880360345 ], [ -87.967075039762079, 41.995700543417151 ], [ -87.96698520823368, 41.995700543417158 ], [ -87.96698520823368, 41.995790374945564 ], [ -87.966895376705253, 41.995790374945571 ], [ -87.966895376705253, 41.995970038002383 ], [ -87.96680554517684, 41.99597003800239 ], [ -87.96680554517684, 41.996059869530811 ], [ -87.966625882120027, 41.996059869530804 ], [ -87.966625882120027, 41.996149701059217 ], [ -87.966536050591614, 41.996149701059224 ], [ -87.966536050591614, 41.996239532587623 ], [ -87.966356387534788, 41.99623953258763 ], [ -87.966356387534788, 41.99632936411605 ], [ -87.966086892949548, 41.996329364116043 ], [ -87.966086892949548, 41.996419195644457 ] ], [ [ -87.964110599324499, 41.994712396604633 ], [ -87.964200430852898, 41.994712396604626 ], [ -87.964200430852898, 41.994532733547786 ], [ -87.964469925438138, 41.994532733547807 ], [ -87.964469925438138, 41.994712396604626 ], [ -87.964829251551791, 41.994712396604633 ], [ -87.964829251551791, 41.994083575905734 ], [ -87.964649588494964, 41.994083575905734 ], [ -87.964649588494964, 41.993993744377327 ], [ -87.964559756966551, 41.993993744377327 ], [ -87.964559756966551, 41.993903912848928 ], [ -87.964469925438138, 41.993903912848921 ], [ -87.964469925438138, 41.993993744377327 ], [ -87.964290262381311, 41.993993744377335 ], [ -87.964290262381311, 41.994353070490966 ], [ -87.964200430852898, 41.99435307049098 ], [ -87.964200430852898, 41.994263238962567 ], [ -87.964110599324499, 41.994263238962553 ], [ -87.964110599324499, 41.994442902019387 ], [ -87.963930936267658, 41.994442902019401 ], [ -87.963930936267658, 41.994532733547807 ], [ -87.964110599324499, 41.9945327335478 ], [ -87.964110599324499, 41.994712396604633 ] ], [ [ -87.966266556006389, 41.99462256507622 ], [ -87.966356387534788, 41.994622565076206 ], [ -87.966356387534788, 41.994532733547807 ], [ -87.966266556006389, 41.9945327335478 ], [ -87.966266556006389, 41.99462256507622 ] ] ] } },
{ "type": "Feature", "properties": { "dw_polygon_id": "ildw26_0038", "analysis_unit_id": "site_02187", "scene_count": 16, "built_probability_mean": null, "area_m2": 137826.26374410887, "reference_geometry_overlap_m2": 24793.835361893362, "reference_geometry_overlap_pct": 17.989195011428386, "observation_start": "2026-01-01", "observation_end": "2026-08-31", "dataset": "GOOGLE/DYNAMICWORLD/V1", "nominal_resolution_m": 10, "geometry_class": "provisional_satellite_built_surface_envelope", "geometry_confidence": "low", "interpretation": "built-surface screening; not a building footprint" }, "geometry": { "type": "Polygon", "coordinates": [ [ [ -87.958900370676588, 41.996598858701269 ], [ -87.9566545824663, 41.996598858701276 ], [ -87.9566545824663, 41.996509027172863 ], [ -87.95638508788106, 41.996509027172856 ], [ -87.95638508788106, 41.996419195644457 ], [ -87.956205424824233, 41.996419195644449 ], [ -87.956205424824233, 41.996329364116043 ], [ -87.95611559329582, 41.996329364116043 ], [ -87.95611559329582, 41.99623953258763 ], [ -87.956025761767407, 41.996239532587637 ], [ -87.956025761767407, 41.996149701059224 ], [ -87.955935930238994, 41.996149701059217 ], [ -87.955935930238994, 41.996059869530804 ], [ -87.95584609871058, 41.996059869530789 ], [ -87.95584609871058, 41.995880206473977 ], [ -87.955756267182181, 41.995880206473984 ], [ -87.955756267182181, 41.995520880360338 ], [ -87.955666435653768, 41.995520880360324 ], [ -87.955666435653768, 41.995431048831925 ], [ -87.955576604125355, 41.995431048831918 ], [ -87.955576604125355, 41.995251385775099 ], [ -87.955486772596942, 41.995251385775092 ], [ -87.955486772596942, 41.99489205966146 ], [ -87.955396941068528, 41.99489205966146 ], [ -87.955396941068528, 41.994173407434154 ], [ -87.95584609871058, 41.994173407434147 ], [ -87.95584609871058, 41.994263238962567 ], [ -87.956025761767407, 41.994263238962567 ], [ -87.956025761767407, 41.994173407434147 ], [ -87.95611559329582, 41.994173407434154 ], [ -87.95611559329582, 41.994083575905741 ], [ -87.956205424824233, 41.994083575905748 ], [ -87.956205424824233, 41.993903912848928 ], [ -87.95638508788106, 41.993903912848921 ], [ -87.95638508788106, 41.993724249792095 ], [ -87.956295256352647, 41.993724249792088 ], [ -87.956295256352647, 41.993544586735261 ], [ -87.95611559329582, 41.993544586735254 ], [ -87.95611559329582, 41.993454755206862 ], [ -87.95584609871058, 41.993454755206869 ], [ -87.95584609871058, 41.993095429093209 ], [ -87.95611559329582, 41.993095429093202 ], [ -87.95611559329582, 41.993005597564796 ], [ -87.956295256352647, 41.993005597564789 ], [ -87.956295256352647, 41.992915766036397 ], [ -87.956474919409473, 41.992915766036397 ], [ -87.956474919409473, 41.992825934507984 ], [ -87.956564750937886, 41.992825934507977 ], [ -87.956564750937886, 41.992736102979563 ], [ -87.9566545824663, 41.992736102979556 ], [ -87.9566545824663, 41.992646271451143 ], [ -87.956834245523112, 41.992646271451143 ], [ -87.956834245523112, 41.992556439922737 ], [ -87.956924077051525, 41.992556439922744 ], [ -87.956924077051525, 41.992466608394331 ], [ -87.958810539148189, 41.992466608394345 ], [ -87.958810539148189, 41.992556439922737 ], [ -87.959080033733414, 41.992556439922737 ], [ -87.959080033733414, 41.992646271451143 ], [ -87.959349528318654, 41.992646271451143 ], [ -87.959349528318654, 41.992736102979563 ], [ -87.959439359847067, 41.992736102979556 ], [ -87.959439359847067, 41.992825934507977 ], [ -87.959619022903894, 41.992825934507984 ], [ -87.959619022903894, 41.992915766036397 ], [ -87.959708854432307, 41.992915766036397 ], [ -87.959708854432307, 41.99300559756481 ], [ -87.95979868596072, 41.993005597564789 ], [ -87.95979868596072, 41.993095429093209 ], [ -87.959888517489119, 41.993095429093202 ], [ -87.959888517489119, 41.993275092150043 ], [ -87.959978349017533, 41.993275092150029 ], [ -87.959978349017533, 41.993454755206869 ], [ -87.960068180545946, 41.993454755206869 ], [ -87.960068180545946, 41.993634418263682 ], [ -87.959978349017533, 41.993634418263674 ], [ -87.959978349017533, 41.993724249792095 ], [ -87.960068180545946, 41.993724249792081 ], [ -87.960068180545946, 41.994802228133032 ], [ -87.959978349017533, 41.99480222813304 ], [ -87.959978349017533, 41.994981891189852 ], [ -87.959888517489119, 41.994981891189845 ], [ -87.959888517489119, 41.995700543417165 ], [ -87.95979868596072, 41.995700543417165 ], [ -87.95979868596072, 41.995970038002383 ], [ -87.959708854432307, 41.99597003800239 ], [ -87.959708854432307, 41.996059869530797 ], [ -87.959619022903894, 41.996059869530797 ], [ -87.959619022903894, 41.996149701059224 ], [ -87.959529191375481, 41.996149701059217 ], [ -87.959529191375481, 41.99623953258763 ], [ -87.959439359847067, 41.99623953258763 ], [ -87.959439359847067, 41.996329364116043 ], [ -87.959349528318654, 41.996329364116043 ], [ -87.959349528318654, 41.996419195644449 ], [ -87.959169865261828, 41.996419195644449 ], [ -87.959169865261828, 41.996509027172863 ], [ -87.958900370676588, 41.996509027172856 ], [ -87.958900370676588, 41.996598858701269 ] ], [ [ -87.956205424824233, 41.995161554246685 ], [ -87.956474919409473, 41.995161554246685 ], [ -87.956474919409473, 41.995071722718279 ], [ -87.956744413994713, 41.995071722718265 ], [ -87.956744413994713, 41.995161554246678 ], [ -87.956834245523112, 41.995161554246678 ], [ -87.956834245523112, 41.995071722718286 ], [ -87.956924077051525, 41.995071722718279 ], [ -87.956924077051525, 41.994981891189852 ], [ -87.957103740108352, 41.994981891189859 ], [ -87.957103740108352, 41.994892059661453 ], [ -87.957193571636765, 41.994892059661453 ], [ -87.957193571636765, 41.994802228133032 ], [ -87.957283403165178, 41.99480222813304 ], [ -87.957283403165178, 41.994442902019379 ], [ -87.957463066222004, 41.994442902019387 ], [ -87.957463066222004, 41.99426323896256 ], [ -87.957283403165178, 41.994263238962546 ], [ -87.957283403165178, 41.994173407434154 ], [ -87.957193571636765, 41.994173407434147 ], [ -87.957193571636765, 41.993993744377327 ], [ -87.956834245523112, 41.99399374437732 ], [ -87.956834245523112, 41.994173407434147 ], [ -87.956744413994713, 41.994173407434154 ], [ -87.956744413994713, 41.99426323896256 ], [ -87.956564750937886, 41.994263238962567 ], [ -87.956564750937886, 41.994532733547793 ], [ -87.956474919409473, 41.9945327335478 ], [ -87.956474919409473, 41.994442902019394 ], [ -87.956205424824233, 41.994442902019394 ], [ -87.956205424824233, 41.994622565076213 ], [ -87.95611559329582, 41.99462256507622 ], [ -87.95611559329582, 41.99480222813304 ], [ -87.956205424824233, 41.99480222813304 ], [ -87.956205424824233, 41.995161554246685 ] ] ] } },
{ "type": "Feature", "properties": { "dw_polygon_id": "ildw26_0039", "analysis_unit_id": "site_02253", "scene_count": 16, "built_probability_mean": null, "area_m2": 165330.85165454817, "reference_geometry_overlap_m2": 27711.098124453012, "reference_geometry_overlap_pct": 16.760996418474985, "observation_start": "2026-01-01", "observation_end": "2026-08-31", "dataset": "GOOGLE/DYNAMICWORLD/V1", "nominal_resolution_m": 10, "geometry_class": "provisional_satellite_built_surface_envelope", "geometry_confidence": "low", "interpretation": "built-surface screening; not a building footprint" }, "geometry": { "type": "Polygon", "coordinates": [ [ [ -87.967434365875732, 42.00836678892324 ], [ -87.963032620983554, 42.008366788923247 ], [ -87.963032620983554, 42.008276957394827 ], [ -87.962763126398315, 42.008276957394841 ], [ -87.962763126398315, 42.008187125866428 ], [ -87.962583463341488, 42.008187125866428 ], [ -87.962583463341488, 42.008097294338 ], [ -87.962403800284662, 42.008097294338008 ], [ -87.962403800284662, 42.008007462809594 ], [ -87.962313968756249, 42.008007462809601 ], [ -87.962313968756249, 42.007917631281181 ], [ -87.962224137227835, 42.007917631281181 ], [ -87.962224137227835, 42.007737968224355 ], [ -87.962134305699422, 42.007737968224362 ], [ -87.962134305699422, 42.007648136695948 ], [ -87.962044474171009, 42.007648136695948 ], [ -87.962044474171009, 42.006031169184517 ], [ -87.962134305699422, 42.006031169184524 ], [ -87.962134305699422, 42.005941337656118 ], [ -87.962224137227835, 42.005941337656118 ], [ -87.962224137227835, 42.005761674599292 ], [ -87.962313968756249, 42.005761674599292 ], [ -87.962313968756249, 42.005671843070886 ], [ -87.962493631813075, 42.005671843070886 ], [ -87.962493631813075, 42.005582011542465 ], [ -87.962583463341488, 42.005582011542465 ], [ -87.962583463341488, 42.005492180014045 ], [ -87.962852957926714, 42.005492180014045 ], [ -87.962852957926714, 42.005402348485653 ], [ -87.963212284040367, 42.005402348485653 ], [ -87.963212284040367, 42.005312516957233 ], [ -87.967344534347333, 42.005312516957233 ], [ -87.967344534347333, 42.005402348485639 ], [ -87.967614028932559, 42.005402348485646 ], [ -87.967614028932559, 42.005492180014045 ], [ -87.967793691989371, 42.005492180014059 ], [ -87.967793691989371, 42.005582011542472 ], [ -87.967883523517784, 42.005582011542472 ], [ -87.967883523517784, 42.005671843070886 ], [ -87.968063186574625, 42.005671843070886 ], [ -87.968063186574625, 42.005851506127705 ], [ -87.968153018103024, 42.005851506127705 ], [ -87.968153018103024, 42.005941337656111 ], [ -87.968242849631437, 42.005941337656118 ], [ -87.968242849631437, 42.006121000712952 ], [ -87.96833268115985, 42.006121000712938 ], [ -87.96833268115985, 42.007648136695956 ], [ -87.968242849631437, 42.007648136695948 ], [ -87.968242849631437, 42.007827799752768 ], [ -87.968153018103024, 42.007827799752768 ], [ -87.968153018103024, 42.007917631281188 ], [ -87.968063186574625, 42.007917631281181 ], [ -87.968063186574625, 42.008007462809594 ], [ -87.967973355046198, 42.008007462809601 ], [ -87.967973355046198, 42.008097294338015 ], [ -87.967793691989371, 42.008097294338 ], [ -87.967793691989371, 42.008187125866428 ], [ -87.967703860460972, 42.008187125866407 ], [ -87.967703860460972, 42.008276957394827 ], [ -87.967434365875732, 42.008276957394827 ], [ -87.967434365875732, 42.00836678892324 ] ] ] } },
{ "type": "Feature", "properties": { "dw_polygon_id": "ildw26_0040", "analysis_unit_id": "site_02613", "scene_count": 32, "built_probability_mean": null, "area_m2": 61229.885888861048, "reference_geometry_overlap_m2": 60909.485126896318, "reference_geometry_overlap_pct": 99.476724874930696, "observation_start": "2026-01-01", "observation_end": "2026-08-31", "dataset": "GOOGLE/DYNAMICWORLD/V1", "nominal_resolution_m": 10, "geometry_class": "provisional_satellite_built_surface_envelope", "geometry_confidence": "low", "interpretation": "built-surface screening; not a building footprint" }, "geometry": { "type": "Polygon", "coordinates": [ [ [ -88.132365052040072, 42.079243864840272 ], [ -88.132185388983245, 42.079243864840265 ], [ -88.132185388983245, 42.079154033311859 ], [ -88.13191589439802, 42.079154033311866 ], [ -88.13191589439802, 42.079064201783439 ], [ -88.131826062869607, 42.079064201783439 ], [ -88.131826062869607, 42.078794707198213 ], [ -88.131736231341193, 42.07879470719822 ], [ -88.131736231341193, 42.078525212612981 ], [ -88.131826062869607, 42.078525212612981 ], [ -88.131826062869607, 42.078165886499335 ], [ -88.13191589439802, 42.07816588649932 ], [ -88.13191589439802, 42.078076054970921 ], [ -88.132095557454832, 42.078076054970914 ], [ -88.132095557454832, 42.077986223442508 ], [ -88.133622693437843, 42.077986223442487 ], [ -88.133622693437843, 42.077896391914102 ], [ -88.133982019551496, 42.077896391914102 ], [ -88.133982019551496, 42.077806560385667 ], [ -88.134071851079895, 42.077806560385675 ], [ -88.134071851079895, 42.077716728857268 ], [ -88.134251514136722, 42.077716728857276 ], [ -88.134251514136722, 42.077537065800449 ], [ -88.134341345665135, 42.077537065800442 ], [ -88.134341345665135, 42.077177739686789 ], [ -88.134431177193548, 42.077177739686789 ], [ -88.134431177193548, 42.077087908158383 ], [ -88.134970166364013, 42.077087908158383 ], [ -88.134970166364013, 42.076998076629962 ], [ -88.135059997892441, 42.076998076629977 ], [ -88.135059997892441, 42.076908245101549 ], [ -88.135329492477666, 42.076908245101571 ], [ -88.135329492477666, 42.076998076629977 ], [ -88.135688818591319, 42.07699807662997 ], [ -88.135688818591319, 42.077087908158383 ], [ -88.135778650119732, 42.077087908158376 ], [ -88.135778650119732, 42.077177739686796 ], [ -88.135868481648146, 42.077177739686803 ], [ -88.135868481648146, 42.077267571215195 ], [ -88.136137976233385, 42.077267571215216 ], [ -88.136137976233385, 42.078076054970921 ], [ -88.136227807761784, 42.078076054970914 ], [ -88.136227807761784, 42.079154033311852 ], [ -88.135958313176545, 42.079154033311859 ], [ -88.135958313176545, 42.079243864840258 ], [ -88.135329492477666, 42.079243864840258 ], [ -88.135329492477666, 42.079154033311859 ], [ -88.134610840250375, 42.079154033311852 ], [ -88.134610840250375, 42.079064201783439 ], [ -88.132544715096898, 42.079064201783439 ], [ -88.132544715096898, 42.079154033311852 ], [ -88.132365052040072, 42.079154033311859 ], [ -88.132365052040072, 42.079243864840272 ] ], [ [ -88.132275220511659, 42.07843538108456 ], [ -88.132544715096898, 42.078435381084567 ], [ -88.132544715096898, 42.078255718027734 ], [ -88.132275220511659, 42.078255718027734 ], [ -88.132275220511659, 42.07843538108456 ] ], [ [ -88.13326336732419, 42.07843538108456 ], [ -88.13353286190943, 42.07843538108456 ], [ -88.13353286190943, 42.078345549556147 ], [ -88.133353198852603, 42.078345549556154 ], [ -88.133353198852603, 42.078255718027741 ], [ -88.13326336732419, 42.078255718027748 ], [ -88.13326336732419, 42.07843538108456 ] ], [ [ -88.133982019551496, 42.078345549556154 ], [ -88.134071851079895, 42.078345549556161 ], [ -88.134071851079895, 42.078255718027755 ], [ -88.133982019551496, 42.078255718027741 ], [ -88.133982019551496, 42.078345549556154 ] ], [ [ -88.133982019551496, 42.078345549556154 ], [ -88.133712524966256, 42.078345549556154 ], [ -88.133712524966256, 42.07843538108456 ], [ -88.133982019551496, 42.07843538108456 ], [ -88.133982019551496, 42.078345549556154 ] ] ] } },
{ "type": "Feature", "properties": { "dw_polygon_id": "ildw26_0041", "analysis_unit_id": "site_02613", "scene_count": 32, "built_probability_mean": null, "area_m2": 54041.594699988993, "reference_geometry_overlap_m2": 53925.412290858447, "reference_geometry_overlap_pct": 99.785012989021638, "observation_start": "2026-01-01", "observation_end": "2026-08-31", "dataset": "GOOGLE/DYNAMICWORLD/V1", "nominal_resolution_m": 10, "geometry_class": "provisional_satellite_built_surface_envelope", "geometry_confidence": "low", "interpretation": "built-surface screening; not a building footprint" }, "geometry": { "type": "Polygon", "coordinates": [ [ [ -88.133712524966256, 42.07681841357315 ], [ -88.132634546625312, 42.076818413573143 ], [ -88.132634546625312, 42.07672858204473 ], [ -88.132365052040072, 42.076728582044744 ], [ -88.132365052040072, 42.076638750516324 ], [ -88.132185388983245, 42.076638750516317 ], [ -88.132185388983245, 42.076459087459504 ], [ -88.132005725926419, 42.076459087459511 ], [ -88.132005725926419, 42.075470940646966 ], [ -88.132095557454832, 42.075470940646973 ], [ -88.132095557454832, 42.075201446061726 ], [ -88.132275220511659, 42.075201446061726 ], [ -88.132275220511659, 42.075021783004921 ], [ -88.132365052040072, 42.075021783004914 ], [ -88.132365052040072, 42.074931951476493 ], [ -88.132634546625312, 42.074931951476501 ], [ -88.132634546625312, 42.07484211994808 ], [ -88.132724378153725, 42.07484211994808 ], [ -88.132724378153725, 42.074662456891254 ], [ -88.133173535795777, 42.074662456891261 ], [ -88.133173535795777, 42.074752288419674 ], [ -88.133443030381017, 42.074752288419681 ], [ -88.133443030381017, 42.074662456891261 ], [ -88.133712524966256, 42.074662456891254 ], [ -88.133712524966256, 42.074752288419674 ], [ -88.133892188023083, 42.074752288419667 ], [ -88.133892188023083, 42.074662456891268 ], [ -88.134161682608308, 42.074662456891268 ], [ -88.134161682608308, 42.074752288419667 ], [ -88.134790503307201, 42.074752288419681 ], [ -88.134790503307201, 42.074662456891268 ], [ -88.135239660949253, 42.074662456891261 ], [ -88.135239660949253, 42.074572625362848 ], [ -88.135868481648146, 42.074572625362848 ], [ -88.135868481648146, 42.074662456891261 ], [ -88.135598987062906, 42.074662456891254 ], [ -88.135598987062906, 42.074752288419667 ], [ -88.135509155534493, 42.074752288419674 ], [ -88.135509155534493, 42.075021783004914 ], [ -88.135598987062906, 42.075021783004907 ], [ -88.135598987062906, 42.075291277590132 ], [ -88.135509155534493, 42.075291277590146 ], [ -88.135509155534493, 42.075381109118567 ], [ -88.135239660949253, 42.075381109118553 ], [ -88.135239660949253, 42.076099761345851 ], [ -88.13514982942084, 42.076099761345844 ], [ -88.13514982942084, 42.076189592874265 ], [ -88.135059997892441, 42.076189592874272 ], [ -88.135059997892441, 42.076369255931084 ], [ -88.134970166364013, 42.076369255931091 ], [ -88.134970166364013, 42.076548918987925 ], [ -88.134071851079895, 42.076548918987925 ], [ -88.134071851079895, 42.076638750516324 ], [ -88.13380235649467, 42.076638750516324 ], [ -88.13380235649467, 42.076728582044737 ], [ -88.133712524966256, 42.076728582044744 ], [ -88.133712524966256, 42.07681841357315 ] ], [ [ -88.132724378153725, 42.075560772175386 ], [ -88.13299387273895, 42.075560772175386 ], [ -88.13299387273895, 42.07547094064698 ], [ -88.133173535795777, 42.075470940646966 ], [ -88.133173535795777, 42.075201446061726 ], [ -88.133083704267364, 42.07520144606174 ], [ -88.133083704267364, 42.075111614533327 ], [ -88.132724378153725, 42.075111614533327 ], [ -88.132724378153725, 42.075201446061733 ], [ -88.132634546625312, 42.075201446061733 ], [ -88.132634546625312, 42.075291277590146 ], [ -88.132365052040072, 42.075291277590132 ], [ -88.132365052040072, 42.075381109118553 ], [ -88.132454883568485, 42.07538110911856 ], [ -88.132454883568485, 42.075470940646973 ], [ -88.132724378153725, 42.075470940646973 ], [ -88.132724378153725, 42.075560772175386 ] ], [ [ -88.134161682608308, 42.075650603703785 ], [ -88.134431177193548, 42.075650603703778 ], [ -88.134431177193548, 42.075470940646966 ], [ -88.134521008721961, 42.075470940646973 ], [ -88.134521008721961, 42.07538110911856 ], [ -88.134431177193548, 42.07538110911856 ], [ -88.134431177193548, 42.075291277590139 ], [ -88.134161682608308, 42.075291277590139 ], [ -88.134161682608308, 42.075381109118545 ], [ -88.134071851079895, 42.075381109118553 ], [ -88.134071851079895, 42.075470940646973 ], [ -88.134161682608308, 42.075470940646973 ], [ -88.134161682608308, 42.075650603703785 ] ], [ [ -88.134161682608308, 42.07511161453332 ], [ -88.134431177193548, 42.075111614533334 ], [ -88.134431177193548, 42.074931951476501 ], [ -88.134161682608308, 42.074931951476501 ], [ -88.134161682608308, 42.07511161453332 ] ] ] } }
]
}
