{
"type": "FeatureCollection",
"name": "overture_building_candidates",
"crs": { "type": "name", "properties": { "name": "urn:ogc:def:crs:OGC:1.3:CRS84" } },
"features": [
{ "type": "Feature", "properties": { "analysis_unit_id": "aligned_northlake_ord01_ord02", "query_zone_id": "zone_07", "overture_id": "9e76e0b7-c3ec-4444-8856-c0270720f0fa", "building_area_m2": 54446.5, "distance_to_reference_m": 46.5, "reference_intersection_m2": 0.0, "search_method": "distance_to_reference_geometry", "search_distance_m": 150, "overture_release": "2026-08-19.0", "source_datasets": "OpenStreetMap|USGS Lidar", "source_update_time": "2019-10-28T15:13:44.000Z", "source_record_ids": "w739579400@1", "review_status": "candidate_needs_visual_review" }, "geometry": { "type": "Polygon", "coordinates": [ [ [ -87.9167537, 41.917877 ], [ -87.9186577, 41.9178782 ], [ -87.9186607, 41.9147726 ], [ -87.9167568, 41.9147716 ], [ -87.9167537, 41.917877 ] ] ] } },
{ "type": "Feature", "properties": { "analysis_unit_id": "aligned_northlake_ord01_ord02", "query_zone_id": "zone_07", "overture_id": "ef7614d5-4466-4913-a7fd-01e5ad730183", "building_area_m2": 18062.5, "distance_to_reference_m": 0.0, "reference_intersection_m2": 18062.5, "search_method": "distance_to_reference_geometry", "search_distance_m": 150, "overture_release": "2026-08-19.0", "source_datasets": "OpenStreetMap|USGS Lidar", "source_update_time": "2025-06-18T06:01:35.000Z", "source_record_ids": "w1217649348@2", "review_status": "candidate_needs_visual_review" }, "geometry": { "type": "Polygon", "coordinates": [ [ [ -87.9190228, 41.9142497 ], [ -87.9190351, 41.9136617 ], [ -87.9159976, 41.9136532 ], [ -87.9160031, 41.9142356 ], [ -87.916115100000013, 41.9142372 ], [ -87.9161383, 41.9143472 ], [ -87.91785, 41.9143535 ], [ -87.9178437, 41.9142435 ], [ -87.9190228, 41.9142497 ] ] ] } },
{ "type": "Feature", "properties": { "analysis_unit_id": "aligned_northlake_ord01_ord02", "query_zone_id": "zone_07", "overture_id": "7dfca344-41b0-43cd-93b8-e1cd8da75968", "building_area_m2": 16365.3, "distance_to_reference_m": 52.7, "reference_intersection_m2": 0.0, "search_method": "distance_to_reference_geometry", "search_distance_m": 150, "overture_release": "2026-08-19.0", "source_datasets": "OpenStreetMap|USGS Lidar", "source_update_time": "2025-06-18T06:01:35.000Z", "source_record_ids": "w406358693@2", "review_status": "candidate_needs_visual_review" }, "geometry": { "type": "Polygon", "coordinates": [ [ [ -87.9157977, 41.9121943 ], [ -87.919111, 41.912203399999989 ], [ -87.919111, 41.9116649 ], [ -87.9158058, 41.9116588 ], [ -87.9157977, 41.9121943 ] ] ] } },
{ "type": "Feature", "properties": { "analysis_unit_id": "aligned_northlake_ord01_ord02", "query_zone_id": "zone_07", "overture_id": "839a8dbc-3827-4e55-8661-891bed33e79c", "building_area_m2": 10344.7, "distance_to_reference_m": 0.0, "reference_intersection_m2": 10344.7, "search_method": "distance_to_reference_geometry", "search_distance_m": 150, "overture_release": "2026-08-19.0", "source_datasets": "Microsoft ML Buildings|OpenStreetMap", "source_update_time": "2025-06-18T06:01:35.000Z", "source_record_ids": "w1217649350@2", "review_status": "candidate_needs_visual_review" }, "geometry": { "type": "Polygon", "coordinates": [ [ [ -87.9164992, 41.9126793 ], [ -87.9165012, 41.9132499 ], [ -87.9183223, 41.9132464 ], [ -87.918321700000021, 41.9130731 ], [ -87.9186797, 41.9130723 ], [ -87.9186789, 41.9128387 ], [ -87.9183244, 41.9128394 ], [ -87.9183238, 41.9126758 ], [ -87.9164992, 41.9126793 ] ] ] } },
{ "type": "Feature", "properties": { "analysis_unit_id": "aligned_northlake_ord01_ord02", "query_zone_id": "zone_07", "overture_id": "b7694028-99ec-4d82-bc43-94229da3dd61", "building_area_m2": 3836.2, "distance_to_reference_m": 149.8, "reference_intersection_m2": 0.0, "search_method": "distance_to_reference_geometry", "search_distance_m": 150, "overture_release": "2026-08-19.0", "source_datasets": "OpenStreetMap|USGS Lidar", "source_update_time": "2016-03-11T22:21:25.000Z", "source_record_ids": "w403181390@1", "review_status": "candidate_needs_visual_review" }, "geometry": { "type": "Polygon", "coordinates": [ [ [ -87.9140338, 41.9136605 ], [ -87.9142465, 41.9133215 ], [ -87.9142336, 41.9129825 ], [ -87.9135632, 41.9129953 ], [ -87.9135847, 41.9136732 ], [ -87.9140338, 41.9136605 ] ] ] } },
{ "type": "Feature", "properties": { "analysis_unit_id": "aurora_cyrusone_chi1_chi2", "query_zone_id": "zone_13", "overture_id": "539ab7e6-603a-406a-b98e-05c2b52a59a0", "building_area_m2": 44857.7, "distance_to_reference_m": 0.0, "reference_intersection_m2": 44857.7, "search_method": "distance_to_reference_geometry", "search_distance_m": 100, "overture_release": "2026-08-19.0", "source_datasets": "OpenStreetMap|USGS Lidar", "source_update_time": "2025-10-13T05:41:21.000Z", "source_record_ids": "w199252950@7", "review_status": "accepted_from_aurora_poc" }, "geometry": { "type": "Polygon", "coordinates": [ [ [ -88.2436272, 41.796160499999985 ], [ -88.243626600000013, 41.7955519 ], [ -88.2426292, 41.7955524 ], [ -88.2426292, 41.795539499999983 ], [ -88.2423208, 41.7955397 ], [ -88.242321, 41.7956713 ], [ -88.2423407, 41.7956713 ], [ -88.2423426, 41.7974716 ], [ -88.2423251, 41.797471599999987 ], [ -88.2423253, 41.7976049 ], [ -88.2424178, 41.7976049 ], [ -88.2424179, 41.7976542 ], [ -88.242497, 41.797654099999988 ], [ -88.242497, 41.7976604 ], [ -88.2425543, 41.7976603 ], [ -88.2425543, 41.79765350000001 ], [ -88.2426023, 41.7976535 ], [ -88.2426023, 41.797623 ], [ -88.2426022, 41.79761 ], [ -88.2425525, 41.79761 ], [ -88.2425524, 41.7976048 ], [ -88.2426353, 41.7976048 ], [ -88.2426353, 41.79758970000001 ], [ -88.2432202, 41.7975894 ], [ -88.243633, 41.79758910000001 ], [ -88.2436329, 41.7975168 ], [ -88.2437244, 41.7975167 ], [ -88.2437244, 41.7975944 ], [ -88.2437913, 41.7975944 ], [ -88.2437914, 41.7976422 ], [ -88.2440495, 41.797642 ], [ -88.2440495, 41.7976526 ], [ -88.2443574, 41.7976524 ], [ -88.244418, 41.7976524 ], [ -88.244418, 41.7976429 ], [ -88.2447429, 41.7976427 ], [ -88.2447429, 41.797676 ], [ -88.2448016, 41.797676 ], [ -88.2448536, 41.797676 ], [ -88.2448536, 41.7976448 ], [ -88.2452597, 41.7976446 ], [ -88.2452596, 41.7975977 ], [ -88.245293500000017, 41.7975977 ], [ -88.2453256, 41.7975977 ], [ -88.2453255, 41.7975166 ], [ -88.2450856, 41.7975168 ], [ -88.2450856, 41.797506799999987 ], [ -88.2450856, 41.7974449 ], [ -88.245034, 41.7974449 ], [ -88.2450326, 41.796159 ], [ -88.2446914, 41.7961592 ], [ -88.2446914, 41.7961193 ], [ -88.244594, 41.7961194 ], [ -88.2445939, 41.796036899999983 ], [ -88.2437698, 41.7960374 ], [ -88.2437699, 41.7961605 ], [ -88.2436272, 41.796160499999985 ] ] ] } },
{ "type": "Feature", "properties": { "analysis_unit_id": "aurora_cyrusone_chi1_chi2", "query_zone_id": "zone_13", "overture_id": "8f138e06-fc92-442f-a4a5-7d6968d82dc3", "building_area_m2": 15715.8, "distance_to_reference_m": 0.0, "reference_intersection_m2": 15715.8, "search_method": "distance_to_reference_geometry", "search_distance_m": 100, "overture_release": "2026-08-19.0", "source_datasets": "OpenStreetMap", "source_update_time": "2025-12-01T20:02:18.000Z", "source_record_ids": "w1426146790@2", "review_status": "accepted_from_aurora_poc" }, "geometry": { "type": "Polygon", "coordinates": [ [ [ -88.2477189, 41.7959821 ], [ -88.2477836, 41.7959716 ], [ -88.2477081, 41.7957147 ], [ -88.2476416, 41.7957255 ], [ -88.2473338, 41.7946781 ], [ -88.2473148, 41.7946812 ], [ -88.2472959, 41.7946843 ], [ -88.2472644, 41.7945768 ], [ -88.2472516, 41.7945789 ], [ -88.2472457, 41.7945798 ], [ -88.247162, 41.7945935 ], [ -88.2471729, 41.7946306 ], [ -88.2463092, 41.794771699999984 ], [ -88.2462984, 41.794735 ], [ -88.2462119, 41.7947492 ], [ -88.2461532, 41.7947588 ], [ -88.2461846, 41.7948656 ], [ -88.2461714, 41.7948677 ], [ -88.24615, 41.7948712 ], [ -88.246146, 41.7948719 ], [ -88.246452, 41.7959131 ], [ -88.2464004, 41.7959215 ], [ -88.24640260000001, 41.79592920000001 ], [ -88.2464267, 41.7960111 ], [ -88.2464305, 41.796024 ], [ -88.2464736, 41.7960169 ], [ -88.2465207, 41.7961771 ], [ -88.246876, 41.7961188 ], [ -88.2469938, 41.7961001 ], [ -88.246974, 41.7960311 ], [ -88.2469582, 41.7959782 ], [ -88.2470863, 41.795957199999989 ], [ -88.2471012, 41.7959548 ], [ -88.2470904, 41.795918 ], [ -88.247197900000018, 41.7959005 ], [ -88.2472447, 41.7960596 ], [ -88.2477189, 41.7959821 ] ] ] } },
{ "type": "Feature", "properties": { "analysis_unit_id": "aurora_cyrusone_chi1_chi2", "query_zone_id": "zone_13", "overture_id": "fb86a540-4a1e-498e-b11c-1471460a90b9", "building_area_m2": 621.4, "distance_to_reference_m": 12.8, "reference_intersection_m2": 0.0, "search_method": "distance_to_reference_geometry", "search_distance_m": 100, "overture_release": "2026-08-19.0", "source_datasets": "Microsoft ML Buildings", "source_update_time": "2020-07-06T00:00:00.000Z", "source_record_ids": "", "review_status": "accepted_from_aurora_poc" }, "geometry": { "type": "Polygon", "coordinates": [ [ [ -88.2420005, 41.7970979 ], [ -88.2421856, 41.797098699999985 ], [ -88.2421882, 41.7967614 ], [ -88.2421452, 41.7967613 ], [ -88.2421456, 41.7967206 ], [ -88.2420185, 41.79672 ], [ -88.242018, 41.7967767 ], [ -88.242003, 41.7967767 ], [ -88.2420005, 41.7970979 ] ] ] } },
{ "type": "Feature", "properties": { "analysis_unit_id": "aurora_cyrusone_chi1_chi2", "query_zone_id": "zone_13", "overture_id": "a071a8c0-6258-47d9-a503-26edadaf764d", "building_area_m2": 581.0, "distance_to_reference_m": 12.4, "reference_intersection_m2": 0.0, "search_method": "distance_to_reference_geometry", "search_distance_m": 100, "overture_release": "2026-08-19.0", "source_datasets": "Microsoft ML Buildings", "source_update_time": "2020-07-06T00:00:00.000Z", "source_record_ids": "", "review_status": "accepted_from_aurora_poc" }, "geometry": { "type": "Polygon", "coordinates": [ [ [ -88.2420194, 41.796312 ], [ -88.2420185, 41.7966932 ], [ -88.242159, 41.7966934 ], [ -88.2421591, 41.7966501 ], [ -88.2421913, 41.7966501 ], [ -88.242192, 41.79635420000001 ], [ -88.2421571, 41.7963541 ], [ -88.2421572, 41.79631220000001 ], [ -88.2420194, 41.796312 ] ] ] } },
{ "type": "Feature", "properties": { "analysis_unit_id": "edgeconnex_elk_grove_chi01_chi02", "query_zone_id": "zone_03", "overture_id": "e90b8596-54be-4d14-98fe-b04f6d5f78e7", "building_area_m2": 25119.7, "distance_to_reference_m": 37.9, "reference_intersection_m2": 0.0, "search_method": "distance_to_reference_geometry", "search_distance_m": 150, "overture_release": "2026-08-19.0", "source_datasets": "Microsoft ML Buildings|OpenStreetMap", "source_update_time": "2023-09-01T00:00:00.000Z", "source_record_ids": "w377032053@1", "review_status": "candidate_needs_visual_review" }, "geometry": { "type": "Polygon", "coordinates": [ [ [ -87.9527785, 41.9994995 ], [ -87.9527532, 41.9986807 ], [ -87.9508383, 41.9987079 ], [ -87.9508824, 42.000166700000015 ], [ -87.9521679, 42.0001433 ], [ -87.9521679, 42.0001233 ], [ -87.9523255, 42.000120699999982 ], [ -87.9524142, 42.000086 ], [ -87.9524235, 42.0000765 ], [ -87.9524667, 42.000119 ], [ -87.9525825, 42.0000469 ], [ -87.9526872, 41.9999599 ], [ -87.9527642, 41.999861400000015 ], [ -87.9528158, 41.99975280000001 ], [ -87.952744600000017, 41.9997407 ], [ -87.9527781, 41.999621 ], [ -87.9527785, 41.9994995 ] ] ] } },
{ "type": "Feature", "properties": { "analysis_unit_id": "edgeconnex_elk_grove_chi01_chi02", "query_zone_id": "zone_03", "overture_id": "53d2c4f9-b588-4fe5-ad7a-cfff82f78f67", "building_area_m2": 22048.2, "distance_to_reference_m": 75.2, "reference_intersection_m2": 0.0, "search_method": "distance_to_reference_geometry", "search_distance_m": 150, "overture_release": "2026-08-19.0", "source_datasets": "Microsoft ML Buildings|OpenStreetMap", "source_update_time": "2023-09-01T00:00:00.000Z", "source_record_ids": "w377032063@1", "review_status": "candidate_needs_visual_review" }, "geometry": { "type": "Polygon", "coordinates": [ [ [ -87.9490639, 41.9997599 ], [ -87.9490403, 41.9987083 ], [ -87.9483439, 41.9987169 ], [ -87.9483463, 41.9988224 ], [ -87.9472268, 41.9988363 ], [ -87.947248, 41.9997823 ], [ -87.9474923, 41.999779300000014 ], [ -87.947497, 41.9999877 ], [ -87.9472574, 41.9999906 ], [ -87.9472606, 42.0001334 ], [ -87.947643, 42.0001287 ], [ -87.9476452, 42.0002251 ], [ -87.9484086, 42.0002156 ], [ -87.9484077, 42.0001761 ], [ -87.9488472, 42.0001707 ], [ -87.9488381, 41.999762699999984 ], [ -87.9490639, 41.9997599 ] ] ] } },
{ "type": "Feature", "properties": { "analysis_unit_id": "edgeconnex_elk_grove_chi01_chi02", "query_zone_id": "zone_03", "overture_id": "f60ae6bb-c551-4f8b-9091-ddf57fc52073", "building_area_m2": 14433.6, "distance_to_reference_m": 105.9, "reference_intersection_m2": 0.0, "search_method": "distance_to_reference_geometry", "search_distance_m": 150, "overture_release": "2026-08-19.0", "source_datasets": "OpenStreetMap|USGS Lidar", "source_update_time": "2015-12-22T20:50:16.000Z", "source_record_ids": "w387219493@1", "review_status": "candidate_needs_visual_review" }, "geometry": { "type": "Polygon", "coordinates": [ [ [ -87.9531688, 42.0000415 ], [ -87.9542149, 42.000025499999985 ], [ -87.954196100000019, 41.9991425 ], [ -87.9543785, 41.99914050000001 ], [ -87.9543758, 41.998987 ], [ -87.9541827, 41.998991 ], [ -87.9541693, 41.9986482 ], [ -87.9531313, 41.9986701 ], [ -87.9531447, 41.9989392 ], [ -87.9529221, 41.9989372 ], [ -87.9529381, 41.999425600000016 ], [ -87.9531581, 41.9994236 ], [ -87.9531688, 42.0000415 ] ] ] } },
{ "type": "Feature", "properties": { "analysis_unit_id": "edgeconnex_elk_grove_chi01_chi02", "query_zone_id": "zone_03", "overture_id": "bcefa771-9c1e-45ac-b451-7dd4222bc082", "building_area_m2": 14060.7, "distance_to_reference_m": 77.1, "reference_intersection_m2": 0.0, "search_method": "distance_to_reference_geometry", "search_distance_m": 150, "overture_release": "2026-08-19.0", "source_datasets": "Microsoft ML Buildings|OpenStreetMap", "source_update_time": "2025-08-26T00:11:13.000Z", "source_record_ids": "w174242799@3", "review_status": "candidate_needs_visual_review" }, "geometry": { "type": "Polygon", "coordinates": [ [ [ -87.947743500000016, 42.0020926 ], [ -87.9487243, 42.0020794 ], [ -87.9486861, 42.0005208 ], [ -87.9477056, 42.000534 ], [ -87.947743500000016, 42.0020926 ] ] ] } },
{ "type": "Feature", "properties": { "analysis_unit_id": "edgeconnex_elk_grove_chi01_chi02", "query_zone_id": "zone_03", "overture_id": "ed0d45e9-6a19-4d26-9504-ba57075e8d21", "building_area_m2": 13260.2, "distance_to_reference_m": 145.8, "reference_intersection_m2": 0.0, "search_method": "distance_to_reference_geometry", "search_distance_m": 150, "overture_release": "2026-08-19.0", "source_datasets": "OpenStreetMap|USGS Lidar", "source_update_time": "2015-11-30T03:41:15.000Z", "source_record_ids": "w173999128@5", "review_status": "candidate_needs_visual_review" }, "geometry": { "type": "Polygon", "coordinates": [ [ [ -87.9497992, 42.0040263 ], [ -87.9517649, 42.0040137 ], [ -87.9517564, 42.0032802 ], [ -87.9497907, 42.0032928 ], [ -87.9497992, 42.0040263 ] ] ] } },
{ "type": "Feature", "properties": { "analysis_unit_id": "edgeconnex_elk_grove_chi01_chi02", "query_zone_id": "zone_03", "overture_id": "27ae11cd-fcd7-4a77-99d9-ce75774fe1b3", "building_area_m2": 12608.1, "distance_to_reference_m": 136.5, "reference_intersection_m2": 0.0, "search_method": "distance_to_reference_geometry", "search_distance_m": 150, "overture_release": "2026-08-19.0", "source_datasets": "OpenStreetMap|USGS Lidar", "source_update_time": "2023-11-29T16:37:42.000Z", "source_record_ids": "w377032061@2", "review_status": "candidate_needs_visual_review" }, "geometry": { "type": "Polygon", "coordinates": [ [ [ -87.954607600000017, 42.0007277 ], [ -87.9546331, 42.0019199 ], [ -87.955113, 42.0019142 ], [ -87.9551093, 42.0017408 ], [ -87.955333, 42.0017381 ], [ -87.9553263, 42.0014261 ], [ -87.9557339, 42.0014213 ], [ -87.9557346, 42.0014542 ], [ -87.9559233, 42.001451900000013 ], [ -87.9559035, 42.0005407 ], [ -87.9553535, 42.0005473 ], [ -87.955353, 42.0005222 ], [ -87.9552936, 42.0005229 ], [ -87.9552968, 42.0006744 ], [ -87.954476200000016, 42.0006841 ], [ -87.9544771, 42.0007292 ], [ -87.954607600000017, 42.0007277 ] ] ] } },
{ "type": "Feature", "properties": { "analysis_unit_id": "edgeconnex_elk_grove_chi01_chi02", "query_zone_id": "zone_03", "overture_id": "6b0c5c14-93ac-4b29-a651-4f34bdba051c", "building_area_m2": 11198.4, "distance_to_reference_m": 31.7, "reference_intersection_m2": 0.0, "search_method": "distance_to_reference_geometry", "search_distance_m": 150, "overture_release": "2026-08-19.0", "source_datasets": "OpenStreetMap|USGS Lidar", "source_update_time": "2025-03-24T00:41:54.000Z", "source_record_ids": "w863162825@3", "review_status": "candidate_needs_visual_review" }, "geometry": { "type": "Polygon", "coordinates": [ [ [ -87.9519159, 42.0029217 ], [ -87.9522469, 42.0029153 ], [ -87.9522256, 42.0023072 ], [ -87.9499769, 42.0023508 ], [ -87.949993, 42.0028092 ], [ -87.9501967, 42.0028053 ], [ -87.9502019, 42.002953599999984 ], [ -87.9503658, 42.0029505 ], [ -87.9503631, 42.0028743 ], [ -87.9519132, 42.00284460000001 ], [ -87.9519159, 42.0029217 ] ] ] } },
{ "type": "Feature", "properties": { "analysis_unit_id": "edgeconnex_elk_grove_chi01_chi02", "query_zone_id": "zone_03", "overture_id": "864d0926-a0d2-4b18-bf2e-cede802768bf", "building_area_m2": 11159.0, "distance_to_reference_m": 0.0, "reference_intersection_m2": 11159.0, "search_method": "distance_to_reference_geometry", "search_distance_m": 150, "overture_release": "2026-08-19.0", "source_datasets": "Microsoft ML Buildings|OpenStreetMap", "source_update_time": "2025-08-25T23:52:25.000Z", "source_record_ids": "w174242795@5", "review_status": "candidate_needs_visual_review" }, "geometry": { "type": "Polygon", "coordinates": [ [ [ -87.9496339, 42.001060099999989 ], [ -87.9519199, 42.0010208 ], [ -87.9519034, 42.0004902 ], [ -87.9496173, 42.0005297 ], [ -87.9496339, 42.001060099999989 ] ] ] } },
{ "type": "Feature", "properties": { "analysis_unit_id": "edgeconnex_elk_grove_chi01_chi02", "query_zone_id": "zone_03", "overture_id": "c455d797-2aec-4f4d-9096-b8ab2193056a", "building_area_m2": 10286.5, "distance_to_reference_m": 24.5, "reference_intersection_m2": 0.0, "search_method": "distance_to_reference_geometry", "search_distance_m": 150, "overture_release": "2026-08-19.0", "source_datasets": "OpenStreetMap|USGS Lidar", "source_update_time": "2023-11-29T17:06:17.000Z", "source_record_ids": "w174242792@5", "review_status": "candidate_needs_visual_review" }, "geometry": { "type": "Polygon", "coordinates": [ [ [ -87.954107300000018, 42.0019414 ], [ -87.9542958, 42.0019381 ], [ -87.9542651, 42.0009372 ], [ -87.9531552, 42.000958600000011 ], [ -87.95318420000001, 42.001867699999984 ], [ -87.9533709, 42.0018645 ], [ -87.9533756, 42.0020004 ], [ -87.9540455, 42.0019895 ], [ -87.9540392, 42.0018528 ], [ -87.9541032, 42.0018521 ], [ -87.954107300000018, 42.0019414 ] ] ] } },
{ "type": "Feature", "properties": { "analysis_unit_id": "edgeconnex_elk_grove_chi01_chi02", "query_zone_id": "zone_03", "overture_id": "5987c564-65e5-4135-a788-d06719c77880", "building_area_m2": 8438.5, "distance_to_reference_m": 139.4, "reference_intersection_m2": 0.0, "search_method": "distance_to_reference_geometry", "search_distance_m": 150, "overture_release": "2026-08-19.0", "source_datasets": "OpenStreetMap|USGS Lidar", "source_update_time": "2025-08-25T23:44:55.000Z", "source_record_ids": "w173999125@4", "review_status": "candidate_needs_visual_review" }, "geometry": { "type": "Polygon", "coordinates": [ [ [ -87.9522435, 42.0040099 ], [ -87.9535062, 42.0039869 ], [ -87.9534823, 42.0032606 ], [ -87.9522195, 42.0032837 ], [ -87.9522435, 42.0040099 ] ] ] } },
{ "type": "Feature", "properties": { "analysis_unit_id": "edgeconnex_elk_grove_chi01_chi02", "query_zone_id": "zone_03", "overture_id": "f9879964-c5c9-4ad0-8b50-dc395b56a37b", "building_area_m2": 8347.9, "distance_to_reference_m": 143.4, "reference_intersection_m2": 0.0, "search_method": "distance_to_reference_geometry", "search_distance_m": 150, "overture_release": "2026-08-19.0", "source_datasets": "OpenStreetMap|USGS Lidar", "source_update_time": "2025-08-25T23:44:55.000Z", "source_record_ids": "w174242793@3", "review_status": "candidate_needs_visual_review" }, "geometry": { "type": "Polygon", "coordinates": [ [ [ -87.9556557, 42.0030467 ], [ -87.9559208, 42.003044 ], [ -87.9559062, 42.0022574 ], [ -87.9553109, 42.0022635 ], [ -87.9553225, 42.0028806 ], [ -87.9550467, 42.0028835 ], [ -87.9550353, 42.0022771 ], [ -87.9545799, 42.0022818 ], [ -87.9545874, 42.0026789 ], [ -87.9543789, 42.0026811 ], [ -87.9543854, 42.0030286 ], [ -87.95565520000001, 42.0030155 ], [ -87.9556557, 42.0030467 ] ] ] } },
{ "type": "Feature", "properties": { "analysis_unit_id": "edgeconnex_elk_grove_chi01_chi02", "query_zone_id": "zone_03", "overture_id": "dd3b2981-5417-433a-8866-d3e321998db6", "building_area_m2": 5975.3, "distance_to_reference_m": 0.0, "reference_intersection_m2": 5975.3, "search_method": "distance_to_reference_geometry", "search_distance_m": 150, "overture_release": "2026-08-19.0", "source_datasets": "Microsoft ML Buildings|OpenStreetMap", "source_update_time": "2023-11-29T17:06:17.000Z", "source_record_ids": "w377032058@2", "review_status": "candidate_needs_visual_review" }, "geometry": { "type": "Polygon", "coordinates": [ [ [ -87.9522691, 42.0020239 ], [ -87.9528856, 42.0020161 ], [ -87.9528598, 42.0009665 ], [ -87.9522392, 42.0009733 ], [ -87.9522691, 42.0020239 ] ] ] } },
{ "type": "Feature", "properties": { "analysis_unit_id": "edgeconnex_elk_grove_chi01_chi02", "query_zone_id": "zone_03", "overture_id": "85493d0a-8b22-4eb0-b442-c142e30229c9", "building_area_m2": 3884.5, "distance_to_reference_m": 86.0, "reference_intersection_m2": 0.0, "search_method": "distance_to_reference_geometry", "search_distance_m": 150, "overture_release": "2026-08-19.0", "source_datasets": "OpenStreetMap|USGS Lidar", "source_update_time": "2025-08-25T23:44:55.000Z", "source_record_ids": "w174242805@2", "review_status": "candidate_needs_visual_review" }, "geometry": { "type": "Polygon", "coordinates": [ [ [ -87.953656400000014, 42.0030398 ], [ -87.9543221, 42.0030338 ], [ -87.9543101, 42.0022982 ], [ -87.9538511, 42.0023023 ], [ -87.9538564, 42.0026282 ], [ -87.9536497, 42.0026301 ], [ -87.953656400000014, 42.0030398 ] ] ] } },
{ "type": "Feature", "properties": { "analysis_unit_id": "edgeconnex_elk_grove_chi01_chi02", "query_zone_id": "zone_03", "overture_id": "ffe72e99-2af4-4572-a24a-451cee222186", "building_area_m2": 3156.8, "distance_to_reference_m": 10.7, "reference_intersection_m2": 0.0, "search_method": "distance_to_reference_geometry", "search_distance_m": 150, "overture_release": "2026-08-19.0", "source_datasets": "OpenStreetMap|USGS Lidar", "source_update_time": "2015-12-28T02:50:18.000Z", "source_record_ids": "w388166499@1", "review_status": "candidate_needs_visual_review" }, "geometry": { "type": "Polygon", "coordinates": [ [ [ -87.9515471, 42.0016872 ], [ -87.9515471, 42.0020265 ], [ -87.9521328, 42.0020134 ], [ -87.9521222, 42.0013966 ], [ -87.9516586, 42.0014032 ], [ -87.9516639, 42.0016057 ], [ -87.9514568, 42.001609599999988 ], [ -87.9514586, 42.0016859 ], [ -87.9515471, 42.0016872 ] ] ] } },
{ "type": "Feature", "properties": { "analysis_unit_id": "edgeconnex_elk_grove_chi01_chi02", "query_zone_id": "zone_03", "overture_id": "246f3e21-9c49-4003-849c-5342b007c9c8", "building_area_m2": 2824.9, "distance_to_reference_m": 59.1, "reference_intersection_m2": 0.0, "search_method": "distance_to_reference_geometry", "search_distance_m": 150, "overture_release": "2026-08-19.0", "source_datasets": "OpenStreetMap|USGS Lidar", "source_update_time": "2015-12-28T02:50:18.000Z", "source_record_ids": "w388166498@1", "review_status": "candidate_needs_visual_review" }, "geometry": { "type": "Polygon", "coordinates": [ [ [ -87.950844600000011, 42.0019134 ], [ -87.9508941, 42.001913400000014 ], [ -87.950887, 42.001582 ], [ -87.950158, 42.0015833 ], [ -87.9501721, 42.0019318 ], [ -87.9502234, 42.0019305 ], [ -87.9502287, 42.0020423 ], [ -87.9504871, 42.002037 ], [ -87.9504818, 42.00192 ], [ -87.9505809, 42.0019213 ], [ -87.9505827, 42.0020423 ], [ -87.9508463, 42.0020331 ], [ -87.950844600000011, 42.0019134 ] ] ] } },
{ "type": "Feature", "properties": { "analysis_unit_id": "edgeconnex_elk_grove_chi01_chi02", "query_zone_id": "zone_03", "overture_id": "660b5f42-22d4-4b5e-967c-c791d4dafa62", "building_area_m2": 1614.1, "distance_to_reference_m": 42.3, "reference_intersection_m2": 0.0, "search_method": "distance_to_reference_geometry", "search_distance_m": 150, "overture_release": "2026-08-19.0", "source_datasets": "OpenStreetMap|USGS Lidar", "source_update_time": "2015-12-28T02:50:18.000Z", "source_record_ids": "w388166497@1", "review_status": "candidate_needs_visual_review" }, "geometry": { "type": "Polygon", "coordinates": [ [ [ -87.9499385, 42.0014361 ], [ -87.9496395, 42.0014426 ], [ -87.9496501, 42.0019516 ], [ -87.949735, 42.0019516 ], [ -87.9497333, 42.0020212 ], [ -87.949751, 42.0020199 ], [ -87.949751, 42.0020475 ], [ -87.9497863, 42.0020462 ], [ -87.9497863, 42.0020594 ], [ -87.9499527, 42.0020554 ], [ -87.9499385, 42.0014361 ] ] ] } },
{ "type": "Feature", "properties": { "analysis_unit_id": "edgeconnex_elk_grove_chi01_chi02", "query_zone_id": "zone_03", "overture_id": "e494447b-107a-476b-9f90-1d59bfe43143", "building_area_m2": 1489.0, "distance_to_reference_m": 33.6, "reference_intersection_m2": 0.0, "search_method": "distance_to_reference_geometry", "search_distance_m": 150, "overture_release": "2026-08-19.0", "source_datasets": "OpenStreetMap|USGS Lidar", "source_update_time": "2025-08-26T00:06:30.000Z", "source_record_ids": "w174242806@2", "review_status": "candidate_needs_visual_review" }, "geometry": { "type": "Polygon", "coordinates": [ [ [ -87.9528007, 42.002739 ], [ -87.9529201, 42.002737 ], [ -87.9529079, 42.0023181 ], [ -87.9525293, 42.0023242 ], [ -87.9525415, 42.002743 ], [ -87.9526961, 42.002740499999987 ], [ -87.952697, 42.0027717 ], [ -87.9528016, 42.00277 ], [ -87.9528007, 42.002739 ] ] ] } },
{ "type": "Feature", "properties": { "analysis_unit_id": "edgeconnex_elk_grove_chi01_chi02", "query_zone_id": "zone_03", "overture_id": "53b126e9-d896-4546-9f3d-3ed4018887ca", "building_area_m2": 1390.0, "distance_to_reference_m": 37.9, "reference_intersection_m2": 0.0, "search_method": "distance_to_reference_geometry", "search_distance_m": 150, "overture_release": "2026-08-19.0", "source_datasets": "OpenStreetMap|USGS Lidar", "source_update_time": "2025-08-26T00:11:13.000Z", "source_record_ids": "w174242802@2", "review_status": "candidate_needs_visual_review" }, "geometry": { "type": "Polygon", "coordinates": [ [ [ -87.9530992, 42.002735899999983 ], [ -87.9534643, 42.0027304 ], [ -87.9534532, 42.0023167 ], [ -87.9530879, 42.0023222 ], [ -87.9530992, 42.002735899999983 ] ] ] } },
{ "type": "Feature", "properties": { "analysis_unit_id": "edgeconnex_elk_grove_chi01_chi02", "query_zone_id": "zone_03", "overture_id": "847cdb36-8f53-47dd-a278-ca380225f6b3", "building_area_m2": 1224.8, "distance_to_reference_m": 61.6, "reference_intersection_m2": 0.0, "search_method": "distance_to_reference_geometry", "search_distance_m": 150, "overture_release": "2026-08-19.0", "source_datasets": "OpenStreetMap|USGS Lidar", "source_update_time": "2015-12-22T20:50:17.000Z", "source_record_ids": "w387219515@1", "review_status": "candidate_needs_visual_review" }, "geometry": { "type": "Polygon", "coordinates": [ [ [ -87.9510227, 42.0019176 ], [ -87.9510247, 42.0020309 ], [ -87.9512524, 42.0020264 ], [ -87.9512483, 42.0019116 ], [ -87.9512971, 42.0019101 ], [ -87.951289, 42.0015868 ], [ -87.9509556, 42.0015929 ], [ -87.9509699, 42.0019176 ], [ -87.9510227, 42.0019176 ] ] ] } },
{ "type": "Feature", "properties": { "analysis_unit_id": "element_critical_wood_dale_ch1_ch2", "query_zone_id": "zone_05", "overture_id": "6fa86ef8-95c2-4f1f-bee9-9b55e1a08f38", "building_area_m2": 12754.1, "distance_to_reference_m": 118.0, "reference_intersection_m2": 0.0, "search_method": "distance_to_reference_geometry", "search_distance_m": 150, "overture_release": "2026-08-19.0", "source_datasets": "OpenStreetMap|USGS Lidar", "source_update_time": "2015-10-27T18:12:26.000Z", "source_record_ids": "w377179231@1", "review_status": "candidate_needs_visual_review" }, "geometry": { "type": "Polygon", "coordinates": [ [ [ -87.9656539, 41.972899 ], [ -87.9675824, 41.9728651 ], [ -87.9675582, 41.9722031 ], [ -87.967054, 41.9722171 ], [ -87.9670459, 41.9720117 ], [ -87.966826, 41.9720117 ], [ -87.9668106, 41.9719878 ], [ -87.9667704, 41.9719789 ], [ -87.9667394, 41.9719882 ], [ -87.966718700000015, 41.9720136 ], [ -87.966488, 41.9720176 ], [ -87.9664988, 41.972227 ], [ -87.9656324, 41.972243 ], [ -87.9656539, 41.972899 ] ] ] } },
{ "type": "Feature", "properties": { "analysis_unit_id": "element_critical_wood_dale_ch1_ch2", "query_zone_id": "zone_05", "overture_id": "1cbc8e88-8755-4c42-b5dc-dec5408728f7", "building_area_m2": 12126.8, "distance_to_reference_m": 15.3, "reference_intersection_m2": 0.0, "search_method": "distance_to_reference_geometry", "search_distance_m": 150, "overture_release": "2026-08-19.0", "source_datasets": "OpenStreetMap|USGS Lidar", "source_update_time": "2015-10-27T21:56:18.000Z", "source_record_ids": "w377212691@1", "review_status": "candidate_needs_visual_review" }, "geometry": { "type": "Polygon", "coordinates": [ [ [ -87.9677153, 41.9733706 ], [ -87.9677492, 41.9742983 ], [ -87.9689662, 41.9742754 ], [ -87.9689631, 41.9742364 ], [ -87.9693605, 41.9742318 ], [ -87.9693482, 41.97375310000001 ], [ -87.9689508, 41.9737623 ], [ -87.9689354, 41.9733522 ], [ -87.9677153, 41.9733706 ] ] ] } },
{ "type": "Feature", "properties": { "analysis_unit_id": "element_critical_wood_dale_ch1_ch2", "query_zone_id": "zone_05", "overture_id": "daeecd1b-50e0-4d0d-b7cf-86ae4170b8e5", "building_area_m2": 8548.7, "distance_to_reference_m": 0.0, "reference_intersection_m2": 8548.7, "search_method": "distance_to_reference_geometry", "search_distance_m": 150, "overture_release": "2026-08-19.0", "source_datasets": "Microsoft ML Buildings|OpenStreetMap", "source_update_time": "2023-11-29T17:06:17.000Z", "source_record_ids": "w384690290@2", "review_status": "candidate_needs_visual_review" }, "geometry": { "type": "Polygon", "coordinates": [ [ [ -87.9648093, 41.975222 ], [ -87.9642514, 41.9752379 ], [ -87.964270200000016, 41.975878 ], [ -87.9642461, 41.975882 ], [ -87.9642514, 41.9763107 ], [ -87.965107, 41.9762968 ], [ -87.965107, 41.976227 ], [ -87.9651339, 41.976227 ], [ -87.9651178, 41.9758102 ], [ -87.9650534, 41.975802199999983 ], [ -87.9650427, 41.9756327 ], [ -87.9651365, 41.9756327 ], [ -87.9651339, 41.9753775 ], [ -87.9651044, 41.975381499999983 ], [ -87.9650963, 41.9753037 ], [ -87.9650373, 41.9753057 ], [ -87.9650266, 41.9751542 ], [ -87.9648093, 41.9751562 ], [ -87.9648093, 41.975222 ] ] ] } },
{ "type": "Feature", "properties": { "analysis_unit_id": "element_critical_wood_dale_ch1_ch2", "query_zone_id": "zone_05", "overture_id": "679f25ad-ce66-462a-bff0-cb45d4f5763c", "building_area_m2": 4861.2, "distance_to_reference_m": 114.9, "reference_intersection_m2": 0.0, "search_method": "distance_to_reference_geometry", "search_distance_m": 150, "overture_release": "2026-08-19.0", "source_datasets": "OpenStreetMap|USGS Lidar", "source_update_time": "2015-10-27T21:56:18.000Z", "source_record_ids": "w377212687@1", "review_status": "candidate_needs_visual_review" }, "geometry": { "type": "Polygon", "coordinates": [ [ [ -87.9682208, 41.9730269 ], [ -87.9688443, 41.9730165 ], [ -87.9688186, 41.9721711 ], [ -87.9681928, 41.9721815 ], [ -87.9682208, 41.9730269 ] ] ] } },
{ "type": "Feature", "properties": { "analysis_unit_id": "element_critical_wood_dale_ch1_ch2", "query_zone_id": "zone_05", "overture_id": "6533c6aa-3d77-4dc6-bb74-c8ac363e43a5", "building_area_m2": 4118.4, "distance_to_reference_m": 0.0, "reference_intersection_m2": 4118.4, "search_method": "distance_to_reference_geometry", "search_distance_m": 150, "overture_release": "2026-08-19.0", "source_datasets": "OpenStreetMap|USGS Lidar", "source_update_time": "2023-11-29T17:06:17.000Z", "source_record_ids": "w377212693@2", "review_status": "candidate_needs_visual_review" }, "geometry": { "type": "Polygon", "coordinates": [ [ [ -87.966802, 41.974522 ], [ -87.9675725, 41.9745133 ], [ -87.9675492, 41.9739318 ], [ -87.9667786, 41.97394220000001 ], [ -87.966802, 41.974522 ] ] ] } },
{ "type": "Feature", "properties": { "analysis_unit_id": "element_critical_wood_dale_ch1_ch2", "query_zone_id": "zone_05", "overture_id": "9f710118-9281-456d-8bef-9705a2e0cefd", "building_area_m2": 3291.3, "distance_to_reference_m": 11.6, "reference_intersection_m2": 0.0, "search_method": "distance_to_reference_geometry", "search_distance_m": 150, "overture_release": "2026-08-19.0", "source_datasets": "OpenStreetMap|USGS Lidar", "source_update_time": "2016-02-02T04:22:51.000Z", "source_record_ids": "w395480097@1", "review_status": "candidate_needs_visual_review" }, "geometry": { "type": "Polygon", "coordinates": [ [ [ -87.9659388, 41.974591 ], [ -87.9666649, 41.9745753 ], [ -87.9666369, 41.9740858 ], [ -87.965915400000014, 41.9740928 ], [ -87.9659388, 41.974591 ] ] ] } },
{ "type": "Feature", "properties": { "analysis_unit_id": "element_critical_wood_dale_ch1_ch2", "query_zone_id": "zone_05", "overture_id": "b556141a-074d-4c46-ad61-b31355241fe0", "building_area_m2": 2981.4, "distance_to_reference_m": 28.2, "reference_intersection_m2": 0.0, "search_method": "distance_to_reference_geometry", "search_distance_m": 150, "overture_release": "2026-08-19.0", "source_datasets": "OpenStreetMap|USGS Lidar", "source_update_time": "2015-10-27T21:56:18.000Z", "source_record_ids": "w377212694@1", "review_status": "candidate_needs_visual_review" }, "geometry": { "type": "Polygon", "coordinates": [ [ [ -87.9656228, 41.9734127 ], [ -87.9656345, 41.973753 ], [ -87.9665918, 41.9737304 ], [ -87.9665731, 41.9733919 ], [ -87.9656228, 41.9734127 ] ] ] } },
{ "type": "Feature", "properties": { "analysis_unit_id": "element_critical_wood_dale_ch1_ch2", "query_zone_id": "zone_05", "overture_id": "6faf2006-15bb-47ef-a22c-02c53f101cb1", "building_area_m2": 2735.4, "distance_to_reference_m": 18.6, "reference_intersection_m2": 0.0, "search_method": "distance_to_reference_geometry", "search_distance_m": 150, "overture_release": "2026-08-19.0", "source_datasets": "OpenStreetMap|USGS Lidar", "source_update_time": "2015-12-06T16:23:16.000Z", "source_record_ids": "w384690291@1", "review_status": "candidate_needs_visual_review" }, "geometry": { "type": "Polygon", "coordinates": [ [ [ -87.9642626, 41.9768126 ], [ -87.9651527, 41.9767955 ], [ -87.9651438, 41.976464 ], [ -87.9642484, 41.9764784 ], [ -87.9642626, 41.9768126 ] ] ] } },
{ "type": "Feature", "properties": { "analysis_unit_id": "element_critical_wood_dale_ch1_ch2", "query_zone_id": "zone_05", "overture_id": "1722c984-3374-4640-982b-35cc58677d04", "building_area_m2": 1991.6, "distance_to_reference_m": 75.1, "reference_intersection_m2": 0.0, "search_method": "distance_to_reference_geometry", "search_distance_m": 150, "overture_release": "2026-08-19.0", "source_datasets": "OpenStreetMap|USGS Lidar", "source_update_time": "2015-12-06T16:23:16.000Z", "source_record_ids": "w384690292@1", "review_status": "candidate_needs_visual_review" }, "geometry": { "type": "Polygon", "coordinates": [ [ [ -87.9642502, 41.9772283 ], [ -87.965158, 41.9772112 ], [ -87.9651509, 41.9769757 ], [ -87.9642413, 41.9769876 ], [ -87.9642502, 41.9772283 ] ] ] } },
{ "type": "Feature", "properties": { "analysis_unit_id": "element_critical_wood_dale_ch1_ch2", "query_zone_id": "zone_05", "overture_id": "a3936f04-8dac-406b-9baf-02096ee2326f", "building_area_m2": 1977.7, "distance_to_reference_m": 22.4, "reference_intersection_m2": 0.0, "search_method": "distance_to_reference_geometry", "search_distance_m": 150, "overture_release": "2026-08-19.0", "source_datasets": "OpenStreetMap|USGS Lidar", "source_update_time": "2016-02-02T04:22:51.000Z", "source_record_ids": "w395480100@1", "review_status": "candidate_needs_visual_review" }, "geometry": { "type": "Polygon", "coordinates": [ [ [ -87.9670339, 41.9750006 ], [ -87.9678161, 41.9749833 ], [ -87.9678114, 41.9747107 ], [ -87.9670269, 41.9747246 ], [ -87.9670339, 41.9750006 ] ] ] } },
{ "type": "Feature", "properties": { "analysis_unit_id": "element_critical_wood_dale_ch1_ch2", "query_zone_id": "zone_05", "overture_id": "9feb9c6e-1895-4f8b-984a-e1c335361af8", "building_area_m2": 1896.5, "distance_to_reference_m": 146.5, "reference_intersection_m2": 0.0, "search_method": "distance_to_reference_geometry", "search_distance_m": 150, "overture_release": "2026-08-19.0", "source_datasets": "OpenStreetMap|USGS Lidar", "source_update_time": "2015-12-06T16:23:16.000Z", "source_record_ids": "w384690287@1", "review_status": "candidate_needs_visual_review" }, "geometry": { "type": "Polygon", "coordinates": [ [ [ -87.9644848, 41.9733859 ], [ -87.9651805, 41.9733776 ], [ -87.9651703, 41.9730798 ], [ -87.9644802, 41.9730889 ], [ -87.9644848, 41.9733859 ] ] ] } },
{ "type": "Feature", "properties": { "analysis_unit_id": "element_critical_wood_dale_ch1_ch2", "query_zone_id": "zone_05", "overture_id": "db5e9425-98b5-4da1-b253-829af3338219", "building_area_m2": 1849.2, "distance_to_reference_m": 88.3, "reference_intersection_m2": 0.0, "search_method": "distance_to_reference_geometry", "search_distance_m": 150, "overture_release": "2026-08-19.0", "source_datasets": "OpenStreetMap|USGS Lidar", "source_update_time": "2016-02-11T16:07:03.000Z", "source_record_ids": "w397284094@1", "review_status": "candidate_needs_visual_review" }, "geometry": { "type": "Polygon", "coordinates": [ [ [ -87.9670089, 41.9755841 ], [ -87.967761, 41.9755735 ], [ -87.9677508, 41.975306 ], [ -87.9670008, 41.9753166 ], [ -87.9670089, 41.9755841 ] ] ] } },
{ "type": "Feature", "properties": { "analysis_unit_id": "element_critical_wood_dale_ch1_ch2", "query_zone_id": "zone_05", "overture_id": "271d8da4-76c2-4ecb-91d8-692dc13d0526", "building_area_m2": 1824.7, "distance_to_reference_m": 135.1, "reference_intersection_m2": 0.0, "search_method": "distance_to_reference_geometry", "search_distance_m": 150, "overture_release": "2026-08-19.0", "source_datasets": "OpenStreetMap|USGS Lidar", "source_update_time": "2015-12-06T16:23:16.000Z", "source_record_ids": "w384690293@1", "review_status": "candidate_needs_visual_review" }, "geometry": { "type": "Polygon", "coordinates": [ [ [ -87.9642922, 41.9777525 ], [ -87.9651795, 41.9777352 ], [ -87.9651701, 41.977513 ], [ -87.9642805, 41.977528599999985 ], [ -87.9642922, 41.9777525 ] ] ] } },
{ "type": "Feature", "properties": { "analysis_unit_id": "element_critical_wood_dale_ch1_ch2", "query_zone_id": "zone_05", "overture_id": "b4029fa9-fe60-4b8c-b979-3b0f781c4c06", "building_area_m2": 1789.4, "distance_to_reference_m": 23.1, "reference_intersection_m2": 0.0, "search_method": "distance_to_reference_geometry", "search_distance_m": 150, "overture_release": "2026-08-19.0", "source_datasets": "OpenStreetMap|USGS Lidar", "source_update_time": "2016-02-02T04:22:51.000Z", "source_record_ids": "w395480099@1", "review_status": "candidate_needs_visual_review" }, "geometry": { "type": "Polygon", "coordinates": [ [ [ -87.9661069, 41.975012799999988 ], [ -87.9668237, 41.9750006 ], [ -87.9668144, 41.9747298 ], [ -87.9660999, 41.9747403 ], [ -87.9661069, 41.975012799999988 ] ] ] } },
{ "type": "Feature", "properties": { "analysis_unit_id": "element_critical_wood_dale_ch1_ch2", "query_zone_id": "zone_05", "overture_id": "51654830-beff-4203-9d37-fa30ea37cf39", "building_area_m2": 1716.7, "distance_to_reference_m": 99.1, "reference_intersection_m2": 0.0, "search_method": "distance_to_reference_geometry", "search_distance_m": 150, "overture_release": "2026-08-19.0", "source_datasets": "OpenStreetMap|USGS Lidar", "source_update_time": "2016-02-02T04:22:51.000Z", "source_record_ids": "w395480103@1", "review_status": "candidate_needs_visual_review" }, "geometry": { "type": "Polygon", "coordinates": [ [ [ -87.968578100000016, 41.9749967 ], [ -87.9685966, 41.9755041 ], [ -87.9689633, 41.9754983 ], [ -87.9689448, 41.9749887 ], [ -87.968578100000016, 41.9749967 ] ] ] } },
{ "type": "Feature", "properties": { "analysis_unit_id": "element_critical_wood_dale_ch1_ch2", "query_zone_id": "zone_05", "overture_id": "8f8468c7-8ae4-4b49-8ba3-81069daaa6e5", "building_area_m2": 1518.2, "distance_to_reference_m": 103.9, "reference_intersection_m2": 0.0, "search_method": "distance_to_reference_geometry", "search_distance_m": 150, "overture_release": "2026-08-19.0", "source_datasets": "OpenStreetMap|USGS Lidar", "source_update_time": "2016-02-02T04:22:51.000Z", "source_record_ids": "w395480102@1", "review_status": "candidate_needs_visual_review" }, "geometry": { "type": "Polygon", "coordinates": [ [ [ -87.9688307, 41.9749008 ], [ -87.9694132, 41.9748869 ], [ -87.9694097, 41.9746075 ], [ -87.968819, 41.9746179 ], [ -87.9688307, 41.9749008 ] ] ] } },
{ "type": "Feature", "properties": { "analysis_unit_id": "element_critical_wood_dale_ch1_ch2", "query_zone_id": "zone_05", "overture_id": "34476521-31f4-46f9-a107-9afc62566491", "building_area_m2": 1420.7, "distance_to_reference_m": 60.4, "reference_intersection_m2": 0.0, "search_method": "distance_to_reference_geometry", "search_distance_m": 150, "overture_release": "2026-08-19.0", "source_datasets": "OpenStreetMap|USGS Lidar", "source_update_time": "2016-02-27T21:09:09.000Z", "source_record_ids": "w400496357@1", "review_status": "candidate_needs_visual_review" }, "geometry": { "type": "Polygon", "coordinates": [ [ [ -87.9655914, 41.9772003 ], [ -87.9659117, 41.9772016 ], [ -87.9658922, 41.9766623 ], [ -87.9656445, 41.9766649 ], [ -87.9656516, 41.9769056 ], [ -87.9655826, 41.976907 ], [ -87.9655914, 41.9772003 ] ] ] } },
{ "type": "Feature", "properties": { "analysis_unit_id": "element_critical_wood_dale_ch1_ch2", "query_zone_id": "zone_05", "overture_id": "d4f15cae-e165-488b-97b5-481ceaed4812", "building_area_m2": 1351.1, "distance_to_reference_m": 44.0, "reference_intersection_m2": 0.0, "search_method": "distance_to_reference_geometry", "search_distance_m": 150, "overture_release": "2026-08-19.0", "source_datasets": "OpenStreetMap|USGS Lidar", "source_update_time": "2016-02-02T04:22:51.000Z", "source_record_ids": "w395480101@1", "review_status": "candidate_needs_visual_review" }, "geometry": { "type": "Polygon", "coordinates": [ [ [ -87.9684232, 41.9749086 ], [ -87.9686474, 41.9749034 ], [ -87.968638, 41.974643 ], [ -87.9680659, 41.9746587 ], [ -87.9680753, 41.9749052 ], [ -87.968342600000014, 41.9749052 ], [ -87.968343800000014, 41.9749191 ], [ -87.9684244, 41.9749182 ], [ -87.9684232, 41.9749086 ] ] ] } },
{ "type": "Feature", "properties": { "analysis_unit_id": "element_critical_wood_dale_ch1_ch2", "query_zone_id": "zone_05", "overture_id": "e6d757b9-40ed-4ec8-af9f-16499f4882b6", "building_area_m2": 1196.8, "distance_to_reference_m": 130.5, "reference_intersection_m2": 0.0, "search_method": "distance_to_reference_geometry", "search_distance_m": 150, "overture_release": "2026-08-19.0", "source_datasets": "OpenStreetMap|USGS Lidar", "source_update_time": "2016-02-12T04:26:45.000Z", "source_record_ids": "w397396431@1", "review_status": "candidate_needs_visual_review" }, "geometry": { "type": "Polygon", "coordinates": [ [ [ -87.9667194, 41.9762938 ], [ -87.9669777, 41.9762912 ], [ -87.9669512, 41.9757821 ], [ -87.9666981, 41.975786 ], [ -87.9667194, 41.9762938 ] ] ] } },
{ "type": "Feature", "properties": { "analysis_unit_id": "element_critical_wood_dale_ch1_ch2", "query_zone_id": "zone_05", "overture_id": "deb28d09-423f-42d8-9faa-9ec1c2c7f251", "building_area_m2": 1163.9, "distance_to_reference_m": 84.1, "reference_intersection_m2": 0.0, "search_method": "distance_to_reference_geometry", "search_distance_m": 150, "overture_release": "2026-08-19.0", "source_datasets": "OpenStreetMap|USGS Lidar", "source_update_time": "2016-02-27T21:09:09.000Z", "source_record_ids": "w400496352@1", "review_status": "candidate_needs_visual_review" }, "geometry": { "type": "Polygon", "coordinates": [ [ [ -87.9660143, 41.977139799999989 ], [ -87.966278, 41.9771332 ], [ -87.9662639, 41.9766583 ], [ -87.9659966, 41.9766623 ], [ -87.9660143, 41.977139799999989 ] ] ] } },
{ "type": "Feature", "properties": { "analysis_unit_id": "element_critical_wood_dale_ch1_ch2", "query_zone_id": "zone_05", "overture_id": "d10e6798-624c-473f-aa62-3d064854c378", "building_area_m2": 996.5, "distance_to_reference_m": 140.7, "reference_intersection_m2": 0.0, "search_method": "distance_to_reference_geometry", "search_distance_m": 150, "overture_release": "2026-08-19.0", "source_datasets": "OpenStreetMap|USGS Lidar", "source_update_time": "2016-02-18T19:11:30.000Z", "source_record_ids": "w398579032@1", "review_status": "candidate_needs_visual_review" }, "geometry": { "type": "Polygon", "coordinates": [ [ [ -87.9667524, 41.9770697 ], [ -87.9670096, 41.9770662 ], [ -87.9669958, 41.9766448 ], [ -87.9667385, 41.9766494 ], [ -87.9667524, 41.9770697 ] ] ] } },
{ "type": "Feature", "properties": { "analysis_unit_id": "element_critical_wood_dale_ch1_ch2", "query_zone_id": "zone_05", "overture_id": "c9aef81e-b6e6-4309-96df-348a90977889", "building_area_m2": 985.9, "distance_to_reference_m": 39.0, "reference_intersection_m2": 0.0, "search_method": "distance_to_reference_geometry", "search_distance_m": 150, "overture_release": "2026-08-19.0", "source_datasets": "OpenStreetMap|USGS Lidar", "source_update_time": "2016-02-12T04:26:45.000Z", "source_record_ids": "w397396433@1", "review_status": "candidate_needs_visual_review" }, "geometry": { "type": "Polygon", "coordinates": [ [ [ -87.9656105, 41.9763432 ], [ -87.9658522, 41.9763406 ], [ -87.9658394, 41.9759031 ], [ -87.9655918, 41.9759049 ], [ -87.9656105, 41.9763432 ] ] ] } },
{ "type": "Feature", "properties": { "analysis_unit_id": "element_critical_wood_dale_ch1_ch2", "query_zone_id": "zone_05", "overture_id": "4a074557-8f6d-4669-ba94-6b63d9e58121", "building_area_m2": 958.2, "distance_to_reference_m": 65.6, "reference_intersection_m2": 0.0, "search_method": "distance_to_reference_geometry", "search_distance_m": 150, "overture_release": "2026-08-19.0", "source_datasets": "OpenStreetMap|USGS Lidar", "source_update_time": "2016-02-12T04:26:45.000Z", "source_record_ids": "w397396434@1", "review_status": "candidate_needs_visual_review" }, "geometry": { "type": "Polygon", "coordinates": [ [ [ -87.9661079, 41.97626850000001 ], [ -87.9662094, 41.9762685 ], [ -87.9661978, 41.9759205 ], [ -87.9659152, 41.9759231 ], [ -87.9659281, 41.9762729 ], [ -87.9659771, 41.976272 ], [ -87.9659783, 41.9763171 ], [ -87.9661079, 41.9763145 ], [ -87.9661079, 41.97626850000001 ] ] ] } },
{ "type": "Feature", "properties": { "analysis_unit_id": "element_critical_wood_dale_ch1_ch2", "query_zone_id": "zone_05", "overture_id": "ad4770fc-9b8b-47e0-9b3e-89d270cf595e", "building_area_m2": 939.9, "distance_to_reference_m": 54.2, "reference_intersection_m2": 0.0, "search_method": "distance_to_reference_geometry", "search_distance_m": 150, "overture_release": "2026-08-19.0", "source_datasets": "OpenStreetMap|USGS Lidar", "source_update_time": "2016-02-02T04:22:51.000Z", "source_record_ids": "w395480098@1", "review_status": "candidate_needs_visual_review" }, "geometry": { "type": "Polygon", "coordinates": [ [ [ -87.9656539, 41.9750145 ], [ -87.9659644, 41.9750128 ], [ -87.9659528, 41.9746847 ], [ -87.9656375, 41.9746899 ], [ -87.9656539, 41.9750145 ] ] ] } },
{ "type": "Feature", "properties": { "analysis_unit_id": "element_critical_wood_dale_ch1_ch2", "query_zone_id": "zone_05", "overture_id": "126c9f81-c6e3-4422-8cb1-55e4f6acd149", "building_area_m2": 928.5, "distance_to_reference_m": 129.9, "reference_intersection_m2": 0.0, "search_method": "distance_to_reference_geometry", "search_distance_m": 150, "overture_release": "2026-08-19.0", "source_datasets": "OpenStreetMap|USGS Lidar", "source_update_time": "2016-02-18T19:11:30.000Z", "source_record_ids": "w398579031@1", "review_status": "candidate_needs_visual_review" }, "geometry": { "type": "Polygon", "coordinates": [ [ [ -87.9655626, 41.9777321 ], [ -87.9658858, 41.9777291 ], [ -87.965871600000014, 41.9774132 ], [ -87.96555450000001, 41.9774178 ], [ -87.9655626, 41.9777321 ] ] ] } },
{ "type": "Feature", "properties": { "analysis_unit_id": "element_critical_wood_dale_ch1_ch2", "query_zone_id": "zone_05", "overture_id": "19ff85e9-749f-4233-8f33-649ba4f48141", "building_area_m2": 920.2, "distance_to_reference_m": 94.7, "reference_intersection_m2": 0.0, "search_method": "distance_to_reference_geometry", "search_distance_m": 150, "overture_release": "2026-08-19.0", "source_datasets": "OpenStreetMap|USGS Lidar", "source_update_time": "2016-02-11T16:07:03.000Z", "source_record_ids": "w397284093@1", "review_status": "candidate_needs_visual_review" }, "geometry": { "type": "Polygon", "coordinates": [ [ [ -87.9679724, 41.9756264 ], [ -87.9682936, 41.9756188 ], [ -87.9682855, 41.975312099999989 ], [ -87.9679582, 41.9753166 ], [ -87.9679724, 41.9756264 ] ] ] } },
{ "type": "Feature", "properties": { "analysis_unit_id": "element_critical_wood_dale_ch1_ch2", "query_zone_id": "zone_05", "overture_id": "1b5c088e-c538-43a3-b83e-3ed1749bb36a", "building_area_m2": 919.8, "distance_to_reference_m": 135.5, "reference_intersection_m2": 0.0, "search_method": "distance_to_reference_geometry", "search_distance_m": 150, "overture_release": "2026-08-19.0", "source_datasets": "OpenStreetMap|USGS Lidar", "source_update_time": "2015-12-06T16:23:16.000Z", "source_record_ids": "w384690289@1", "review_status": "candidate_needs_visual_review" }, "geometry": { "type": "Polygon", "coordinates": [ [ [ -87.9644405, 41.9735584 ], [ -87.964448600000011, 41.9736938 ], [ -87.9651818, 41.973679 ], [ -87.9651783, 41.9735428 ], [ -87.9644405, 41.9735584 ] ] ] } },
{ "type": "Feature", "properties": { "analysis_unit_id": "element_critical_wood_dale_ch1_ch2", "query_zone_id": "zone_05", "overture_id": "eb06debc-7b80-43db-9a12-2767ac984895", "building_area_m2": 919.8, "distance_to_reference_m": 124.9, "reference_intersection_m2": 0.0, "search_method": "distance_to_reference_geometry", "search_distance_m": 150, "overture_release": "2026-08-19.0", "source_datasets": "Microsoft ML Buildings|OpenStreetMap", "source_update_time": "2023-09-01T00:00:00.000Z", "source_record_ids": "w384690288@1", "review_status": "candidate_needs_visual_review" }, "geometry": { "type": "Polygon", "coordinates": [ [ [ -87.9644375, 41.973903 ], [ -87.9644457, 41.9740384 ], [ -87.9651789, 41.9740236 ], [ -87.9651754, 41.9738874 ], [ -87.9644375, 41.973903 ] ] ] } },
{ "type": "Feature", "properties": { "analysis_unit_id": "element_critical_wood_dale_ch1_ch2", "query_zone_id": "zone_05", "overture_id": "2a004370-75f8-44c4-97ad-6139d4ccba91", "building_area_m2": 909.3, "distance_to_reference_m": 89.0, "reference_intersection_m2": 0.0, "search_method": "distance_to_reference_geometry", "search_distance_m": 150, "overture_release": "2026-08-19.0", "source_datasets": "OpenStreetMap|USGS Lidar", "source_update_time": "2016-02-11T16:07:03.000Z", "source_record_ids": "w397284095@1", "review_status": "candidate_needs_visual_review" }, "geometry": { "type": "Polygon", "coordinates": [ [ [ -87.9665271, 41.9755871 ], [ -87.9669093, 41.9755841 ], [ -87.9669032, 41.9753226 ], [ -87.9665251, 41.9753287 ], [ -87.9665271, 41.9755871 ] ] ] } },
{ "type": "Feature", "properties": { "analysis_unit_id": "element_critical_wood_dale_ch1_ch2", "query_zone_id": "zone_05", "overture_id": "29dfc913-80df-4238-bccd-7dbe5597d347", "building_area_m2": 882.9, "distance_to_reference_m": 75.8, "reference_intersection_m2": 0.0, "search_method": "distance_to_reference_geometry", "search_distance_m": 150, "overture_release": "2026-08-19.0", "source_datasets": "OpenStreetMap|USGS Lidar", "source_update_time": "2016-02-11T16:07:03.000Z", "source_record_ids": "w397284096@1", "review_status": "candidate_needs_visual_review" }, "geometry": { "type": "Polygon", "coordinates": [ [ [ -87.9660515, 41.9755947 ], [ -87.9664225, 41.9755879 ], [ -87.9664164, 41.9753264 ], [ -87.9660515, 41.9753347 ], [ -87.9660515, 41.9755947 ] ] ] } },
{ "type": "Feature", "properties": { "analysis_unit_id": "element_critical_wood_dale_ch1_ch2", "query_zone_id": "zone_05", "overture_id": "f096d336-cfba-4d27-83bc-a18259d68acb", "building_area_m2": 847.5, "distance_to_reference_m": 99.8, "reference_intersection_m2": 0.0, "search_method": "distance_to_reference_geometry", "search_distance_m": 150, "overture_release": "2026-08-19.0", "source_datasets": "OpenStreetMap|USGS Lidar", "source_update_time": "2016-02-12T04:26:45.000Z", "source_record_ids": "w397396432@1", "review_status": "candidate_needs_visual_review" }, "geometry": { "type": "Polygon", "coordinates": [ [ [ -87.9663402, 41.9763111 ], [ -87.9665375, 41.9763085 ], [ -87.9665235, 41.9758406 ], [ -87.966328500000017, 41.9758398 ], [ -87.9663402, 41.9763111 ] ] ] } },
{ "type": "Feature", "properties": { "analysis_unit_id": "element_critical_wood_dale_ch1_ch2", "query_zone_id": "zone_05", "overture_id": "31967086-5e7f-4c60-846e-d3021ac260a5", "building_area_m2": 669.2, "distance_to_reference_m": 39.7, "reference_intersection_m2": 0.0, "search_method": "distance_to_reference_geometry", "search_distance_m": 150, "overture_release": "2026-08-19.0", "source_datasets": "OpenStreetMap|USGS Lidar", "source_update_time": "2016-02-11T16:07:03.000Z", "source_record_ids": "w397284097@1", "review_status": "candidate_needs_visual_review" }, "geometry": { "type": "Polygon", "coordinates": [ [ [ -87.9656185, 41.9755992 ], [ -87.965897, 41.9755962 ], [ -87.965895, 41.9753362 ], [ -87.9656124, 41.9753408 ], [ -87.9656185, 41.9755992 ] ] ] } },
{ "type": "Feature", "properties": { "analysis_unit_id": "element_critical_wood_dale_ch1_ch2", "query_zone_id": "zone_05", "overture_id": "330b0365-a643-436a-8c62-9708c9379dcf", "building_area_m2": 656.9, "distance_to_reference_m": 111.8, "reference_intersection_m2": 0.0, "search_method": "distance_to_reference_geometry", "search_distance_m": 150, "overture_release": "2026-08-19.0", "source_datasets": "OpenStreetMap|USGS Lidar", "source_update_time": "2016-02-27T21:09:09.000Z", "source_record_ids": "w400496354@1", "review_status": "candidate_needs_visual_review" }, "geometry": { "type": "Polygon", "coordinates": [ [ [ -87.9663824, 41.9769267 ], [ -87.966639, 41.9769214 ], [ -87.9666337, 41.9766478 ], [ -87.96637, 41.9766517 ], [ -87.9663824, 41.9769267 ] ] ] } },
{ "type": "Feature", "properties": { "analysis_unit_id": "meta_dekalb_campus", "query_zone_id": "zone_08", "overture_id": "82337fa1-66bb-496f-b9d6-22a7a0d5c10b", "building_area_m2": 52795.4, "distance_to_reference_m": 0.0, "reference_intersection_m2": 52795.4, "search_method": "representative_point_inside_reference_campus", "search_distance_m": 10, "overture_release": "2026-08-19.0", "source_datasets": "OpenStreetMap", "source_update_time": "2025-12-10T20:57:29.000Z", "source_record_ids": "w1312792611@2", "review_status": "candidate_needs_visual_review" }, "geometry": { "type": "Polygon", "coordinates": [ [ [ -88.7230531, 41.8902507 ], [ -88.7229927, 41.8868334 ], [ -88.7222038, 41.8868411 ], [ -88.7222258, 41.888081 ], [ -88.7213861, 41.88808920000001 ], [ -88.7213645, 41.8868674 ], [ -88.7206151, 41.8868748 ], [ -88.7206744, 41.8902096 ], [ -88.7213939, 41.8902025 ], [ -88.7213664, 41.8886556 ], [ -88.721499, 41.8886543 ], [ -88.7214967, 41.8885226 ], [ -88.7215988, 41.8885216 ], [ -88.7216041, 41.88881330000001 ], [ -88.722036300000013, 41.888809 ], [ -88.722031500000014, 41.8885445 ], [ -88.7220728, 41.8885441 ], [ -88.7220755, 41.8886953 ], [ -88.7222077, 41.888694 ], [ -88.7222353, 41.8902587 ], [ -88.7230531, 41.8902507 ] ] ] } },
{ "type": "Feature", "properties": { "analysis_unit_id": "meta_dekalb_campus", "query_zone_id": "zone_08", "overture_id": "33528eae-563c-491e-91f9-779394b4b89e", "building_area_m2": 52794.6, "distance_to_reference_m": 0.0, "reference_intersection_m2": 52794.6, "search_method": "representative_point_inside_reference_campus", "search_distance_m": 10, "overture_release": "2026-08-19.0", "source_datasets": "OpenStreetMap", "source_update_time": "2025-12-10T20:57:29.000Z", "source_record_ids": "w1312792612@2", "review_status": "candidate_needs_visual_review" }, "geometry": { "type": "Polygon", "coordinates": [ [ [ -88.7322488, 41.891004100000011 ], [ -88.7321884, 41.8875868 ], [ -88.7313995, 41.8875946 ], [ -88.7314215, 41.8888344 ], [ -88.7305818, 41.8888426 ], [ -88.7305602, 41.8876208 ], [ -88.7298108, 41.8876282 ], [ -88.7298701, 41.890963 ], [ -88.7305896, 41.8909559 ], [ -88.7305621, 41.889409 ], [ -88.7306947, 41.8894077 ], [ -88.7306924, 41.889276 ], [ -88.7307946, 41.889275 ], [ -88.7307998, 41.8895667 ], [ -88.731232, 41.8895624 ], [ -88.7312273, 41.8892979 ], [ -88.7312686, 41.8892975 ], [ -88.7312713, 41.8894487 ], [ -88.7314034, 41.8894474 ], [ -88.731431, 41.8910121 ], [ -88.7322488, 41.891004100000011 ] ] ] } },
{ "type": "Feature", "properties": { "analysis_unit_id": "meta_dekalb_campus", "query_zone_id": "zone_08", "overture_id": "a2d2a2fd-6168-430c-b2c7-fe9795ac30a3", "building_area_m2": 29737.4, "distance_to_reference_m": 0.0, "reference_intersection_m2": 29737.4, "search_method": "representative_point_inside_reference_campus", "search_distance_m": 10, "overture_release": "2026-08-19.0", "source_datasets": "OpenStreetMap", "source_update_time": "2025-12-10T20:57:29.000Z", "source_record_ids": "w1312792613@3", "review_status": "candidate_needs_visual_review" }, "geometry": { "type": "Polygon", "coordinates": [ [ [ -88.7273098, 41.890115 ], [ -88.7274313, 41.8901142 ], [ -88.7274274, 41.8897756 ], [ -88.7266349, 41.8897808 ], [ -88.726621100000017, 41.8886042 ], [ -88.7258239, 41.8886094 ], [ -88.7258421, 41.891980300000014 ], [ -88.7261849, 41.8919767 ], [ -88.7261845, 41.8920059 ], [ -88.726647200000016, 41.8920038 ], [ -88.7266523, 41.8904323 ], [ -88.72678, 41.8904329 ], [ -88.7267793, 41.8902979 ], [ -88.7268934, 41.8902972 ], [ -88.726895, 41.8904349 ], [ -88.726753700000017, 41.8904358 ], [ -88.7267546, 41.890514399999986 ], [ -88.7272577, 41.8905113 ], [ -88.7272546, 41.8902388 ], [ -88.7273112, 41.8902384 ], [ -88.7273098, 41.890115 ] ] ] } },
{ "type": "Feature", "properties": { "analysis_unit_id": "meta_dekalb_campus", "query_zone_id": "zone_08", "overture_id": "fd3311dd-38ea-4ac0-830e-a63739ce9b7f", "building_area_m2": 4835.7, "distance_to_reference_m": 0.0, "reference_intersection_m2": 4835.7, "search_method": "representative_point_inside_reference_campus", "search_distance_m": 10, "overture_release": "2026-08-19.0", "source_datasets": "OpenStreetMap", "source_update_time": "2025-11-25T18:46:49.000Z", "source_record_ids": "w1453703585@1", "review_status": "candidate_needs_visual_review" }, "geometry": { "type": "Polygon", "coordinates": [ [ [ -88.7314922, 41.886603 ], [ -88.7333555, 41.8866031 ], [ -88.7333555, 41.8863214 ], [ -88.7314922, 41.8863215 ], [ -88.7314922, 41.886603 ] ] ] } },
{ "type": "Feature", "properties": { "analysis_unit_id": "meta_dekalb_campus", "query_zone_id": "zone_08", "overture_id": "2fdcb913-8954-406f-9f45-f9e11e073350", "building_area_m2": 3988.9, "distance_to_reference_m": 0.0, "reference_intersection_m2": 3988.9, "search_method": "representative_point_inside_reference_campus", "search_distance_m": 10, "overture_release": "2026-08-19.0", "source_datasets": "OpenStreetMap", "source_update_time": "2025-11-25T18:46:49.000Z", "source_record_ids": "w1453703582@1", "review_status": "candidate_needs_visual_review" }, "geometry": { "type": "Polygon", "coordinates": [ [ [ -88.733073, 41.8908853 ], [ -88.7340109, 41.8908879 ], [ -88.7340109, 41.8904268 ], [ -88.733066, 41.8904268 ], [ -88.733073, 41.8908853 ] ] ] } },
{ "type": "Feature", "properties": { "analysis_unit_id": "microsoft_elk_grove_campus", "query_zone_id": "zone_02", "overture_id": "f2bc9043-672e-4587-abe0-560d506b49d8", "building_area_m2": 15155.6, "distance_to_reference_m": 73.6, "reference_intersection_m2": 0.0, "search_method": "distance_to_reference_geometry", "search_distance_m": 400, "overture_release": "2026-08-19.0", "source_datasets": "OpenStreetMap", "source_update_time": "2025-03-24T00:42:13.000Z", "source_record_ids": "w1219083554@5", "review_status": "candidate_needs_visual_review" }, "geometry": { "type": "Polygon", "coordinates": [ [ [ -87.9769961, 42.0233353 ], [ -87.9770011, 42.0227635 ], [ -87.9741174, 42.0227495 ], [ -87.9741124, 42.023321 ], [ -87.9769961, 42.0233353 ] ] ] } },
{ "type": "Feature", "properties": { "analysis_unit_id": "microsoft_elk_grove_campus", "query_zone_id": "zone_02", "overture_id": "fbff36ad-a8e6-40ba-b312-91dd1f715c1f", "building_area_m2": 14434.2, "distance_to_reference_m": 101.9, "reference_intersection_m2": 0.0, "search_method": "distance_to_reference_geometry", "search_distance_m": 400, "overture_release": "2026-08-19.0", "source_datasets": "OpenStreetMap", "source_update_time": "2024-01-02T06:59:41.000Z", "source_record_ids": "w1219083555@2", "review_status": "candidate_needs_visual_review" }, "geometry": { "type": "Polygon", "coordinates": [ [ [ -87.977024, 42.024454 ], [ -87.9770279, 42.0238797 ], [ -87.9742929, 42.0238696 ], [ -87.9742889, 42.0244434 ], [ -87.977024, 42.024454 ] ] ] } },
{ "type": "Feature", "properties": { "analysis_unit_id": "microsoft_elk_grove_campus", "query_zone_id": "zone_02", "overture_id": "2ce7ce86-2712-48e3-a481-591bb105d397", "building_area_m2": 12136.3, "distance_to_reference_m": 232.6, "reference_intersection_m2": 0.0, "search_method": "distance_to_reference_geometry", "search_distance_m": 400, "overture_release": "2026-08-19.0", "source_datasets": "OpenStreetMap", "source_update_time": "2024-01-02T06:59:41.000Z", "source_record_ids": "w1219083550@2", "review_status": "candidate_needs_visual_review" }, "geometry": { "type": "Polygon", "coordinates": [ [ [ -87.9770756, 42.0256758 ], [ -87.9770781, 42.0250386 ], [ -87.9756118, 42.0250356 ], [ -87.9750057, 42.025034300000016 ], [ -87.9750033, 42.0256712 ], [ -87.9770756, 42.0256758 ] ] ] } },
{ "type": "Feature", "properties": { "analysis_unit_id": "microsoft_elk_grove_campus", "query_zone_id": "zone_02", "overture_id": "f039af92-63ff-435a-9af8-c30d342867f6", "building_area_m2": 11267.3, "distance_to_reference_m": 393.4, "reference_intersection_m2": 0.0, "search_method": "distance_to_reference_geometry", "search_distance_m": 400, "overture_release": "2026-08-19.0", "source_datasets": "Microsoft ML Buildings|OpenStreetMap", "source_update_time": "2025-07-28T09:03:19.000Z", "source_record_ids": "w1219083551@3", "review_status": "candidate_needs_visual_review" }, "geometry": { "type": "Polygon", "coordinates": [ [ [ -87.9793138, 42.0258002 ], [ -87.9793155, 42.0251641 ], [ -87.9773572, 42.0251611 ], [ -87.9773555, 42.0257975 ], [ -87.9777576, 42.0258007 ], [ -87.9777582, 42.025778600000017 ], [ -87.9788946, 42.025783 ], [ -87.9788966, 42.025798 ], [ -87.9793138, 42.0258002 ] ] ] } },
{ "type": "Feature", "properties": { "analysis_unit_id": "microsoft_elk_grove_campus", "query_zone_id": "zone_02", "overture_id": "f6f1aa1d-f344-4fb1-b22d-38e4a5480965", "building_area_m2": 10256.6, "distance_to_reference_m": 0.0, "reference_intersection_m2": 10256.6, "search_method": "distance_to_reference_geometry", "search_distance_m": 400, "overture_release": "2026-08-19.0", "source_datasets": "Microsoft ML Buildings|OpenStreetMap", "source_update_time": "2024-10-03T07:58:50.000Z", "source_record_ids": "w1219083552@3", "review_status": "candidate_needs_visual_review" }, "geometry": { "type": "Polygon", "coordinates": [ [ [ -87.9732224, 42.0234162 ], [ -87.9732264, 42.0228788 ], [ -87.9711498, 42.0228706 ], [ -87.9711459, 42.0234077 ], [ -87.9732224, 42.0234162 ] ] ] } },
{ "type": "Feature", "properties": { "analysis_unit_id": "microsoft_elk_grove_campus", "query_zone_id": "zone_02", "overture_id": "62d56c86-e47c-4038-8582-287e43ec45b9", "building_area_m2": 3510.2, "distance_to_reference_m": 231.1, "reference_intersection_m2": 0.0, "search_method": "distance_to_reference_geometry", "search_distance_m": 400, "overture_release": "2026-08-19.0", "source_datasets": "OpenStreetMap|USGS Lidar", "source_update_time": "2016-03-22T02:18:54.000Z", "source_record_ids": "w405041372@1", "review_status": "candidate_needs_visual_review" }, "geometry": { "type": "Polygon", "coordinates": [ [ [ -87.9758409, 42.0219656 ], [ -87.975964200000021, 42.0219656 ], [ -87.9759616, 42.020782 ], [ -87.9764926, 42.020782 ], [ -87.976498, 42.0206844 ], [ -87.9764605, 42.0206844 ], [ -87.9764605, 42.0206027 ], [ -87.975964200000021, 42.02060070000001 ], [ -87.975964200000021, 42.0206844 ], [ -87.9758811, 42.0206804 ], [ -87.9758301, 42.020718199999983 ], [ -87.9758248, 42.02079 ], [ -87.9757228, 42.020794 ], [ -87.9757255, 42.0211506 ], [ -87.9758221, 42.0211526 ], [ -87.9758194, 42.0211805 ], [ -87.9757175, 42.0211785 ], [ -87.9757202, 42.0215492 ], [ -87.9758167, 42.0215492 ], [ -87.9758194, 42.021581 ], [ -87.9757228, 42.021581 ], [ -87.9757175, 42.0219397 ], [ -87.9758489, 42.0219417 ], [ -87.9758409, 42.0219656 ] ] ] } },
{ "type": "Feature", "properties": { "analysis_unit_id": "microsoft_elk_grove_campus", "query_zone_id": "zone_02", "overture_id": "abe1bda8-7ba4-40f8-a12c-ebfc2df3130a", "building_area_m2": 3502.2, "distance_to_reference_m": 138.8, "reference_intersection_m2": 0.0, "search_method": "distance_to_reference_geometry", "search_distance_m": 400, "overture_release": "2026-08-19.0", "source_datasets": "Microsoft ML Buildings|OpenStreetMap", "source_update_time": "2023-09-01T00:00:00.000Z", "source_record_ids": "w403177671@1", "review_status": "candidate_needs_visual_review" }, "geometry": { "type": "Polygon", "coordinates": [ [ [ -87.969138, 42.0219556 ], [ -87.9691444, 42.0220737 ], [ -87.9698642, 42.0220689 ], [ -87.9698449, 42.0214065 ], [ -87.9698191, 42.0213841 ], [ -87.9694238, 42.0213873 ], [ -87.9694259, 42.0214368 ], [ -87.9694066, 42.0214384 ], [ -87.9694087, 42.0216283 ], [ -87.969355, 42.0216267 ], [ -87.9693572, 42.0216842 ], [ -87.9693185, 42.0216826 ], [ -87.9693185, 42.0217369 ], [ -87.9692798, 42.0217369 ], [ -87.9692841, 42.0218502 ], [ -87.969185300000021, 42.0218518 ], [ -87.9691896, 42.0219556 ], [ -87.969138, 42.0219556 ] ] ] } },
{ "type": "Feature", "properties": { "analysis_unit_id": "microsoft_elk_grove_campus", "query_zone_id": "zone_02", "overture_id": "a18b0738-54d6-40b9-9e1a-45dd8aeaa731", "building_area_m2": 3257.1, "distance_to_reference_m": 194.9, "reference_intersection_m2": 0.0, "search_method": "distance_to_reference_geometry", "search_distance_m": 400, "overture_release": "2026-08-19.0", "source_datasets": "OpenStreetMap|USGS Lidar", "source_update_time": "2016-03-16T19:33:13.000Z", "source_record_ids": "w404124973@1", "review_status": "candidate_needs_visual_review" }, "geometry": { "type": "Polygon", "coordinates": [ [ [ -87.9751599, 42.0207168 ], [ -87.9751717, 42.021875799999989 ], [ -87.9751771, 42.0218952 ], [ -87.9751911, 42.0219115 ], [ -87.9752117, 42.0219228 ], [ -87.9752381, 42.021928 ], [ -87.9752633, 42.0219266 ], [ -87.9752857, 42.021918499999984 ], [ -87.9753054, 42.0219037 ], [ -87.9753152, 42.0218841 ], [ -87.975344, 42.0218856 ], [ -87.9753453, 42.0219045 ], [ -87.9753058, 42.0219334 ], [ -87.9753494, 42.021965299999984 ], [ -87.9753956, 42.021925499999988 ], [ -87.9754185, 42.0219234 ], [ -87.9754432, 42.0219125 ], [ -87.9754602, 42.0218949 ], [ -87.9754647, 42.0218732 ], [ -87.9754627, 42.0218518 ], [ -87.9754513, 42.0218343 ], [ -87.9754279, 42.0218217 ], [ -87.975404400000016, 42.0218164 ], [ -87.9754046, 42.0217879 ], [ -87.9754665, 42.0217852 ], [ -87.9754602, 42.0207277 ], [ -87.9751599, 42.0207168 ] ] ] } },
{ "type": "Feature", "properties": { "analysis_unit_id": "microsoft_elk_grove_campus", "query_zone_id": "zone_02", "overture_id": "1aab8e98-f508-44a3-8869-7e63809a03f7", "building_area_m2": 2890.7, "distance_to_reference_m": 299.2, "reference_intersection_m2": 0.0, "search_method": "distance_to_reference_geometry", "search_distance_m": 400, "overture_release": "2026-08-19.0", "source_datasets": "OpenStreetMap|USGS Lidar", "source_update_time": "2025-02-27T08:46:07.000Z", "source_record_ids": "w403807409@1", "review_status": "candidate_needs_visual_review" }, "geometry": { "type": "Polygon", "coordinates": [ [ [ -87.9716058, 42.0201779 ], [ -87.9719642, 42.0201792 ], [ -87.9719689, 42.0194848 ], [ -87.9716048, 42.0194834 ], [ -87.9716019, 42.019908099999988 ], [ -87.9713197, 42.0199071 ], [ -87.9713183, 42.0201263 ], [ -87.9716062, 42.0201273 ], [ -87.9716058, 42.0201779 ] ] ] } },
{ "type": "Feature", "properties": { "analysis_unit_id": "microsoft_elk_grove_campus", "query_zone_id": "zone_02", "overture_id": "2d734aac-a41b-4c13-a6a7-73d21575d874", "building_area_m2": 2643.8, "distance_to_reference_m": 217.3, "reference_intersection_m2": 0.0, "search_method": "distance_to_reference_geometry", "search_distance_m": 400, "overture_release": "2026-08-19.0", "source_datasets": "Microsoft ML Buildings|OpenStreetMap", "source_update_time": "2023-09-01T00:00:00.000Z", "source_record_ids": "w404125156@1", "review_status": "candidate_needs_visual_review" }, "geometry": { "type": "Polygon", "coordinates": [ [ [ -87.9734396, 42.020733599999986 ], [ -87.9738041, 42.0207312 ], [ -87.973803, 42.020709 ], [ -87.973845, 42.020709 ], [ -87.973845, 42.0206582 ], [ -87.9740637, 42.0206532 ], [ -87.9740714, 42.0208452 ], [ -87.974014, 42.020845199999982 ], [ -87.974014, 42.0209019 ], [ -87.9739996, 42.0209019 ], [ -87.9740018, 42.0210069 ], [ -87.9741377, 42.021006899999989 ], [ -87.9741388, 42.0210438 ], [ -87.974373, 42.0210414 ], [ -87.974373, 42.0209051 ], [ -87.9744326, 42.020903499999989 ], [ -87.974426, 42.0205096 ], [ -87.9737091, 42.0205228 ], [ -87.9737113, 42.0205909 ], [ -87.9734385, 42.0205925 ], [ -87.9734396, 42.020733599999986 ] ] ] } },
{ "type": "Feature", "properties": { "analysis_unit_id": "microsoft_elk_grove_campus", "query_zone_id": "zone_02", "overture_id": "e768eada-04f9-4685-a657-b82299fd8595", "building_area_m2": 2553.9, "distance_to_reference_m": 305.3, "reference_intersection_m2": 0.0, "search_method": "distance_to_reference_geometry", "search_distance_m": 400, "overture_release": "2026-08-19.0", "source_datasets": "OpenStreetMap|USGS Lidar", "source_update_time": "2016-03-16T19:24:44.000Z", "source_record_ids": "w404123783@1", "review_status": "candidate_needs_visual_review" }, "geometry": { "type": "Polygon", "coordinates": [ [ [ -87.9680728, 42.0256186 ], [ -87.9680712, 42.0253127 ], [ -87.968011, 42.0253104 ], [ -87.9680142, 42.0251221 ], [ -87.9680743, 42.0251221 ], [ -87.9680696, 42.0249245 ], [ -87.9676372, 42.024921 ], [ -87.9676435, 42.0252763 ], [ -87.9677877, 42.0252763 ], [ -87.9677893, 42.0253516 ], [ -87.967642, 42.0253492 ], [ -87.9676427, 42.0256197 ], [ -87.9680728, 42.0256186 ] ] ] } },
{ "type": "Feature", "properties": { "analysis_unit_id": "microsoft_elk_grove_campus", "query_zone_id": "zone_02", "overture_id": "42edaf6c-7098-4929-b2dd-0e4992f03427", "building_area_m2": 2298.4, "distance_to_reference_m": 134.6, "reference_intersection_m2": 0.0, "search_method": "distance_to_reference_geometry", "search_distance_m": 400, "overture_release": "2026-08-19.0", "source_datasets": "OpenStreetMap|USGS Lidar", "source_update_time": "2016-03-16T19:28:22.000Z", "source_record_ids": "w404124247@1", "review_status": "candidate_needs_visual_review" }, "geometry": { "type": "Polygon", "coordinates": [ [ [ -87.9695306, 42.02411930000001 ], [ -87.9695234, 42.0234848 ], [ -87.9691326, 42.0234816 ], [ -87.9691363, 42.024120899999986 ], [ -87.9695306, 42.02411930000001 ] ] ] } },
{ "type": "Feature", "properties": { "analysis_unit_id": "microsoft_elk_grove_campus", "query_zone_id": "zone_02", "overture_id": "1d582331-5704-455b-9189-44ac59619b9b", "building_area_m2": 2156.3, "distance_to_reference_m": 148.3, "reference_intersection_m2": 0.0, "search_method": "distance_to_reference_geometry", "search_distance_m": 400, "overture_release": "2026-08-19.0", "source_datasets": "OpenStreetMap|USGS Lidar", "source_update_time": "2016-03-16T19:28:22.000Z", "source_record_ids": "w404124249@1", "review_status": "candidate_needs_visual_review" }, "geometry": { "type": "Polygon", "coordinates": [ [ [ -87.969674, 42.0246063 ], [ -87.969674, 42.0241682 ], [ -87.9691368, 42.0241722 ], [ -87.9691417, 42.024611299999989 ], [ -87.969674, 42.0246063 ] ] ] } },
{ "type": "Feature", "properties": { "analysis_unit_id": "microsoft_elk_grove_campus", "query_zone_id": "zone_02", "overture_id": "3abe805b-708c-4d3a-8b59-c9e87922a1ea", "building_area_m2": 2040.7, "distance_to_reference_m": 206.2, "reference_intersection_m2": 0.0, "search_method": "distance_to_reference_geometry", "search_distance_m": 400, "overture_release": "2026-08-19.0", "source_datasets": "OpenStreetMap|USGS Lidar", "source_update_time": "2016-03-11T22:07:40.000Z", "source_record_ids": "w403177677@1", "review_status": "candidate_needs_visual_review" }, "geometry": { "type": "Polygon", "coordinates": [ [ [ -87.9694349, 42.0207021 ], [ -87.9694427, 42.0213049 ], [ -87.9698106, 42.0213049 ], [ -87.9698041, 42.0207031 ], [ -87.9694349, 42.0207021 ] ] ] } },
{ "type": "Feature", "properties": { "analysis_unit_id": "microsoft_elk_grove_campus", "query_zone_id": "zone_02", "overture_id": "52a5bb70-c882-4c4b-9ed6-1d0c84a2b759", "building_area_m2": 1877.3, "distance_to_reference_m": 392.5, "reference_intersection_m2": 0.0, "search_method": "distance_to_reference_geometry", "search_distance_m": 400, "overture_release": "2026-08-19.0", "source_datasets": "OpenStreetMap|USGS Lidar", "source_update_time": "2016-03-15T03:39:08.000Z", "source_record_ids": "w403775954@1", "review_status": "candidate_needs_visual_review" }, "geometry": { "type": "Polygon", "coordinates": [ [ [ -87.9660818, 42.0248113 ], [ -87.9666064, 42.0248102 ], [ -87.9666032, 42.0244199 ], [ -87.9660818, 42.0244207 ], [ -87.9660818, 42.0248113 ] ] ] } },
{ "type": "Feature", "properties": { "analysis_unit_id": "microsoft_elk_grove_campus", "query_zone_id": "zone_02", "overture_id": "23cb7842-f4d0-489d-8b08-8fc4136fccd5", "building_area_m2": 1839.3, "distance_to_reference_m": 296.3, "reference_intersection_m2": 0.0, "search_method": "distance_to_reference_geometry", "search_distance_m": 400, "overture_release": "2026-08-19.0", "source_datasets": "OpenStreetMap|USGS Lidar", "source_update_time": "2016-03-11T22:07:40.000Z", "source_record_ids": "w403177679@1", "review_status": "candidate_needs_visual_review" }, "geometry": { "type": "Polygon", "coordinates": [ [ [ -87.9701315, 42.0202107 ], [ -87.9708585, 42.0202107 ], [ -87.9708569, 42.0201277 ], [ -87.9708791, 42.0201272 ], [ -87.9708783, 42.0200636 ], [ -87.9708989, 42.020063 ], [ -87.9708989, 42.019943599999984 ], [ -87.970126, 42.019946 ], [ -87.9701315, 42.0202107 ] ] ] } },
{ "type": "Feature", "properties": { "analysis_unit_id": "microsoft_elk_grove_campus", "query_zone_id": "zone_02", "overture_id": "ed23b3b8-7143-479b-8fdc-d5064375aee9", "building_area_m2": 1704.9, "distance_to_reference_m": 267.3, "reference_intersection_m2": 0.0, "search_method": "distance_to_reference_geometry", "search_distance_m": 400, "overture_release": "2026-08-19.0", "source_datasets": "OpenStreetMap|USGS Lidar", "source_update_time": "2016-03-22T02:18:54.000Z", "source_record_ids": "w405041371@1", "review_status": "candidate_needs_visual_review" }, "geometry": { "type": "Polygon", "coordinates": [ [ [ -87.9763773, 42.0215452 ], [ -87.9761815, 42.0219098 ], [ -87.9762834, 42.0219457 ], [ -87.9762968, 42.0219277 ], [ -87.9763988, 42.0219616 ], [ -87.9765972, 42.0216189 ], [ -87.9765034, 42.021595 ], [ -87.976524800000021, 42.021567099999984 ], [ -87.9765168, 42.0215292 ], [ -87.9766133, 42.0215292 ], [ -87.9766187, 42.0211626 ], [ -87.9764953, 42.0211626 ], [ -87.976498, 42.021140699999989 ], [ -87.9763773, 42.0211367 ], [ -87.9763773, 42.0215452 ] ] ] } },
{ "type": "Feature", "properties": { "analysis_unit_id": "microsoft_elk_grove_campus", "query_zone_id": "zone_02", "overture_id": "2a6b51fd-89f6-47ad-9e1b-5d87cdd6354a", "building_area_m2": 1564.2, "distance_to_reference_m": 145.8, "reference_intersection_m2": 0.0, "search_method": "distance_to_reference_geometry", "search_distance_m": 400, "overture_release": "2026-08-19.0", "source_datasets": "OpenStreetMap|USGS Lidar", "source_update_time": "2016-03-11T22:07:40.000Z", "source_record_ids": "w403177672@1", "review_status": "candidate_needs_visual_review" }, "geometry": { "type": "Polygon", "coordinates": [ [ [ -87.9704787, 42.0216571 ], [ -87.9705969, 42.021580499999985 ], [ -87.9705948, 42.0215118 ], [ -87.9706979, 42.021513399999989 ], [ -87.9706979, 42.021266 ], [ -87.9702123, 42.0212692 ], [ -87.9702102, 42.021655499999987 ], [ -87.9704787, 42.0216571 ] ] ] } },
{ "type": "Feature", "properties": { "analysis_unit_id": "microsoft_elk_grove_campus", "query_zone_id": "zone_02", "overture_id": "e37eb4b8-e2b7-4784-9b4b-ca6dd2da587e", "building_area_m2": 1555.6, "distance_to_reference_m": 217.9, "reference_intersection_m2": 0.0, "search_method": "distance_to_reference_geometry", "search_distance_m": 400, "overture_release": "2026-08-19.0", "source_datasets": "OpenStreetMap|USGS Lidar", "source_update_time": "2016-03-15T07:44:09.000Z", "source_record_ids": "w403807405@1", "review_status": "candidate_needs_visual_review" }, "geometry": { "type": "Polygon", "coordinates": [ [ [ -87.9703005, 42.0209383 ], [ -87.9706956, 42.0209377 ], [ -87.9706947, 42.0205268 ], [ -87.9705901, 42.0205258 ], [ -87.9705901, 42.020467 ], [ -87.9704869, 42.020467 ], [ -87.9704882, 42.0205258 ], [ -87.9702978, 42.0205258 ], [ -87.9703005, 42.0209383 ] ] ] } },
{ "type": "Feature", "properties": { "analysis_unit_id": "microsoft_elk_grove_campus", "query_zone_id": "zone_02", "overture_id": "df96f6d4-75b1-4024-b855-c5b562e56957", "building_area_m2": 1553.9, "distance_to_reference_m": 263.0, "reference_intersection_m2": 0.0, "search_method": "distance_to_reference_geometry", "search_distance_m": 400, "overture_release": "2026-08-19.0", "source_datasets": "OpenStreetMap|USGS Lidar", "source_update_time": "2016-03-16T19:24:43.000Z", "source_record_ids": "w404123775@1", "review_status": "candidate_needs_visual_review" }, "geometry": { "type": "Polygon", "coordinates": [ [ [ -87.967973, 42.0237444 ], [ -87.9679682, 42.0232561 ], [ -87.967626100000018, 42.0232596 ], [ -87.9676253, 42.0237514 ], [ -87.967973, 42.0237444 ] ] ] } },
{ "type": "Feature", "properties": { "analysis_unit_id": "microsoft_elk_grove_campus", "query_zone_id": "zone_02", "overture_id": "940732ee-0e65-441a-9a19-1242a97a29f2", "building_area_m2": 1541.3, "distance_to_reference_m": 166.7, "reference_intersection_m2": 0.0, "search_method": "distance_to_reference_geometry", "search_distance_m": 400, "overture_release": "2026-08-19.0", "source_datasets": "OpenStreetMap|USGS Lidar", "source_update_time": "2016-03-14T01:49:43.000Z", "source_record_ids": "w403554946@1", "review_status": "candidate_needs_visual_review" }, "geometry": { "type": "Polygon", "coordinates": [ [ [ -87.9730387, 42.0211582 ], [ -87.9730442, 42.0213765 ], [ -87.9735987, 42.0213683 ], [ -87.9735932, 42.0211246 ], [ -87.973496, 42.021054 ], [ -87.9730829, 42.0210589 ], [ -87.9730829, 42.0211566 ], [ -87.9730387, 42.0211582 ] ] ] } },
{ "type": "Feature", "properties": { "analysis_unit_id": "microsoft_elk_grove_campus", "query_zone_id": "zone_02", "overture_id": "3951793e-8382-4b09-bfb1-0d9b451235aa", "building_area_m2": 1451.0, "distance_to_reference_m": 169.7, "reference_intersection_m2": 0.0, "search_method": "distance_to_reference_geometry", "search_distance_m": 400, "overture_release": "2026-08-19.0", "source_datasets": "OpenStreetMap|USGS Lidar", "source_update_time": "2016-03-16T19:33:13.000Z", "source_record_ids": "w404124971@1", "review_status": "candidate_needs_visual_review" }, "geometry": { "type": "Polygon", "coordinates": [ [ [ -87.9748882, 42.02122 ], [ -87.9748973, 42.021994399999983 ], [ -87.9750993, 42.0219944 ], [ -87.9750938, 42.02122 ], [ -87.9748882, 42.02122 ] ] ] } },
{ "type": "Feature", "properties": { "analysis_unit_id": "microsoft_elk_grove_campus", "query_zone_id": "zone_02", "overture_id": "d2caa877-bc3d-462e-9a41-388c86d5dc45", "building_area_m2": 1417.7, "distance_to_reference_m": 324.6, "reference_intersection_m2": 0.0, "search_method": "distance_to_reference_geometry", "search_distance_m": 400, "overture_release": "2026-08-19.0", "source_datasets": "OpenStreetMap|USGS Lidar", "source_update_time": "2016-03-16T06:26:09.000Z", "source_record_ids": "w404001724@1", "review_status": "candidate_needs_visual_review" }, "geometry": { "type": "Polygon", "coordinates": [ [ [ -87.9672199, 42.0237067 ], [ -87.967226, 42.0234497 ], [ -87.9670691, 42.0234522 ], [ -87.9670702, 42.0233964 ], [ -87.9666991, 42.0233988 ], [ -87.9667013, 42.0237098 ], [ -87.9672199, 42.0237067 ] ] ] } },
{ "type": "Feature", "properties": { "analysis_unit_id": "microsoft_elk_grove_campus", "query_zone_id": "zone_02", "overture_id": "62a3ee7a-38d5-401f-8c5f-c5359796a969", "building_area_m2": 1402.6, "distance_to_reference_m": 264.7, "reference_intersection_m2": 0.0, "search_method": "distance_to_reference_geometry", "search_distance_m": 400, "overture_release": "2026-08-19.0", "source_datasets": "OpenStreetMap|USGS Lidar", "source_update_time": "2016-03-15T07:41:05.000Z", "source_record_ids": "w403807054@1", "review_status": "candidate_needs_visual_review" }, "geometry": { "type": "Polygon", "coordinates": [ [ [ -87.9694337, 42.0206374 ], [ -87.9700292, 42.020638 ], [ -87.970026, 42.0203821 ], [ -87.9694305, 42.0203809 ], [ -87.9694337, 42.0206374 ] ] ] } },
{ "type": "Feature", "properties": { "analysis_unit_id": "microsoft_elk_grove_campus", "query_zone_id": "zone_02", "overture_id": "a00778e5-5838-46a0-9f05-cc66046e42ce", "building_area_m2": 1393.5, "distance_to_reference_m": 369.7, "reference_intersection_m2": 0.0, "search_method": "distance_to_reference_geometry", "search_distance_m": 400, "overture_release": "2026-08-19.0", "source_datasets": "OpenStreetMap|USGS Lidar", "source_update_time": "2016-03-15T07:41:05.000Z", "source_record_ids": "w403807052@1", "review_status": "candidate_needs_visual_review" }, "geometry": { "type": "Polygon", "coordinates": [ [ [ -87.9703641, 42.0195464 ], [ -87.9708978, 42.0195464 ], [ -87.9708883, 42.0192581 ], [ -87.970364, 42.0192617 ], [ -87.9703641, 42.0195464 ] ] ] } },
{ "type": "Feature", "properties": { "analysis_unit_id": "microsoft_elk_grove_campus", "query_zone_id": "zone_02", "overture_id": "e2052355-0d19-4ce1-aa8e-25ef732c909e", "building_area_m2": 1389.8, "distance_to_reference_m": 331.9, "reference_intersection_m2": 0.0, "search_method": "distance_to_reference_geometry", "search_distance_m": 400, "overture_release": "2026-08-19.0", "source_datasets": "OpenStreetMap|USGS Lidar", "source_update_time": "2016-03-15T07:41:05.000Z", "source_record_ids": "w403807053@1", "review_status": "candidate_needs_visual_review" }, "geometry": { "type": "Polygon", "coordinates": [ [ [ -87.9703657, 42.0198894 ], [ -87.9709009, 42.019887099999984 ], [ -87.9708898, 42.0196011 ], [ -87.9703656, 42.0196047 ], [ -87.9703657, 42.0198894 ] ] ] } },
{ "type": "Feature", "properties": { "analysis_unit_id": "microsoft_elk_grove_campus", "query_zone_id": "zone_02", "overture_id": "172f68a7-235d-4351-a4fe-abe568bbc1f5", "building_area_m2": 1370.4, "distance_to_reference_m": 216.5, "reference_intersection_m2": 0.0, "search_method": "distance_to_reference_geometry", "search_distance_m": 400, "overture_release": "2026-08-19.0", "source_datasets": "OpenStreetMap|USGS Lidar", "source_update_time": "2016-03-16T19:24:43.000Z", "source_record_ids": "w404123778@1", "review_status": "candidate_needs_visual_review" }, "geometry": { "type": "Polygon", "coordinates": [ [ [ -87.968736400000012, 42.0244327 ], [ -87.9687348, 42.0241632 ], [ -87.9683587, 42.0241598 ], [ -87.9683626, 42.024570299999986 ], [ -87.9687063, 42.0245692 ], [ -87.9687063, 42.0244339 ], [ -87.968736400000012, 42.0244327 ] ] ] } },
{ "type": "Feature", "properties": { "analysis_unit_id": "microsoft_elk_grove_campus", "query_zone_id": "zone_02", "overture_id": "9a94a52a-1a4d-4728-ba47-54bfb9e37227", "building_area_m2": 1328.3, "distance_to_reference_m": 219.8, "reference_intersection_m2": 0.0, "search_method": "distance_to_reference_geometry", "search_distance_m": 400, "overture_release": "2026-08-19.0", "source_datasets": "OpenStreetMap|USGS Lidar", "source_update_time": "2016-03-15T07:35:35.000Z", "source_record_ids": "w403804899@1", "review_status": "candidate_needs_visual_review" }, "geometry": { "type": "Polygon", "coordinates": [ [ [ -87.9687121, 42.0220877 ], [ -87.9687121, 42.0218369 ], [ -87.968627500000011, 42.0218369 ], [ -87.9686265, 42.0217712 ], [ -87.9687082, 42.0217712 ], [ -87.9687054, 42.0216848 ], [ -87.9688313, 42.0216841 ], [ -87.9688294, 42.0215169 ], [ -87.9684794, 42.0215226 ], [ -87.9684842, 42.0220898 ], [ -87.9687121, 42.0220877 ] ] ] } },
{ "type": "Feature", "properties": { "analysis_unit_id": "microsoft_elk_grove_campus", "query_zone_id": "zone_02", "overture_id": "b871c014-2932-4d93-b6e9-4cbbf7ba8558", "building_area_m2": 1316.7, "distance_to_reference_m": 365.6, "reference_intersection_m2": 0.0, "search_method": "distance_to_reference_geometry", "search_distance_m": 400, "overture_release": "2026-08-19.0", "source_datasets": "OpenStreetMap|USGS Lidar", "source_update_time": "2016-03-16T06:26:09.000Z", "source_record_ids": "w404001726@1", "review_status": "candidate_needs_visual_review" }, "geometry": { "type": "Polygon", "coordinates": [ [ [ -87.9670098, 42.0250469 ], [ -87.9670072, 42.0245565 ], [ -87.9667103, 42.024559199999985 ], [ -87.9667232, 42.0250505 ], [ -87.9670098, 42.0250469 ] ] ] } },
{ "type": "Feature", "properties": { "analysis_unit_id": "microsoft_elk_grove_campus", "query_zone_id": "zone_02", "overture_id": "410b0501-c9a7-4ec2-99b1-59046f0aa355", "building_area_m2": 1222.9, "distance_to_reference_m": 245.9, "reference_intersection_m2": 0.0, "search_method": "distance_to_reference_geometry", "search_distance_m": 400, "overture_release": "2026-08-19.0", "source_datasets": "OpenStreetMap|USGS Lidar", "source_update_time": "2016-03-15T07:44:09.000Z", "source_record_ids": "w403807404@1", "review_status": "candidate_needs_visual_review" }, "geometry": { "type": "Polygon", "coordinates": [ [ [ -87.9683791, 42.0213246 ], [ -87.9690215, 42.0213256 ], [ -87.9690221, 42.021119 ], [ -87.9683724, 42.0211194 ], [ -87.9683791, 42.0213246 ] ] ] } },
{ "type": "Feature", "properties": { "analysis_unit_id": "microsoft_elk_grove_campus", "query_zone_id": "zone_02", "overture_id": "49c4ecb8-14ec-4e65-9381-34a5e5e9fc29", "building_area_m2": 1153.0, "distance_to_reference_m": 228.1, "reference_intersection_m2": 0.0, "search_method": "distance_to_reference_geometry", "search_distance_m": 400, "overture_release": "2026-08-19.0", "source_datasets": "OpenStreetMap|USGS Lidar", "source_update_time": "2016-03-15T07:35:35.000Z", "source_record_ids": "w403804898@1", "review_status": "candidate_needs_visual_review" }, "geometry": { "type": "Polygon", "coordinates": [ [ [ -87.9711412, 42.0206124 ], [ -87.9711479, 42.020816 ], [ -87.9716277, 42.0208089 ], [ -87.9716287, 42.020536 ], [ -87.9712508, 42.0205374 ], [ -87.9712498, 42.020611700000011 ], [ -87.9711412, 42.0206124 ] ] ] } },
{ "type": "Feature", "properties": { "analysis_unit_id": "microsoft_elk_grove_campus", "query_zone_id": "zone_02", "overture_id": "20d1a1de-027e-49b3-a843-51512f6be922", "building_area_m2": 1128.6, "distance_to_reference_m": 152.0, "reference_intersection_m2": 0.0, "search_method": "distance_to_reference_geometry", "search_distance_m": 400, "overture_release": "2026-08-19.0", "source_datasets": "OpenStreetMap|USGS Lidar", "source_update_time": "2015-12-10T06:52:26.000Z", "source_record_ids": "w385213907@1", "review_status": "candidate_needs_visual_review" }, "geometry": { "type": "Polygon", "coordinates": [ [ [ -87.9725052, 42.0215073 ], [ -87.9729489, 42.0215021 ], [ -87.9729419, 42.0212263 ], [ -87.9724971, 42.0212306 ], [ -87.9725052, 42.0215073 ] ] ] } },
{ "type": "Feature", "properties": { "analysis_unit_id": "microsoft_elk_grove_campus", "query_zone_id": "zone_02", "overture_id": "5982db6e-9db3-4741-9d29-6b7ff8c9eee3", "building_area_m2": 1062.1, "distance_to_reference_m": 342.7, "reference_intersection_m2": 0.0, "search_method": "distance_to_reference_geometry", "search_distance_m": 400, "overture_release": "2026-08-19.0", "source_datasets": "OpenStreetMap|USGS Lidar", "source_update_time": "2016-03-22T02:18:54.000Z", "source_record_ids": "w405041366@1", "review_status": "candidate_needs_visual_review" }, "geometry": { "type": "Polygon", "coordinates": [ [ [ -87.9775679, 42.02420510000001 ], [ -87.9776974, 42.0242036 ], [ -87.97769940000002, 42.0241037 ], [ -87.9776796, 42.0240986 ], [ -87.9776806, 42.0240582 ], [ -87.9776974, 42.0240516 ], [ -87.9776935, 42.0239517 ], [ -87.977563, 42.0239517 ], [ -87.977563, 42.0239128 ], [ -87.9773079, 42.0239135 ], [ -87.9773158, 42.0242425 ], [ -87.9775689, 42.0242389 ], [ -87.9775679, 42.02420510000001 ] ] ] } },
{ "type": "Feature", "properties": { "analysis_unit_id": "microsoft_elk_grove_campus", "query_zone_id": "zone_02", "overture_id": "931e31c2-615c-4e06-b808-fe0daa41dfcd", "building_area_m2": 1062.0, "distance_to_reference_m": 338.3, "reference_intersection_m2": 0.0, "search_method": "distance_to_reference_geometry", "search_distance_m": 400, "overture_release": "2026-08-19.0", "source_datasets": "OpenStreetMap|USGS Lidar", "source_update_time": "2016-03-22T02:18:54.000Z", "source_record_ids": "w405041368@1", "review_status": "candidate_needs_visual_review" }, "geometry": { "type": "Polygon", "coordinates": [ [ [ -87.9775659, 42.023823899999989 ], [ -87.9776954, 42.0238224 ], [ -87.9776974, 42.0237226 ], [ -87.9776776, 42.02371740000001 ], [ -87.9776786, 42.023677 ], [ -87.9776954, 42.0236704 ], [ -87.9776915, 42.0235706 ], [ -87.977561, 42.0235706 ], [ -87.977561, 42.0235316 ], [ -87.9773059, 42.0235324 ], [ -87.9773138, 42.0238614 ], [ -87.9775669, 42.0238577 ], [ -87.9775659, 42.023823899999989 ] ] ] } },
{ "type": "Feature", "properties": { "analysis_unit_id": "microsoft_elk_grove_campus", "query_zone_id": "zone_02", "overture_id": "c6c573d7-4271-44f6-bdc7-dfdf1b943e70", "building_area_m2": 1062.0, "distance_to_reference_m": 337.7, "reference_intersection_m2": 0.0, "search_method": "distance_to_reference_geometry", "search_distance_m": 400, "overture_release": "2026-08-19.0", "source_datasets": "OpenStreetMap|USGS Lidar", "source_update_time": "2016-03-22T02:18:54.000Z", "source_record_ids": "w405041369@1", "review_status": "candidate_needs_visual_review" }, "geometry": { "type": "Polygon", "coordinates": [ [ [ -87.977563, 42.0234398 ], [ -87.9776925, 42.0234384 ], [ -87.9776944, 42.023338500000015 ], [ -87.9776747, 42.023333300000012 ], [ -87.97767570000002, 42.023293 ], [ -87.9776925, 42.0232863 ], [ -87.9776885, 42.0231865 ], [ -87.977558, 42.0231865 ], [ -87.977558, 42.0231475 ], [ -87.977303, 42.0231483 ], [ -87.9773109, 42.0234773 ], [ -87.9775639, 42.02347360000001 ], [ -87.977563, 42.0234398 ] ] ] } },
{ "type": "Feature", "properties": { "analysis_unit_id": "microsoft_elk_grove_campus", "query_zone_id": "zone_02", "overture_id": "7415c3a8-a3b3-47cd-a338-8218eb408cfd", "building_area_m2": 1062.0, "distance_to_reference_m": 337.2, "reference_intersection_m2": 0.0, "search_method": "distance_to_reference_geometry", "search_distance_m": 400, "overture_release": "2026-08-19.0", "source_datasets": "OpenStreetMap|USGS Lidar", "source_update_time": "2016-03-22T02:18:54.000Z", "source_record_ids": "w405041370@1", "review_status": "candidate_needs_visual_review" }, "geometry": { "type": "Polygon", "coordinates": [ [ [ -87.977557, 42.0230594 ], [ -87.9776865, 42.0230579 ], [ -87.9776885, 42.0229581 ], [ -87.9776687, 42.0229529 ], [ -87.9776697, 42.0229125 ], [ -87.9776865, 42.0229059 ], [ -87.9776826, 42.0228061 ], [ -87.9775521, 42.0228061 ], [ -87.9775521, 42.022767099999989 ], [ -87.977297, 42.0227679 ], [ -87.9773049, 42.0230969 ], [ -87.977558, 42.0230932 ], [ -87.977557, 42.0230594 ] ] ] } },
{ "type": "Feature", "properties": { "analysis_unit_id": "microsoft_elk_grove_campus", "query_zone_id": "zone_02", "overture_id": "cdae1e56-8563-485e-a47e-1bc884d15449", "building_area_m2": 1049.3, "distance_to_reference_m": 352.6, "reference_intersection_m2": 0.0, "search_method": "distance_to_reference_geometry", "search_distance_m": 400, "overture_release": "2026-08-19.0", "source_datasets": "OpenStreetMap|USGS Lidar", "source_update_time": "2016-03-22T02:18:54.000Z", "source_record_ids": "w405041367@1", "review_status": "candidate_needs_visual_review" }, "geometry": { "type": "Polygon", "coordinates": [ [ [ -87.9776349, 42.0246119 ], [ -87.9777041, 42.0245576 ], [ -87.9776992, 42.0243343 ], [ -87.9775677, 42.0243358 ], [ -87.9775677, 42.0243013 ], [ -87.9773126, 42.024302 ], [ -87.9773225, 42.0246193 ], [ -87.9776349, 42.0246119 ] ] ] } },
{ "type": "Feature", "properties": { "analysis_unit_id": "microsoft_elk_grove_campus", "query_zone_id": "zone_02", "overture_id": "739c5e19-7041-415b-969c-0c33b8d9b674", "building_area_m2": 1048.8, "distance_to_reference_m": 384.2, "reference_intersection_m2": 0.0, "search_method": "distance_to_reference_geometry", "search_distance_m": 400, "overture_release": "2026-08-19.0", "source_datasets": "OpenStreetMap|USGS Lidar", "source_update_time": "2016-03-15T07:44:09.000Z", "source_record_ids": "w403807408@1", "review_status": "candidate_needs_visual_review" }, "geometry": { "type": "Polygon", "coordinates": [ [ [ -87.9713111, 42.0194109 ], [ -87.9719185, 42.0194108 ], [ -87.9719168, 42.0192143 ], [ -87.971440500000014, 42.0192152 ], [ -87.9714389, 42.0192521 ], [ -87.971312700000013, 42.0192512 ], [ -87.9713111, 42.0194109 ] ] ] } },
{ "type": "Feature", "properties": { "analysis_unit_id": "microsoft_elk_grove_campus", "query_zone_id": "zone_02", "overture_id": "cb1a5bd0-e065-4884-bb12-f74122807eb6", "building_area_m2": 1001.9, "distance_to_reference_m": 390.8, "reference_intersection_m2": 0.0, "search_method": "distance_to_reference_geometry", "search_distance_m": 400, "overture_release": "2026-08-19.0", "source_datasets": "OpenStreetMap|USGS Lidar", "source_update_time": "2016-03-15T07:35:36.000Z", "source_record_ids": "w403804922@1", "review_status": "candidate_needs_visual_review" }, "geometry": { "type": "Polygon", "coordinates": [ [ [ -87.9668597, 42.0209553 ], [ -87.967193300000019, 42.0209508 ], [ -87.9671923, 42.0206271 ], [ -87.9668597, 42.0206247 ], [ -87.9668597, 42.0209553 ] ] ] } },
{ "type": "Feature", "properties": { "analysis_unit_id": "microsoft_elk_grove_campus", "query_zone_id": "zone_02", "overture_id": "888ff687-42a1-49bf-889f-8fb241e691f7", "building_area_m2": 974.6, "distance_to_reference_m": 336.6, "reference_intersection_m2": 0.0, "search_method": "distance_to_reference_geometry", "search_distance_m": 400, "overture_release": "2026-08-19.0", "source_datasets": "OpenStreetMap|USGS Lidar", "source_update_time": "2023-10-28T20:23:19.000Z", "source_record_ids": "w404001725@1", "review_status": "candidate_needs_visual_review" }, "geometry": { "type": "Polygon", "coordinates": [ [ [ -87.9672226, 42.0244973 ], [ -87.9672208, 42.0241985 ], [ -87.966866, 42.0241997 ], [ -87.966867800000017, 42.0244985 ], [ -87.9672226, 42.0244973 ] ] ] } },
{ "type": "Feature", "properties": { "analysis_unit_id": "microsoft_elk_grove_campus", "query_zone_id": "zone_02", "overture_id": "159c2ea9-bd98-4e2e-a7e6-b6f91c4b71f0", "building_area_m2": 948.5, "distance_to_reference_m": 339.0, "reference_intersection_m2": 0.0, "search_method": "distance_to_reference_geometry", "search_distance_m": 400, "overture_release": "2026-08-19.0", "source_datasets": "OpenStreetMap|USGS Lidar", "source_update_time": "2016-03-15T07:35:36.000Z", "source_record_ids": "w403804918@1", "review_status": "candidate_needs_visual_review" }, "geometry": { "type": "Polygon", "coordinates": [ [ [ -87.9668153, 42.022112 ], [ -87.9671844, 42.0221102 ], [ -87.9671832, 42.0218313 ], [ -87.966813, 42.0218327 ], [ -87.9668153, 42.022112 ] ] ] } },
{ "type": "Feature", "properties": { "analysis_unit_id": "microsoft_elk_grove_campus", "query_zone_id": "zone_02", "overture_id": "ab205051-4299-4f96-9548-0ddd8b9423f9", "building_area_m2": 934.8, "distance_to_reference_m": 95.0, "reference_intersection_m2": 0.0, "search_method": "distance_to_reference_geometry", "search_distance_m": 400, "overture_release": "2026-08-19.0", "source_datasets": "OpenStreetMap|USGS Lidar", "source_update_time": "2016-03-15T21:15:55.000Z", "source_record_ids": "w403939571@1", "review_status": "candidate_needs_visual_review" }, "geometry": { "type": "Polygon", "coordinates": [ [ [ -87.9732245, 42.0217489 ], [ -87.9732362, 42.022023 ], [ -87.9736039, 42.0220161 ], [ -87.9735946, 42.0217394 ], [ -87.9732245, 42.0217489 ] ] ] } },
{ "type": "Feature", "properties": { "analysis_unit_id": "microsoft_elk_grove_campus", "query_zone_id": "zone_02", "overture_id": "c3892d41-350c-4e3e-8939-dd1047ea5c7d", "building_area_m2": 932.5, "distance_to_reference_m": 280.1, "reference_intersection_m2": 0.0, "search_method": "distance_to_reference_geometry", "search_distance_m": 400, "overture_release": "2026-08-19.0", "source_datasets": "OpenStreetMap|USGS Lidar", "source_update_time": "2016-03-16T19:24:44.000Z", "source_record_ids": "w404123780@1", "review_status": "candidate_needs_visual_review" }, "geometry": { "type": "Polygon", "coordinates": [ [ [ -87.9680062, 42.0246209 ], [ -87.9680062, 42.024348 ], [ -87.967638, 42.0243398 ], [ -87.967642, 42.0246209 ], [ -87.9680062, 42.0246209 ] ] ] } },
{ "type": "Feature", "properties": { "analysis_unit_id": "microsoft_elk_grove_campus", "query_zone_id": "zone_02", "overture_id": "249be2cf-9fd5-41e9-9c3b-1a896953e171", "building_area_m2": 930.6, "distance_to_reference_m": 308.3, "reference_intersection_m2": 0.0, "search_method": "distance_to_reference_geometry", "search_distance_m": 400, "overture_release": "2026-08-19.0", "source_datasets": "OpenStreetMap|USGS Lidar", "source_update_time": "2016-03-15T07:44:09.000Z", "source_record_ids": "w403807403@1", "review_status": "candidate_needs_visual_review" }, "geometry": { "type": "Polygon", "coordinates": [ [ [ -87.9676154, 42.0213027 ], [ -87.9680763, 42.0213027 ], [ -87.9680747, 42.0210827 ], [ -87.9676106, 42.021085 ], [ -87.9676154, 42.0213027 ] ] ] } },
{ "type": "Feature", "properties": { "analysis_unit_id": "microsoft_elk_grove_campus", "query_zone_id": "zone_02", "overture_id": "c1800a8e-3fba-4f7c-83c9-550009eb4771", "building_area_m2": 930.6, "distance_to_reference_m": 327.5, "reference_intersection_m2": 0.0, "search_method": "distance_to_reference_geometry", "search_distance_m": 400, "overture_release": "2026-08-19.0", "source_datasets": "OpenStreetMap|USGS Lidar", "source_update_time": "2016-03-15T07:35:35.000Z", "source_record_ids": "w403804911@1", "review_status": "candidate_needs_visual_review" }, "geometry": { "type": "Polygon", "coordinates": [ [ [ -87.9676008, 42.0210276 ], [ -87.9680617, 42.0210276 ], [ -87.968060100000017, 42.0208076 ], [ -87.967596, 42.0208099 ], [ -87.9676008, 42.0210276 ] ] ] } },
{ "type": "Feature", "properties": { "analysis_unit_id": "microsoft_elk_grove_campus", "query_zone_id": "zone_02", "overture_id": "df2e1856-383c-4b79-88da-9f9556793ed1", "building_area_m2": 930.6, "distance_to_reference_m": 266.4, "reference_intersection_m2": 0.0, "search_method": "distance_to_reference_geometry", "search_distance_m": 400, "overture_release": "2026-08-19.0", "source_datasets": "OpenStreetMap|USGS Lidar", "source_update_time": "2016-03-15T07:35:35.000Z", "source_record_ids": "w403804909@1", "review_status": "candidate_needs_visual_review" }, "geometry": { "type": "Polygon", "coordinates": [ [ [ -87.9685701, 42.0210647 ], [ -87.969031, 42.0210647 ], [ -87.9690294, 42.0208447 ], [ -87.9685653, 42.020847 ], [ -87.9685701, 42.0210647 ] ] ] } },
{ "type": "Feature", "properties": { "analysis_unit_id": "microsoft_elk_grove_campus", "query_zone_id": "zone_02", "overture_id": "8f4ea670-5c78-4ded-8ddc-4c6a0969b18b", "building_area_m2": 930.5, "distance_to_reference_m": 347.3, "reference_intersection_m2": 0.0, "search_method": "distance_to_reference_geometry", "search_distance_m": 400, "overture_release": "2026-08-19.0", "source_datasets": "OpenStreetMap|USGS Lidar", "source_update_time": "2016-03-15T07:35:35.000Z", "source_record_ids": "w403804912@1", "review_status": "candidate_needs_visual_review" }, "geometry": { "type": "Polygon", "coordinates": [ [ [ -87.9675976, 42.0207558 ], [ -87.9680585, 42.0207558 ], [ -87.9680569, 42.0205358 ], [ -87.9675929, 42.02053810000001 ], [ -87.9675976, 42.0207558 ] ] ] } },
{ "type": "Feature", "properties": { "analysis_unit_id": "microsoft_elk_grove_campus", "query_zone_id": "zone_02", "overture_id": "83b3425e-c125-4bcd-a51c-773596634949", "building_area_m2": 930.3, "distance_to_reference_m": 290.2, "reference_intersection_m2": 0.0, "search_method": "distance_to_reference_geometry", "search_distance_m": 400, "overture_release": "2026-08-19.0", "source_datasets": "OpenStreetMap|USGS Lidar", "source_update_time": "2016-03-15T07:35:35.000Z", "source_record_ids": "w403804910@1", "review_status": "candidate_needs_visual_review" }, "geometry": { "type": "Polygon", "coordinates": [ [ [ -87.9685685, 42.0207899 ], [ -87.9690294, 42.0207899 ], [ -87.9690278, 42.020569899999984 ], [ -87.9685638, 42.0205723 ], [ -87.9685685, 42.0207899 ] ] ] } },
{ "type": "Feature", "properties": { "analysis_unit_id": "microsoft_elk_grove_campus", "query_zone_id": "zone_02", "overture_id": "29532525-ec03-45a3-a86a-a51bd4142b89", "building_area_m2": 922.3, "distance_to_reference_m": 206.7, "reference_intersection_m2": 0.0, "search_method": "distance_to_reference_geometry", "search_distance_m": 400, "overture_release": "2026-08-19.0", "source_datasets": "OpenStreetMap|USGS Lidar", "source_update_time": "2016-03-16T19:24:43.000Z", "source_record_ids": "w404123776@1", "review_status": "candidate_needs_visual_review" }, "geometry": { "type": "Polygon", "coordinates": [ [ [ -87.9687253, 42.024104399999985 ], [ -87.9687285, 42.0238726 ], [ -87.9682961, 42.0238715 ], [ -87.9682984, 42.0241067 ], [ -87.9687253, 42.024104399999985 ] ] ] } },
{ "type": "Feature", "properties": { "analysis_unit_id": "microsoft_elk_grove_campus", "query_zone_id": "zone_02", "overture_id": "1f0a7745-f3e3-4ae6-89b0-06e9eb12baef", "building_area_m2": 919.1, "distance_to_reference_m": 269.4, "reference_intersection_m2": 0.0, "search_method": "distance_to_reference_geometry", "search_distance_m": 400, "overture_release": "2026-08-19.0", "source_datasets": "OpenStreetMap|USGS Lidar", "source_update_time": "2016-03-15T07:35:36.000Z", "source_record_ids": "w403804917@1", "review_status": "candidate_needs_visual_review" }, "geometry": { "type": "Polygon", "coordinates": [ [ [ -87.967655, 42.0220931 ], [ -87.9680677, 42.0220931 ], [ -87.9680666, 42.0218531 ], [ -87.9676512, 42.0218502 ], [ -87.967655, 42.0220931 ] ] ] } },
{ "type": "Feature", "properties": { "analysis_unit_id": "microsoft_elk_grove_campus", "query_zone_id": "zone_02", "overture_id": "e0fe89ea-2d46-4ecc-b7fc-a39c895dc268", "building_area_m2": 913.1, "distance_to_reference_m": 343.5, "reference_intersection_m2": 0.0, "search_method": "distance_to_reference_geometry", "search_distance_m": 400, "overture_release": "2026-08-19.0", "source_datasets": "OpenStreetMap|USGS Lidar", "source_update_time": "2016-03-22T02:18:54.000Z", "source_record_ids": "w405041365@1", "review_status": "candidate_needs_visual_review" }, "geometry": { "type": "Polygon", "coordinates": [ [ [ -87.9776884, 42.0223731 ], [ -87.9773678, 42.0223712 ], [ -87.9773683, 42.0226963 ], [ -87.9775753, 42.0226983 ], [ -87.977578, 42.0226626 ], [ -87.977683, 42.0226593 ], [ -87.9776884, 42.0223731 ] ] ] } },
{ "type": "Feature", "properties": { "analysis_unit_id": "microsoft_elk_grove_campus", "query_zone_id": "zone_02", "overture_id": "4e0e60c4-5b2b-491c-b554-3ef627f54e5c", "building_area_m2": 903.0, "distance_to_reference_m": 327.9, "reference_intersection_m2": 0.0, "search_method": "distance_to_reference_geometry", "search_distance_m": 400, "overture_release": "2026-08-19.0", "source_datasets": "OpenStreetMap|USGS Lidar", "source_update_time": "2023-10-28T20:23:19.000Z", "source_record_ids": "w1219083556@1", "review_status": "candidate_needs_visual_review" }, "geometry": { "type": "Polygon", "coordinates": [ [ [ -87.9668788, 42.0241485 ], [ -87.967112, 42.0241469 ], [ -87.9671116, 42.024113199999988 ], [ -87.96723990000001, 42.0241124 ], [ -87.9672373, 42.0238857 ], [ -87.9671087, 42.0238865 ], [ -87.9671083, 42.0238505 ], [ -87.9668753, 42.023852 ], [ -87.9668788, 42.0241485 ] ] ] } },
{ "type": "Feature", "properties": { "analysis_unit_id": "microsoft_elk_grove_campus", "query_zone_id": "zone_02", "overture_id": "4c93e563-d298-4f85-8494-3f70f37bd2ac", "building_area_m2": 895.5, "distance_to_reference_m": 281.6, "reference_intersection_m2": 0.0, "search_method": "distance_to_reference_geometry", "search_distance_m": 400, "overture_release": "2026-08-19.0", "source_datasets": "OpenStreetMap|USGS Lidar", "source_update_time": "2016-03-15T07:35:36.000Z", "source_record_ids": "w403804915@1", "review_status": "candidate_needs_visual_review" }, "geometry": { "type": "Polygon", "coordinates": [ [ [ -87.9676126, 42.0217894 ], [ -87.9680735, 42.0217894 ], [ -87.9680759, 42.0215783 ], [ -87.9676124, 42.021579 ], [ -87.9676126, 42.0217894 ] ] ] } },
{ "type": "Feature", "properties": { "analysis_unit_id": "microsoft_elk_grove_campus", "query_zone_id": "zone_02", "overture_id": "c43d764b-e6cd-4b86-840e-ce23fc7efe7a", "building_area_m2": 883.3, "distance_to_reference_m": 369.2, "reference_intersection_m2": 0.0, "search_method": "distance_to_reference_geometry", "search_distance_m": 400, "overture_release": "2026-08-19.0", "source_datasets": "OpenStreetMap|USGS Lidar", "source_update_time": "2016-03-15T07:35:36.000Z", "source_record_ids": "w403804913@1", "review_status": "candidate_needs_visual_review" }, "geometry": { "type": "Polygon", "coordinates": [ [ [ -87.9675929, 42.020478099999984 ], [ -87.9680538, 42.0204781 ], [ -87.9680522, 42.0202581 ], [ -87.967718, 42.0202622 ], [ -87.9677196, 42.0202952 ], [ -87.9675865, 42.020301100000012 ], [ -87.9675929, 42.020478099999984 ] ] ] } },
{ "type": "Feature", "properties": { "analysis_unit_id": "microsoft_elk_grove_campus", "query_zone_id": "zone_02", "overture_id": "3c10c5e7-4cc8-424a-a05c-70a7d31c87f3", "building_area_m2": 875.1, "distance_to_reference_m": 308.8, "reference_intersection_m2": 0.0, "search_method": "distance_to_reference_geometry", "search_distance_m": 400, "overture_release": "2026-08-19.0", "source_datasets": "OpenStreetMap|USGS Lidar", "source_update_time": "2016-03-15T07:41:05.000Z", "source_record_ids": "w403807055@1", "review_status": "candidate_needs_visual_review" }, "geometry": { "type": "Polygon", "coordinates": [ [ [ -87.9694242, 42.020238699999986 ], [ -87.9699454, 42.020238199999987 ], [ -87.9699463, 42.020013 ], [ -87.9698233, 42.020013 ], [ -87.9698252, 42.020068 ], [ -87.9694242, 42.0200701 ], [ -87.9694242, 42.020238699999986 ] ] ] } },
{ "type": "Feature", "properties": { "analysis_unit_id": "microsoft_elk_grove_campus", "query_zone_id": "zone_02", "overture_id": "2aab2552-d9ec-4463-948b-f285f1ff988b", "building_area_m2": 850.7, "distance_to_reference_m": 342.5, "reference_intersection_m2": 0.0, "search_method": "distance_to_reference_geometry", "search_distance_m": 400, "overture_release": "2026-08-19.0", "source_datasets": "OpenStreetMap|USGS Lidar", "source_update_time": "2016-03-15T07:35:34.000Z", "source_record_ids": "w403804895@1", "review_status": "candidate_needs_visual_review" }, "geometry": { "type": "Polygon", "coordinates": [ [ [ -87.9685551, 42.0202279 ], [ -87.969018, 42.0202274 ], [ -87.9690186, 42.0201568 ], [ -87.9688744, 42.0201533 ], [ -87.9688738, 42.0200813 ], [ -87.969014500000014, 42.0200813 ], [ -87.969013300000015, 42.0200032 ], [ -87.9685539, 42.0200058 ], [ -87.9685551, 42.0202279 ] ] ] } },
{ "type": "Feature", "properties": { "analysis_unit_id": "microsoft_elk_grove_campus", "query_zone_id": "zone_02", "overture_id": "167dec37-f493-43ed-a02d-74569925fbae", "building_area_m2": 850.5, "distance_to_reference_m": 369.2, "reference_intersection_m2": 0.0, "search_method": "distance_to_reference_geometry", "search_distance_m": 400, "overture_release": "2026-08-19.0", "source_datasets": "OpenStreetMap|USGS Lidar", "source_update_time": "2016-03-15T07:35:34.000Z", "source_record_ids": "w403804894@1", "review_status": "candidate_needs_visual_review" }, "geometry": { "type": "Polygon", "coordinates": [ [ [ -87.9685531, 42.0199515 ], [ -87.969016, 42.0199511 ], [ -87.9690166, 42.0198804 ], [ -87.9688724, 42.019876899999986 ], [ -87.9688718, 42.0198049 ], [ -87.969012500000019, 42.0198049 ], [ -87.96901130000002, 42.0197269 ], [ -87.9685519, 42.0197295 ], [ -87.9685531, 42.0199515 ] ] ] } },
{ "type": "Feature", "properties": { "analysis_unit_id": "microsoft_elk_grove_campus", "query_zone_id": "zone_02", "overture_id": "2f4e9195-b3b1-4275-a93f-7c1e2af9ef33", "building_area_m2": 844.2, "distance_to_reference_m": 382.6, "reference_intersection_m2": 0.0, "search_method": "distance_to_reference_geometry", "search_distance_m": 400, "overture_release": "2026-08-19.0", "source_datasets": "OpenStreetMap|USGS Lidar", "source_update_time": "2016-03-16T06:26:09.000Z", "source_record_ids": "w404001727@1", "review_status": "candidate_needs_visual_review" }, "geometry": { "type": "Polygon", "coordinates": [ [ [ -87.9671769, 42.0253435 ], [ -87.9671799, 42.0251768 ], [ -87.9671037, 42.0251756 ], [ -87.9671043, 42.0251604 ], [ -87.9668655, 42.0251604 ], [ -87.9668655, 42.025174700000015 ], [ -87.9667241, 42.025174599999986 ], [ -87.9667228, 42.025348 ], [ -87.9668697, 42.025345 ], [ -87.9668703, 42.0253913 ], [ -87.9671091, 42.02539 ], [ -87.9671061, 42.025345899999984 ], [ -87.9671769, 42.0253435 ] ] ] } },
{ "type": "Feature", "properties": { "analysis_unit_id": "microsoft_elk_grove_campus", "query_zone_id": "zone_02", "overture_id": "af883488-61b5-4162-8f85-9037596cbd24", "building_area_m2": 838.6, "distance_to_reference_m": 292.8, "reference_intersection_m2": 0.0, "search_method": "distance_to_reference_geometry", "search_distance_m": 400, "overture_release": "2026-08-19.0", "source_datasets": "OpenStreetMap|USGS Lidar", "source_update_time": "2016-03-15T07:35:36.000Z", "source_record_ids": "w403804916@1", "review_status": "candidate_needs_visual_review" }, "geometry": { "type": "Polygon", "coordinates": [ [ [ -87.9676151, 42.0215662 ], [ -87.968076, 42.0215662 ], [ -87.9680749, 42.0213655 ], [ -87.9676105, 42.0213726 ], [ -87.9676151, 42.0215662 ] ] ] } },
{ "type": "Feature", "properties": { "analysis_unit_id": "microsoft_elk_grove_campus", "query_zone_id": "zone_02", "overture_id": "77df3246-80b1-496a-8efe-66abee96edb6", "building_area_m2": 837.4, "distance_to_reference_m": 391.5, "reference_intersection_m2": 0.0, "search_method": "distance_to_reference_geometry", "search_distance_m": 400, "overture_release": "2026-08-19.0", "source_datasets": "OpenStreetMap|USGS Lidar", "source_update_time": "2016-03-15T07:44:09.000Z", "source_record_ids": "w403807402@1", "review_status": "candidate_needs_visual_review" }, "geometry": { "type": "Polygon", "coordinates": [ [ [ -87.9677202, 42.0202095 ], [ -87.9680523, 42.0202062 ], [ -87.9680539, 42.0199916 ], [ -87.9677202, 42.0199923 ], [ -87.9677222, 42.0200252 ], [ -87.9675924, 42.020023 ], [ -87.9675914, 42.0201745 ], [ -87.9677202, 42.0201737 ], [ -87.9677202, 42.0202095 ] ] ] } },
{ "type": "Feature", "properties": { "analysis_unit_id": "microsoft_elk_grove_campus", "query_zone_id": "zone_02", "overture_id": "5d5ed9a8-73d0-4e35-aa00-d7dd5691605c", "building_area_m2": 837.2, "distance_to_reference_m": 316.2, "reference_intersection_m2": 0.0, "search_method": "distance_to_reference_geometry", "search_distance_m": 400, "overture_release": "2026-08-19.0", "source_datasets": "OpenStreetMap|USGS Lidar", "source_update_time": "2016-03-15T07:35:34.000Z", "source_record_ids": "w403804896@1", "review_status": "candidate_needs_visual_review" }, "geometry": { "type": "Polygon", "coordinates": [ [ [ -87.9685677, 42.020505 ], [ -87.9690243, 42.0205051 ], [ -87.9690249, 42.0204344 ], [ -87.9688807, 42.020431 ], [ -87.9688802, 42.020359 ], [ -87.9690208, 42.020359 ], [ -87.9690197, 42.0202809 ], [ -87.9685677, 42.0202826 ], [ -87.9685677, 42.020505 ] ] ] } },
{ "type": "Feature", "properties": { "analysis_unit_id": "microsoft_elk_grove_campus", "query_zone_id": "zone_02", "overture_id": "174be60f-b116-412f-9551-9f81e29a71ad", "building_area_m2": 829.0, "distance_to_reference_m": 378.6, "reference_intersection_m2": 0.0, "search_method": "distance_to_reference_geometry", "search_distance_m": 400, "overture_release": "2026-08-19.0", "source_datasets": "OpenStreetMap|USGS Lidar", "source_update_time": "2016-03-15T07:47:52.000Z", "source_record_ids": "w403808482@1", "review_status": "candidate_needs_visual_review" }, "geometry": { "type": "Polygon", "coordinates": [ [ [ -87.9724819, 42.0192156 ], [ -87.9728177, 42.019209 ], [ -87.9728183, 42.0190763 ], [ -87.9724625, 42.0190817 ], [ -87.9724697, 42.0192063 ], [ -87.9723087, 42.0192121 ], [ -87.972316, 42.0194659 ], [ -87.972483700000012, 42.0194605 ], [ -87.9724819, 42.0192156 ] ] ] } },
{ "type": "Feature", "properties": { "analysis_unit_id": "microsoft_elk_grove_campus", "query_zone_id": "zone_02", "overture_id": "44783b3b-ecc9-4e84-b288-77a5c76d86eb", "building_area_m2": 809.7, "distance_to_reference_m": 251.0, "reference_intersection_m2": 0.0, "search_method": "distance_to_reference_geometry", "search_distance_m": 400, "overture_release": "2026-08-19.0", "source_datasets": "OpenStreetMap|USGS Lidar", "source_update_time": "2016-03-16T19:24:44.000Z", "source_record_ids": "w404123781@1", "review_status": "candidate_needs_visual_review" }, "geometry": { "type": "Polygon", "coordinates": [ [ [ -87.9685923, 42.0247915 ], [ -87.9685923, 42.024739800000013 ], [ -87.9683167, 42.024743300000011 ], [ -87.968319, 42.024965599999987 ], [ -87.9687443, 42.0249645 ], [ -87.9687475, 42.0247904 ], [ -87.9685923, 42.0247915 ] ] ] } },
{ "type": "Feature", "properties": { "analysis_unit_id": "microsoft_elk_grove_campus", "query_zone_id": "zone_02", "overture_id": "ea18bee5-8dbf-44f4-add3-3f9b03ba0453", "building_area_m2": 806.4, "distance_to_reference_m": 91.8, "reference_intersection_m2": 0.0, "search_method": "distance_to_reference_geometry", "search_distance_m": 400, "overture_release": "2026-08-19.0", "source_datasets": "OpenStreetMap|USGS Lidar", "source_update_time": "2016-03-07T17:14:47.000Z", "source_record_ids": "w402187554@1", "review_status": "candidate_needs_visual_review" }, "geometry": { "type": "Polygon", "coordinates": [ [ [ -87.9714129, 42.0219323 ], [ -87.9714176, 42.0220453 ], [ -87.9718231, 42.02204 ], [ -87.9718191, 42.0219429 ], [ -87.9718682, 42.0219429 ], [ -87.9718619, 42.0217411 ], [ -87.9717098, 42.0217405 ], [ -87.9717138, 42.0218223 ], [ -87.9715934, 42.0218241 ], [ -87.9715958, 42.0219288 ], [ -87.9714129, 42.0219323 ] ] ] } },
{ "type": "Feature", "properties": { "analysis_unit_id": "microsoft_elk_grove_campus", "query_zone_id": "zone_02", "overture_id": "419c70bd-9063-4d2b-b801-38875c6588ed", "building_area_m2": 800.4, "distance_to_reference_m": 121.9, "reference_intersection_m2": 0.0, "search_method": "distance_to_reference_geometry", "search_distance_m": 400, "overture_release": "2026-08-19.0", "source_datasets": "OpenStreetMap|USGS Lidar", "source_update_time": "2016-03-16T19:28:21.000Z", "source_record_ids": "w404124245@1", "review_status": "candidate_needs_visual_review" }, "geometry": { "type": "Polygon", "coordinates": [ [ [ -87.9696724, 42.0233967 ], [ -87.9696747, 42.0231753 ], [ -87.9692859, 42.0231728 ], [ -87.9692837, 42.0233993 ], [ -87.9696724, 42.0233967 ] ] ] } },
{ "type": "Feature", "properties": { "analysis_unit_id": "microsoft_elk_grove_campus", "query_zone_id": "zone_02", "overture_id": "3461ac41-4a42-4ed2-99da-7b86fd76ea14", "building_area_m2": 759.9, "distance_to_reference_m": 0.3, "reference_intersection_m2": 0.0, "search_method": "distance_to_reference_geometry", "search_distance_m": 400, "overture_release": "2026-08-19.0", "source_datasets": "Microsoft ML Buildings", "source_update_time": "2023-09-01T00:00:00.000Z", "source_record_ids": "", "review_status": "candidate_needs_visual_review" }, "geometry": { "type": "Polygon", "coordinates": [ [ [ -87.9729399, 42.0235833 ], [ -87.9729368, 42.0234177 ], [ -87.9725157, 42.023422 ], [ -87.9724944, 42.0234292 ], [ -87.9724033, 42.0234302 ], [ -87.9724037, 42.02345 ], [ -87.9723886, 42.0234551 ], [ -87.9724043, 42.0234807 ], [ -87.9723669, 42.0234933 ], [ -87.9723672, 42.0235063 ], [ -87.9723834, 42.0235061 ], [ -87.9724082, 42.0235465 ], [ -87.9724085, 42.0235656 ], [ -87.9724541, 42.0235651 ], [ -87.9724519, 42.0234476 ], [ -87.9725147, 42.023447 ], [ -87.9725171, 42.023579 ], [ -87.9725308, 42.0235743 ], [ -87.9725946, 42.0235737 ], [ -87.9726068, 42.0235696 ], [ -87.9726258, 42.0235694 ], [ -87.972625, 42.0235257 ], [ -87.9726462, 42.0235602 ], [ -87.9726658, 42.0235536 ], [ -87.9726671, 42.0236238 ], [ -87.97269110000002, 42.0236157 ], [ -87.9726897, 42.023542 ], [ -87.9727212, 42.023593399999989 ], [ -87.9727218, 42.0236262 ], [ -87.9728161, 42.023625199999984 ], [ -87.9729399, 42.0235833 ] ] ] } },
{ "type": "Feature", "properties": { "analysis_unit_id": "microsoft_elk_grove_campus", "query_zone_id": "zone_02", "overture_id": "e53798c9-28cd-49e2-aba1-613c12c79215", "building_area_m2": 756.1, "distance_to_reference_m": 201.2, "reference_intersection_m2": 0.0, "search_method": "distance_to_reference_geometry", "search_distance_m": 400, "overture_release": "2026-08-19.0", "source_datasets": "OpenStreetMap|USGS Lidar", "source_update_time": "2016-03-16T19:24:43.000Z", "source_record_ids": "w404123772@1", "review_status": "candidate_needs_visual_review" }, "geometry": { "type": "Polygon", "coordinates": [ [ [ -87.9687174, 42.0232079 ], [ -87.9687142, 42.0229867 ], [ -87.9683484, 42.0229925 ], [ -87.9683475, 42.0232184 ], [ -87.9687174, 42.0232079 ] ] ] } },
{ "type": "Feature", "properties": { "analysis_unit_id": "microsoft_elk_grove_campus", "query_zone_id": "zone_02", "overture_id": "6e92e2d4-a3b8-4daf-81a3-101168f0cf7a", "building_area_m2": 749.1, "distance_to_reference_m": 293.9, "reference_intersection_m2": 0.0, "search_method": "distance_to_reference_geometry", "search_distance_m": 400, "overture_release": "2026-08-19.0", "source_datasets": "OpenStreetMap|USGS Lidar", "source_update_time": "2016-03-16T19:28:22.000Z", "source_record_ids": "w404124251@1", "review_status": "candidate_needs_visual_review" }, "geometry": { "type": "Polygon", "coordinates": [ [ [ -87.9695244, 42.026008399999988 ], [ -87.9695237, 42.0257618 ], [ -87.9691551, 42.0257634 ], [ -87.9691529, 42.0259571 ], [ -87.9695244, 42.026008399999988 ] ] ] } },
{ "type": "Feature", "properties": { "analysis_unit_id": "microsoft_elk_grove_campus", "query_zone_id": "zone_02", "overture_id": "757effc3-f18d-444e-8d06-9eb9ab3119db", "building_area_m2": 732.9, "distance_to_reference_m": 376.2, "reference_intersection_m2": 0.0, "search_method": "distance_to_reference_geometry", "search_distance_m": 400, "overture_release": "2026-08-19.0", "source_datasets": "OpenStreetMap|USGS Lidar", "source_update_time": "2016-03-15T07:35:36.000Z", "source_record_ids": "w403804921@1", "review_status": "candidate_needs_visual_review" }, "geometry": { "type": "Polygon", "coordinates": [ [ [ -87.9668084, 42.0212279 ], [ -87.9671775, 42.0212261 ], [ -87.9671733, 42.0210095 ], [ -87.9668049, 42.0210122 ], [ -87.9668084, 42.0212279 ] ] ] } },
{ "type": "Feature", "properties": { "analysis_unit_id": "microsoft_elk_grove_campus", "query_zone_id": "zone_02", "overture_id": "fb330cde-3b82-45ea-96f7-f6de619404d9", "building_area_m2": 726.1, "distance_to_reference_m": 349.8, "reference_intersection_m2": 0.0, "search_method": "distance_to_reference_geometry", "search_distance_m": 400, "overture_release": "2026-08-19.0", "source_datasets": "OpenStreetMap|USGS Lidar", "source_update_time": "2016-03-15T07:35:36.000Z", "source_record_ids": "w403804919@1", "review_status": "candidate_needs_visual_review" }, "geometry": { "type": "Polygon", "coordinates": [ [ [ -87.9668189, 42.0217781 ], [ -87.967188, 42.0217763 ], [ -87.967186, 42.0215648 ], [ -87.9668154, 42.021562499999987 ], [ -87.9668189, 42.0217781 ] ] ] } },
{ "type": "Feature", "properties": { "analysis_unit_id": "microsoft_elk_grove_campus", "query_zone_id": "zone_02", "overture_id": "bc604062-52a0-4f45-8164-a919f691e6cf", "building_area_m2": 726.0, "distance_to_reference_m": 361.9, "reference_intersection_m2": 0.0, "search_method": "distance_to_reference_geometry", "search_distance_m": 400, "overture_release": "2026-08-19.0", "source_datasets": "OpenStreetMap|USGS Lidar", "source_update_time": "2016-03-15T07:35:36.000Z", "source_record_ids": "w403804920@1", "review_status": "candidate_needs_visual_review" }, "geometry": { "type": "Polygon", "coordinates": [ [ [ -87.9668148, 42.021502 ], [ -87.9671838, 42.0215003 ], [ -87.9671819, 42.0212888 ], [ -87.9668113, 42.0212864 ], [ -87.9668148, 42.021502 ] ] ] } },
{ "type": "Feature", "properties": { "analysis_unit_id": "microsoft_elk_grove_campus", "query_zone_id": "zone_02", "overture_id": "cdcc9c03-2abc-41a9-93c8-a903cafd141a", "building_area_m2": 652.1, "distance_to_reference_m": 118.8, "reference_intersection_m2": 0.0, "search_method": "distance_to_reference_geometry", "search_distance_m": 400, "overture_release": "2026-08-19.0", "source_datasets": "OpenStreetMap|USGS Lidar", "source_update_time": "2016-03-15T21:15:55.000Z", "source_record_ids": "w403939573@1", "review_status": "candidate_needs_visual_review" }, "geometry": { "type": "Polygon", "coordinates": [ [ [ -87.9740132, 42.0216816 ], [ -87.9740193, 42.0219791 ], [ -87.9740508, 42.022003299999987 ], [ -87.9742399, 42.022002499999985 ], [ -87.974235800000017, 42.0216801 ], [ -87.9740132, 42.0216816 ] ] ] } },
{ "type": "Feature", "properties": { "analysis_unit_id": "microsoft_elk_grove_campus", "query_zone_id": "zone_02", "overture_id": "71550bb1-3cae-4128-9836-7e8fada2eaae", "building_area_m2": 639.2, "distance_to_reference_m": 261.5, "reference_intersection_m2": 0.0, "search_method": "distance_to_reference_geometry", "search_distance_m": 400, "overture_release": "2026-08-19.0", "source_datasets": "Microsoft ML Buildings|OpenStreetMap", "source_update_time": "2023-09-01T00:00:00.000Z", "source_record_ids": "w404123771@1", "review_status": "candidate_needs_visual_review" }, "geometry": { "type": "Polygon", "coordinates": [ [ [ -87.9679888, 42.0231949 ], [ -87.9679888, 42.0230102 ], [ -87.9676198, 42.0230078 ], [ -87.9676165, 42.0231983 ], [ -87.9679888, 42.0231949 ] ] ] } },
{ "type": "Feature", "properties": { "analysis_unit_id": "microsoft_elk_grove_campus", "query_zone_id": "zone_02", "overture_id": "3e1cf6ae-92b1-41e0-99c7-9799a4b421f2", "building_area_m2": 619.2, "distance_to_reference_m": 262.8, "reference_intersection_m2": 0.0, "search_method": "distance_to_reference_geometry", "search_distance_m": 400, "overture_release": "2026-08-19.0", "source_datasets": "OpenStreetMap|USGS Lidar", "source_update_time": "2016-03-16T19:24:43.000Z", "source_record_ids": "w404123779@1", "review_status": "candidate_needs_visual_review" }, "geometry": { "type": "Polygon", "coordinates": [ [ [ -87.9681124, 42.0242891 ], [ -87.9681084, 42.0240951 ], [ -87.9679223, 42.0240962 ], [ -87.9679207, 42.0241809 ], [ -87.967634, 42.0241785 ], [ -87.9676356, 42.0242868 ], [ -87.9681124, 42.0242891 ] ] ] } },
{ "type": "Feature", "properties": { "analysis_unit_id": "microsoft_elk_grove_campus", "query_zone_id": "zone_02", "overture_id": "fa694323-46d9-48b9-8590-228a5158f96b", "building_area_m2": 618.9, "distance_to_reference_m": 296.8, "reference_intersection_m2": 0.0, "search_method": "distance_to_reference_geometry", "search_distance_m": 400, "overture_release": "2026-08-19.0", "source_datasets": "OpenStreetMap|USGS Lidar", "source_update_time": "2016-03-16T19:24:44.000Z", "source_record_ids": "w404123787@1", "review_status": "candidate_needs_visual_review" }, "geometry": { "type": "Polygon", "coordinates": [ [ [ -87.9687459, 42.0255304 ], [ -87.9687475, 42.0253939 ], [ -87.9682522, 42.0253952 ], [ -87.9682545, 42.0255316 ], [ -87.9687459, 42.0255304 ] ] ] } },
{ "type": "Feature", "properties": { "analysis_unit_id": "microsoft_elk_grove_campus", "query_zone_id": "zone_02", "overture_id": "4361fac9-5c37-4952-b8c6-fbbd414cd6ef", "building_area_m2": 610.7, "distance_to_reference_m": 200.6, "reference_intersection_m2": 0.0, "search_method": "distance_to_reference_geometry", "search_distance_m": 400, "overture_release": "2026-08-19.0", "source_datasets": "OpenStreetMap|USGS Lidar", "source_update_time": "2016-03-16T19:24:43.000Z", "source_record_ids": "w404123773@1", "review_status": "candidate_needs_visual_review" }, "geometry": { "type": "Polygon", "coordinates": [ [ [ -87.9687253, 42.0235161 ], [ -87.9687206, 42.0233749 ], [ -87.9683246, 42.0233796 ], [ -87.9683253, 42.0235549 ], [ -87.968616, 42.0235538 ], [ -87.9686176, 42.0235161 ], [ -87.9687253, 42.0235161 ] ] ] } },
{ "type": "Feature", "properties": { "analysis_unit_id": "microsoft_elk_grove_campus", "query_zone_id": "zone_02", "overture_id": "d7e37520-b58c-4ca7-bb01-4dcb57779614", "building_area_m2": 608.9, "distance_to_reference_m": 195.6, "reference_intersection_m2": 0.0, "search_method": "distance_to_reference_geometry", "search_distance_m": 400, "overture_release": "2026-08-19.0", "source_datasets": "OpenStreetMap|USGS Lidar", "source_update_time": "2016-03-15T07:35:34.000Z", "source_record_ids": "w403804897@1", "review_status": "candidate_needs_visual_review" }, "geometry": { "type": "Polygon", "coordinates": [ [ [ -87.9711022, 42.020872800000014 ], [ -87.9711022, 42.0211085 ], [ -87.971258, 42.0211093 ], [ -87.971257, 42.0210314 ], [ -87.971441700000014, 42.0210293 ], [ -87.9714426, 42.02087 ], [ -87.9711022, 42.020872800000014 ] ] ] } },
{ "type": "Feature", "properties": { "analysis_unit_id": "microsoft_elk_grove_campus", "query_zone_id": "zone_02", "overture_id": "2280bc40-0051-45b1-a034-c7b746a683b0", "building_area_m2": 580.7, "distance_to_reference_m": 373.4, "reference_intersection_m2": 0.0, "search_method": "distance_to_reference_geometry", "search_distance_m": 400, "overture_release": "2026-08-19.0", "source_datasets": "Microsoft ML Buildings|OpenStreetMap", "source_update_time": "2024-01-17T03:51:07.000Z", "source_record_ids": "w404490305@5", "review_status": "candidate_needs_visual_review" }, "geometry": { "type": "Polygon", "coordinates": [ [ [ -87.9710395, 42.0270233 ], [ -87.9712676, 42.027033 ], [ -87.971269, 42.0267956 ], [ -87.971217, 42.0267965 ], [ -87.9712147, 42.0267718 ], [ -87.971053500000011, 42.0267696 ], [ -87.9710524, 42.0267948 ], [ -87.97101090000001, 42.0267948 ], [ -87.971004500000021, 42.0269795 ], [ -87.9710384, 42.0269808 ], [ -87.9710395, 42.0270233 ] ] ] } },
{ "type": "Feature", "properties": { "analysis_unit_id": "microsoft_elk_grove_campus", "query_zone_id": "zone_02", "overture_id": "7987f640-af85-4a75-ba47-96fb8c4a0e63", "building_area_m2": 574.1, "distance_to_reference_m": 387.0, "reference_intersection_m2": 0.0, "search_method": "distance_to_reference_geometry", "search_distance_m": 400, "overture_release": "2026-08-19.0", "source_datasets": "OpenStreetMap|USGS Lidar", "source_update_time": "2016-03-16T06:26:09.000Z", "source_record_ids": "w404001715@1", "review_status": "candidate_needs_visual_review" }, "geometry": { "type": "Polygon", "coordinates": [ [ [ -87.9664728, 42.023249 ], [ -87.9664717, 42.0230923 ], [ -87.9660663, 42.0230972 ], [ -87.9660685, 42.023249 ], [ -87.9664728, 42.023249 ] ] ] } },
{ "type": "Feature", "properties": { "analysis_unit_id": "microsoft_elk_grove_campus", "query_zone_id": "zone_02", "overture_id": "17e2b835-a006-4bf0-af65-c067b324ea73", "building_area_m2": 557.4, "distance_to_reference_m": 188.7, "reference_intersection_m2": 0.0, "search_method": "distance_to_reference_geometry", "search_distance_m": 400, "overture_release": "2026-08-19.0", "source_datasets": "OpenStreetMap|USGS Lidar", "source_update_time": "2016-03-15T21:15:55.000Z", "source_record_ids": "w403939576@1", "review_status": "candidate_needs_visual_review" }, "geometry": { "type": "Polygon", "coordinates": [ [ [ -87.9740096, 42.0211172 ], [ -87.974005, 42.0212815 ], [ -87.9743768, 42.0212802 ], [ -87.9743768, 42.0211163 ], [ -87.9740096, 42.0211172 ] ] ] } },
{ "type": "Feature", "properties": { "analysis_unit_id": "microsoft_elk_grove_campus", "query_zone_id": "zone_02", "overture_id": "7e44386b-7887-4013-a3c7-615ac08d3708", "building_area_m2": 555.4, "distance_to_reference_m": 267.0, "reference_intersection_m2": 0.0, "search_method": "distance_to_reference_geometry", "search_distance_m": 400, "overture_release": "2026-08-19.0", "source_datasets": "OpenStreetMap|USGS Lidar", "source_update_time": "2016-03-16T19:24:43.000Z", "source_record_ids": "w404123777@1", "review_status": "candidate_needs_visual_review" }, "geometry": { "type": "Polygon", "coordinates": [ [ [ -87.967976100000016, 42.02403970000001 ], [ -87.9679746, 42.0238456 ], [ -87.967760700000014, 42.0238491 ], [ -87.967760700000014, 42.0238903 ], [ -87.967629300000013, 42.023893799999989 ], [ -87.96763, 42.0240384 ], [ -87.967976100000016, 42.02403970000001 ] ] ] } },
{ "type": "Feature", "properties": { "analysis_unit_id": "microsoft_elk_grove_campus", "query_zone_id": "zone_02", "overture_id": "30f47391-c891-4b19-8d0b-7bf2c6cd6d0f", "building_area_m2": 511.0, "distance_to_reference_m": 388.4, "reference_intersection_m2": 0.0, "search_method": "distance_to_reference_geometry", "search_distance_m": 400, "overture_release": "2026-08-19.0", "source_datasets": "OpenStreetMap|USGS Lidar", "source_update_time": "2018-03-14T07:10:49.000Z", "source_record_ids": "w404175316@2", "review_status": "candidate_needs_visual_review" }, "geometry": { "type": "Polygon", "coordinates": [ [ [ -87.9692427, 42.0269824 ], [ -87.9692448, 42.0270391 ], [ -87.9693362, 42.0270383 ], [ -87.9693319, 42.0267941 ], [ -87.9693931, 42.0267949 ], [ -87.9693899, 42.026651200000011 ], [ -87.9692036, 42.0266509 ], [ -87.9692094, 42.0269824 ], [ -87.9692427, 42.0269824 ] ] ] } },
{ "type": "Feature", "properties": { "analysis_unit_id": "ntt_itasca_chicago_campus", "query_zone_id": "zone_04", "overture_id": "0a486cdf-8b21-4b12-bfd7-76ae98f24008", "building_area_m2": 10728.8, "distance_to_reference_m": 0.0, "reference_intersection_m2": 10728.8, "search_method": "distance_to_reference_geometry", "search_distance_m": 150, "overture_release": "2026-08-19.0", "source_datasets": "Microsoft ML Buildings|OpenStreetMap", "source_update_time": "2025-10-30T18:05:39.000Z", "source_record_ids": "w1271571726@2", "review_status": "candidate_needs_visual_review" }, "geometry": { "type": "Polygon", "coordinates": [ [ [ -88.0080882, 41.9893396 ], [ -88.0083868, 41.9893418 ], [ -88.0083954, 41.9886992 ], [ -88.0080393, 41.9886966 ], [ -88.0080388, 41.9887351 ], [ -88.0075661, 41.9887315 ], [ -88.0075666, 41.9886945 ], [ -88.0074002, 41.9886932 ], [ -88.0073996, 41.9887318 ], [ -88.0068628, 41.988727699999984 ], [ -88.0068633, 41.9886949 ], [ -88.0067137, 41.9886938 ], [ -88.0067132, 41.9887278 ], [ -88.0061898, 41.9887239 ], [ -88.0061903, 41.98868920000001 ], [ -88.006037400000011, 41.9886881 ], [ -88.0060308, 41.9891857 ], [ -88.008090100000018, 41.9892009 ], [ -88.0080882, 41.9893396 ] ] ] } },
{ "type": "Feature", "properties": { "analysis_unit_id": "ntt_itasca_chicago_campus", "query_zone_id": "zone_04", "overture_id": "c8b76b26-52ef-4020-a962-5d4afea3292a", "building_area_m2": 10541.2, "distance_to_reference_m": 0.0, "reference_intersection_m2": 10541.2, "search_method": "distance_to_reference_geometry", "search_distance_m": 150, "overture_release": "2026-08-19.0", "source_datasets": "Microsoft ML Buildings|OpenStreetMap", "source_update_time": "2023-11-29T17:09:05.000Z", "source_record_ids": "w1154636644@5", "review_status": "candidate_needs_visual_review" }, "geometry": { "type": "Polygon", "coordinates": [ [ [ -88.0080927, 41.9882736 ], [ -88.008406, 41.9882756 ], [ -88.008418, 41.9876673 ], [ -88.0080429, 41.9876608 ], [ -88.0080429, 41.9876936 ], [ -88.0075757, 41.9876897 ], [ -88.0075757, 41.9876608 ], [ -88.0073975, 41.987658699999983 ], [ -88.0073975, 41.9876911 ], [ -88.0068761, 41.9876851 ], [ -88.0068771, 41.9876549 ], [ -88.0067013, 41.987654099999986 ], [ -88.0067013, 41.9876851 ], [ -88.0062033, 41.987681299999984 ], [ -88.0062033, 41.9876496 ], [ -88.0060264, 41.9876481 ], [ -88.0060254, 41.9876889 ], [ -88.006038600000011, 41.9876889 ], [ -88.0060345, 41.9881323 ], [ -88.0080947, 41.9881497 ], [ -88.0080927, 41.9882736 ] ] ] } },
{ "type": "Feature", "properties": { "analysis_unit_id": "ntt_itasca_chicago_campus", "query_zone_id": "zone_04", "overture_id": "641c01c2-f690-4b12-90a8-c465d346c15e", "building_area_m2": 9409.5, "distance_to_reference_m": 0.0, "reference_intersection_m2": 9409.5, "search_method": "distance_to_reference_geometry", "search_distance_m": 150, "overture_release": "2026-08-19.0", "source_datasets": "OpenStreetMap", "source_update_time": "2025-10-30T18:05:39.000Z", "source_record_ids": "w1446350370@1", "review_status": "candidate_needs_visual_review" }, "geometry": { "type": "Polygon", "coordinates": [ [ [ -88.0050511, 41.989926 ], [ -88.0051022, 41.9882886 ], [ -88.004449300000019, 41.9882767 ], [ -88.0044368, 41.9885555 ], [ -88.004481, 41.9885558 ], [ -88.0044711, 41.988903 ], [ -88.0044322, 41.9889027 ], [ -88.0044276, 41.9890351 ], [ -88.0044712, 41.9890354 ], [ -88.0044579, 41.9894229 ], [ -88.0044173, 41.9894219 ], [ -88.0044145, 41.9895525 ], [ -88.0044562, 41.9895528 ], [ -88.0044461, 41.9899229 ], [ -88.0050511, 41.989926 ] ] ] } },
{ "type": "Feature", "properties": { "analysis_unit_id": "ntt_itasca_chicago_campus", "query_zone_id": "zone_04", "overture_id": "3d46b97e-9198-4178-93cd-3b73d5c3dd86", "building_area_m2": 7789.4, "distance_to_reference_m": 0.0, "reference_intersection_m2": 7789.4, "search_method": "distance_to_reference_geometry", "search_distance_m": 150, "overture_release": "2026-08-19.0", "source_datasets": "OpenStreetMap", "source_update_time": "2025-10-30T18:05:39.000Z", "source_record_ids": "w1446350367@1", "review_status": "candidate_needs_visual_review" }, "geometry": { "type": "Polygon", "coordinates": [ [ [ -88.0083334, 41.9873599 ], [ -88.00863, 41.987435 ], [ -88.0088987, 41.9868604 ], [ -88.008545400000017, 41.9867665 ], [ -88.0085315, 41.9867977 ], [ -88.0080896, 41.9866848 ], [ -88.0081019, 41.9866573 ], [ -88.0079336, 41.9866137 ], [ -88.0079199, 41.9866444 ], [ -88.0074275, 41.9865169 ], [ -88.0074412, 41.986488499999986 ], [ -88.007274700000011, 41.9864466 ], [ -88.0072615, 41.986476 ], [ -88.0070705, 41.9869194 ], [ -88.0083877, 41.9872427 ], [ -88.0083334, 41.9873599 ] ] ] } },
{ "type": "Feature", "properties": { "analysis_unit_id": "ntt_itasca_chicago_campus", "query_zone_id": "zone_04", "overture_id": "76996293-2e5d-4e35-acbd-1d66eb49b998", "building_area_m2": 6837.2, "distance_to_reference_m": 129.6, "reference_intersection_m2": 0.0, "search_method": "distance_to_reference_geometry", "search_distance_m": 150, "overture_release": "2026-08-19.0", "source_datasets": "OpenStreetMap|USGS Lidar", "source_update_time": "2026-07-12T14:38:08.000Z", "source_record_ids": "w406089731@5", "review_status": "candidate_needs_visual_review" }, "geometry": { "type": "Polygon", "coordinates": [ [ [ -88.0090339, 41.985430099999988 ], [ -88.009087500000021, 41.98543020000001 ], [ -88.0090854, 41.9853759 ], [ -88.0091606, 41.9853775 ], [ -88.009167, 41.9847482 ], [ -88.00817, 41.9847498 ], [ -88.0081679, 41.9847977 ], [ -88.0081034, 41.9847961 ], [ -88.0081077, 41.9852673 ], [ -88.0080433, 41.9852673 ], [ -88.0080476, 41.9851994 ], [ -88.0079051, 41.9851986 ], [ -88.0079041, 41.9853695 ], [ -88.008097, 41.9853663 ], [ -88.008097, 41.9854286 ], [ -88.0090339, 41.985430099999988 ] ] ] } },
{ "type": "Feature", "properties": { "analysis_unit_id": "ntt_itasca_chicago_campus", "query_zone_id": "zone_04", "overture_id": "a9c6a3ee-f6d8-4a55-9300-12b74fe36695", "building_area_m2": 5305.3, "distance_to_reference_m": 127.5, "reference_intersection_m2": 0.0, "search_method": "distance_to_reference_geometry", "search_distance_m": 150, "overture_release": "2026-08-19.0", "source_datasets": "OpenStreetMap", "source_update_time": "2026-05-14T21:30:20.000Z", "source_record_ids": "w1353198704@3", "review_status": "candidate_needs_visual_review" }, "geometry": { "type": "Polygon", "coordinates": [ [ [ -88.0093868, 41.9857711 ], [ -88.0100527, 41.9857689 ], [ -88.0100585, 41.9849099 ], [ -88.0093865, 41.9849058 ], [ -88.0093868, 41.9857711 ] ] ] } },
{ "type": "Feature", "properties": { "analysis_unit_id": "ntt_itasca_chicago_campus", "query_zone_id": "zone_04", "overture_id": "efaa17b9-c83f-4397-bc34-e23b941dcb00", "building_area_m2": 5134.1, "distance_to_reference_m": 78.0, "reference_intersection_m2": 0.0, "search_method": "distance_to_reference_geometry", "search_distance_m": 150, "overture_release": "2026-08-19.0", "source_datasets": "OpenStreetMap|USGS Lidar", "source_update_time": "2025-08-26T20:38:26.000Z", "source_record_ids": "w406358194@1", "review_status": "candidate_needs_visual_review" }, "geometry": { "type": "Polygon", "coordinates": [ [ [ -88.0039259, 41.991802499999984 ], [ -88.0043042, 41.9918051 ], [ -88.0043087, 41.99142770000001 ], [ -88.0044278, 41.9914285 ], [ -88.0044289, 41.9913416 ], [ -88.0046807, 41.9913434 ], [ -88.0046897, 41.9906267 ], [ -88.0043166, 41.990624099999984 ], [ -88.0043117, 41.9910114 ], [ -88.004198, 41.9910106 ], [ -88.0041971, 41.9910836 ], [ -88.0039346, 41.9910818 ], [ -88.0039259, 41.991802499999984 ] ] ] } },
{ "type": "Feature", "properties": { "analysis_unit_id": "ntt_itasca_chicago_campus", "query_zone_id": "zone_04", "overture_id": "8cb3cf88-c39d-4395-b4ee-2051afd1d435", "building_area_m2": 3052.8, "distance_to_reference_m": 113.6, "reference_intersection_m2": 0.0, "search_method": "distance_to_reference_geometry", "search_distance_m": 150, "overture_release": "2026-08-19.0", "source_datasets": "OpenStreetMap|USGS Lidar", "source_update_time": "2026-07-12T14:38:08.000Z", "source_record_ids": "w275397970@4", "review_status": "candidate_needs_visual_review" }, "geometry": { "type": "Polygon", "coordinates": [ [ [ -88.006934, 41.9854228 ], [ -88.0079038, 41.985426 ], [ -88.0079041, 41.9853695 ], [ -88.0079051, 41.9851986 ], [ -88.0079058, 41.9850837 ], [ -88.006936, 41.9850807 ], [ -88.006934, 41.9854228 ] ] ] } },
{ "type": "Feature", "properties": { "analysis_unit_id": "ntt_itasca_chicago_campus", "query_zone_id": "zone_04", "overture_id": "71471bb1-baea-464c-aed9-102201cebf1e", "building_area_m2": 2482.8, "distance_to_reference_m": 124.0, "reference_intersection_m2": 0.0, "search_method": "distance_to_reference_geometry", "search_distance_m": 150, "overture_release": "2026-08-19.0", "source_datasets": "OpenStreetMap|USGS Lidar", "source_update_time": "2023-06-12T02:48:45.000Z", "source_record_ids": "w406358184@2", "review_status": "candidate_needs_visual_review" }, "geometry": { "type": "Polygon", "coordinates": [ [ [ -88.0099839, 41.9909113 ], [ -88.0100721, 41.9908403 ], [ -88.0095841, 41.99049140000001 ], [ -88.0093786, 41.9904921 ], [ -88.0093132, 41.9904914 ], [ -88.0091544, 41.9903821 ], [ -88.0091216, 41.9904095 ], [ -88.0090827, 41.9903816 ], [ -88.009046500000011, 41.9904095 ], [ -88.00900630000001, 41.9903826 ], [ -88.0089714, 41.9904115 ], [ -88.0089298, 41.9903826 ], [ -88.0088413, 41.9904524 ], [ -88.0092503, 41.9907465 ], [ -88.0095118, 41.9907385 ], [ -88.0097465, 41.9909129 ], [ -88.0097848, 41.990883 ], [ -88.0098264, 41.990912 ], [ -88.0098671, 41.990881699999989 ], [ -88.0099061, 41.9909126 ], [ -88.0099432, 41.9908817 ], [ -88.0099839, 41.9909113 ] ] ] } },
{ "type": "Feature", "properties": { "analysis_unit_id": "ntt_itasca_chicago_campus", "query_zone_id": "zone_04", "overture_id": "91cf69df-083f-470b-a7a6-78452f439d80", "building_area_m2": 2297.9, "distance_to_reference_m": 0.8, "reference_intersection_m2": 0.0, "search_method": "distance_to_reference_geometry", "search_distance_m": 150, "overture_release": "2026-08-19.0", "source_datasets": "Microsoft ML Buildings", "source_update_time": "2023-09-01T00:00:00.000Z", "source_record_ids": "", "review_status": "candidate_needs_visual_review" }, "geometry": { "type": "Polygon", "coordinates": [ [ [ -88.0043131, 41.9890647 ], [ -88.0044203, 41.988979599999986 ], [ -88.0044222, 41.9886731 ], [ -88.0042032, 41.9885206 ], [ -88.004204, 41.9883757 ], [ -88.004093, 41.9882984 ], [ -88.0039533, 41.9882979 ], [ -88.0039119, 41.9883307 ], [ -88.0039097, 41.9887065 ], [ -88.003945, 41.9887066 ], [ -88.004126200000016, 41.98883270000001 ], [ -88.004125, 41.9890224 ], [ -88.0041851, 41.9890642 ], [ -88.0043131, 41.9890647 ] ] ] } },
{ "type": "Feature", "properties": { "analysis_unit_id": "ntt_itasca_chicago_campus", "query_zone_id": "zone_04", "overture_id": "815bd180-3344-446f-8457-df6f37e9d740", "building_area_m2": 1505.2, "distance_to_reference_m": 62.8, "reference_intersection_m2": 0.0, "search_method": "distance_to_reference_geometry", "search_distance_m": 150, "overture_release": "2026-08-19.0", "source_datasets": "OpenStreetMap|USGS Lidar", "source_update_time": "2024-04-03T21:55:09.000Z", "source_record_ids": "w406358192@5", "review_status": "candidate_needs_visual_review" }, "geometry": { "type": "Polygon", "coordinates": [ [ [ -88.0049746, 41.986826 ], [ -88.0052267, 41.9873563 ], [ -88.0054239, 41.9873049 ], [ -88.0053877, 41.987225 ], [ -88.0054316, 41.9872143 ], [ -88.0053471, 41.987029 ], [ -88.0054302, 41.9870083 ], [ -88.0054084, 41.9869585 ], [ -88.0055037, 41.9869334 ], [ -88.0054366, 41.9867868 ], [ -88.0053621, 41.9868063 ], [ -88.0053512, 41.9867843 ], [ -88.0052844, 41.9868017 ], [ -88.0052956, 41.986824099999986 ], [ -88.0052914, 41.9868252 ], [ -88.0053594, 41.9869699 ], [ -88.0053714, 41.9869674 ], [ -88.0053825, 41.9869908 ], [ -88.0053206, 41.987004699999986 ], [ -88.0052799, 41.9869251 ], [ -88.0052658, 41.986927799999989 ], [ -88.0052276, 41.9868433 ], [ -88.0052172, 41.9868449 ], [ -88.005182, 41.9867701 ], [ -88.0049746, 41.986826 ] ] ] } },
{ "type": "Feature", "properties": { "analysis_unit_id": "ntt_itasca_chicago_campus", "query_zone_id": "zone_04", "overture_id": "6372fcc4-6c43-4815-b343-aeb5e7472d3d", "building_area_m2": 1496.8, "distance_to_reference_m": 87.8, "reference_intersection_m2": 0.0, "search_method": "distance_to_reference_geometry", "search_distance_m": 150, "overture_release": "2026-08-19.0", "source_datasets": "OpenStreetMap|USGS Lidar", "source_update_time": "2016-03-29T03:23:40.000Z", "source_record_ids": "w264515468@2", "review_status": "candidate_needs_visual_review" }, "geometry": { "type": "Polygon", "coordinates": [ [ [ -88.0063737, 41.9859725 ], [ -88.0063941, 41.9859452 ], [ -88.0060708, 41.9858116 ], [ -88.0060529, 41.9858355 ], [ -88.0060211, 41.9858223 ], [ -88.0059074, 41.9859742 ], [ -88.0059381, 41.9859869 ], [ -88.0059199, 41.9860113 ], [ -88.0060142, 41.9860502 ], [ -88.0058878, 41.9862193 ], [ -88.0059214, 41.9862332 ], [ -88.0059036, 41.986257 ], [ -88.0061029, 41.9863394 ], [ -88.0061227, 41.986312799999986 ], [ -88.0061526, 41.9863251 ], [ -88.0064062, 41.985986 ], [ -88.0063737, 41.9859725 ] ] ] } },
{ "type": "Feature", "properties": { "analysis_unit_id": "ntt_itasca_chicago_campus", "query_zone_id": "zone_04", "overture_id": "d6460823-645c-4c3f-b0e5-ecbb934cf7dd", "building_area_m2": 559.1, "distance_to_reference_m": 77.6, "reference_intersection_m2": 0.0, "search_method": "distance_to_reference_geometry", "search_distance_m": 150, "overture_release": "2026-08-19.0", "source_datasets": "OpenStreetMap|USGS Lidar", "source_update_time": "2016-03-29T03:23:36.000Z", "source_record_ids": "w406358196@1", "review_status": "candidate_needs_visual_review" }, "geometry": { "type": "Polygon", "coordinates": [ [ [ -88.0060787, 41.9899933 ], [ -88.0067026, 41.9899944 ], [ -88.0067057, 41.989892500000018 ], [ -88.0064407, 41.989888 ], [ -88.0064438, 41.9899028 ], [ -88.0060802, 41.9898994 ], [ -88.0060787, 41.9899933 ] ] ] } },
{ "type": "Feature", "properties": { "analysis_unit_id": "site_00614", "query_zone_id": "zone_03", "overture_id": "6b0c5c14-93ac-4b29-a651-4f34bdba051c", "building_area_m2": 11198.4, "distance_to_reference_m": 0.0, "reference_intersection_m2": 11198.4, "search_method": "distance_to_reference_geometry", "search_distance_m": 35, "overture_release": "2026-08-19.0", "source_datasets": "OpenStreetMap|USGS Lidar", "source_update_time": "2025-03-24T00:41:54.000Z", "source_record_ids": "w863162825@3", "review_status": "candidate_needs_visual_review" }, "geometry": { "type": "Polygon", "coordinates": [ [ [ -87.9519159, 42.0029217 ], [ -87.9522469, 42.0029153 ], [ -87.9522256, 42.0023072 ], [ -87.9499769, 42.0023508 ], [ -87.949993, 42.0028092 ], [ -87.9501967, 42.0028053 ], [ -87.9502019, 42.002953599999984 ], [ -87.9503658, 42.0029505 ], [ -87.9503631, 42.0028743 ], [ -87.9519132, 42.00284460000001 ], [ -87.9519159, 42.0029217 ] ] ] } },
{ "type": "Feature", "properties": { "analysis_unit_id": "site_00614", "query_zone_id": "zone_03", "overture_id": "dd3b2981-5417-433a-8866-d3e321998db6", "building_area_m2": 5975.3, "distance_to_reference_m": 31.7, "reference_intersection_m2": 0.0, "search_method": "distance_to_reference_geometry", "search_distance_m": 35, "overture_release": "2026-08-19.0", "source_datasets": "Microsoft ML Buildings|OpenStreetMap", "source_update_time": "2023-11-29T17:06:17.000Z", "source_record_ids": "w377032058@2", "review_status": "candidate_needs_visual_review" }, "geometry": { "type": "Polygon", "coordinates": [ [ [ -87.9522691, 42.0020239 ], [ -87.9528856, 42.0020161 ], [ -87.9528598, 42.0009665 ], [ -87.9522392, 42.0009733 ], [ -87.9522691, 42.0020239 ] ] ] } },
{ "type": "Feature", "properties": { "analysis_unit_id": "site_00614", "query_zone_id": "zone_03", "overture_id": "ffe72e99-2af4-4572-a24a-451cee222186", "building_area_m2": 3156.8, "distance_to_reference_m": 32.6, "reference_intersection_m2": 0.0, "search_method": "distance_to_reference_geometry", "search_distance_m": 35, "overture_release": "2026-08-19.0", "source_datasets": "OpenStreetMap|USGS Lidar", "source_update_time": "2015-12-28T02:50:18.000Z", "source_record_ids": "w388166499@1", "review_status": "candidate_needs_visual_review" }, "geometry": { "type": "Polygon", "coordinates": [ [ [ -87.9515471, 42.0016872 ], [ -87.9515471, 42.0020265 ], [ -87.9521328, 42.0020134 ], [ -87.9521222, 42.0013966 ], [ -87.9516586, 42.0014032 ], [ -87.9516639, 42.0016057 ], [ -87.9514568, 42.001609599999988 ], [ -87.9514586, 42.0016859 ], [ -87.9515471, 42.0016872 ] ] ] } },
{ "type": "Feature", "properties": { "analysis_unit_id": "site_00614", "query_zone_id": "zone_03", "overture_id": "246f3e21-9c49-4003-849c-5342b007c9c8", "building_area_m2": 2824.9, "distance_to_reference_m": 32.9, "reference_intersection_m2": 0.0, "search_method": "distance_to_reference_geometry", "search_distance_m": 35, "overture_release": "2026-08-19.0", "source_datasets": "OpenStreetMap|USGS Lidar", "source_update_time": "2015-12-28T02:50:18.000Z", "source_record_ids": "w388166498@1", "review_status": "candidate_needs_visual_review" }, "geometry": { "type": "Polygon", "coordinates": [ [ [ -87.950844600000011, 42.0019134 ], [ -87.9508941, 42.001913400000014 ], [ -87.950887, 42.001582 ], [ -87.950158, 42.0015833 ], [ -87.9501721, 42.0019318 ], [ -87.9502234, 42.0019305 ], [ -87.9502287, 42.0020423 ], [ -87.9504871, 42.002037 ], [ -87.9504818, 42.00192 ], [ -87.9505809, 42.0019213 ], [ -87.9505827, 42.0020423 ], [ -87.9508463, 42.0020331 ], [ -87.950844600000011, 42.0019134 ] ] ] } },
{ "type": "Feature", "properties": { "analysis_unit_id": "site_00614", "query_zone_id": "zone_03", "overture_id": "660b5f42-22d4-4b5e-967c-c791d4dafa62", "building_area_m2": 1614.1, "distance_to_reference_m": 32.9, "reference_intersection_m2": 0.0, "search_method": "distance_to_reference_geometry", "search_distance_m": 35, "overture_release": "2026-08-19.0", "source_datasets": "OpenStreetMap|USGS Lidar", "source_update_time": "2015-12-28T02:50:18.000Z", "source_record_ids": "w388166497@1", "review_status": "candidate_needs_visual_review" }, "geometry": { "type": "Polygon", "coordinates": [ [ [ -87.9499385, 42.0014361 ], [ -87.9496395, 42.0014426 ], [ -87.9496501, 42.0019516 ], [ -87.949735, 42.0019516 ], [ -87.9497333, 42.0020212 ], [ -87.949751, 42.0020199 ], [ -87.949751, 42.0020475 ], [ -87.9497863, 42.0020462 ], [ -87.9497863, 42.0020594 ], [ -87.9499527, 42.0020554 ], [ -87.9499385, 42.0014361 ] ] ] } },
{ "type": "Feature", "properties": { "analysis_unit_id": "site_00614", "query_zone_id": "zone_03", "overture_id": "e494447b-107a-476b-9f90-1d59bfe43143", "building_area_m2": 1489.0, "distance_to_reference_m": 24.9, "reference_intersection_m2": 0.0, "search_method": "distance_to_reference_geometry", "search_distance_m": 35, "overture_release": "2026-08-19.0", "source_datasets": "OpenStreetMap|USGS Lidar", "source_update_time": "2025-08-26T00:06:30.000Z", "source_record_ids": "w174242806@2", "review_status": "candidate_needs_visual_review" }, "geometry": { "type": "Polygon", "coordinates": [ [ [ -87.9528007, 42.002739 ], [ -87.9529201, 42.002737 ], [ -87.9529079, 42.0023181 ], [ -87.9525293, 42.0023242 ], [ -87.9525415, 42.002743 ], [ -87.9526961, 42.002740499999987 ], [ -87.952697, 42.0027717 ], [ -87.9528016, 42.00277 ], [ -87.9528007, 42.002739 ] ] ] } },
{ "type": "Feature", "properties": { "analysis_unit_id": "site_00614", "query_zone_id": "zone_03", "overture_id": "847cdb36-8f53-47dd-a278-ca380225f6b3", "building_area_m2": 1224.8, "distance_to_reference_m": 33.3, "reference_intersection_m2": 0.0, "search_method": "distance_to_reference_geometry", "search_distance_m": 35, "overture_release": "2026-08-19.0", "source_datasets": "OpenStreetMap|USGS Lidar", "source_update_time": "2015-12-22T20:50:17.000Z", "source_record_ids": "w387219515@1", "review_status": "candidate_needs_visual_review" }, "geometry": { "type": "Polygon", "coordinates": [ [ [ -87.9510227, 42.0019176 ], [ -87.9510247, 42.0020309 ], [ -87.9512524, 42.0020264 ], [ -87.9512483, 42.0019116 ], [ -87.9512971, 42.0019101 ], [ -87.951289, 42.0015868 ], [ -87.9509556, 42.0015929 ], [ -87.9509699, 42.0019176 ], [ -87.9510227, 42.0019176 ] ] ] } },
{ "type": "Feature", "properties": { "analysis_unit_id": "site_00616", "query_zone_id": "zone_03", "overture_id": "0be0cd36-9a8b-499e-8352-f86764bf66dc", "building_area_m2": 20047.0, "distance_to_reference_m": 0.0, "reference_intersection_m2": 20047.0, "search_method": "distance_to_reference_geometry", "search_distance_m": 35, "overture_release": "2026-08-19.0", "source_datasets": "OpenStreetMap|USGS Lidar", "source_update_time": "2023-11-29T16:34:52.000Z", "source_record_ids": "w863162820@2", "review_status": "candidate_needs_visual_review" }, "geometry": { "type": "Polygon", "coordinates": [ [ [ -87.9565561, 41.9995923 ], [ -87.959003100000018, 41.9995467 ], [ -87.9589732, 41.9986566 ], [ -87.9565262, 41.9987019 ], [ -87.9565561, 41.9995923 ] ] ] } },
{ "type": "Feature", "properties": { "analysis_unit_id": "site_00617", "query_zone_id": "zone_02", "overture_id": "f2bc9043-672e-4587-abe0-560d506b49d8", "building_area_m2": 15155.6, "distance_to_reference_m": 0.0, "reference_intersection_m2": 15155.6, "search_method": "distance_to_reference_geometry", "search_distance_m": 35, "overture_release": "2026-08-19.0", "source_datasets": "OpenStreetMap", "source_update_time": "2025-03-24T00:42:13.000Z", "source_record_ids": "w1219083554@5", "review_status": "candidate_needs_visual_review" }, "geometry": { "type": "Polygon", "coordinates": [ [ [ -87.9769961, 42.0233353 ], [ -87.9770011, 42.0227635 ], [ -87.9741174, 42.0227495 ], [ -87.9741124, 42.023321 ], [ -87.9769961, 42.0233353 ] ] ] } },
{ "type": "Feature", "properties": { "analysis_unit_id": "site_00617", "query_zone_id": "zone_02", "overture_id": "931e31c2-615c-4e06-b808-fe0daa41dfcd", "building_area_m2": 1062.0, "distance_to_reference_m": 33.7, "reference_intersection_m2": 0.0, "search_method": "distance_to_reference_geometry", "search_distance_m": 35, "overture_release": "2026-08-19.0", "source_datasets": "OpenStreetMap|USGS Lidar", "source_update_time": "2016-03-22T02:18:54.000Z", "source_record_ids": "w405041368@1", "review_status": "candidate_needs_visual_review" }, "geometry": { "type": "Polygon", "coordinates": [ [ [ -87.9775659, 42.023823899999989 ], [ -87.9776954, 42.0238224 ], [ -87.9776974, 42.0237226 ], [ -87.9776776, 42.02371740000001 ], [ -87.9776786, 42.023677 ], [ -87.9776954, 42.0236704 ], [ -87.9776915, 42.0235706 ], [ -87.977561, 42.0235706 ], [ -87.977561, 42.0235316 ], [ -87.9773059, 42.0235324 ], [ -87.9773138, 42.0238614 ], [ -87.9775669, 42.0238577 ], [ -87.9775659, 42.023823899999989 ] ] ] } },
{ "type": "Feature", "properties": { "analysis_unit_id": "site_00617", "query_zone_id": "zone_02", "overture_id": "c6c573d7-4271-44f6-bdc7-dfdf1b943e70", "building_area_m2": 1062.0, "distance_to_reference_m": 25.3, "reference_intersection_m2": 0.0, "search_method": "distance_to_reference_geometry", "search_distance_m": 35, "overture_release": "2026-08-19.0", "source_datasets": "OpenStreetMap|USGS Lidar", "source_update_time": "2016-03-22T02:18:54.000Z", "source_record_ids": "w405041369@1", "review_status": "candidate_needs_visual_review" }, "geometry": { "type": "Polygon", "coordinates": [ [ [ -87.977563, 42.0234398 ], [ -87.9776925, 42.0234384 ], [ -87.9776944, 42.023338500000015 ], [ -87.9776747, 42.023333300000012 ], [ -87.97767570000002, 42.023293 ], [ -87.9776925, 42.0232863 ], [ -87.9776885, 42.0231865 ], [ -87.977558, 42.0231865 ], [ -87.977558, 42.0231475 ], [ -87.977303, 42.0231483 ], [ -87.9773109, 42.0234773 ], [ -87.9775639, 42.02347360000001 ], [ -87.977563, 42.0234398 ] ] ] } },
{ "type": "Feature", "properties": { "analysis_unit_id": "site_00617", "query_zone_id": "zone_02", "overture_id": "7415c3a8-a3b3-47cd-a338-8218eb408cfd", "building_area_m2": 1062.0, "distance_to_reference_m": 24.5, "reference_intersection_m2": 0.0, "search_method": "distance_to_reference_geometry", "search_distance_m": 35, "overture_release": "2026-08-19.0", "source_datasets": "OpenStreetMap|USGS Lidar", "source_update_time": "2016-03-22T02:18:54.000Z", "source_record_ids": "w405041370@1", "review_status": "candidate_needs_visual_review" }, "geometry": { "type": "Polygon", "coordinates": [ [ [ -87.977557, 42.0230594 ], [ -87.9776865, 42.0230579 ], [ -87.9776885, 42.0229581 ], [ -87.9776687, 42.0229529 ], [ -87.9776697, 42.0229125 ], [ -87.9776865, 42.0229059 ], [ -87.9776826, 42.0228061 ], [ -87.9775521, 42.0228061 ], [ -87.9775521, 42.022767099999989 ], [ -87.977297, 42.0227679 ], [ -87.9773049, 42.0230969 ], [ -87.977558, 42.0230932 ], [ -87.977557, 42.0230594 ] ] ] } },
{ "type": "Feature", "properties": { "analysis_unit_id": "site_00617", "query_zone_id": "zone_02", "overture_id": "e0fe89ea-2d46-4ecc-b7fc-a39c895dc268", "building_area_m2": 913.1, "distance_to_reference_m": 31.3, "reference_intersection_m2": 0.0, "search_method": "distance_to_reference_geometry", "search_distance_m": 35, "overture_release": "2026-08-19.0", "source_datasets": "OpenStreetMap|USGS Lidar", "source_update_time": "2016-03-22T02:18:54.000Z", "source_record_ids": "w405041365@1", "review_status": "candidate_needs_visual_review" }, "geometry": { "type": "Polygon", "coordinates": [ [ [ -87.9776884, 42.0223731 ], [ -87.9773678, 42.0223712 ], [ -87.9773683, 42.0226963 ], [ -87.9775753, 42.0226983 ], [ -87.977578, 42.0226626 ], [ -87.977683, 42.0226593 ], [ -87.9776884, 42.0223731 ] ] ] } },
{ "type": "Feature", "properties": { "analysis_unit_id": "site_01560", "query_zone_id": "zone_10", "overture_id": "60c76f09-63f7-4a49-ad53-68853f6af53e", "building_area_m2": 24797.7, "distance_to_reference_m": 0.0, "reference_intersection_m2": 24797.7, "search_method": "distance_to_reference_geometry", "search_distance_m": 35, "overture_release": "2026-08-19.0", "source_datasets": "Microsoft ML Buildings|OpenStreetMap", "source_update_time": "2023-09-01T00:00:00.000Z", "source_record_ids": "w209786637@7", "review_status": "candidate_needs_visual_review" }, "geometry": { "type": "Polygon", "coordinates": [ [ [ -87.6706274, 41.8422895 ], [ -87.6706171, 41.8419677 ], [ -87.6706657, 41.8419667 ], [ -87.6706629, 41.8418952 ], [ -87.6703209, 41.8419026 ], [ -87.6687265, 41.841930799999986 ], [ -87.668707, 41.8415402 ], [ -87.6674409, 41.8415652 ], [ -87.6674493, 41.841830200000011 ], [ -87.6673285, 41.84183 ], [ -87.6673377, 41.8420154 ], [ -87.6672127, 41.8420153 ], [ -87.6672209, 41.8421257 ], [ -87.6673124, 41.8421257 ], [ -87.6673245, 41.8426284 ], [ -87.6674333, 41.842627199999988 ], [ -87.6674339, 41.8426502 ], [ -87.6674884, 41.84265 ], [ -87.6674799, 41.8423792 ], [ -87.6676784, 41.842377 ], [ -87.6676765, 41.8423164 ], [ -87.6686355, 41.8422998 ], [ -87.6686364, 41.8423341 ], [ -87.6688568, 41.84233 ], [ -87.6688635, 41.8426594 ], [ -87.6686915, 41.8426621 ], [ -87.6686989, 41.8428397 ], [ -87.6688824, 41.842836900000016 ], [ -87.668879, 41.8427635 ], [ -87.6701462, 41.8427396 ], [ -87.6705215, 41.8427367 ], [ -87.6705218, 41.842807300000011 ], [ -87.6706517, 41.8428054 ], [ -87.6706426, 41.8426352 ], [ -87.670674, 41.842635199999989 ], [ -87.6706639, 41.8422902 ], [ -87.6706274, 41.8422895 ] ] ] } },
{ "type": "Feature", "properties": { "analysis_unit_id": "site_01560", "query_zone_id": "zone_10", "overture_id": "28632e53-3a00-411d-8050-5ba0effae379", "building_area_m2": 609.1, "distance_to_reference_m": 0.4, "reference_intersection_m2": 0.0, "search_method": "distance_to_reference_geometry", "search_distance_m": 35, "overture_release": "2026-08-19.0", "source_datasets": "Microsoft ML Buildings", "source_update_time": "2023-09-01T00:00:00.000Z", "source_record_ids": "", "review_status": "candidate_needs_visual_review" }, "geometry": { "type": "Polygon", "coordinates": [ [ [ -87.6698333, 41.841906 ], [ -87.6698256, 41.8417283 ], [ -87.6694103, 41.8417383 ], [ -87.6694162, 41.8418753 ], [ -87.6696079, 41.8418707 ], [ -87.6696096, 41.8419114 ], [ -87.6698333, 41.841906 ] ] ] } },
{ "type": "Feature", "properties": { "analysis_unit_id": "site_01560", "query_zone_id": "zone_10", "overture_id": "530febca-c8f4-4083-8320-09172284d148", "building_area_m2": 565.7, "distance_to_reference_m": 31.3, "reference_intersection_m2": 0.0, "search_method": "distance_to_reference_geometry", "search_distance_m": 35, "overture_release": "2026-08-19.0", "source_datasets": "Microsoft ML Buildings", "source_update_time": "2023-09-01T00:00:00.000Z", "source_record_ids": "", "review_status": "candidate_needs_visual_review" }, "geometry": { "type": "Polygon", "coordinates": [ [ [ -87.6698344, 41.8416265 ], [ -87.6698273, 41.8414676 ], [ -87.6694415, 41.8414772 ], [ -87.6694486, 41.8416361 ], [ -87.6698344, 41.8416265 ] ] ] } },
{ "type": "Feature", "properties": { "analysis_unit_id": "site_01842", "query_zone_id": "zone_03", "overture_id": "27ae11cd-fcd7-4a77-99d9-ce75774fe1b3", "building_area_m2": 12608.1, "distance_to_reference_m": 0.0, "reference_intersection_m2": 12608.1, "search_method": "distance_to_reference_geometry", "search_distance_m": 35, "overture_release": "2026-08-19.0", "source_datasets": "OpenStreetMap|USGS Lidar", "source_update_time": "2023-11-29T16:37:42.000Z", "source_record_ids": "w377032061@2", "review_status": "candidate_needs_visual_review" }, "geometry": { "type": "Polygon", "coordinates": [ [ [ -87.954607600000017, 42.0007277 ], [ -87.9546331, 42.0019199 ], [ -87.955113, 42.0019142 ], [ -87.9551093, 42.0017408 ], [ -87.955333, 42.0017381 ], [ -87.9553263, 42.0014261 ], [ -87.9557339, 42.0014213 ], [ -87.9557346, 42.0014542 ], [ -87.9559233, 42.001451900000013 ], [ -87.9559035, 42.0005407 ], [ -87.9553535, 42.0005473 ], [ -87.955353, 42.0005222 ], [ -87.9552936, 42.0005229 ], [ -87.9552968, 42.0006744 ], [ -87.954476200000016, 42.0006841 ], [ -87.9544771, 42.0007292 ], [ -87.954607600000017, 42.0007277 ] ] ] } },
{ "type": "Feature", "properties": { "analysis_unit_id": "site_01842", "query_zone_id": "zone_03", "overture_id": "c455d797-2aec-4f4d-9096-b8ab2193056a", "building_area_m2": 10286.5, "distance_to_reference_m": 28.0, "reference_intersection_m2": 0.0, "search_method": "distance_to_reference_geometry", "search_distance_m": 35, "overture_release": "2026-08-19.0", "source_datasets": "OpenStreetMap|USGS Lidar", "source_update_time": "2023-11-29T17:06:17.000Z", "source_record_ids": "w174242792@5", "review_status": "candidate_needs_visual_review" }, "geometry": { "type": "Polygon", "coordinates": [ [ [ -87.954107300000018, 42.0019414 ], [ -87.9542958, 42.0019381 ], [ -87.9542651, 42.0009372 ], [ -87.9531552, 42.000958600000011 ], [ -87.95318420000001, 42.001867699999984 ], [ -87.9533709, 42.0018645 ], [ -87.9533756, 42.0020004 ], [ -87.9540455, 42.0019895 ], [ -87.9540392, 42.0018528 ], [ -87.9541032, 42.0018521 ], [ -87.954107300000018, 42.0019414 ] ] ] } },
{ "type": "Feature", "properties": { "analysis_unit_id": "site_01881", "query_zone_id": "zone_03", "overture_id": "93363a28-4658-4f54-be85-a8ee757fcabe", "building_area_m2": 43613.7, "distance_to_reference_m": 0.0, "reference_intersection_m2": 43613.7, "search_method": "distance_to_reference_geometry", "search_distance_m": 35, "overture_release": "2026-08-19.0", "source_datasets": "Microsoft ML Buildings|OpenStreetMap", "source_update_time": "2023-11-29T16:32:28.000Z", "source_record_ids": "w128499684@9", "review_status": "candidate_needs_visual_review" }, "geometry": { "type": "Polygon", "coordinates": [ [ [ -87.9609096, 41.9933832 ], [ -87.9609228, 41.9939993 ], [ -87.9607848, 41.9941125 ], [ -87.9605886, 41.9939721 ], [ -87.9602497, 41.9942536 ], [ -87.9605626, 41.9944827 ], [ -87.9609162, 41.9942066 ], [ -87.9608969, 41.9941928 ], [ -87.9609329, 41.99416380000001 ], [ -87.9609536, 41.9951312 ], [ -87.9635474, 41.995100500000014 ], [ -87.9635136, 41.9935175 ], [ -87.9636204, 41.9935162 ], [ -87.9636168, 41.9933513 ], [ -87.9609096, 41.9933832 ] ] ] } },
{ "type": "Feature", "properties": { "analysis_unit_id": "site_01881", "query_zone_id": "zone_03", "overture_id": "2ecff794-4a05-4364-8d98-6068a250d8a5", "building_area_m2": 32330.0, "distance_to_reference_m": 31.1, "reference_intersection_m2": 0.0, "search_method": "distance_to_reference_geometry", "search_distance_m": 35, "overture_release": "2026-08-19.0", "source_datasets": "OpenStreetMap|USGS Lidar", "source_update_time": "2023-11-29T16:32:28.000Z", "source_record_ids": "w713428715@3", "review_status": "candidate_needs_visual_review" }, "geometry": { "type": "Polygon", "coordinates": [ [ [ -87.9641528, 41.99535860000001 ], [ -87.9656499, 41.9953349 ], [ -87.9656375, 41.994899 ], [ -87.96597850000002, 41.9948936 ], [ -87.9659458, 41.9937496 ], [ -87.9653881, 41.9937584 ], [ -87.9653763, 41.9933476 ], [ -87.964084, 41.9933681 ], [ -87.9641109, 41.9943095 ], [ -87.9639058, 41.9943127 ], [ -87.963935, 41.9953307 ], [ -87.964152, 41.9953273 ], [ -87.9641528, 41.99535860000001 ] ] ] } },
{ "type": "Feature", "properties": { "analysis_unit_id": "site_01928", "query_zone_id": "zone_09", "overture_id": "ae519468-5ef9-4d80-b1a1-effb8374c77b", "building_area_m2": 9843.7, "distance_to_reference_m": 0.0, "reference_intersection_m2": 9843.7, "search_method": "distance_to_reference_geometry", "search_distance_m": 35, "overture_release": "2026-08-19.0", "source_datasets": "OpenStreetMap|USGS Lidar", "source_update_time": "2026-03-04T23:07:13.000Z", "source_record_ids": "w210222970@8", "review_status": "candidate_needs_visual_review" }, "geometry": { "type": "Polygon", "coordinates": [ [ [ -87.6464002, 41.8482474 ], [ -87.6462767, 41.8482502 ], [ -87.6461489, 41.8483033 ], [ -87.6461647, 41.8483255 ], [ -87.6458715, 41.84844480000001 ], [ -87.6456268, 41.848498 ], [ -87.6455459, 41.8485167 ], [ -87.6454171, 41.8485448 ], [ -87.6452902, 41.8485701 ], [ -87.6451615, 41.8485927 ], [ -87.645031, 41.8486152 ], [ -87.6449005, 41.848635 ], [ -87.6447718, 41.8486534 ], [ -87.6446395, 41.8486705 ], [ -87.644509, 41.8486862 ], [ -87.6445142, 41.8487407 ], [ -87.6445572, 41.8491625 ], [ -87.6452097, 41.8491288 ], [ -87.6452032, 41.8490748 ], [ -87.6452758, 41.8490708 ], [ -87.6452837, 41.849125 ], [ -87.6462896, 41.8490731 ], [ -87.6462894, 41.8488546 ], [ -87.646289, 41.8485281 ], [ -87.6462806, 41.8485053 ], [ -87.6464064, 41.8484754 ], [ -87.6464002, 41.8482474 ] ] ] } },
{ "type": "Feature", "properties": { "analysis_unit_id": "site_01940", "query_zone_id": "zone_11", "overture_id": "2d2c7712-de9f-4d72-b2c9-cf22616d0364", "building_area_m2": 17389.0, "distance_to_reference_m": 30.7, "reference_intersection_m2": 0.0, "search_method": "distance_to_reference_geometry", "search_distance_m": 35, "overture_release": "2026-08-19.0", "source_datasets": "Microsoft ML Buildings|OpenStreetMap", "source_update_time": "2021-01-02T05:18:39.000Z", "source_record_ids": "w243242189@3", "review_status": "candidate_needs_visual_review" }, "geometry": { "type": "Polygon", "coordinates": [ [ [ -87.9747815, 41.8114308 ], [ -87.9747698, 41.8111449 ], [ -87.9722892, 41.8112014 ], [ -87.9723044, 41.811571299999983 ], [ -87.9724759, 41.8115673 ], [ -87.9724895, 41.8118979 ], [ -87.9726051, 41.8118953 ], [ -87.9726098, 41.8120104 ], [ -87.9743078, 41.8119718 ], [ -87.9743045, 41.8118899 ], [ -87.9743322, 41.8118892 ], [ -87.974331, 41.8118594 ], [ -87.9747972, 41.8118488 ], [ -87.974783, 41.8115021 ], [ -87.9748581, 41.8115004 ], [ -87.9748552, 41.811429199999985 ], [ -87.9747815, 41.8114308 ] ] ] } },
{ "type": "Feature", "properties": { "analysis_unit_id": "site_01940", "query_zone_id": "zone_11", "overture_id": "bcfdb926-f63a-4415-9cba-65ce224bd0ff", "building_area_m2": 4394.9, "distance_to_reference_m": 0.0, "reference_intersection_m2": 4394.9, "search_method": "distance_to_reference_geometry", "search_distance_m": 35, "overture_release": "2026-08-19.0", "source_datasets": "Microsoft ML Buildings|OpenStreetMap", "source_update_time": "2025-03-24T00:46:31.000Z", "source_record_ids": "w243242167@3", "review_status": "candidate_needs_visual_review" }, "geometry": { "type": "Polygon", "coordinates": [ [ [ -87.9732947, 41.812774 ], [ -87.9732736, 41.8122719 ], [ -87.972406, 41.8122922 ], [ -87.9724296, 41.81285350000001 ], [ -87.9731119, 41.8128376 ], [ -87.9731095, 41.8127783 ], [ -87.9732947, 41.812774 ] ] ] } },
{ "type": "Feature", "properties": { "analysis_unit_id": "site_01940", "query_zone_id": "zone_11", "overture_id": "54a2e748-5d26-4619-ab11-67cb389d4816", "building_area_m2": 3220.6, "distance_to_reference_m": 26.7, "reference_intersection_m2": 0.0, "search_method": "distance_to_reference_geometry", "search_distance_m": 35, "overture_release": "2026-08-19.0", "source_datasets": "Microsoft ML Buildings|OpenStreetMap", "source_update_time": "2020-07-06T00:00:00.000Z", "source_record_ids": "w243242165@2", "review_status": "candidate_needs_visual_review" }, "geometry": { "type": "Polygon", "coordinates": [ [ [ -87.9720901, 41.812430300000017 ], [ -87.9720657, 41.8118652 ], [ -87.9715166, 41.8118784 ], [ -87.971544, 41.8125118 ], [ -87.9717669, 41.8125064 ], [ -87.9717685, 41.812543 ], [ -87.9718862, 41.8125402 ], [ -87.9718846, 41.8125031 ], [ -87.9720464, 41.8124992 ], [ -87.9720434, 41.8124314 ], [ -87.9720901, 41.812430300000017 ] ] ] } },
{ "type": "Feature", "properties": { "analysis_unit_id": "site_01940", "query_zone_id": "zone_11", "overture_id": "a365845b-3917-4ced-a21f-66bc2bf70277", "building_area_m2": 2820.1, "distance_to_reference_m": 31.0, "reference_intersection_m2": 0.0, "search_method": "distance_to_reference_geometry", "search_distance_m": 35, "overture_release": "2026-08-19.0", "source_datasets": "Microsoft ML Buildings|OpenStreetMap", "source_update_time": "2020-07-06T00:00:00.000Z", "source_record_ids": "w243242212@1", "review_status": "candidate_needs_visual_review" }, "geometry": { "type": "Polygon", "coordinates": [ [ [ -87.9742842, 41.8128435 ], [ -87.974256700000012, 41.8122433 ], [ -87.9736468, 41.8122588 ], [ -87.9736571, 41.8124837 ], [ -87.9737627, 41.812481 ], [ -87.9737661, 41.8125548 ], [ -87.9738358, 41.812553 ], [ -87.9738497, 41.8128546 ], [ -87.9742842, 41.8128435 ] ] ] } },
{ "type": "Feature", "properties": { "analysis_unit_id": "site_02009", "query_zone_id": "zone_03", "overture_id": "26fe02b7-3ad9-4d49-a2d1-a12d68781604", "building_area_m2": 18413.0, "distance_to_reference_m": 0.0, "reference_intersection_m2": 18413.0, "search_method": "distance_to_reference_geometry", "search_distance_m": 35, "overture_release": "2026-08-19.0", "source_datasets": "Microsoft ML Buildings|OpenStreetMap", "source_update_time": "2024-10-22T17:28:58.000Z", "source_record_ids": "w377345296@8", "review_status": "candidate_needs_visual_review" }, "geometry": { "type": "Polygon", "coordinates": [ [ [ -87.9576713, 41.9929071 ], [ -87.958801, 41.992903 ], [ -87.9587903, 41.991269800000012 ], [ -87.9572262, 41.9912754 ], [ -87.9572275, 41.9914814 ], [ -87.9573937, 41.9914809 ], [ -87.9573953, 41.9917319 ], [ -87.957663700000012, 41.991731 ], [ -87.9576713, 41.9929071 ] ] ] } },
{ "type": "Feature", "properties": { "analysis_unit_id": "site_02019", "query_zone_id": "zone_03", "overture_id": "d66024c3-4691-4a40-9b34-d88d01ab81ad", "building_area_m2": 16208.2, "distance_to_reference_m": 0.0, "reference_intersection_m2": 16208.2, "search_method": "distance_to_reference_geometry", "search_distance_m": 35, "overture_release": "2026-08-19.0", "source_datasets": "Microsoft ML Buildings|OpenStreetMap", "source_update_time": "2025-08-25T23:35:38.000Z", "source_record_ids": "w383545769@4", "review_status": "candidate_needs_visual_review" }, "geometry": { "type": "Polygon", "coordinates": [ [ [ -87.972072200000014, 41.9940017 ], [ -87.974994, 41.9939378 ], [ -87.9749708, 41.9933504 ], [ -87.9749399, 41.993332100000011 ], [ -87.9749045, 41.993320600000011 ], [ -87.9748752, 41.9933275 ], [ -87.9748598, 41.9933412 ], [ -87.972167, 41.9933945 ], [ -87.9721593, 41.993383 ], [ -87.9721331, 41.9933779 ], [ -87.9721085, 41.993379 ], [ -87.9720854, 41.9933905 ], [ -87.9720481, 41.9933913 ], [ -87.972072200000014, 41.9940017 ] ] ] } },
{ "type": "Feature", "properties": { "analysis_unit_id": "site_02019", "query_zone_id": "zone_03", "overture_id": "e31963d5-d0dd-41d5-893c-940b4eab50a5", "building_area_m2": 7949.8, "distance_to_reference_m": 22.5, "reference_intersection_m2": 0.0, "search_method": "distance_to_reference_geometry", "search_distance_m": 35, "overture_release": "2026-08-19.0", "source_datasets": "OpenStreetMap|USGS Lidar", "source_update_time": "2025-08-25T23:35:38.000Z", "source_record_ids": "w383545772@2", "review_status": "candidate_needs_visual_review" }, "geometry": { "type": "Polygon", "coordinates": [ [ [ -87.9716218, 41.9940825 ], [ -87.9717989, 41.9940793 ], [ -87.9717694, 41.9931832 ], [ -87.9705558, 41.9932053 ], [ -87.9705782, 41.9938856 ], [ -87.9716146, 41.9938667 ], [ -87.9716218, 41.9940825 ] ] ] } },
{ "type": "Feature", "properties": { "analysis_unit_id": "site_02031", "query_zone_id": "zone_06", "overture_id": "f7c54db9-341a-4a14-9fec-bf2cde4f2c85", "building_area_m2": 25986.1, "distance_to_reference_m": 22.1, "reference_intersection_m2": 0.0, "search_method": "distance_to_reference_geometry", "search_distance_m": 35, "overture_release": "2026-08-19.0", "source_datasets": "Microsoft ML Buildings|OpenStreetMap", "source_update_time": "2023-09-01T00:00:00.000Z", "source_record_ids": "w409296607@1", "review_status": "candidate_needs_visual_review" }, "geometry": { "type": "Polygon", "coordinates": [ [ [ -87.858942, 41.9272957 ], [ -87.8589578, 41.927778100000012 ], [ -87.8599306, 41.9277576 ], [ -87.8598515, 41.925830499999989 ], [ -87.8595431, 41.9258364 ], [ -87.8591081, 41.926124699999988 ], [ -87.8591279, 41.926430700000012 ], [ -87.857562, 41.926469 ], [ -87.8575659, 41.926542499999989 ], [ -87.8573089, 41.926545500000017 ], [ -87.8573207, 41.9267485 ], [ -87.8575778, 41.9267514 ], [ -87.8576055, 41.9273163 ], [ -87.8582737, 41.9272957 ], [ -87.8582579, 41.927180900000018 ], [ -87.8586929, 41.927175 ], [ -87.8586968, 41.9273045 ], [ -87.858942, 41.9272957 ] ] ] } },
{ "type": "Feature", "properties": { "analysis_unit_id": "site_02031", "query_zone_id": "zone_06", "overture_id": "0d7a2f78-fac5-497f-a669-e947a2fe2b18", "building_area_m2": 8371.0, "distance_to_reference_m": 0.0, "reference_intersection_m2": 8371.0, "search_method": "distance_to_reference_geometry", "search_distance_m": 35, "overture_release": "2026-08-19.0", "source_datasets": "OpenStreetMap|USGS Lidar", "source_update_time": "2023-11-29T15:44:29.000Z", "source_record_ids": "w409296605@4", "review_status": "candidate_needs_visual_review" }, "geometry": { "type": "Polygon", "coordinates": [ [ [ -87.8599079, 41.9287115 ], [ -87.8599073, 41.9286956 ], [ -87.859947800000015, 41.9286946 ], [ -87.8599213, 41.9280754 ], [ -87.8591179, 41.9280945 ], [ -87.8590527, 41.9279748 ], [ -87.8585611, 41.9279857 ], [ -87.8585876, 41.92865 ], [ -87.8587427, 41.9286466 ], [ -87.8587459, 41.9287257 ], [ -87.8588079, 41.9287243 ], [ -87.8588084, 41.9287365 ], [ -87.8599079, 41.9287115 ] ] ] } },
{ "type": "Feature", "properties": { "analysis_unit_id": "site_02109", "query_zone_id": "zone_12", "overture_id": "881891da-51e2-4971-99cc-3ac4e8e59b33", "building_area_m2": 33537.1, "distance_to_reference_m": 0.0, "reference_intersection_m2": 33537.1, "search_method": "distance_to_reference_geometry", "search_distance_m": 35, "overture_release": "2026-08-19.0", "source_datasets": "Microsoft ML Buildings|OpenStreetMap", "source_update_time": "2024-10-22T17:35:02.000Z", "source_record_ids": "w530024353@3", "review_status": "candidate_needs_visual_review" }, "geometry": { "type": "Polygon", "coordinates": [ [ [ -88.0938205, 41.803192 ], [ -88.0960112, 41.8031475 ], [ -88.0959507, 41.8014893 ], [ -88.09376, 41.8015337 ], [ -88.0938205, 41.803192 ] ] ] } },
{ "type": "Feature", "properties": { "analysis_unit_id": "site_02132", "query_zone_id": "zone_07", "overture_id": "2049125d-bcb4-4954-8649-521b3eb7310f", "building_area_m2": 28480.8, "distance_to_reference_m": 0.0, "reference_intersection_m2": 28480.8, "search_method": "distance_to_reference_geometry", "search_distance_m": 35, "overture_release": "2026-08-19.0", "source_datasets": "Microsoft ML Buildings|OpenStreetMap", "source_update_time": "2023-09-01T00:00:00.000Z", "source_record_ids": "w578443547@8", "review_status": "candidate_needs_visual_review" }, "geometry": { "type": "Polygon", "coordinates": [ [ [ -87.9188251, 41.9241825 ], [ -87.9189323, 41.9241829 ], [ -87.918944, 41.922059399999988 ], [ -87.9183903, 41.922057699999989 ], [ -87.9183921, 41.9217325 ], [ -87.9175959, 41.9217301 ], [ -87.9175826, 41.9241529 ], [ -87.9188253, 41.9241567 ], [ -87.9188251, 41.9241825 ] ] ] } },
{ "type": "Feature", "properties": { "analysis_unit_id": "site_02186", "query_zone_id": "zone_03", "overture_id": "93363a28-4658-4f54-be85-a8ee757fcabe", "building_area_m2": 43613.7, "distance_to_reference_m": 31.1, "reference_intersection_m2": 0.0, "search_method": "distance_to_reference_geometry", "search_distance_m": 35, "overture_release": "2026-08-19.0", "source_datasets": "Microsoft ML Buildings|OpenStreetMap", "source_update_time": "2023-11-29T16:32:28.000Z", "source_record_ids": "w128499684@9", "review_status": "candidate_needs_visual_review" }, "geometry": { "type": "Polygon", "coordinates": [ [ [ -87.9609096, 41.9933832 ], [ -87.9609228, 41.9939993 ], [ -87.9607848, 41.9941125 ], [ -87.9605886, 41.9939721 ], [ -87.9602497, 41.9942536 ], [ -87.9605626, 41.9944827 ], [ -87.9609162, 41.9942066 ], [ -87.9608969, 41.9941928 ], [ -87.9609329, 41.99416380000001 ], [ -87.9609536, 41.9951312 ], [ -87.9635474, 41.995100500000014 ], [ -87.9635136, 41.9935175 ], [ -87.9636204, 41.9935162 ], [ -87.9636168, 41.9933513 ], [ -87.9609096, 41.9933832 ] ] ] } },
{ "type": "Feature", "properties": { "analysis_unit_id": "site_02186", "query_zone_id": "zone_03", "overture_id": "2ecff794-4a05-4364-8d98-6068a250d8a5", "building_area_m2": 32330.0, "distance_to_reference_m": 0.0, "reference_intersection_m2": 32330.0, "search_method": "distance_to_reference_geometry", "search_distance_m": 35, "overture_release": "2026-08-19.0", "source_datasets": "OpenStreetMap|USGS Lidar", "source_update_time": "2023-11-29T16:32:28.000Z", "source_record_ids": "w713428715@3", "review_status": "candidate_needs_visual_review" }, "geometry": { "type": "Polygon", "coordinates": [ [ [ -87.9641528, 41.99535860000001 ], [ -87.9656499, 41.9953349 ], [ -87.9656375, 41.994899 ], [ -87.96597850000002, 41.9948936 ], [ -87.9659458, 41.9937496 ], [ -87.9653881, 41.9937584 ], [ -87.9653763, 41.9933476 ], [ -87.964084, 41.9933681 ], [ -87.9641109, 41.9943095 ], [ -87.9639058, 41.9943127 ], [ -87.963935, 41.9953307 ], [ -87.964152, 41.9953273 ], [ -87.9641528, 41.99535860000001 ] ] ] } },
{ "type": "Feature", "properties": { "analysis_unit_id": "site_02186", "query_zone_id": "zone_03", "overture_id": "2f5bd6d6-f89c-4256-a085-593a1c08afb8", "building_area_m2": 3450.8, "distance_to_reference_m": 20.9, "reference_intersection_m2": 0.0, "search_method": "distance_to_reference_geometry", "search_distance_m": 35, "overture_release": "2026-08-19.0", "source_datasets": "OpenStreetMap|USGS Lidar", "source_update_time": "2015-10-27T17:39:38.000Z", "source_record_ids": "w377174084@1", "review_status": "candidate_needs_visual_review" }, "geometry": { "type": "Polygon", "coordinates": [ [ [ -87.9662384, 41.9953871 ], [ -87.9669225, 41.9953767 ], [ -87.9669062, 41.9948161 ], [ -87.9663785, 41.994824800000011 ], [ -87.966222, 41.9949446 ], [ -87.9662384, 41.9953871 ] ] ] } },
{ "type": "Feature", "properties": { "analysis_unit_id": "site_02187", "query_zone_id": "zone_03", "overture_id": "576c8a8c-ea6d-4922-8e68-c1e9602cc21e", "building_area_m2": 28129.1, "distance_to_reference_m": 0.0, "reference_intersection_m2": 28129.1, "search_method": "distance_to_reference_geometry", "search_distance_m": 35, "overture_release": "2026-08-19.0", "source_datasets": "Microsoft ML Buildings|OpenStreetMap", "source_update_time": "2023-11-29T16:26:31.000Z", "source_record_ids": "w713433204@3", "review_status": "candidate_needs_visual_review" }, "geometry": { "type": "Polygon", "coordinates": [ [ [ -87.9583618, 41.9935281 ], [ -87.9568629, 41.9935456 ], [ -87.956891, 41.9948701 ], [ -87.9571502, 41.9948671 ], [ -87.9571645, 41.9955383 ], [ -87.9584141, 41.9955235 ], [ -87.9583933, 41.994551 ], [ -87.9586186, 41.9945483 ], [ -87.958611, 41.9941964 ], [ -87.9586396, 41.9941961 ], [ -87.9586288, 41.9936967 ], [ -87.9585642, 41.9936974 ], [ -87.9585625, 41.9936146 ], [ -87.9583637, 41.993616900000013 ], [ -87.9583618, 41.9935281 ] ] ] } },
{ "type": "Feature", "properties": { "analysis_unit_id": "site_02187", "query_zone_id": "zone_03", "overture_id": "3e473215-8204-4efb-b812-6e785246ada6", "building_area_m2": 16538.3, "distance_to_reference_m": 32.8, "reference_intersection_m2": 0.0, "search_method": "distance_to_reference_geometry", "search_distance_m": 35, "overture_release": "2026-08-19.0", "source_datasets": "Microsoft ML Buildings|OpenStreetMap", "source_update_time": "2023-09-01T00:00:00.000Z", "source_record_ids": "w385923863@1", "review_status": "candidate_needs_visual_review" }, "geometry": { "type": "Polygon", "coordinates": [ [ [ -87.9571421, 41.9968374 ], [ -87.9586738, 41.9968178 ], [ -87.9586671, 41.9965282 ], [ -87.9586093, 41.996529 ], [ -87.9585945, 41.9958908 ], [ -87.957986, 41.9958986 ], [ -87.9579843, 41.9958243 ], [ -87.9571099, 41.9958355 ], [ -87.9571169, 41.9961347 ], [ -87.9567817, 41.996139 ], [ -87.9567852, 41.99628950000001 ], [ -87.9564918, 41.9962933 ], [ -87.9564985, 41.99658620000001 ], [ -87.9566201, 41.9965846 ], [ -87.9566249, 41.996794 ], [ -87.9571409, 41.9967874 ], [ -87.9571421, 41.9968374 ] ] ] } },
{ "type": "Feature", "properties": { "analysis_unit_id": "site_02253", "query_zone_id": "zone_03", "overture_id": "cea35910-2738-4cba-81a7-38619e0c1386", "building_area_m2": 27711.1, "distance_to_reference_m": 0.0, "reference_intersection_m2": 27711.1, "search_method": "distance_to_reference_geometry", "search_distance_m": 35, "overture_release": "2026-08-19.0", "source_datasets": "Microsoft ML Buildings|OpenStreetMap", "source_update_time": "2023-11-29T17:06:17.000Z", "source_record_ids": "w863162822@5", "review_status": "candidate_needs_visual_review" }, "geometry": { "type": "Polygon", "coordinates": [ [ [ -87.9634476, 42.0064222 ], [ -87.9634753, 42.0072965 ], [ -87.9663647, 42.0072558 ], [ -87.9663696, 42.0073242 ], [ -87.9669059, 42.0073118 ], [ -87.9668831, 42.0063878 ], [ -87.9634476, 42.0064222 ] ] ] } },
{ "type": "Feature", "properties": { "analysis_unit_id": "site_02253", "query_zone_id": "zone_03", "overture_id": "08f1d77e-ccfa-4aa1-bd25-6ebd24d93ca5", "building_area_m2": 18788.9, "distance_to_reference_m": 34.9, "reference_intersection_m2": 0.0, "search_method": "distance_to_reference_geometry", "search_distance_m": 35, "overture_release": "2026-08-19.0", "source_datasets": "OpenStreetMap|USGS Lidar", "source_update_time": "2024-09-27T23:51:30.000Z", "source_record_ids": "w863162821@2", "review_status": "candidate_needs_visual_review" }, "geometry": { "type": "Polygon", "coordinates": [ [ [ -87.9605127, 42.007287 ], [ -87.9630467, 42.0072519 ], [ -87.9630264, 42.0064457 ], [ -87.9604924, 42.0064811 ], [ -87.9605127, 42.007287 ] ] ] } },
{ "type": "Feature", "properties": { "analysis_unit_id": "site_02253", "query_zone_id": "zone_03", "overture_id": "112f8b41-2a70-4ab7-95ea-55f9f21fa86f", "building_area_m2": 5944.9, "distance_to_reference_m": 31.5, "reference_intersection_m2": 0.0, "search_method": "distance_to_reference_geometry", "search_distance_m": 35, "overture_release": "2026-08-19.0", "source_datasets": "OpenStreetMap|USGS Lidar", "source_update_time": "2016-03-10T18:45:36.000Z", "source_record_ids": "w402951853@1", "review_status": "candidate_needs_visual_review" }, "geometry": { "type": "Polygon", "coordinates": [ [ [ -87.9672909, 42.007449 ], [ -87.968335, 42.007433199999987 ], [ -87.9683155, 42.0068139 ], [ -87.967275, 42.0068283 ], [ -87.9672909, 42.007449 ] ] ] } },
{ "type": "Feature", "properties": { "analysis_unit_id": "site_02613", "query_zone_id": "zone_01", "overture_id": "9e0f4802-5b71-4f6f-bb7f-fa0286c94526", "building_area_m2": 18837.3, "distance_to_reference_m": 0.0, "reference_intersection_m2": 18837.3, "search_method": "representative_point_inside_reference_campus", "search_distance_m": 10, "overture_release": "2026-08-19.0", "source_datasets": "Microsoft ML Buildings|OpenStreetMap", "source_update_time": "2026-08-01T22:39:19.000Z", "source_record_ids": "w1546621257@1", "review_status": "candidate_needs_visual_review" }, "geometry": { "type": "Polygon", "coordinates": [ [ [ -88.131979200000018, 42.0788575 ], [ -88.1358612, 42.0788617 ], [ -88.1358623, 42.0783337 ], [ -88.1319803, 42.078329 ], [ -88.131979200000018, 42.0788575 ] ] ] } },
{ "type": "Feature", "properties": { "analysis_unit_id": "site_02613", "query_zone_id": "zone_01", "overture_id": "c11ec5e3-a367-4404-a93a-76fa1b7c9eaa", "building_area_m2": 4323.6, "distance_to_reference_m": 0.0, "reference_intersection_m2": 4323.6, "search_method": "representative_point_inside_reference_campus", "search_distance_m": 10, "overture_release": "2026-08-19.0", "source_datasets": "OpenStreetMap", "source_update_time": "2026-08-01T22:39:19.000Z", "source_record_ids": "w1546621259@1", "review_status": "candidate_needs_visual_review" }, "geometry": { "type": "Polygon", "coordinates": [ [ [ -88.1349376, 42.077957 ], [ -88.1356466, 42.0779575 ], [ -88.1356475, 42.077293699999984 ], [ -88.1349384, 42.0772932 ], [ -88.1349376, 42.077957 ] ] ] } },
{ "type": "Feature", "properties": { "analysis_unit_id": "site_02613", "query_zone_id": "zone_01", "overture_id": "2ea0957b-7ecc-447b-a7cc-769995eeeb9c", "building_area_m2": 630.8, "distance_to_reference_m": 0.0, "reference_intersection_m2": 630.8, "search_method": "representative_point_inside_reference_campus", "search_distance_m": 10, "overture_release": "2026-08-19.0", "source_datasets": "Microsoft ML Buildings", "source_update_time": "2023-09-01T00:00:00.000Z", "source_record_ids": "", "review_status": "candidate_needs_visual_review" }, "geometry": { "type": "Polygon", "coordinates": [ [ [ -88.1344742, 42.075893500000014 ], [ -88.1341096, 42.075888 ], [ -88.1341045, 42.0760763 ], [ -88.134469100000018, 42.0760817 ], [ -88.1344742, 42.075893500000014 ] ] ] } }
]
}
